id_contrat,num_contrat,id_client,ref_intermediaire,code_produit,libelle_produit,type_produit,statut_produit,code_regime_fiscal,code_etat_contrat,code_mode_gestion,prime_initiale,somme_versements,somme_rachats,valeur_rachat,valeur_acquise,date_souscription,date_effet_contrat,date_derniere_revue,date_prochaine_revue,flag_nantissement,flag_resynchro,nom_intermediaire,pays_intermediaire,type_intermediaire,score_lc189,risque_contrat,remediation_ouverte
BA000001,BA000001,CLI_0001,INT_0002,WEALIFE_BE,Wealins Life Belgium,AV,actif,AV,ENC,C,250000,283000,84000,260800,80600,2022-02-03,2022-02-03,,,False,False,Patrimoine & Conseil,Belgium,courtier,0,LOW,False
BA000002,BA000002,CLI_0001,INT_0002,WEALIFE_BE,Wealins Life Belgium,AV,actif,AV,TER,C,250000,250000,21000,269400,47000,2024-02-19,2024-02-19,,,False,False,Patrimoine & Conseil,Belgium,courtier,0,LOW,False
BA000003,BA000003,CLI_0002,INT_0001,WEACAP_FR,Wealins Capi France,CAP,actif,CAP,TER,C,787000,787000,0,825700,195800,2024-05-02,2024-05-02,,,False,False,Valoria Capital,France,courtier,0,LOW,False
BA000004,BA000004,CLI_0003,INT_0002,WEALIFE_BE,Wealins Life Belgium,AV,actif,AV,ENC,C,719000,870000,0,949700,257300,2025-11-05,2025-11-05,,,False,False,Patrimoine & Conseil,Belgium,courtier,0,LOW,False
BA000005,BA000005,CLI_0004,INT_0001,WEALIFE_FR,Wealins Life France,AV,actif,AV,ENC,C,250000,250000,26000,321900,68400,2019-07-05,2019-07-05,,,False,False,Valoria Capital,France,courtier,0,LOW,True
BA000006,BA000006,CLI_0004,INT_0001,WEACAP_FR,Wealins Capi France,CAP,actif,CAP,TER,C,250000,307000,0,272600,51400,2022-02-25,2022-02-25,,,False,False,Valoria Capital,France,courtier,0,LOW,False
BA000007,BA000007,CLI_0004,INT_0001,WEACAP_FR,Wealins Capi France,CAP,actif,CAP,ENC,C,287000,313000,0,293800,56800,2020-02-16,2020-02-16,,,False,False,Valoria Capital,France,courtier,0,LOW,False
BA000008,BA000008,CLI_0005,INT_0001,WEACAP_FR,Wealins Capi France,CAP,actif,CAP,ENC,C,250000,250000,40000,296100,80800,2019-10-01,2019-10-01,,,True,True,Valoria Capital,France,courtier,0,LOW,False
BA000009,BA000009,CLI_0006,INT_0007,WEALIFE_PT,Wealins Life Portugal,AV,actif,AV,ENC,C,672000,672000,0,636300,166700,2024-03-15,2024-03-15,,,False,False,Porto Investimentos,Portugal,courtier,0,LOW,False
BA000010,BA000010,CLI_0007,INT_0002,WEALIFE_BE,Wealins Life Belgium,AV,actif,AV,ENC,C,437000,616000,0,714200,219800,2022-09-01,2022-09-01,,,False,False,Patrimoine & Conseil,Belgium,courtier,0,LOW,True
BA000011,BA000011,CLI_0008,INT_0001,WEACAP_FR,Wealins Capi France,CAP,actif,CAP,ENC,C,1452000,1452000,0,2103700,710800,2021-05-26,2021-05-26,,,False,True,Valoria Capital,France,courtier,0,LOW,False
BA000012,BA000012,CLI_0009,INT_0001,WEALIFE_FR,Wealins Life France,AV,actif,AV,SUS,C,354000,490000,64000,532000,148100,2019-07-08,2019-07-08,,,False,False,Valoria Capital,France,courtier,0,LOW,True
BA000013,BA000013,CLI_0010,INT_0001,WEALIFE_FR,Wealins Life France,AV,actif,AV,ENC,L,302000,347000,0,478400,143600,2021-02-25,2021-02-25,,,True,False,Valoria Capital,France,courtier,0,LOW,False
BA000014,BA000014,CLI_0011,INT_0001,WEALIFE_FR,Wealins Life France,AV,actif,AV,ENC,C,250000,309000,29000,333200,115500,2018-08-28,2018-08-28,,,True,False,Valoria Capital,France,courtier,0,LOW,False
BA000015,BA000015,CLI_0011,INT_0001,WEACAP_FR,Wealins Capi France,CAP,actif,CAP,ENC,L,250000,310000,0,439000,101200,2022-06-30,2022-06-30,,,False,False,Valoria Capital,France,courtier,0,LOW,False
BA000016,BA000016,CLI_0012,INT_0001,WEALIFE_FR,Wealins Life France,AV,actif,AV,ENC,L,250000,250000,67000,179100,53600,2026-03-07,2026-03-07,,,False,False,Valoria Capital,France,courtier,0,LOW,False
BA000017,BA000017,CLI_0012,INT_0001,WEALIFE_FR,Wealins Life France,AV,actif,AV,ENC,C,250000,289000,0,357500,55100,2026-05-31,2026-05-31,,,False,False,Valoria Capital,France,courtier,0,LOW,False
BA000018,BA000018,CLI_0013,INT_0001,WEACAP_FR,Wealins Capi France,CAP,actif,CAP,ENC,C,1025000,1140000,0,1189700,244800,2019-01-18,2019-01-18,,,False,False,Valoria Capital,France,courtier,0,LOW,False
BA000019,BA000019,CLI_0013,INT_0001,WEACAP_FR,Wealins Capi France,CAP,actif,CAP,ENC,C,972000,972000,0,1176000,258500,2025-02-02,2025-02-02,,,False,False,Valoria Capital,France,courtier,0,LOW,True
BA000020,BA000020,CLI_0013,INT_0001,WEACAP_FR,Wealins Capi France,CAP,actif,CAP,ENC,L,803000,803000,0,865400,270200,2023-12-22,2023-12-22,,,False,False,Valoria Capital,France,courtier,0,LOW,False
BA000021,BA000021,CLI_0014,INT_0004,WEALIFE_IT,Wealins Life Italy +,AV,actif,AV,ENC,C,250000,250000,31000,274900,51500,2022-08-23,2022-08-23,,,False,False,Milano Fiduciaria,Italy,fiduciaire,0,LOW,False
BA000022,BA000022,CLI_0014,INT_0004,WEALIFE_IT,Wealins Life Italy +,AV,actif,AV,TER,C,416000,509000,98000,440100,123000,2018-08-29,2018-08-29,,,False,False,Milano Fiduciaria,Italy,fiduciaire,0,LOW,False
BA000023,BA000023,CLI_0015,INT_0002,EPLAT_BE,ePlatinum Belgium,AV,actif,AV,ENC,C,429000,429000,149000,342300,84400,2024-08-29,2024-08-29,,,False,False,Patrimoine & Conseil,Belgium,courtier,0,LOW,False
BA000024,BA000024,CLI_0016,INT_0002,WEALIFE_BE,Wealins Life Belgium,AV,actif,AV,ENC,C,250000,250000,0,304500,55700,2019-11-01,2019-11-01,,,False,False,Patrimoine & Conseil,Belgium,courtier,0,LOW,False
BA000025,BA000025,CLI_0016,INT_0002,WEALIFE_BE,Wealins Life Belgium,AV,actif,AV,ENC,C,250000,265000,93000,165200,36200,2025-07-20,2025-07-20,,,False,False,Patrimoine & Conseil,Belgium,courtier,0,LOW,False
BA000026,BA000026,CLI_0016,INT_0002,EPLAT_BE,ePlatinum Belgium,AV,actif,AV,ENC,C,250000,333000,71000,346400,52300,2019-03-08,2019-03-08,,,False,False,Patrimoine & Conseil,Belgium,courtier,0,LOW,False
BA000027,BA000027,CLI_0017,INT_0001,WEACAP_FR,Wealins Capi France,CAP,actif,CAP,ENC,L,418000,447000,151000,283000,86200,2020-06-10,2020-06-10,,,False,False,Valoria Capital,France,courtier,0,LOW,False
BA000028,BA000028,CLI_0018,INT_0007,WEALIFE_PT,Wealins Life Portugal,AV,actif,AV,ENC,C,250000,301000,0,323200,101700,2025-06-11,2025-06-11,,,False,False,Porto Investimentos,Portugal,courtier,0,LOW,False
BA000029,BA000029,CLI_0019,INT_0001,WEALIFE_FR,Wealins Life France,AV,actif,AV,ENC,C,250000,250000,0,280700,58100,2021-02-14,2021-02-14,,,True,False,Valoria Capital,France,courtier,0,LOW,False
BA000030,BA000030,CLI_0020,INT_0007,WEALIFE_PT,Wealins Life Portugal,AV,actif,AV,ENC,L,463000,463000,0,580500,134000,2025-02-24,2025-02-24,,,False,False,Porto Investimentos,Portugal,courtier,0,LOW,False
BA000031,BA000031,CLI_0021,INT_0001,WEACAP_FR,Wealins Capi France,CAP,actif,CAP,ENC,C,2473000,2473000,778000,2074800,644200,2025-08-26,2025-08-26,,,False,False,Valoria Capital,France,courtier,0,LOW,False
BA000032,BA000032,CLI_0022,INT_0007,WEALIFE_PT,Wealins Life Portugal,AV,actif,AV,ENC,L,574000,574000,0,554300,120500,2019-08-18,2019-08-18,,,False,False,Porto Investimentos,Portugal,courtier,0,LOW,False
BA000033,BA000033,CLI_0023,INT_0008,WEACAP_FI,Wealins Capitalisation Finland,CAP,actif,CAP,ENC,C,471000,471000,0,513000,168200,2024-08-11,2024-08-11,,,False,False,Helsinki Wealth Advisors,Finland,courtier,0,LOW,False
BA000034,BA000034,CLI_0024,INT_0001,WEALIFE_FR,Wealins Life France,AV,actif,AV,ENC,C,261000,261000,0,324300,87300,2024-08-05,2024-08-05,,,False,False,Valoria Capital,France,courtier,0,LOW,False
BA000035,BA000035,CLI_0025,INT_0002,WEALIFE_BE,Wealins Life Belgium,AV,actif,AV,ENC,L,398000,398000,0,506500,100700,2020-01-18,2020-01-18,,,False,False,Patrimoine & Conseil,Belgium,courtier,0,LOW,False
BA000036,BA000036,CLI_0026,INT_0007,WEALIFE_PT,Wealins Life Portugal,AV,actif,AV,ENC,C,356000,545000,0,504100,169100,2018-11-20,2018-11-20,,,True,False,Porto Investimentos,Portugal,courtier,0,LOW,False
BA000037,BA000037,CLI_0027,INT_0001,WEALIFE_FR,Wealins Life France,AV,actif,AV,ENC,L,534000,622000,0,765600,197400,2020-09-25,2020-09-25,,,False,False,Valoria Capital,France,courtier,0,LOW,False
BA000038,BA000038,CLI_0028,INT_0001,WEACAP_FR,Wealins Capi France,CAP,actif,CAP,ENC,C,250000,293000,0,371100,75900,2020-04-28,2020-04-28,,,False,True,Valoria Capital,France,courtier,0,LOW,False
BA000039,BA000039,CLI_0028,INT_0001,WEACAP_FR,Wealins Capi France,CAP,actif,CAP,ENC,C,250000,250000,0,229100,47600,2019-09-25,2019-09-25,,,False,False,Valoria Capital,France,courtier,0,LOW,False
BA000040,BA000040,CLI_0028,INT_0001,WEACAP_FR,Wealins Capi France,CAP,actif,CAP,ENC,C,267000,267000,0,287700,68700,2026-04-19,2026-04-19,,,False,False,Valoria Capital,France,courtier,0,LOW,False
BA000041,BA000041,CLI_0029,INT_0001,WEALIFE_FR,Wealins Life France,AV,actif,AV,ENC,C,500000,560000,222000,368600,76800,2021-02-12,2021-02-12,,,True,False,Valoria Capital,France,courtier,0,LOW,False
BA000042,BA000042,CLI_0030,INT_0004,WEALIFE_IT,Wealins Life Italy +,AV,actif,AV,TER,C,250000,250000,0,299300,74300,2025-05-26,2025-05-26,,,False,False,Milano Fiduciaria,Italy,fiduciaire,0,LOW,False
BA000043,BA000043,CLI_0031,INT_0006,WEACAP_LU,Wealins Capi Luxembourg,CAP,actif,CAP,ENC,C,711000,772000,261000,663600,152800,2023-03-22,2023-03-22,,,False,False,Lux Private Office,Luxembourg,family_office,0,LOW,False
BA000044,BA000044,CLI_0032,INT_0008,WEACAP_FI,Wealins Capitalisation Finland,CAP,actif,CAP,ENC,L,2364000,2364000,542000,2389400,495200,2023-09-20,2023-09-20,,,False,False,Helsinki Wealth Advisors,Finland,courtier,0,LOW,True
BA000045,BA000045,CLI_0033,INT_0004,WEALIFE_IT,Wealins Life Italy +,AV,actif,AV,ENC,C,250000,250000,0,279600,65300,2024-01-08,2024-01-08,,,False,False,Milano Fiduciaria,Italy,fiduciaire,0,LOW,False
BA000046,BA000046,CLI_0033,INT_0004,WEALIFE_IT,Wealins Life Italy +,AV,actif,AV,ENC,C,250000,250000,73000,203400,34200,2024-09-02,2024-09-02,,,False,False,Milano Fiduciaria,Italy,fiduciaire,0,LOW,False
BA000047,BA000047,CLI_0034,INT_0002,WEALIFE_BE,Wealins Life Belgium,AV,actif,AV,ENC,L,266000,352000,0,374500,78100,2025-06-20,2025-06-20,,,False,False,Patrimoine & Conseil,Belgium,courtier,0,LOW,False
BA000048,BA000048,CLI_0034,INT_0002,WEALIFE_BE,Wealins Life Belgium,AV,actif,AV,ENC,C,538000,538000,163000,400800,133900,2024-09-04,2024-09-04,,,False,True,Patrimoine & Conseil,Belgium,courtier,0,LOW,True
BA000049,BA000049,CLI_0035,INT_0003,WEALIFE_NO,Wealins Life Norway,AV,actif,AV,ENC,C,250000,250000,86000,155600,47500,2024-06-23,2024-06-23,,,True,False,Nordic Wealth Partners,Norway,courtier,0,LOW,False
BA000050,BA000050,CLI_0036,INT_0002,EPLAT_BE,ePlatinum Belgium,AV,actif,AV,ENC,C,264000,304000,0,341800,59800,2019-03-29,2019-03-29,,,False,False,Patrimoine & Conseil,Belgium,courtier,0,LOW,False
BA000051,BA000051,CLI_0037,INT_0001,WEACAP_FR,Wealins Capi France,CAP,actif,CAP,ENC,C,250000,250000,0,257700,55700,2024-11-29,2024-11-29,,,False,False,Valoria Capital,France,courtier,0,LOW,False
BA000052,BA000052,CLI_0038,INT_0001,WEACAP_FR,Wealins Capi France,CAP,actif,CAP,ENC,C,454000,528000,0,693800,124600,2020-09-03,2020-09-03,,,False,False,Valoria Capital,France,courtier,0,LOW,False
BA000053,BA000053,CLI_0039,INT_0007,WEALIFE_PT,Wealins Life Portugal,AV,actif,AV,ENC,C,314000,314000,0,409400,118300,2022-08-24,2022-08-24,,,False,False,Porto Investimentos,Portugal,courtier,0,LOW,True
BA000054,BA000054,CLI_0039,INT_0007,WEALIFE_PT,Wealins Life Portugal,AV,actif,AV,ENC,C,250000,250000,0,292500,94800,2021-07-10,2021-07-10,,,False,False,Porto Investimentos,Portugal,courtier,0,LOW,False
BA000055,BA000055,CLI_0039,INT_0007,WEALIFE_PT,Wealins Life Portugal,AV,actif,AV,ENC,C,270000,380000,0,439200,99200,2024-11-24,2024-11-24,,,False,False,Porto Investimentos,Portugal,courtier,0,LOW,False
BA000056,BA000056,CLI_0040,INT_0001,WEALIFE_FR,Wealins Life France,AV,actif,AV,ENC,L,593000,593000,0,828200,263400,2020-05-28,2020-05-28,,,False,False,Valoria Capital,France,courtier,0,LOW,False
BA000057,BA000057,CLI_0041,INT_0001,WEACAP_FR,Wealins Capi France,CAP,actif,CAP,ENC,C,1757000,1757000,766000,1350300,347800,2025-04-26,2025-04-26,,,False,False,Valoria Capital,France,courtier,0,LOW,False
BA000058,BA000058,CLI_0042,INT_0006,WEACAP_LU,Wealins Capi Luxembourg,CAP,actif,CAP,ENC,C,453000,492000,0,507500,104300,2021-12-08,2021-12-08,,,False,False,Lux Private Office,Luxembourg,family_office,0,LOW,False
BA000059,BA000059,CLI_0042,INT_0006,PLAT_SER,Platinum Serenity,AV,actif,AV,ENC,L,433000,433000,0,498800,84600,2025-08-29,2025-08-29,,,False,True,Lux Private Office,Luxembourg,family_office,0,LOW,False
BA000060,BA000060,CLI_0043,INT_0002,EPLAT_BE,ePlatinum Belgium,AV,actif,AV,ENC,L,265000,310000,0,274500,64800,2023-08-04,2023-08-04,,,False,False,Patrimoine & Conseil,Belgium,courtier,0,LOW,False
BA000061,BA000061,CLI_0044,INT_0001,WEACAP_FR,Wealins Capi France,CAP,actif,CAP,ENC,C,343000,343000,108000,250800,61900,2023-06-20,2023-06-20,,,False,False,Valoria Capital,France,courtier,0,LOW,False
BA000062,BA000062,CLI_0045,INT_0007,WEALIFE_PT,Wealins Life Portugal,AV,actif,AV,ENC,C,250000,272000,103000,197800,49300,2018-10-17,2018-10-17,,,False,True,Porto Investimentos,Portugal,courtier,0,LOW,False
BA000063,BA000063,CLI_0046,INT_0009,WEALIFE_SE,Wealins Life Sweden,AV,actif,AV,ENC,C,540000,590000,0,626800,160500,2023-03-19,2023-03-19,,,False,False,Stockholm Capital,Sweden,courtier,0,LOW,False
BA000064,BA000064,CLI_0047,INT_0002,EPLAT_BE,ePlatinum Belgium,AV,actif,AV,ENC,L,695000,752000,0,1082300,303800,2022-11-30,2022-11-30,,,False,False,Patrimoine & Conseil,Belgium,courtier,0,LOW,False
BA000065,BA000065,CLI_0048,INT_0003,WEALIFE_NO,Wealins Life Norway,AV,actif,AV,ENC,C,687000,687000,0,896400,215100,2026-02-13,2026-02-13,,,False,False,Nordic Wealth Partners,Norway,courtier,0,LOW,False
BA000066,BA000066,CLI_0048,INT_0003,WEALIFE_NO,Wealins Life Norway,AV,actif,AV,ENC,C,1623000,1623000,0,1681900,527600,2018-09-24,2018-09-24,,,False,False,Nordic Wealth Partners,Norway,courtier,0,LOW,True
BA000067,BA000067,CLI_0049,INT_0001,WEACAP_FR,Wealins Capi France,CAP,actif,CAP,ENC,C,886000,1072000,0,1212300,248300,2022-08-11,2022-08-11,,,False,False,Valoria Capital,France,courtier,0,LOW,False
BA000068,BA000068,CLI_0050,INT_0001,WEALIFE_FR,Wealins Life France,AV,actif,AV,ENC,C,410000,513000,0,561100,95500,2020-04-24,2020-04-24,,,False,False,Valoria Capital,France,courtier,0,LOW,False
BA000069,BA000069,CLI_0050,INT_0001,WEALIFE_FR,Wealins Life France,AV,actif,AV,ENC,C,250000,283000,34000,261500,49700,2026-07-16,2026-07-16,,,False,False,Valoria Capital,France,courtier,0,LOW,False
BA000070,BA000070,CLI_0050,INT_0001,WEACAP_FR,Wealins Capi France,CAP,actif,CAP,ENC,C,250000,306000,0,398200,136000,2026-02-24,2026-02-24,,,False,False,Valoria Capital,France,courtier,0,LOW,False
BA000071,BA000071,CLI_0051,INT_0002,EPLAT_BE,ePlatinum Belgium,AV,actif,AV,ENC,L,472000,713000,150000,632600,196900,2023-06-26,2023-06-26,,,False,False,Patrimoine & Conseil,Belgium,courtier,0,LOW,False
BA000072,BA000072,CLI_0052,INT_0002,WEALIFE_BE,Wealins Life Belgium,AV,actif,AV,SUS,C,690000,690000,0,856700,254300,2021-08-16,2021-08-16,,,False,False,Patrimoine & Conseil,Belgium,courtier,0,LOW,False
BA000073,BA000073,CLI_0053,INT_0001,WEALIFE_FR,Wealins Life France,AV,actif,AV,ENC,C,462000,712000,114000,826400,246100,2020-07-13,2020-07-13,,,False,False,Valoria Capital,France,courtier,0,LOW,False
BA000074,BA000074,CLI_0053,INT_0001,WEACAP_FR,Wealins Capi France,CAP,actif,CAP,ENC,C,346000,346000,0,381400,57900,2025-11-06,2025-11-06,,,False,False,Valoria Capital,France,courtier,0,LOW,False
BA000075,BA000075,CLI_0054,INT_0008,WEACAP_FI,Wealins Capitalisation Finland,CAP,actif,CAP,TER,C,1527000,1780000,206000,1661900,282800,2023-01-04,2023-01-04,,,True,True,Helsinki Wealth Advisors,Finland,courtier,0,LOW,False
BA000076,BA000076,CLI_0055,INT_0004,WEALIFE_IT,Wealins Life Italy +,AV,actif,AV,ENC,C,1617000,1617000,722000,906500,302700,2023-09-30,2023-09-30,,,False,False,Milano Fiduciaria,Italy,fiduciaire,0,LOW,False
BA000077,BA000077,CLI_0056,INT_0007,WEALIFE_PT,Wealins Life Portugal,AV,actif,AV,ENC,C,1866000,2149000,0,2134400,649300,2021-08-10,2021-08-10,,,False,False,Porto Investimentos,Portugal,courtier,0,LOW,False
BA000078,BA000078,CLI_0056,INT_0007,WEALIFE_PT,Wealins Life Portugal,AV,actif,AV,ENC,C,1676000,1676000,0,2052700,615700,2022-10-17,2022-10-17,,,False,False,Porto Investimentos,Portugal,courtier,0,LOW,False
BA000079,BA000079,CLI_0056,INT_0007,WEALIFE_PT,Wealins Life Portugal,AV,actif,AV,ENC,C,1999000,1999000,0,2237700,766000,2023-10-10,2023-10-10,,,False,True,Porto Investimentos,Portugal,courtier,0,LOW,False
BA000080,BA000080,CLI_0057,INT_0007,WEALIFE_PT,Wealins Life Portugal,AV,actif,AV,ENC,C,433000,531000,189000,443200,146000,2020-07-24,2020-07-24,,,False,True,Porto Investimentos,Portugal,courtier,0,LOW,False
BA000081,BA000081,CLI_0058,INT_0001,WEACAP_FR,Wealins Capi France,CAP,actif,CAP,ENC,C,250000,306000,0,334100,77800,2026-04-23,2026-04-23,,,False,False,Valoria Capital,France,courtier,0,LOW,False
BA000082,BA000082,CLI_0059,INT_0001,WEALIFE_FR,Wealins Life France,AV,actif,AV,ENC,L,250000,250000,66000,194000,53400,2024-03-20,2024-03-20,,,False,False,Valoria Capital,France,courtier,0,LOW,False
BA000083,BA000083,CLI_0059,INT_0001,WEACAP_FR,Wealins Capi France,CAP,actif,CAP,ENC,C,250000,250000,0,296900,89800,2024-06-15,2024-06-15,,,False,False,Valoria Capital,France,courtier,0,LOW,False
BA000084,BA000084,CLI_0060,INT_0007,WEALIFE_PT,Wealins Life Portugal,AV,actif,AV,ENC,L,2104000,2104000,0,2928600,697300,2018-09-01,2018-09-01,,,True,False,Porto Investimentos,Portugal,courtier,0,LOW,False
BA000085,BA000085,CLI_0061,INT_0001,WEACAP_FR,Wealins Capi France,CAP,actif,CAP,ENC,C,250000,267000,0,361400,95500,2024-07-24,2024-07-24,,,False,False,Valoria Capital,France,courtier,0,LOW,False
BA000086,BA000086,CLI_0062,INT_0001,WEALIFE_FR,Wealins Life France,AV,actif,AV,ENC,C,395000,434000,138000,311300,90900,2026-03-28,2026-03-28,,,False,False,Valoria Capital,France,courtier,0,LOW,False
BA000087,BA000087,CLI_0063,INT_0002,EPLAT_BE,ePlatinum Belgium,AV,actif,AV,ENC,L,250000,250000,0,341200,102200,2024-01-24,2024-01-24,,,False,False,Patrimoine & Conseil,Belgium,courtier,0,LOW,True
BA000088,BA000088,CLI_0063,INT_0002,WEALIFE_BE,Wealins Life Belgium,AV,actif,AV,ENC,C,250000,250000,0,288900,63200,2023-02-25,2023-02-25,,,False,False,Patrimoine & Conseil,Belgium,courtier,0,LOW,False
BA000089,BA000089,CLI_0064,INT_0001,WEACAP_FR,Wealins Capi France,CAP,actif,CAP,TER,C,435000,502000,0,727000,136100,2023-03-23,2023-03-23,,,False,False,Valoria Capital,France,courtier,0,LOW,False
BA000090,BA000090,CLI_0065,INT_0001,WEACAP_FR,Wealins Capi France,CAP,actif,CAP,ENC,L,1582000,1582000,445000,1061900,366400,2021-11-10,2021-11-10,,,False,True,Valoria Capital,France,courtier,0,LOW,False
BA000091,BA000091,CLI_0065,INT_0001,WEACAP_FR,Wealins Capi France,CAP,actif,CAP,ENC,C,1222000,1818000,469000,1868100,471100,2024-07-25,2024-07-25,,,False,False,Valoria Capital,France,courtier,0,LOW,False
BA000092,BA000092,CLI_0066,INT_0002,WEALIFE_BE,Wealins Life Belgium,AV,actif,AV,ENC,C,2357000,2357000,1015000,1587000,356900,2022-02-18,2022-02-18,,,False,False,Patrimoine & Conseil,Belgium,courtier,0,LOW,False
BA000093,BA000093,CLI_0067,INT_0001,WEALIFE_FR,Wealins Life France,AV,actif,AV,SUS,L,917000,917000,0,1302900,272700,2021-08-17,2021-08-17,,,False,False,Valoria Capital,France,courtier,0,LOW,False
BA000094,BA000094,CLI_0067,INT_0001,WEACAP_FR,Wealins Capi France,CAP,actif,CAP,ENC,C,252000,298000,89000,254700,41600,2023-08-14,2023-08-14,,,False,False,Valoria Capital,France,courtier,0,LOW,False
BA000095,BA000095,CLI_0068,INT_0002,WEALIFE_BE,Wealins Life Belgium,AV,actif,AV,TER,C,1817000,2050000,706000,1236800,423800,2021-12-03,2021-12-03,,,False,False,Patrimoine & Conseil,Belgium,courtier,0,LOW,False
BA000096,BA000096,CLI_0068,INT_0002,WEALIFE_BE,Wealins Life Belgium,AV,actif,AV,ENC,C,1199000,1441000,148000,1367200,233100,2026-03-16,2026-03-16,,,False,False,Patrimoine & Conseil,Belgium,courtier,0,LOW,False
BA000097,BA000097,CLI_0068,INT_0002,EPLAT_BE,ePlatinum Belgium,AV,actif,AV,ENC,C,527000,766000,0,840700,275900,2019-04-06,2019-04-06,,,False,False,Patrimoine & Conseil,Belgium,courtier,0,LOW,False
BA000098,BA000098,CLI_0069,INT_0006,PLAT_SER,Platinum Serenity,AV,actif,AV,ENC,C,856000,856000,0,1221600,394600,2023-07-09,2023-07-09,,,False,False,Lux Private Office,Luxembourg,family_office,0,LOW,False
BA000099,BA000099,CLI_0069,INT_0006,WEALIFE_LU,Wealins Life Luxembourg,AV,actif,AV,ENC,C,1250000,1250000,0,1296600,259800,2021-10-05,2021-10-05,,,False,False,Lux Private Office,Luxembourg,family_office,0,LOW,False
BA000100,BA000100,CLI_0070,INT_0012,WEACAP_MC,Wealins Capi Monaco,CAP,actif,CAP,ENC,L,459000,459000,0,473400,165400,2023-12-10,2023-12-10,,,False,False,Monaco Patrimoine,Monaco,family_office,0,LOW,False
BA000101,BA000101,CLI_0071,INT_0001,WEACAP_FR,Wealins Capi France,CAP,actif,CAP,ENC,C,947000,1145000,0,1383300,240000,2020-10-02,2020-10-02,,,False,False,Valoria Capital,France,courtier,0,LOW,False
BA000102,BA000102,CLI_0071,INT_0001,WEACAP_FR,Wealins Capi France,CAP,actif,CAP,ENC,L,654000,798000,0,940000,317800,2020-03-16,2020-03-16,,,False,False,Valoria Capital,France,courtier,0,LOW,True
BA000103,BA000103,CLI_0072,INT_0008,WEACAP_FI,Wealins Capitalisation Finland,CAP,actif,CAP,SUS,C,841000,1183000,0,1212000,380200,2022-06-17,2022-06-17,,,False,False,Helsinki Wealth Advisors,Finland,courtier,0,LOW,True
BA000104,BA000104,CLI_0073,INT_0002,EPLAT_BE,ePlatinum Belgium,AV,actif,AV,ENC,L,376000,436000,0,483400,106200,2020-10-18,2020-10-18,,,False,False,Patrimoine & Conseil,Belgium,courtier,0,LOW,False
BA000105,BA000105,CLI_0074,INT_0001,WEALIFE_FR,Wealins Life France,AV,actif,AV,ENC,C,2804000,2804000,0,3489500,741800,2023-11-04,2023-11-04,,,False,False,Valoria Capital,France,courtier,0,LOW,False
BA000106,BA000106,CLI_0074,INT_0001,WEACAP_FR,Wealins Capi France,CAP,actif,CAP,ENC,L,2743000,3957000,0,3733600,994500,2021-01-07,2021-01-07,,,False,False,Valoria Capital,France,courtier,0,LOW,False
BA000107,BA000107,CLI_0075,INT_0001,WEALIFE_FR,Wealins Life France,AV,actif,AV,ENC,C,250000,308000,0,420700,75400,2025-09-14,2025-09-14,,,False,False,Valoria Capital,France,courtier,0,LOW,False
BA000108,BA000108,CLI_0076,INT_0004,WEALIFE_IT,Wealins Life Italy +,AV,actif,AV,ENC,L,866000,866000,0,883500,159900,2025-10-16,2025-10-16,,,False,False,Milano Fiduciaria,Italy,fiduciaire,0,LOW,False
BA000109,BA000109,CLI_0076,INT_0004,WEALIFE_IT,Wealins Life Italy +,AV,actif,AV,ENC,L,1380000,1380000,235000,1021200,278200,2025-06-28,2025-06-28,,,False,False,Milano Fiduciaria,Italy,fiduciaire,0,LOW,False
BA000110,BA000110,CLI_0077,INT_0001,WEACAP_FR,Wealins Capi France,CAP,actif,CAP,TER,L,919000,1145000,0,1179600,264300,2024-01-11,2024-01-11,,,False,False,Valoria Capital,France,courtier,0,LOW,False
BA000111,BA000111,CLI_0077,INT_0001,WEALIFE_FR,Wealins Life France,AV,actif,AV,ENC,C,1026000,1368000,0,1815300,456500,2024-03-29,2024-03-29,,,False,False,Valoria Capital,France,courtier,0,LOW,False
BA000112,BA000112,CLI_0078,INT_0001,WEALIFE_FR,Wealins Life France,AV,actif,AV,ENC,C,356000,456000,0,418100,146000,2021-07-25,2021-07-25,,,False,False,Valoria Capital,France,courtier,0,LOW,False
BA000113,BA000113,CLI_0079,INT_0010,WEALINS_DE,Wealins Germany,AV,legacy,AV,ENC,C,274000,319000,0,413000,120900,2025-06-17,2025-06-17,,,False,False,Rhine Capital Advisors,Germany,courtier,0,LOW,False
BA000114,BA000114,CLI_0080,INT_0004,WEALIFE_IT,Wealins Life Italy +,AV,actif,AV,TER,C,250000,288000,0,379200,131200,2021-04-03,2021-04-03,,,False,True,Milano Fiduciaria,Italy,fiduciaire,0,LOW,False
BA000115,BA000115,CLI_0081,INT_0004,WEALIFE_IT,Wealins Life Italy +,AV,actif,AV,ENC,C,250000,299000,76000,292700,54400,2020-11-18,2020-11-18,,,False,True,Milano Fiduciaria,Italy,fiduciaire,0,LOW,False
BA000116,BA000116,CLI_0082,INT_0009,WEALIFE_SE,Wealins Life Sweden,AV,actif,AV,ENC,C,691000,691000,0,680200,144400,2022-11-03,2022-11-03,,,False,True,Stockholm Capital,Sweden,courtier,0,LOW,False
BA000117,BA000117,CLI_0082,INT_0009,WEALIFE_SE,Wealins Life Sweden,AV,actif,AV,ENC,L,657000,701000,0,654500,131900,2022-10-01,2022-10-01,,,False,False,Stockholm Capital,Sweden,courtier,0,LOW,False
BA000118,BA000118,CLI_0082,INT_0009,WEALIFE_SE,Wealins Life Sweden,AV,actif,AV,ENC,L,260000,260000,108000,182600,58800,2025-12-30,2025-12-30,,,False,False,Stockholm Capital,Sweden,courtier,0,LOW,False
BA000119,BA000119,CLI_0083,INT_0004,WEALIFE_IT,Wealins Life Italy +,AV,actif,AV,ENC,C,1999000,2833000,270000,3451900,538700,2025-01-24,2025-01-24,,,False,False,Milano Fiduciaria,Italy,fiduciaire,0,LOW,False
BA000120,BA000120,CLI_0084,INT_0002,EPLAT_BE,ePlatinum Belgium,AV,actif,AV,SUS,C,250000,250000,0,348300,86900,2019-04-08,2019-04-08,,,False,False,Patrimoine & Conseil,Belgium,courtier,0,LOW,False
BA000121,BA000121,CLI_0085,INT_0001,WEACAP_FR,Wealins Capi France,CAP,actif,CAP,ENC,L,591000,628000,78000,785100,194800,2026-01-22,2026-01-22,,,False,False,Valoria Capital,France,courtier,0,LOW,False
BA000122,BA000122,CLI_0086,INT_0008,WEACAP_FI,Wealins Capitalisation Finland,CAP,actif,CAP,ENC,C,556000,556000,0,671500,172200,2021-04-20,2021-04-20,,,False,False,Helsinki Wealth Advisors,Finland,courtier,0,LOW,False
BA000123,BA000123,CLI_0086,INT_0008,WEACAP_FI,Wealins Capitalisation Finland,CAP,actif,CAP,ENC,C,733000,733000,0,679500,105200,2021-10-13,2021-10-13,,,False,False,Helsinki Wealth Advisors,Finland,courtier,0,LOW,False
BA000124,BA000124,CLI_0087,INT_0001,WEALIFE_FR,Wealins Life France,AV,actif,AV,ENC,C,250000,250000,0,326600,86300,2023-04-07,2023-04-07,,,False,True,Valoria Capital,France,courtier,0,LOW,False
BA000125,BA000125,CLI_0087,INT_0001,WEACAP_FR,Wealins Capi France,CAP,actif,CAP,ENC,C,250000,250000,0,317500,75200,2019-06-14,2019-06-14,,,False,False,Valoria Capital,France,courtier,0,LOW,True
BA000126,BA000126,CLI_0088,INT_0001,WEACAP_FR,Wealins Capi France,CAP,actif,CAP,ENC,L,1252000,1333000,196000,1415600,216800,2024-08-05,2024-08-05,,,False,False,Valoria Capital,France,courtier,0,LOW,True
BA000127,BA000127,CLI_0089,INT_0001,WEACAP_FR,Wealins Capi France,CAP,actif,CAP,ENC,C,250000,281000,0,254400,45400,2021-04-28,2021-04-28,,,False,False,Valoria Capital,France,courtier,0,LOW,False
BA000128,BA000128,CLI_0090,INT_0001,WEACAP_FR,Wealins Capi France,CAP,actif,CAP,ENC,C,1486000,1832000,0,1622800,510700,2018-10-26,2018-10-26,,,False,False,Valoria Capital,France,courtier,0,LOW,False
BA000129,BA000129,CLI_0090,INT_0001,WEALIFE_FR,Wealins Life France,AV,actif,AV,ENC,C,337000,363000,0,334000,57700,2018-08-28,2018-08-28,,,False,False,Valoria Capital,France,courtier,0,LOW,False
BA000130,BA000130,CLI_0091,INT_0002,EPLAT_BE,ePlatinum Belgium,AV,actif,AV,TER,L,724000,724000,0,681900,118600,2025-03-17,2025-03-17,,,False,False,Patrimoine & Conseil,Belgium,courtier,0,LOW,False
BA000131,BA000131,CLI_0091,INT_0002,WEALIFE_BE,Wealins Life Belgium,AV,actif,AV,ENC,L,660000,660000,256000,398000,120400,2025-07-10,2025-07-10,,,False,False,Patrimoine & Conseil,Belgium,courtier,0,LOW,False
BA000132,BA000132,CLI_0092,INT_0002,WEALIFE_BE,Wealins Life Belgium,AV,actif,AV,ENC,C,291000,308000,40000,367100,73500,2019-07-02,2019-07-02,,,False,True,Patrimoine & Conseil,Belgium,courtier,0,LOW,False
BA000133,BA000133,CLI_0093,INT_0001,WEALIFE_FR,Wealins Life France,AV,actif,AV,ENC,C,250000,250000,0,282500,91600,2024-11-25,2024-11-25,,,False,False,Valoria Capital,France,courtier,0,LOW,False
BA000134,BA000134,CLI_0093,INT_0001,WEACAP_FR,Wealins Capi France,CAP,actif,CAP,ENC,C,250000,250000,0,222500,65400,2026-05-22,2026-05-22,,,True,False,Valoria Capital,France,courtier,0,LOW,False
BA000135,BA000135,CLI_0093,INT_0001,WEALIFE_FR,Wealins Life France,AV,actif,AV,ENC,C,250000,250000,0,300800,96700,2023-03-01,2023-03-01,,,False,True,Valoria Capital,France,courtier,0,LOW,False
BA000136,BA000136,CLI_0094,INT_0009,WEALIFE_SE,Wealins Life Sweden,AV,actif,AV,ENC,C,644000,644000,0,654000,162300,2025-12-05,2025-12-05,,,False,False,Stockholm Capital,Sweden,courtier,0,LOW,False
BA000137,BA000137,CLI_0095,INT_0001,WEACAP_FR,Wealins Capi France,CAP,actif,CAP,ENC,C,302000,302000,0,431500,98200,2023-08-16,2023-08-16,,,False,False,Valoria Capital,France,courtier,0,LOW,False
BA000138,BA000138,CLI_0095,INT_0001,WEALIFE_FR,Wealins Life France,AV,actif,AV,ENC,L,429000,630000,134000,495300,114500,2024-06-16,2024-06-16,,,False,False,Valoria Capital,France,courtier,0,LOW,False
BA000139,BA000139,CLI_0096,INT_0001,WEACAP_FR,Wealins Capi France,CAP,actif,CAP,ENC,C,250000,250000,38000,210100,68200,2026-04-05,2026-04-05,,,False,False,Valoria Capital,France,courtier,0,LOW,False
BA000140,BA000140,CLI_0097,INT_0008,WEALIFE_FI,Wealins Life Finland,AV,actif,AV,TER,L,675000,675000,0,768000,254200,2021-11-08,2021-11-08,,,False,False,Helsinki Wealth Advisors,Finland,courtier,0,LOW,False
BA000141,BA000141,CLI_0098,INT_0002,EPLAT_BE,ePlatinum Belgium,AV,actif,AV,ENC,C,431000,431000,0,474100,134400,2022-08-17,2022-08-17,,,False,False,Patrimoine & Conseil,Belgium,courtier,0,LOW,False
BA000142,BA000142,CLI_0098,INT_0002,WEALIFE_BE,Wealins Life Belgium,AV,actif,AV,TER,C,679000,679000,0,648000,217900,2022-09-03,2022-09-03,,,False,False,Patrimoine & Conseil,Belgium,courtier,0,LOW,False
BA000143,BA000143,CLI_0099,INT_0001,WEALIFE_FR,Wealins Life France,AV,actif,AV,ENC,L,250000,335000,106000,248100,74100,2024-09-02,2024-09-02,,,False,False,Valoria Capital,France,courtier,0,LOW,False
BA000144,BA000144,CLI_0100,INT_0001,WEACAP_FR,Wealins Capi France,CAP,actif,CAP,ENC,L,250000,250000,0,334300,60800,2024-05-16,2024-05-16,,,False,False,Valoria Capital,France,courtier,0,LOW,False
BA000145,BA000145,CLI_0100,INT_0001,WEACAP_FR,Wealins Capi France,CAP,actif,CAP,ENC,C,250000,357000,61000,388000,68700,2021-04-30,2021-04-30,,,False,True,Valoria Capital,France,courtier,0,LOW,False
BA000146,BA000146,CLI_0101,INT_0001,WEACAP_FR,Wealins Capi France,CAP,actif,CAP,ENC,C,301000,301000,0,380100,83200,2023-07-03,2023-07-03,,,False,False,Valoria Capital,France,courtier,0,LOW,False
BA000147,BA000147,CLI_0101,INT_0001,WEACAP_FR,Wealins Capi France,CAP,actif,CAP,ENC,L,250000,333000,0,348500,107500,2023-04-03,2023-04-03,,,False,False,Valoria Capital,France,courtier,0,LOW,False
BA000148,BA000148,CLI_0102,INT_0001,WEALIFE_FR,Wealins Life France,AV,actif,AV,TER,C,714000,714000,0,840100,279900,2023-06-20,2023-06-20,,,False,False,Valoria Capital,France,courtier,0,LOW,False
BA000149,BA000149,CLI_0103,INT_0001,WEACAP_FR,Wealins Capi France,CAP,actif,CAP,SUS,C,250000,300000,0,277700,72300,2026-05-05,2026-05-05,,,False,False,Valoria Capital,France,courtier,0,LOW,True
BA000150,BA000150,CLI_0104,INT_0007,WEALIFE_PT,Wealins Life Portugal,AV,actif,AV,SUS,C,250000,276000,0,300600,75900,2023-08-29,2023-08-29,,,False,False,Porto Investimentos,Portugal,courtier,0,LOW,False
BA000151,BA000151,CLI_0105,INT_0009,WEALIFE_SE,Wealins Life Sweden,AV,actif,AV,ENC,C,567000,567000,0,795900,132900,2022-05-27,2022-05-27,,,False,True,Stockholm Capital,Sweden,courtier,0,LOW,False
BA000152,BA000152,CLI_0106,INT_0002,WEALIFE_BE,Wealins Life Belgium,AV,actif,AV,ENC,C,250000,250000,94000,206500,66600,2020-05-06,2020-05-06,,,False,False,Patrimoine & Conseil,Belgium,courtier,0,LOW,False
BA000153,BA000153,CLI_0106,INT_0002,WEALIFE_BE,Wealins Life Belgium,AV,actif,AV,TER,C,250000,250000,0,307300,49500,2024-03-24,2024-03-24,,,False,False,Patrimoine & Conseil,Belgium,courtier,0,LOW,False
BA000154,BA000154,CLI_0107,INT_0006,EPLAT_BRD,ePlatinum Birdie,AV,actif,AV,ENC,C,250000,282000,0,279100,87500,2020-12-05,2020-12-05,,,False,False,Lux Private Office,Luxembourg,family_office,0,LOW,False
BA000155,BA000155,CLI_0108,INT_0001,WEALIFE_FR,Wealins Life France,AV,actif,AV,ENC,L,250000,250000,38000,203900,52700,2019-10-07,2019-10-07,,,False,True,Valoria Capital,France,courtier,0,LOW,False
BA000156,BA000156,CLI_0109,INT_0002,WEALIFE_BE,Wealins Life Belgium,AV,actif,AV,ENC,C,250000,310000,0,311400,62300,2024-09-26,2024-09-26,,,True,False,Patrimoine & Conseil,Belgium,courtier,0,LOW,False
BA000157,BA000157,CLI_0110,INT_0001,WEALIFE_FR,Wealins Life France,AV,actif,AV,ENC,C,250000,250000,0,228600,68800,2024-12-28,2024-12-28,,,False,False,Valoria Capital,France,courtier,0,LOW,False
BA000158,BA000158,CLI_0111,INT_0001,WEACAP_FR,Wealins Capi France,CAP,actif,CAP,ENC,C,250000,310000,0,401300,85800,2024-02-15,2024-02-15,,,False,False,Valoria Capital,France,courtier,0,LOW,False
BA000159,BA000159,CLI_0112,INT_0001,WEALIFE_FR,Wealins Life France,AV,actif,AV,ENC,L,709000,709000,0,811800,196700,2024-06-25,2024-06-25,,,False,False,Valoria Capital,France,courtier,0,LOW,False
BA000160,BA000160,CLI_0113,INT_0002,WEALIFE_BE,Wealins Life Belgium,AV,actif,AV,ENC,C,250000,250000,49000,290300,80300,2024-07-05,2024-07-05,,,False,False,Patrimoine & Conseil,Belgium,courtier,0,LOW,False
BA000161,BA000161,CLI_0114,INT_0001,WEALIFE_FR,Wealins Life France,AV,actif,AV,SUS,C,1587000,1587000,325000,1126200,257300,2024-06-26,2024-06-26,,,False,False,Valoria Capital,France,courtier,0,LOW,False
BA000162,BA000162,CLI_0115,INT_0002,EPLAT_BE,ePlatinum Belgium,AV,actif,AV,ENC,C,912000,912000,0,833600,285300,2023-04-06,2023-04-06,,,False,False,Patrimoine & Conseil,Belgium,courtier,0,LOW,False
BA000163,BA000163,CLI_0115,INT_0002,WEALIFE_BE,Wealins Life Belgium,AV,actif,AV,ENC,C,800000,800000,155000,625900,172800,2019-09-26,2019-09-26,,,False,True,Patrimoine & Conseil,Belgium,courtier,0,LOW,False
BA000164,BA000164,CLI_0116,INT_0004,WEALIFE_IT,Wealins Life Italy +,AV,actif,AV,TER,C,652000,871000,131000,749700,243200,2020-01-25,2020-01-25,,,False,False,Milano Fiduciaria,Italy,fiduciaire,0,LOW,False
BA000165,BA000165,CLI_0117,INT_0002,EPLAT_BE,ePlatinum Belgium,AV,actif,AV,ENC,C,250000,401000,0,492200,153900,2026-03-19,2026-03-19,,,False,False,Patrimoine & Conseil,Belgium,courtier,0,LOW,False
BA000166,BA000166,CLI_0118,INT_0001,WEALIFE_FR,Wealins Life France,AV,actif,AV,ENC,C,250000,250000,0,347000,118600,2021-09-19,2021-09-19,,,False,False,Valoria Capital,France,courtier,0,LOW,False
BA000167,BA000167,CLI_0119,INT_0009,WEALIFE_SE,Wealins Life Sweden,AV,actif,AV,ENC,C,931000,1038000,0,1198900,214900,2021-12-05,2021-12-05,,,False,False,Stockholm Capital,Sweden,courtier,0,LOW,False
BA000168,BA000168,CLI_0120,INT_0003,WEALIFE_NO,Wealins Life Norway,AV,actif,AV,ENC,C,250000,250000,0,294600,73900,2019-04-30,2019-04-30,,,False,False,Nordic Wealth Partners,Norway,courtier,0,LOW,False
BA000169,BA000169,CLI_0120,INT_0003,WEALIFE_NO,Wealins Life Norway,AV,actif,AV,SUS,C,250000,250000,0,280100,62700,2018-12-05,2018-12-05,,,False,False,Nordic Wealth Partners,Norway,courtier,0,LOW,False
BA000170,BA000170,CLI_0121,INT_0004,WEALIFE_IT,Wealins Life Italy +,AV,actif,AV,ENC,C,1799000,1799000,548000,1303900,348500,2023-02-13,2023-02-13,,,False,False,Milano Fiduciaria,Italy,fiduciaire,0,LOW,False
BA000171,BA000171,CLI_0122,INT_0009,WEALIFE_SE,Wealins Life Sweden,AV,actif,AV,ENC,C,402000,454000,0,615900,96600,2019-05-04,2019-05-04,,,False,False,Stockholm Capital,Sweden,courtier,0,LOW,True
BA000172,BA000172,CLI_0123,INT_0001,WEALIFE_FR,Wealins Life France,AV,actif,AV,SUS,C,681000,681000,186000,700900,138100,2024-02-10,2024-02-10,,,False,False,Valoria Capital,France,courtier,0,LOW,False
BA000173,BA000173,CLI_0124,INT_0001,WEALIFE_FR,Wealins Life France,AV,actif,AV,TER,C,250000,250000,96000,207000,49600,2018-11-02,2018-11-02,,,False,False,Valoria Capital,France,courtier,0,LOW,False
BA000174,BA000174,CLI_0125,INT_0002,WEALIFE_BE,Wealins Life Belgium,AV,actif,AV,ENC,C,943000,943000,0,1340500,457000,2019-03-01,2019-03-01,,,False,False,Patrimoine & Conseil,Belgium,courtier,0,LOW,False
BA000175,BA000175,CLI_0126,INT_0004,WEALIFE_IT,Wealins Life Italy +,AV,actif,AV,ENC,C,1016000,1151000,157000,895100,175400,2019-02-06,2019-02-06,,,False,False,Milano Fiduciaria,Italy,fiduciaire,0,LOW,False
BA000176,BA000176,CLI_0127,INT_0001,WEACAP_FR,Wealins Capi France,CAP,actif,CAP,ENC,C,250000,250000,0,308700,62700,2023-03-22,2023-03-22,,,False,False,Valoria Capital,France,courtier,0,LOW,False
BA000177,BA000177,CLI_0127,INT_0001,WEALIFE_FR,Wealins Life France,AV,actif,AV,ENC,L,504000,504000,0,573300,137100,2018-10-28,2018-10-28,,,False,False,Valoria Capital,France,courtier,0,LOW,False
BA000178,BA000178,CLI_0128,INT_0001,WEALIFE_FR,Wealins Life France,AV,actif,AV,ENC,L,254000,305000,0,385600,126200,2018-09-24,2018-09-24,,,False,False,Valoria Capital,France,courtier,0,LOW,False
BA000179,BA000179,CLI_0129,INT_0007,WEALIFE_PT,Wealins Life Portugal,AV,actif,AV,ENC,C,250000,250000,37000,228000,57000,2021-02-11,2021-02-11,,,False,False,Porto Investimentos,Portugal,courtier,0,LOW,False
BA000180,BA000180,CLI_0129,INT_0007,WEALIFE_PT,Wealins Life Portugal,AV,actif,AV,TER,C,250000,250000,0,342200,68300,2023-12-21,2023-12-21,,,False,False,Porto Investimentos,Portugal,courtier,0,LOW,False
BA000181,BA000181,CLI_0130,INT_0001,WEALIFE_FR,Wealins Life France,AV,actif,AV,ENC,C,250000,311000,54000,320800,110400,2022-09-09,2022-09-09,,,False,False,Valoria Capital,France,courtier,0,LOW,False
BA000182,BA000182,CLI_0130,INT_0001,WEALIFE_FR,Wealins Life France,AV,actif,AV,TER,C,250000,250000,0,346400,107400,2018-11-04,2018-11-04,,,False,False,Valoria Capital,France,courtier,0,LOW,True
BA000183,BA000183,CLI_0130,INT_0001,WEACAP_FR,Wealins Capi France,CAP,actif,CAP,ENC,C,250000,250000,100000,181600,47500,2018-12-19,2018-12-19,,,False,False,Valoria Capital,France,courtier,0,LOW,False
BA000184,BA000184,CLI_0131,INT_0007,WEALIFE_PT,Wealins Life Portugal,AV,actif,AV,ENC,L,250000,250000,0,244900,37400,2020-08-19,2020-08-19,,,False,False,Porto Investimentos,Portugal,courtier,0,LOW,False
BA000185,BA000185,CLI_0132,INT_0001,WEALIFE_FR,Wealins Life France,AV,actif,AV,ENC,C,250000,250000,0,253500,60700,2026-05-13,2026-05-13,,,False,False,Valoria Capital,France,courtier,0,LOW,False
BA000186,BA000186,CLI_0133,INT_0002,EPLAT_BE,ePlatinum Belgium,AV,actif,AV,TER,C,422000,467000,91000,506800,131200,2019-03-31,2019-03-31,,,False,False,Patrimoine & Conseil,Belgium,courtier,0,LOW,False
BA000187,BA000187,CLI_0133,INT_0002,EPLAT_BE,ePlatinum Belgium,AV,actif,AV,ENC,L,250000,250000,0,269500,56200,2025-04-22,2025-04-22,,,False,False,Patrimoine & Conseil,Belgium,courtier,0,LOW,False
BA000188,BA000188,CLI_0133,INT_0002,EPLAT_BE,ePlatinum Belgium,AV,actif,AV,ENC,C,371000,459000,0,601100,193800,2020-10-19,2020-10-19,,,False,False,Patrimoine & Conseil,Belgium,courtier,0,LOW,False
BA000189,BA000189,CLI_0134,INT_0002,WEALIFE_BE,Wealins Life Belgium,AV,actif,AV,ENC,L,1491000,1811000,0,2443700,797000,2019-09-13,2019-09-13,,,False,False,Patrimoine & Conseil,Belgium,courtier,0,LOW,False
BA000190,BA000190,CLI_0135,INT_0001,WEALIFE_FR,Wealins Life France,AV,actif,AV,ENC,L,425000,488000,0,662100,148800,2018-09-16,2018-09-16,,,False,False,Valoria Capital,France,courtier,0,LOW,False
BA000191,BA000191,CLI_0136,INT_0002,WEALIFE_BE,Wealins Life Belgium,AV,actif,AV,ENC,C,2278000,2278000,0,3167100,594400,2019-02-13,2019-02-13,,,False,True,Patrimoine & Conseil,Belgium,courtier,0,LOW,False
BA000192,BA000192,CLI_0137,INT_0008,WEALIFE_FI,Wealins Life Finland,AV,actif,AV,ENC,C,504000,504000,159000,490700,92400,2023-05-12,2023-05-12,,,False,False,Helsinki Wealth Advisors,Finland,courtier,0,LOW,False
BA000193,BA000193,CLI_0138,INT_0008,WEALIFE_FI,Wealins Life Finland,AV,actif,AV,ENC,C,459000,459000,0,586500,123200,2024-11-18,2024-11-18,,,False,False,Helsinki Wealth Advisors,Finland,courtier,0,LOW,False
BA000194,BA000194,CLI_0139,INT_0007,WEALIFE_PT,Wealins Life Portugal,AV,actif,AV,ENC,L,1891000,1891000,0,1939800,474700,2024-12-12,2024-12-12,,,False,False,Porto Investimentos,Portugal,courtier,0,LOW,False
BA000195,BA000195,CLI_0140,INT_0001,WEACAP_FR,Wealins Capi France,CAP,actif,CAP,ENC,C,250000,342000,43000,404700,111800,2022-09-08,2022-09-08,,,False,False,Valoria Capital,France,courtier,0,LOW,False
BA000196,BA000196,CLI_0140,INT_0001,WEACAP_FR,Wealins Capi France,CAP,actif,CAP,ENC,C,250000,285000,0,266200,76300,2026-06-28,2026-06-28,,,True,False,Valoria Capital,France,courtier,0,LOW,True
BA000197,BA000197,CLI_0141,INT_0002,EPLAT_BE,ePlatinum Belgium,AV,actif,AV,ENC,C,1071000,1071000,0,1097100,190400,2022-09-20,2022-09-20,,,False,False,Patrimoine & Conseil,Belgium,courtier,0,LOW,True
BA000198,BA000198,CLI_0142,INT_0001,WEACAP_FR,Wealins Capi France,CAP,actif,CAP,ENC,C,2025000,2656000,0,3464400,972700,2025-07-25,2025-07-25,,,False,False,Valoria Capital,France,courtier,0,LOW,False
BA000199,BA000199,CLI_0143,INT_0001,WEACAP_FR,Wealins Capi France,CAP,actif,CAP,ENC,C,250000,310000,35000,262700,90800,2025-10-08,2025-10-08,,,False,False,Valoria Capital,France,courtier,0,LOW,False
BA000200,BA000200,CLI_0144,INT_0001,WEACAP_FR,Wealins Capi France,CAP,actif,CAP,TER,C,250000,250000,0,320000,52300,2025-09-21,2025-09-21,,,False,False,Valoria Capital,France,courtier,0,LOW,False
BA000201,BA000201,CLI_0145,INT_0001,WEALIFE_FR,Wealins Life France,AV,actif,AV,ENC,C,264000,264000,40000,281400,72900,2023-04-18,2023-04-18,,,False,False,Valoria Capital,France,courtier,0,LOW,False
BA000202,BA000202,CLI_0146,INT_0002,WEALIFE_BE,Wealins Life Belgium,AV,actif,AV,ENC,C,655000,655000,0,722300,162100,2023-05-14,2023-05-14,,,False,False,Patrimoine & Conseil,Belgium,courtier,0,LOW,False
BA000203,BA000203,CLI_0147,INT_0001,WEALIFE_FR,Wealins Life France,AV,actif,AV,ENC,C,514000,667000,0,769000,130600,2024-02-01,2024-02-01,,,False,False,Valoria Capital,France,courtier,0,LOW,False
BA000204,BA000204,CLI_0148,INT_0002,WEALIFE_BE,Wealins Life Belgium,AV,actif,AV,ENC,C,315000,416000,0,514400,173600,2021-02-22,2021-02-22,,,False,False,Patrimoine & Conseil,Belgium,courtier,0,LOW,True
BA000205,BA000205,CLI_0149,INT_0001,WEACAP_FR,Wealins Capi France,CAP,actif,CAP,ENC,L,533000,599000,0,812700,158400,2022-09-07,2022-09-07,,,False,False,Valoria Capital,France,courtier,0,LOW,False
BA000206,BA000206,CLI_0150,INT_0001,WEALIFE_FR,Wealins Life France,AV,actif,AV,ENC,C,250000,250000,0,281700,44000,2021-05-26,2021-05-26,,,False,True,Valoria Capital,France,courtier,0,LOW,False
BA000207,BA000207,CLI_0150,INT_0001,WEACAP_FR,Wealins Capi France,CAP,actif,CAP,ENC,C,250000,250000,0,350700,73900,2020-03-04,2020-03-04,,,False,False,Valoria Capital,France,courtier,0,LOW,False
BA000208,BA000208,CLI_0151,INT_0001,WEALIFE_FR,Wealins Life France,AV,actif,AV,TER,C,250000,311000,0,382900,62300,2026-04-25,2026-04-25,,,False,False,Valoria Capital,France,courtier,0,LOW,False
BA000209,BA000209,CLI_0152,INT_0002,EPLAT_BE,ePlatinum Belgium,AV,actif,AV,ENC,C,896000,896000,0,1210200,306800,2024-12-28,2024-12-28,,,False,False,Patrimoine & Conseil,Belgium,courtier,0,LOW,False
BA000210,BA000210,CLI_0152,INT_0002,WEALIFE_BE,Wealins Life Belgium,AV,actif,AV,ENC,C,469000,559000,0,557100,135100,2025-07-17,2025-07-17,,,False,False,Patrimoine & Conseil,Belgium,courtier,0,LOW,False
BA000211,BA000211,CLI_0152,INT_0002,EPLAT_BE,ePlatinum Belgium,AV,actif,AV,ENC,C,1262000,1420000,0,1830000,615800,2025-12-16,2025-12-16,,,False,True,Patrimoine & Conseil,Belgium,courtier,0,LOW,False
BA000212,BA000212,CLI_0153,INT_0002,EPLAT_BE,ePlatinum Belgium,AV,actif,AV,ENC,L,250000,275000,0,388500,101100,2022-02-05,2022-02-05,,,False,False,Patrimoine & Conseil,Belgium,courtier,0,LOW,False
BA000213,BA000213,CLI_0154,INT_0001,WEACAP_FR,Wealins Capi France,CAP,actif,CAP,ENC,C,733000,733000,108000,678700,210600,2020-07-01,2020-07-01,,,False,False,Valoria Capital,France,courtier,0,LOW,False
BA000214,BA000214,CLI_0155,INT_0001,WEACAP_FR,Wealins Capi France,CAP,actif,CAP,ENC,C,250000,265000,110000,200000,41400,2020-08-24,2020-08-24,,,False,False,Valoria Capital,France,courtier,0,LOW,False
BA000215,BA000215,CLI_0155,INT_0001,WEACAP_FR,Wealins Capi France,CAP,actif,CAP,SUS,C,250000,278000,95000,247100,47100,2021-09-11,2021-09-11,,,False,False,Valoria Capital,France,courtier,0,LOW,False
BA000216,BA000216,CLI_0156,INT_0002,EPLAT_BE,ePlatinum Belgium,AV,actif,AV,ENC,C,250000,309000,36000,274500,47100,2022-01-06,2022-01-06,,,False,False,Patrimoine & Conseil,Belgium,courtier,0,LOW,False
BA000217,BA000217,CLI_0157,INT_0009,WEALIFE_SE,Wealins Life Sweden,AV,actif,AV,ENC,C,2078000,2078000,849000,1677400,503500,2021-07-20,2021-07-20,,,False,False,Stockholm Capital,Sweden,courtier,0,LOW,False
BA000218,BA000218,CLI_0158,INT_0002,EPLAT_BE,ePlatinum Belgium,AV,actif,AV,ENC,C,302000,302000,0,341900,65300,2018-09-21,2018-09-21,,,False,False,Patrimoine & Conseil,Belgium,courtier,0,LOW,False
BA000219,BA000219,CLI_0158,INT_0002,EPLAT_BE,ePlatinum Belgium,AV,actif,AV,SUS,L,547000,547000,188000,499800,112900,2022-04-13,2022-04-13,,,False,False,Patrimoine & Conseil,Belgium,courtier,0,LOW,False
BA000220,BA000220,CLI_0159,INT_0001,WEALIFE_FR,Wealins Life France,AV,actif,AV,ENC,C,357000,357000,86000,307300,72200,2023-09-23,2023-09-23,,,False,False,Valoria Capital,France,courtier,0,LOW,False
BA000221,BA000221,CLI_0160,INT_0001,WEALIFE_FR,Wealins Life France,AV,actif,AV,ENC,C,1509000,2102000,0,1960400,566700,2020-03-12,2020-03-12,,,False,False,Valoria Capital,France,courtier,0,LOW,False
BA000222,BA000222,CLI_0161,INT_0001,WEACAP_FR,Wealins Capi France,CAP,actif,CAP,ENC,C,250000,250000,0,253000,42600,2024-08-24,2024-08-24,,,False,False,Valoria Capital,France,courtier,0,LOW,False
BA000223,BA000223,CLI_0161,INT_0001,WEALIFE_FR,Wealins Life France,AV,actif,AV,ENC,C,347000,460000,0,456000,133400,2020-11-22,2020-11-22,,,False,False,Valoria Capital,France,courtier,0,LOW,False
BA000224,BA000224,CLI_0162,INT_0002,EPLAT_BE,ePlatinum Belgium,AV,actif,AV,ENC,C,580000,667000,0,878300,221900,2019-03-19,2019-03-19,,,False,True,Patrimoine & Conseil,Belgium,courtier,0,LOW,True
BA000225,BA000225,CLI_0163,INT_0004,WEALIFE_IT,Wealins Life Italy +,AV,actif,AV,ENC,C,343000,436000,50000,363900,72700,2024-09-06,2024-09-06,,,False,False,Milano Fiduciaria,Italy,fiduciaire,0,LOW,True
BA000226,BA000226,CLI_0164,INT_0001,WEACAP_FR,Wealins Capi France,CAP,actif,CAP,ENC,L,388000,476000,0,594500,151000,2021-10-11,2021-10-11,,,False,False,Valoria Capital,France,courtier,0,LOW,False
BA000227,BA000227,CLI_0165,INT_0001,WEALIFE_FR,Wealins Life France,AV,actif,AV,ENC,L,610000,610000,273000,458300,79300,2023-06-11,2023-06-11,,,False,True,Valoria Capital,France,courtier,0,LOW,False
BA000228,BA000228,CLI_0165,INT_0001,WEALIFE_FR,Wealins Life France,AV,actif,AV,ENC,C,1152000,1244000,0,1655300,496300,2020-06-16,2020-06-16,,,False,True,Valoria Capital,France,courtier,0,LOW,False
BA000229,BA000229,CLI_0165,INT_0001,WEACAP_FR,Wealins Capi France,CAP,actif,CAP,ENC,C,1242000,1242000,0,1717600,416800,2023-10-18,2023-10-18,,,False,False,Valoria Capital,France,courtier,0,LOW,False
BA000230,BA000230,CLI_0166,INT_0001,WEALIFE_FR,Wealins Life France,AV,actif,AV,ENC,C,819000,819000,0,923000,248900,2019-02-19,2019-02-19,,,False,False,Valoria Capital,France,courtier,0,LOW,False
BA000231,BA000231,CLI_0167,INT_0002,EPLAT_BE,ePlatinum Belgium,AV,actif,AV,ENC,C,250000,333000,86000,255300,39600,2019-06-15,2019-06-15,,,True,False,Patrimoine & Conseil,Belgium,courtier,0,LOW,False
BA000232,BA000232,CLI_0168,INT_0001,WEACAP_FR,Wealins Capi France,CAP,actif,CAP,ENC,C,1987000,2319000,0,3043300,720300,2021-05-14,2021-05-14,,,False,False,Valoria Capital,France,courtier,0,LOW,False
BA000233,BA000233,CLI_0169,INT_0006,WEACAP_LU,Wealins Capi Luxembourg,CAP,actif,CAP,ENC,C,250000,299000,0,287700,87000,2025-10-31,2025-10-31,,,False,False,Lux Private Office,Luxembourg,family_office,0,LOW,True
BA000234,BA000234,CLI_0169,INT_0006,WEALIFE_LU,Wealins Life Luxembourg,AV,actif,AV,TER,C,250000,283000,0,273500,70900,2023-09-19,2023-09-19,,,True,True,Lux Private Office,Luxembourg,family_office,0,LOW,False
BA000235,BA000235,CLI_0169,INT_0006,PLAT_SER,Platinum Serenity,AV,actif,AV,ENC,C,250000,250000,0,243600,69300,2024-03-08,2024-03-08,,,False,False,Lux Private Office,Luxembourg,family_office,0,LOW,False
BA000236,BA000236,CLI_0170,INT_0001,WEACAP_FR,Wealins Capi France,CAP,actif,CAP,ENC,C,250000,250000,0,325800,90000,2026-05-29,2026-05-29,,,False,False,Valoria Capital,France,courtier,0,LOW,False
BA000237,BA000237,CLI_0171,INT_0001,WEALIFE_FR,Wealins Life France,AV,actif,AV,ENC,L,496000,496000,212000,298600,102900,2019-08-24,2019-08-24,,,False,False,Valoria Capital,France,courtier,0,LOW,False
BA000238,BA000238,CLI_0172,INT_0002,WEALIFE_BE,Wealins Life Belgium,AV,actif,AV,ENC,C,250000,250000,0,352000,101900,2025-02-25,2025-02-25,,,False,False,Patrimoine & Conseil,Belgium,courtier,0,LOW,False
BA000239,BA000239,CLI_0172,INT_0002,WEALIFE_BE,Wealins Life Belgium,AV,actif,AV,ENC,C,250000,347000,0,316600,73200,2024-06-08,2024-06-08,,,False,False,Patrimoine & Conseil,Belgium,courtier,0,LOW,False
BA000240,BA000240,CLI_0173,INT_0006,EPLAT_BRD,ePlatinum Birdie,AV,actif,AV,ENC,L,972000,972000,232000,750400,149100,2024-11-18,2024-11-18,,,False,False,Lux Private Office,Luxembourg,family_office,0,LOW,False
BA000241,BA000241,CLI_0174,INT_0001,WEALIFE_FR,Wealins Life France,AV,actif,AV,ENC,C,422000,422000,0,596100,184000,2019-04-03,2019-04-03,,,False,False,Valoria Capital,France,courtier,0,LOW,True
BA000242,BA000242,CLI_0175,INT_0001,WEACAP_FR,Wealins Capi France,CAP,actif,CAP,ENC,C,250000,250000,49000,188300,65800,2022-02-06,2022-02-06,,,True,False,Valoria Capital,France,courtier,0,LOW,False
BA000243,BA000243,CLI_0176,INT_0001,WEACAP_FR,Wealins Capi France,CAP,actif,CAP,ENC,C,779000,779000,0,717300,195500,2019-03-15,2019-03-15,,,False,False,Valoria Capital,France,courtier,0,LOW,False
BA000244,BA000244,CLI_0176,INT_0001,WEALIFE_FR,Wealins Life France,AV,actif,AV,ENC,L,1319000,1393000,0,1753900,506800,2022-01-04,2022-01-04,,,False,False,Valoria Capital,France,courtier,0,LOW,False
BA000245,BA000245,CLI_0177,INT_0001,WEALIFE_FR,Wealins Life France,AV,actif,AV,ENC,C,800000,800000,0,1024700,161200,2021-12-16,2021-12-16,,,False,True,Valoria Capital,France,courtier,0,LOW,False
BA000246,BA000246,CLI_0178,INT_0002,WEALIFE_BE,Wealins Life Belgium,AV,actif,AV,TER,C,2450000,2856000,0,3222000,562300,2020-04-02,2020-04-02,,,False,False,Patrimoine & Conseil,Belgium,courtier,0,LOW,False
BA000247,BA000247,CLI_0179,INT_0001,WEACAP_FR,Wealins Capi France,CAP,actif,CAP,ENC,L,435000,435000,0,394900,125700,2020-09-01,2020-09-01,,,False,False,Valoria Capital,France,courtier,0,LOW,False
BA000248,BA000248,CLI_0180,INT_0008,WEALIFE_FI,Wealins Life Finland,AV,actif,AV,ENC,L,2127000,2127000,0,2383800,507600,2025-05-02,2025-05-02,,,False,True,Helsinki Wealth Advisors,Finland,courtier,0,LOW,False
BA000249,BA000249,CLI_0180,INT_0008,WEALIFE_FI,Wealins Life Finland,AV,actif,AV,ENC,C,1889000,2220000,510000,1987600,408600,2021-10-18,2021-10-18,,,True,True,Helsinki Wealth Advisors,Finland,courtier,0,LOW,False
BA000250,BA000250,CLI_0181,INT_0002,EPLAT_BE,ePlatinum Belgium,AV,actif,AV,ENC,C,250000,250000,0,291400,56000,2024-04-14,2024-04-14,,,False,False,Patrimoine & Conseil,Belgium,courtier,0,LOW,False
BA000251,BA000251,CLI_0182,INT_0001,WEALIFE_FR,Wealins Life France,AV,actif,AV,ENC,L,486000,514000,0,625500,130100,2024-08-13,2024-08-13,,,False,True,Valoria Capital,France,courtier,0,LOW,False
BA000252,BA000252,CLI_0182,INT_0001,WEALIFE_FR,Wealins Life France,AV,actif,AV,ENC,L,515000,515000,0,712800,188400,2026-02-17,2026-02-17,,,False,False,Valoria Capital,France,courtier,0,LOW,False
BA000253,BA000253,CLI_0183,INT_0007,WEALIFE_PT,Wealins Life Portugal,AV,actif,AV,ENC,C,278000,278000,45000,314100,62100,2019-04-14,2019-04-14,,,False,False,Porto Investimentos,Portugal,courtier,0,LOW,False
BA000254,BA000254,CLI_0183,INT_0007,WEALIFE_PT,Wealins Life Portugal,AV,actif,AV,ENC,C,326000,488000,0,443700,154300,2025-04-21,2025-04-21,,,False,True,Porto Investimentos,Portugal,courtier,0,LOW,False
BA000255,BA000255,CLI_0184,INT_0004,WEALIFE_IT,Wealins Life Italy +,AV,actif,AV,ENC,L,960000,960000,0,888400,248200,2025-11-22,2025-11-22,,,False,False,Milano Fiduciaria,Italy,fiduciaire,0,LOW,False
BA000256,BA000256,CLI_0184,INT_0004,WEALIFE_IT,Wealins Life Italy +,AV,actif,AV,ENC,C,798000,936000,339000,630700,163000,2018-11-05,2018-11-05,,,False,False,Milano Fiduciaria,Italy,fiduciaire,0,LOW,False
BA000257,BA000257,CLI_0184,INT_0004,WEALIFE_IT,Wealins Life Italy +,AV,actif,AV,ENC,C,360000,433000,53000,500100,108800,2020-03-02,2020-03-02,,,False,False,Milano Fiduciaria,Italy,fiduciaire,0,LOW,False
BA000258,BA000258,CLI_0185,INT_0009,WEALIFE_SE,Wealins Life Sweden,AV,actif,AV,ENC,C,250000,250000,0,247000,83700,2026-02-12,2026-02-12,,,False,False,Stockholm Capital,Sweden,courtier,0,LOW,False
BA000259,BA000259,CLI_0186,INT_0001,WEALIFE_FR,Wealins Life France,AV,actif,AV,ENC,L,541000,541000,0,641000,157500,2019-10-17,2019-10-17,,,True,False,Valoria Capital,France,courtier,0,LOW,False
BA000260,BA000260,CLI_0186,INT_0001,WEACAP_FR,Wealins Capi France,CAP,actif,CAP,SUS,C,1514000,1712000,469000,1436400,383900,2018-09-06,2018-09-06,,,False,False,Valoria Capital,France,courtier,0,LOW,False
BA000261,BA000261,CLI_0187,INT_0001,WEACAP_FR,Wealins Capi France,CAP,actif,CAP,ENC,C,677000,677000,0,609800,114400,2020-08-27,2020-08-27,,,False,False,Valoria Capital,France,courtier,0,LOW,False
BA000262,BA000262,CLI_0187,INT_0001,WEALIFE_FR,Wealins Life France,AV,actif,AV,ENC,C,1347000,1347000,0,1641900,430600,2020-01-18,2020-01-18,,,False,False,Valoria Capital,France,courtier,0,LOW,False
BA000263,BA000263,CLI_0188,INT_0001,WEALIFE_FR,Wealins Life France,AV,actif,AV,ENC,L,250000,250000,0,225500,38600,2019-05-21,2019-05-21,,,False,False,Valoria Capital,France,courtier,0,LOW,False
BA000264,BA000264,CLI_0189,INT_0002,EPLAT_BE,ePlatinum Belgium,AV,actif,AV,ENC,C,250000,379000,0,421400,65400,2022-08-26,2022-08-26,,,False,True,Patrimoine & Conseil,Belgium,courtier,0,LOW,False
BA000265,BA000265,CLI_0189,INT_0002,WEALIFE_BE,Wealins Life Belgium,AV,actif,AV,ENC,C,250000,348000,0,421700,69900,2024-06-28,2024-06-28,,,False,False,Patrimoine & Conseil,Belgium,courtier,0,LOW,False
BA000266,BA000266,CLI_0189,INT_0002,WEALIFE_BE,Wealins Life Belgium,AV,actif,AV,ENC,L,250000,268000,0,378000,80300,2023-02-13,2023-02-13,,,False,False,Patrimoine & Conseil,Belgium,courtier,0,LOW,False
BA000267,BA000267,CLI_0190,INT_0007,WEALIFE_PT,Wealins Life Portugal,AV,actif,AV,TER,C,501000,501000,0,556800,95400,2021-12-26,2021-12-26,,,False,False,Porto Investimentos,Portugal,courtier,0,LOW,False
BA000268,BA000268,CLI_0191,INT_0001,WEALIFE_FR,Wealins Life France,AV,actif,AV,ENC,C,452000,486000,0,655400,187800,2022-02-27,2022-02-27,,,False,False,Valoria Capital,France,courtier,0,LOW,False
BA000269,BA000269,CLI_0192,INT_0001,WEALIFE_FR,Wealins Life France,AV,actif,AV,ENC,C,250000,250000,82000,166300,42500,2026-07-09,2026-07-09,,,False,False,Valoria Capital,France,courtier,0,LOW,False
BA000270,BA000270,CLI_0192,INT_0001,WEALIFE_FR,Wealins Life France,AV,actif,AV,ENC,C,261000,261000,0,229900,39800,2025-07-07,2025-07-07,,,False,False,Valoria Capital,France,courtier,0,LOW,False
BA000271,BA000271,CLI_0193,INT_0001,WEALIFE_FR,Wealins Life France,AV,actif,AV,ENC,L,967000,967000,94000,804200,184100,2019-07-19,2019-07-19,,,False,True,Valoria Capital,France,courtier,0,LOW,False
BA000272,BA000272,CLI_0194,INT_0006,WEALIFE_LU,Wealins Life Luxembourg,AV,actif,AV,ENC,C,250000,250000,87000,216400,70100,2019-10-16,2019-10-16,,,False,False,Lux Private Office,Luxembourg,family_office,0,LOW,False
BA000273,BA000273,CLI_0195,INT_0001,WEALIFE_FR,Wealins Life France,AV,actif,AV,ENC,C,616000,616000,0,874500,173600,2021-05-01,2021-05-01,,,False,True,Valoria Capital,France,courtier,0,LOW,False
BA000274,BA000274,CLI_0196,INT_0008,WEACAP_FI,Wealins Capitalisation Finland,CAP,actif,CAP,ENC,C,872000,872000,162000,739500,137100,2019-07-06,2019-07-06,,,False,True,Helsinki Wealth Advisors,Finland,courtier,0,LOW,False
BA000275,BA000275,CLI_0197,INT_0001,WEALIFE_FR,Wealins Life France,AV,actif,AV,ENC,L,250000,365000,64000,340000,60100,2021-02-06,2021-02-06,,,False,False,Valoria Capital,France,courtier,0,LOW,False
BA000276,BA000276,CLI_0198,INT_0002,WEALIFE_BE,Wealins Life Belgium,AV,actif,AV,ENC,C,487000,487000,57000,589700,149400,2019-04-24,2019-04-24,,,False,False,Patrimoine & Conseil,Belgium,courtier,0,LOW,False
BA000277,BA000277,CLI_0199,INT_0002,EPLAT_BE,ePlatinum Belgium,AV,actif,AV,ENC,C,911000,1058000,0,1412900,361700,2020-03-07,2020-03-07,,,False,True,Patrimoine & Conseil,Belgium,courtier,0,LOW,True
BA000278,BA000278,CLI_0199,INT_0002,EPLAT_BE,ePlatinum Belgium,AV,actif,AV,ENC,L,250000,250000,48000,265700,53200,2020-10-09,2020-10-09,,,False,False,Patrimoine & Conseil,Belgium,courtier,0,LOW,False
BA000279,BA000279,CLI_0200,INT_0002,EPLAT_BE,ePlatinum Belgium,AV,actif,AV,ENC,C,271000,333000,0,455900,100900,2024-06-15,2024-06-15,,,False,False,Patrimoine & Conseil,Belgium,courtier,0,LOW,False
BA000280,BA000280,CLI_0201,INT_0007,WEALIFE_PT,Wealins Life Portugal,AV,actif,AV,ENC,L,520000,636000,0,586000,167700,2020-10-27,2020-10-27,,,False,False,Porto Investimentos,Portugal,courtier,0,LOW,False
BA000281,BA000281,CLI_0202,INT_0001,WEACAP_FR,Wealins Capi France,CAP,actif,CAP,ENC,L,284000,284000,0,354000,116100,2023-12-24,2023-12-24,,,False,False,Valoria Capital,France,courtier,0,LOW,False
BA000282,BA000282,CLI_0203,INT_0008,WEACAP_FI,Wealins Capitalisation Finland,CAP,actif,CAP,SUS,C,1330000,1330000,479000,1102300,369500,2026-06-22,2026-06-22,,,False,False,Helsinki Wealth Advisors,Finland,courtier,0,LOW,False
BA000283,BA000283,CLI_0204,INT_0001,WEALIFE_FR,Wealins Life France,AV,actif,AV,SUS,C,415000,513000,0,614100,112300,2026-04-26,2026-04-26,,,False,False,Valoria Capital,France,courtier,0,LOW,False
BA000284,BA000284,CLI_0205,INT_0002,WEALIFE_BE,Wealins Life Belgium,AV,actif,AV,ENC,C,430000,430000,56000,427400,120700,2020-09-03,2020-09-03,,,False,False,Patrimoine & Conseil,Belgium,courtier,0,LOW,False
BA000285,BA000285,CLI_0205,INT_0002,EPLAT_BE,ePlatinum Belgium,AV,actif,AV,ENC,C,250000,250000,0,287500,43600,2025-11-27,2025-11-27,,,False,False,Patrimoine & Conseil,Belgium,courtier,0,LOW,False
BA000286,BA000286,CLI_0206,INT_0002,WEALIFE_BE,Wealins Life Belgium,AV,actif,AV,ENC,C,250000,250000,95000,159900,40600,2023-08-31,2023-08-31,,,False,False,Patrimoine & Conseil,Belgium,courtier,0,LOW,False
BA000287,BA000287,CLI_0206,INT_0002,EPLAT_BE,ePlatinum Belgium,AV,actif,AV,ENC,C,250000,390000,0,479000,148000,2021-10-27,2021-10-27,,,False,False,Patrimoine & Conseil,Belgium,courtier,0,LOW,False
BA000288,BA000288,CLI_0207,INT_0001,WEACAP_FR,Wealins Capi France,CAP,actif,CAP,TER,C,765000,765000,0,1054600,182500,2025-03-15,2025-03-15,,,False,False,Valoria Capital,France,courtier,0,LOW,False
BA000289,BA000289,CLI_0208,INT_0004,WEALIFE_IT,Wealins Life Italy +,AV,actif,AV,TER,C,1447000,1733000,393000,1590900,312400,2023-06-22,2023-06-22,,,False,False,Milano Fiduciaria,Italy,fiduciaire,0,LOW,False
BA000290,BA000290,CLI_0209,INT_0001,WEALIFE_FR,Wealins Life France,AV,actif,AV,ENC,C,956000,956000,271000,926100,147100,2019-10-15,2019-10-15,,,False,False,Valoria Capital,France,courtier,0,LOW,False
BA000291,BA000291,CLI_0210,INT_0002,WEALIFE_BE,Wealins Life Belgium,AV,actif,AV,ENC,C,250000,290000,0,308400,56400,2024-11-15,2024-11-15,,,True,False,Patrimoine & Conseil,Belgium,courtier,0,LOW,False
BA000292,BA000292,CLI_0211,INT_0002,WEALIFE_BE,Wealins Life Belgium,AV,actif,AV,ENC,C,250000,250000,0,310800,51700,2018-08-04,2018-08-04,,,False,False,Patrimoine & Conseil,Belgium,courtier,0,LOW,False
BA000293,BA000293,CLI_0211,INT_0002,EPLAT_BE,ePlatinum Belgium,AV,actif,AV,ENC,C,253000,296000,0,427200,90800,2019-12-22,2019-12-22,,,False,False,Patrimoine & Conseil,Belgium,courtier,0,LOW,False
BA000294,BA000294,CLI_0212,INT_0001,WEALIFE_FR,Wealins Life France,AV,actif,AV,ENC,C,1006000,1006000,0,971600,305900,2020-03-15,2020-03-15,,,False,False,Valoria Capital,France,courtier,0,LOW,True
BA000295,BA000295,CLI_0213,INT_0001,WEALIFE_FR,Wealins Life France,AV,actif,AV,ENC,C,1429000,1429000,244000,1276100,278600,2021-01-24,2021-01-24,,,False,False,Valoria Capital,France,courtier,0,LOW,False
BA000296,BA000296,CLI_0214,INT_0001,WEALIFE_FR,Wealins Life France,AV,actif,AV,ENC,C,1033000,1339000,303000,1342500,349700,2022-01-16,2022-01-16,,,False,False,Valoria Capital,France,courtier,0,LOW,False
BA000297,BA000297,CLI_0215,INT_0001,WEACAP_FR,Wealins Capi France,CAP,actif,CAP,ENC,L,250000,250000,0,310700,104900,2023-03-03,2023-03-03,,,False,False,Valoria Capital,France,courtier,0,LOW,True
BA000298,BA000298,CLI_0216,INT_0001,WEACAP_FR,Wealins Capi France,CAP,actif,CAP,ENC,C,1604000,1604000,0,1895400,286200,2020-01-30,2020-01-30,,,False,False,Valoria Capital,France,courtier,0,LOW,False
BA000299,BA000299,CLI_0217,INT_0007,WEALIFE_PT,Wealins Life Portugal,AV,actif,AV,ENC,C,250000,289000,45000,236300,38500,2024-05-11,2024-05-11,,,False,False,Porto Investimentos,Portugal,courtier,0,LOW,False
BA000300,BA000300,CLI_0218,INT_0001,WEACAP_FR,Wealins Capi France,CAP,actif,CAP,ENC,C,393000,393000,0,515300,90700,2024-08-30,2024-08-30,,,False,True,Valoria Capital,France,courtier,0,LOW,False
BA000301,BA000301,CLI_0219,INT_0002,EPLAT_BE,ePlatinum Belgium,AV,actif,AV,ENC,C,663000,663000,0,730800,161500,2021-06-07,2021-06-07,,,False,True,Patrimoine & Conseil,Belgium,courtier,0,LOW,False
BA000302,BA000302,CLI_0220,INT_0001,WEACAP_FR,Wealins Capi France,CAP,actif,CAP,ENC,C,723000,723000,289000,562300,159500,2020-07-14,2020-07-14,,,False,False,Valoria Capital,France,courtier,0,LOW,False
BA000303,BA000303,CLI_0221,INT_0002,WEALIFE_BE,Wealins Life Belgium,AV,actif,AV,ENC,L,4298000,4298000,0,5009500,930200,2026-06-13,2026-06-13,,,False,False,Patrimoine & Conseil,Belgium,courtier,0,LOW,False
BA000304,BA000304,CLI_0221,INT_0002,WEALIFE_BE,Wealins Life Belgium,AV,actif,AV,ENC,C,1171000,1243000,0,1263000,421000,2023-04-28,2023-04-28,,,False,False,Patrimoine & Conseil,Belgium,courtier,0,LOW,False
BA000305,BA000305,CLI_0221,INT_0002,EPLAT_BE,ePlatinum Belgium,AV,actif,AV,ENC,C,2782000,2782000,328000,2291800,618700,2018-09-22,2018-09-22,,,False,False,Patrimoine & Conseil,Belgium,courtier,0,LOW,False
BA000306,BA000306,CLI_0222,INT_0001,WEALIFE_FR,Wealins Life France,AV,actif,AV,ENC,C,250000,250000,0,362400,57200,2024-02-16,2024-02-16,,,True,True,Valoria Capital,France,courtier,0,LOW,False
BA000307,BA000307,CLI_0223,INT_0001,WEACAP_FR,Wealins Capi France,CAP,actif,CAP,ENC,C,318000,318000,0,435400,133100,2024-09-28,2024-09-28,,,True,False,Valoria Capital,France,courtier,0,LOW,False
BA000308,BA000308,CLI_0223,INT_0001,WEALIFE_FR,Wealins Life France,AV,actif,AV,ENC,C,250000,250000,0,298300,94700,2023-01-12,2023-01-12,,,False,False,Valoria Capital,France,courtier,0,LOW,False
BA000309,BA000309,CLI_0224,INT_0003,WEALIFE_NO,Wealins Life Norway,AV,actif,AV,TER,C,250000,365000,0,402700,109500,2022-12-16,2022-12-16,,,False,False,Nordic Wealth Partners,Norway,courtier,0,LOW,False
BA000310,BA000310,CLI_0225,INT_0001,WEACAP_FR,Wealins Capi France,CAP,actif,CAP,ENC,C,488000,488000,0,562200,178600,2022-03-01,2022-03-01,,,False,False,Valoria Capital,France,courtier,0,LOW,False
BA000311,BA000311,CLI_0225,INT_0001,WEALIFE_FR,Wealins Life France,AV,actif,AV,ENC,L,250000,250000,0,279600,47100,2019-12-02,2019-12-02,,,False,False,Valoria Capital,France,courtier,0,LOW,False
BA000312,BA000312,CLI_0226,INT_0004,WEALIFE_IT,Wealins Life Italy +,AV,actif,AV,ENC,L,262000,293000,0,323900,76800,2026-05-03,2026-05-03,,,False,True,Milano Fiduciaria,Italy,fiduciaire,0,LOW,False
BA000313,BA000313,CLI_0227,INT_0002,WEALIFE_BE,Wealins Life Belgium,AV,actif,AV,ENC,L,1088000,1401000,0,1550600,421000,2019-11-17,2019-11-17,,,False,False,Patrimoine & Conseil,Belgium,courtier,0,LOW,True
BA000314,BA000314,CLI_0227,INT_0002,WEALIFE_BE,Wealins Life Belgium,AV,actif,AV,ENC,C,1097000,1208000,0,1098900,259300,2020-10-07,2020-10-07,,,False,False,Patrimoine & Conseil,Belgium,courtier,0,LOW,False
BA000315,BA000315,CLI_0228,INT_0001,WEALIFE_FR,Wealins Life France,AV,actif,AV,ENC,L,250000,338000,48000,346900,107100,2018-11-13,2018-11-13,,,False,False,Valoria Capital,France,courtier,0,LOW,False
BA000316,BA000316,CLI_0228,INT_0001,WEALIFE_FR,Wealins Life France,AV,actif,AV,ENC,C,250000,250000,0,323100,51900,2026-05-23,2026-05-23,,,False,False,Valoria Capital,France,courtier,0,LOW,True
BA000317,BA000317,CLI_0229,INT_0002,WEALIFE_BE,Wealins Life Belgium,AV,actif,AV,ENC,C,275000,275000,123000,219700,58600,2025-08-12,2025-08-12,,,False,False,Patrimoine & Conseil,Belgium,courtier,0,LOW,False
BA000318,BA000318,CLI_0230,INT_0001,WEACAP_FR,Wealins Capi France,CAP,actif,CAP,ENC,L,1511000,1816000,0,2297700,694400,2024-05-22,2024-05-22,,,False,True,Valoria Capital,France,courtier,0,LOW,False
BA000319,BA000319,CLI_0230,INT_0001,WEACAP_FR,Wealins Capi France,CAP,actif,CAP,TER,L,530000,588000,0,814800,215000,2025-12-26,2025-12-26,,,False,False,Valoria Capital,France,courtier,0,LOW,False
BA000320,BA000320,CLI_0231,INT_0001,WEALIFE_FR,Wealins Life France,AV,actif,AV,ENC,C,250000,284000,0,405400,65300,2021-05-16,2021-05-16,,,False,False,Valoria Capital,France,courtier,0,LOW,False
BA000321,BA000321,CLI_0231,INT_0001,WEACAP_FR,Wealins Capi France,CAP,actif,CAP,ENC,L,250000,250000,0,326800,69200,2023-10-30,2023-10-30,,,False,False,Valoria Capital,France,courtier,0,LOW,False
BA000322,BA000322,CLI_0232,INT_0002,EPLAT_BE,ePlatinum Belgium,AV,actif,AV,ENC,L,1164000,1164000,0,1396600,214400,2025-07-12,2025-07-12,,,True,False,Patrimoine & Conseil,Belgium,courtier,0,LOW,False
BA000323,BA000323,CLI_0233,INT_0002,WEALIFE_BE,Wealins Life Belgium,AV,actif,AV,ENC,C,250000,250000,0,241000,64600,2018-10-10,2018-10-10,,,False,False,Patrimoine & Conseil,Belgium,courtier,0,LOW,False
BA000324,BA000324,CLI_0234,INT_0002,EPLAT_BE,ePlatinum Belgium,AV,actif,AV,ENC,C,356000,356000,0,316300,77900,2023-10-27,2023-10-27,,,False,True,Patrimoine & Conseil,Belgium,courtier,0,LOW,False
BA000325,BA000325,CLI_0235,INT_0002,EPLAT_BE,ePlatinum Belgium,AV,actif,AV,ENC,C,250000,250000,70000,183100,56600,2020-03-30,2020-03-30,,,False,True,Patrimoine & Conseil,Belgium,courtier,0,LOW,True
BA000326,BA000326,CLI_0236,INT_0006,EPLAT_BRD,ePlatinum Birdie,AV,actif,AV,ENC,L,310000,357000,0,498800,113700,2021-07-05,2021-07-05,,,False,False,Lux Private Office,Luxembourg,family_office,0,LOW,False
BA000327,BA000327,CLI_0236,INT_0006,WEALIFE_LU,Wealins Life Luxembourg,AV,actif,AV,ENC,C,1441000,1441000,0,1969900,314400,2023-02-21,2023-02-21,,,False,False,Lux Private Office,Luxembourg,family_office,0,LOW,False
BA000328,BA000328,CLI_0236,INT_0006,WEALIFE_LU,Wealins Life Luxembourg,AV,actif,AV,ENC,C,385000,385000,120000,262800,70000,2023-10-04,2023-10-04,,,False,False,Lux Private Office,Luxembourg,family_office,0,LOW,False
BA000329,BA000329,CLI_0237,INT_0001,WEALIFE_FR,Wealins Life France,AV,actif,AV,ENC,C,298000,336000,128000,288000,85000,2021-07-30,2021-07-30,,,False,True,Valoria Capital,France,courtier,0,LOW,True
BA000330,BA000330,CLI_0238,INT_0009,WEALIFE_SE,Wealins Life Sweden,AV,actif,AV,TER,C,1164000,1641000,0,1506600,460300,2023-10-11,2023-10-11,,,False,False,Stockholm Capital,Sweden,courtier,0,LOW,False
BA000331,BA000331,CLI_0238,INT_0009,WEALIFE_SE,Wealins Life Sweden,AV,actif,AV,TER,C,687000,687000,292000,428200,143900,2024-01-30,2024-01-30,,,False,False,Stockholm Capital,Sweden,courtier,0,LOW,False
BA000332,BA000332,CLI_0239,INT_0004,WEALIFE_IT,Wealins Life Italy +,AV,actif,AV,SUS,L,505000,505000,111000,395900,92800,2025-12-25,2025-12-25,,,False,False,Milano Fiduciaria,Italy,fiduciaire,0,LOW,False
BA000333,BA000333,CLI_0240,INT_0001,WEACAP_FR,Wealins Capi France,CAP,actif,CAP,ENC,C,250000,250000,0,297700,62900,2022-12-01,2022-12-01,,,False,False,Valoria Capital,France,courtier,0,LOW,True
BA000334,BA000334,CLI_0240,INT_0001,WEACAP_FR,Wealins Capi France,CAP,actif,CAP,ENC,C,250000,355000,39000,323100,55000,2018-07-30,2018-07-30,,,False,False,Valoria Capital,France,courtier,0,LOW,False
BA000335,BA000335,CLI_0240,INT_0001,WEALIFE_FR,Wealins Life France,AV,actif,AV,ENC,C,250000,350000,0,425500,134200,2022-12-16,2022-12-16,,,False,False,Valoria Capital,France,courtier,0,LOW,False
BA000336,BA000336,CLI_0241,INT_0001,WEACAP_FR,Wealins Capi France,CAP,actif,CAP,ENC,L,250000,250000,0,344600,88900,2018-08-11,2018-08-11,,,False,False,Valoria Capital,France,courtier,0,LOW,False
BA000337,BA000337,CLI_0242,INT_0001,WEALIFE_FR,Wealins Life France,AV,actif,AV,ENC,C,973000,973000,0,1182700,347500,2022-08-29,2022-08-29,,,False,False,Valoria Capital,France,courtier,0,LOW,False
BA000338,BA000338,CLI_0243,INT_0001,WEACAP_FR,Wealins Capi France,CAP,actif,CAP,ENC,C,1426000,1426000,0,1954000,299100,2020-02-11,2020-02-11,,,False,False,Valoria Capital,France,courtier,0,LOW,False
BA000339,BA000339,CLI_0244,INT_0001,WEACAP_FR,Wealins Capi France,CAP,actif,CAP,ENC,C,1466000,1466000,0,2020000,450900,2022-11-14,2022-11-14,,,False,True,Valoria Capital,France,courtier,0,LOW,False
BA000340,BA000340,CLI_0245,INT_0001,WEALIFE_FR,Wealins Life France,AV,actif,AV,ENC,C,250000,279000,0,318200,85500,2025-11-01,2025-11-01,,,False,False,Valoria Capital,France,courtier,0,LOW,False
BA000341,BA000341,CLI_0246,INT_0001,WEACAP_FR,Wealins Capi France,CAP,actif,CAP,ENC,L,830000,830000,0,1132900,350800,2023-09-28,2023-09-28,,,False,False,Valoria Capital,France,courtier,0,LOW,False
BA000342,BA000342,CLI_0247,INT_0002,EPLAT_BE,ePlatinum Belgium,AV,actif,AV,ENC,C,557000,557000,0,758800,206400,2023-01-10,2023-01-10,,,False,False,Patrimoine & Conseil,Belgium,courtier,0,LOW,False
BA000343,BA000343,CLI_0248,INT_0002,WEALIFE_BE,Wealins Life Belgium,AV,actif,AV,ENC,L,250000,314000,0,361800,93300,2019-05-15,2019-05-15,,,False,False,Patrimoine & Conseil,Belgium,courtier,0,LOW,False
BA000344,BA000344,CLI_0249,INT_0006,WEALIFE_LU,Wealins Life Luxembourg,AV,actif,AV,ENC,L,2202000,2202000,0,2125900,584000,2024-06-04,2024-06-04,,,False,False,Lux Private Office,Luxembourg,family_office,0,LOW,False
BA000345,BA000345,CLI_0250,INT_0001,WEALIFE_FR,Wealins Life France,AV,actif,AV,ENC,C,1441000,1441000,0,1529500,389800,2024-03-16,2024-03-16,,,False,False,Valoria Capital,France,courtier,0,LOW,True
BA000346,BA000346,CLI_0251,INT_0002,WEALIFE_BE,Wealins Life Belgium,AV,actif,AV,ENC,C,440000,440000,0,470400,113500,2019-02-26,2019-02-26,,,False,False,Patrimoine & Conseil,Belgium,courtier,0,LOW,False
BA000347,BA000347,CLI_0252,INT_0002,EPLAT_BE,ePlatinum Belgium,AV,actif,AV,ENC,C,803000,1041000,169000,1172600,244900,2019-01-31,2019-01-31,,,False,True,Patrimoine & Conseil,Belgium,courtier,0,LOW,False
BA000348,BA000348,CLI_0252,INT_0002,EPLAT_BE,ePlatinum Belgium,AV,actif,AV,ENC,C,1785000,1785000,0,2126500,702400,2022-08-22,2022-08-22,,,False,False,Patrimoine & Conseil,Belgium,courtier,0,LOW,False
BA000349,BA000349,CLI_0253,INT_0001,WEACAP_FR,Wealins Capi France,CAP,actif,CAP,ENC,C,340000,340000,0,392900,130800,2026-04-21,2026-04-21,,,False,False,Valoria Capital,France,courtier,0,LOW,False
BA000350,BA000350,CLI_0254,INT_0001,WEALIFE_FR,Wealins Life France,AV,actif,AV,ENC,C,1382000,1553000,618000,1091700,286000,2026-01-12,2026-01-12,,,False,False,Valoria Capital,France,courtier,0,LOW,False
BA000351,BA000351,CLI_0254,INT_0001,WEACAP_FR,Wealins Capi France,CAP,actif,CAP,ENC,C,437000,437000,0,554000,174500,2020-02-10,2020-02-10,,,False,True,Valoria Capital,France,courtier,0,LOW,False
BA000352,BA000352,CLI_0255,INT_0007,WEALIFE_PT,Wealins Life Portugal,AV,actif,AV,ENC,L,511000,553000,198000,379900,74900,2021-11-21,2021-11-21,,,False,False,Porto Investimentos,Portugal,courtier,0,LOW,False
BA000353,BA000353,CLI_0256,INT_0002,WEALIFE_BE,Wealins Life Belgium,AV,actif,AV,ENC,C,250000,250000,36000,263900,50900,2024-12-23,2024-12-23,,,False,True,Patrimoine & Conseil,Belgium,courtier,0,LOW,False
BA000354,BA000354,CLI_0257,INT_0008,WEALIFE_FI,Wealins Life Finland,AV,actif,AV,ENC,C,516000,640000,206000,580400,120000,2021-12-30,2021-12-30,,,False,False,Helsinki Wealth Advisors,Finland,courtier,0,LOW,False
BA000355,BA000355,CLI_0258,INT_0001,WEALIFE_FR,Wealins Life France,AV,actif,AV,ENC,C,250000,304000,0,268700,59700,2022-02-20,2022-02-20,,,False,False,Valoria Capital,France,courtier,0,LOW,False
BA000356,BA000356,CLI_0259,INT_0001,WEACAP_FR,Wealins Capi France,CAP,actif,CAP,ENC,L,250000,381000,0,452300,93100,2019-10-16,2019-10-16,,,False,False,Valoria Capital,France,courtier,0,LOW,False
BA000357,BA000357,CLI_0259,INT_0001,WEACAP_FR,Wealins Capi France,CAP,actif,CAP,ENC,L,250000,250000,0,343500,105600,2019-10-10,2019-10-10,,,False,False,Valoria Capital,France,courtier,0,LOW,False
BA000358,BA000358,CLI_0260,INT_0004,WEALIFE_IT,Wealins Life Italy +,AV,actif,AV,ENC,C,1853000,1853000,0,1637200,258500,2020-09-10,2020-09-10,,,False,False,Milano Fiduciaria,Italy,fiduciaire,0,LOW,False
BA000359,BA000359,CLI_0261,INT_0001,WEALIFE_FR,Wealins Life France,AV,actif,AV,ENC,C,403000,503000,81000,447700,85800,2025-05-17,2025-05-17,,,False,False,Valoria Capital,France,courtier,0,LOW,False
BA000360,BA000360,CLI_0262,INT_0007,WEALIFE_PT,Wealins Life Portugal,AV,actif,AV,TER,C,450000,577000,0,835000,207200,2020-11-16,2020-11-16,,,False,False,Porto Investimentos,Portugal,courtier,0,LOW,False
BA000361,BA000361,CLI_0262,INT_0007,WEALIFE_PT,Wealins Life Portugal,AV,actif,AV,ENC,C,741000,741000,160000,681900,203000,2018-11-02,2018-11-02,,,False,False,Porto Investimentos,Portugal,courtier,0,LOW,False
BA000362,BA000362,CLI_0263,INT_0002,WEALIFE_BE,Wealins Life Belgium,AV,actif,AV,ENC,C,250000,250000,39000,202900,64600,2019-08-07,2019-08-07,,,False,False,Patrimoine & Conseil,Belgium,courtier,0,LOW,True
BA000363,BA000363,CLI_0263,INT_0002,WEALIFE_BE,Wealins Life Belgium,AV,actif,AV,ENC,C,250000,250000,71000,192700,49400,2025-10-29,2025-10-29,,,False,False,Patrimoine & Conseil,Belgium,courtier,0,LOW,False
BA000364,BA000364,CLI_0264,INT_0007,WEALIFE_PT,Wealins Life Portugal,AV,actif,AV,ENC,C,250000,250000,0,300100,61000,2023-03-29,2023-03-29,,,False,True,Porto Investimentos,Portugal,courtier,0,LOW,False
BA000365,BA000365,CLI_0265,INT_0001,WEACAP_FR,Wealins Capi France,CAP,actif,CAP,ENC,C,839000,1003000,0,1196700,223000,2024-01-27,2024-01-27,,,False,True,Valoria Capital,France,courtier,0,LOW,False
BA000366,BA000366,CLI_0266,INT_0008,WEACAP_FI,Wealins Capitalisation Finland,CAP,actif,CAP,TER,C,250000,300000,0,360900,98500,2025-09-26,2025-09-26,,,False,False,Helsinki Wealth Advisors,Finland,courtier,0,LOW,False
BA000367,BA000367,CLI_0267,INT_0008,WEACAP_FI,Wealins Capitalisation Finland,CAP,actif,CAP,TER,C,250000,274000,80000,248400,49400,2026-01-30,2026-01-30,,,False,False,Helsinki Wealth Advisors,Finland,courtier,0,LOW,False
BA000368,BA000368,CLI_0268,INT_0001,WEACAP_FR,Wealins Capi France,CAP,actif,CAP,ENC,C,250000,326000,0,461900,122000,2024-06-13,2024-06-13,,,False,False,Valoria Capital,France,courtier,0,LOW,False
BA000369,BA000369,CLI_0269,INT_0009,WEALIFE_SE,Wealins Life Sweden,AV,actif,AV,ENC,C,250000,305000,0,344900,62900,2023-04-28,2023-04-28,,,False,False,Stockholm Capital,Sweden,courtier,0,LOW,False
BA000370,BA000370,CLI_0269,INT_0009,WEALIFE_SE,Wealins Life Sweden,AV,actif,AV,ENC,C,250000,320000,0,448500,89100,2021-05-31,2021-05-31,,,False,True,Stockholm Capital,Sweden,courtier,0,LOW,False
BA000371,BA000371,CLI_0270,INT_0001,WEALIFE_FR,Wealins Life France,AV,actif,AV,ENC,C,250000,316000,0,447300,146300,2024-03-03,2024-03-03,,,False,False,Valoria Capital,France,courtier,0,LOW,False
BA000372,BA000372,CLI_0271,INT_0002,EPLAT_BE,ePlatinum Belgium,AV,actif,AV,ENC,C,250000,282000,98000,240600,84100,2023-11-17,2023-11-17,,,False,False,Patrimoine & Conseil,Belgium,courtier,0,LOW,False
BA000373,BA000373,CLI_0271,INT_0002,WEALIFE_BE,Wealins Life Belgium,AV,actif,AV,TER,C,250000,250000,0,243200,46700,2022-03-06,2022-03-06,,,False,True,Patrimoine & Conseil,Belgium,courtier,0,LOW,False
BA000374,BA000374,CLI_0272,INT_0007,WEALIFE_PT,Wealins Life Portugal,AV,actif,AV,TER,L,250000,250000,100000,175700,28300,2019-08-06,2019-08-06,,,False,False,Porto Investimentos,Portugal,courtier,0,LOW,False
BA000375,BA000375,CLI_0273,INT_0004,WEALIFE_IT,Wealins Life Italy +,AV,actif,AV,ENC,C,1674000,1674000,0,2077400,615600,2025-01-29,2025-01-29,,,False,False,Milano Fiduciaria,Italy,fiduciaire,0,LOW,False
BA000376,BA000376,CLI_0274,INT_0006,WEACAP_LU,Wealins Capi Luxembourg,CAP,actif,CAP,ENC,C,250000,296000,55000,226400,75300,2026-07-20,2026-07-20,,,True,True,Lux Private Office,Luxembourg,family_office,0,LOW,False
BA000377,BA000377,CLI_0275,INT_0004,WEALIFE_IT,Wealins Life Italy +,AV,actif,AV,ENC,C,250000,299000,73000,254500,55300,2022-10-01,2022-10-01,,,False,False,Milano Fiduciaria,Italy,fiduciaire,0,LOW,False
BA000378,BA000378,CLI_0275,INT_0004,WEALIFE_IT,Wealins Life Italy +,AV,actif,AV,ENC,C,250000,250000,46000,271400,77800,2025-02-25,2025-02-25,,,False,True,Milano Fiduciaria,Italy,fiduciaire,0,LOW,False
BA000379,BA000379,CLI_0276,INT_0001,WEALIFE_FR,Wealins Life France,AV,actif,AV,ENC,L,250000,250000,0,247600,79100,2021-10-18,2021-10-18,,,False,False,Valoria Capital,France,courtier,0,LOW,False
BA000380,BA000380,CLI_0276,INT_0001,WEALIFE_FR,Wealins Life France,AV,actif,AV,ENC,C,250000,280000,0,339500,106800,2023-06-03,2023-06-03,,,False,True,Valoria Capital,France,courtier,0,LOW,False
BA000381,BA000381,CLI_0276,INT_0001,WEACAP_FR,Wealins Capi France,CAP,actif,CAP,ENC,C,250000,250000,0,238600,76200,2024-05-10,2024-05-10,,,False,False,Valoria Capital,France,courtier,0,LOW,False
BA000382,BA000382,CLI_0277,INT_0001,WEALIFE_FR,Wealins Life France,AV,actif,AV,ENC,C,354000,406000,0,421600,77300,2018-08-14,2018-08-14,,,False,True,Valoria Capital,France,courtier,0,LOW,False
BA000383,BA000383,CLI_0278,INT_0006,EPLAT_BRD,ePlatinum Birdie,AV,actif,AV,ENC,L,250000,349000,50000,425500,77300,2022-03-23,2022-03-23,,,True,False,Lux Private Office,Luxembourg,family_office,0,LOW,False
BA000384,BA000384,CLI_0279,INT_0001,WEALIFE_FR,Wealins Life France,AV,actif,AV,ENC,C,250000,250000,0,356300,93700,2023-12-27,2023-12-27,,,False,False,Valoria Capital,France,courtier,0,LOW,False
BA000385,BA000385,CLI_0280,INT_0002,EPLAT_BE,ePlatinum Belgium,AV,actif,AV,ENC,C,346000,464000,0,444500,138700,2019-06-12,2019-06-12,,,True,True,Patrimoine & Conseil,Belgium,courtier,0,LOW,True
BA000386,BA000386,CLI_0281,INT_0004,WEALIFE_IT,Wealins Life Italy +,AV,actif,AV,TER,C,250000,299000,0,302300,72500,2026-04-17,2026-04-17,,,False,False,Milano Fiduciaria,Italy,fiduciaire,0,LOW,True
BA000387,BA000387,CLI_0282,INT_0001,WEALIFE_FR,Wealins Life France,AV,actif,AV,ENC,C,950000,950000,329000,891300,259200,2021-03-15,2021-03-15,,,False,False,Valoria Capital,France,courtier,0,LOW,False
BA000388,BA000388,CLI_0283,INT_0001,WEALIFE_FR,Wealins Life France,AV,actif,AV,ENC,C,250000,250000,0,271500,69500,2019-03-22,2019-03-22,,,False,False,Valoria Capital,France,courtier,0,LOW,False
BA000389,BA000389,CLI_0284,INT_0004,WEALIFE_IT,Wealins Life Italy +,AV,actif,AV,ENC,C,257000,341000,0,416000,103700,2019-01-18,2019-01-18,,,False,False,Milano Fiduciaria,Italy,fiduciaire,0,LOW,False
BA000390,BA000390,CLI_0285,INT_0007,WEALIFE_PT,Wealins Life Portugal,AV,actif,AV,ENC,C,470000,582000,0,642700,202200,2026-06-15,2026-06-15,,,False,False,Porto Investimentos,Portugal,courtier,0,LOW,False
BA000391,BA000391,CLI_0285,INT_0007,WEALIFE_PT,Wealins Life Portugal,AV,actif,AV,ENC,L,250000,345000,0,419500,126300,2021-11-21,2021-11-21,,,False,False,Porto Investimentos,Portugal,courtier,0,LOW,False
BA000392,BA000392,CLI_0286,INT_0001,WEALIFE_FR,Wealins Life France,AV,actif,AV,TER,C,364000,364000,0,334400,98000,2019-01-21,2019-01-21,,,False,False,Valoria Capital,France,courtier,0,LOW,True
BA000393,BA000393,CLI_0287,INT_0001,WEALIFE_FR,Wealins Life France,AV,actif,AV,ENC,C,250000,250000,0,291500,90800,2023-01-28,2023-01-28,,,False,False,Valoria Capital,France,courtier,0,LOW,False
BA000394,BA000394,CLI_0288,INT_0001,WEACAP_FR,Wealins Capi France,CAP,actif,CAP,ENC,C,1172000,1172000,0,1489100,465700,2026-01-14,2026-01-14,,,False,False,Valoria Capital,France,courtier,0,LOW,False
BA000395,BA000395,CLI_0289,INT_0001,WEALIFE_FR,Wealins Life France,AV,actif,AV,ENC,C,250000,250000,0,257900,50700,2020-10-23,2020-10-23,,,False,False,Valoria Capital,France,courtier,0,LOW,False
BA000396,BA000396,CLI_0290,INT_0001,WEACAP_FR,Wealins Capi France,CAP,actif,CAP,SUS,C,703000,703000,241000,646500,118300,2019-04-02,2019-04-02,,,False,True,Valoria Capital,France,courtier,0,LOW,False
BA000397,BA000397,CLI_0291,INT_0006,WEACAP_LU,Wealins Capi Luxembourg,CAP,actif,CAP,ENC,C,250000,250000,82000,150500,46800,2021-04-19,2021-04-19,,,False,False,Lux Private Office,Luxembourg,family_office,0,LOW,False
BA000398,BA000398,CLI_0292,INT_0001,WEALIFE_FR,Wealins Life France,AV,actif,AV,ENC,C,573000,667000,0,923400,282600,2018-08-12,2018-08-12,,,False,True,Valoria Capital,France,courtier,0,LOW,False
BA000399,BA000399,CLI_0292,INT_0001,WEALIFE_FR,Wealins Life France,AV,actif,AV,TER,C,727000,727000,0,992600,341600,2022-03-14,2022-03-14,,,False,False,Valoria Capital,France,courtier,0,LOW,False
BA000400,BA000400,CLI_0293,INT_0001,WEACAP_FR,Wealins Capi France,CAP,actif,CAP,ENC,L,440000,483000,0,692800,155700,2025-06-22,2025-06-22,,,False,True,Valoria Capital,France,courtier,0,LOW,False
BA000401,BA000401,CLI_0293,INT_0001,WEACAP_FR,Wealins Capi France,CAP,actif,CAP,ENC,C,320000,389000,48000,409600,86000,2026-02-08,2026-02-08,,,False,False,Valoria Capital,France,courtier,0,LOW,False
BA000402,BA000402,CLI_0294,INT_0002,EPLAT_BE,ePlatinum Belgium,AV,actif,AV,TER,C,1330000,1330000,0,1284400,379200,2026-03-12,2026-03-12,,,False,False,Patrimoine & Conseil,Belgium,courtier,0,LOW,False
BA000403,BA000403,CLI_0295,INT_0002,WEALIFE_BE,Wealins Life Belgium,AV,actif,AV,ENC,C,517000,517000,0,481000,128000,2023-10-22,2023-10-22,,,False,False,Patrimoine & Conseil,Belgium,courtier,0,LOW,False
BA000404,BA000404,CLI_0296,INT_0002,WEALIFE_BE,Wealins Life Belgium,AV,actif,AV,ENC,L,250000,250000,0,285600,88400,2024-07-17,2024-07-17,,,False,False,Patrimoine & Conseil,Belgium,courtier,0,LOW,True
BA000405,BA000405,CLI_0297,INT_0001,WEACAP_FR,Wealins Capi France,CAP,actif,CAP,ENC,C,1771000,1771000,0,2285700,770500,2022-08-10,2022-08-10,,,False,False,Valoria Capital,France,courtier,0,LOW,False
BA000406,BA000406,CLI_0298,INT_0001,WEACAP_FR,Wealins Capi France,CAP,actif,CAP,ENC,C,673000,673000,0,814700,161800,2026-07-14,2026-07-14,,,False,True,Valoria Capital,France,courtier,0,LOW,False
BA000407,BA000407,CLI_0299,INT_0007,WEALIFE_PT,Wealins Life Portugal,AV,actif,AV,ENC,C,1193000,1193000,0,1467400,478500,2023-12-13,2023-12-13,,,False,False,Porto Investimentos,Portugal,courtier,0,LOW,False
BA000408,BA000408,CLI_0299,INT_0007,WEALIFE_PT,Wealins Life Portugal,AV,actif,AV,ENC,C,1020000,1084000,0,1086400,343200,2023-07-30,2023-07-30,,,False,False,Porto Investimentos,Portugal,courtier,0,LOW,False
BA000409,BA000409,CLI_0299,INT_0007,WEALIFE_PT,Wealins Life Portugal,AV,actif,AV,ENC,L,1477000,1477000,511000,1342600,293200,2024-06-26,2024-06-26,,,False,False,Porto Investimentos,Portugal,courtier,0,LOW,False
BA000410,BA000410,CLI_0300,INT_0002,WEALIFE_BE,Wealins Life Belgium,AV,actif,AV,ENC,L,250000,363000,0,408200,114300,2022-06-07,2022-06-07,,,False,False,Patrimoine & Conseil,Belgium,courtier,0,LOW,False
BA000411,BA000411,CLI_0301,INT_0002,EPLAT_BE,ePlatinum Belgium,AV,actif,AV,ENC,C,250000,304000,0,370500,98100,2020-01-18,2020-01-18,,,False,False,Patrimoine & Conseil,Belgium,courtier,0,LOW,True
BA000412,BA000412,CLI_0301,INT_0002,EPLAT_BE,ePlatinum Belgium,AV,actif,AV,ENC,C,250000,250000,61000,210900,67400,2024-10-21,2024-10-21,,,False,False,Patrimoine & Conseil,Belgium,courtier,0,LOW,False
BA000413,BA000413,CLI_0302,INT_0008,WEALIFE_FI,Wealins Life Finland,AV,actif,AV,ENC,C,250000,250000,0,255500,88200,2025-01-19,2025-01-19,,,False,False,Helsinki Wealth Advisors,Finland,courtier,0,LOW,False
BA000414,BA000414,CLI_0303,INT_0002,WEALIFE_BE,Wealins Life Belgium,AV,actif,AV,ENC,C,250000,250000,0,314000,54000,2022-03-06,2022-03-06,,,False,True,Patrimoine & Conseil,Belgium,courtier,0,LOW,False
BA000415,BA000415,CLI_0304,INT_0001,WEACAP_FR,Wealins Capi France,CAP,actif,CAP,ENC,C,1257000,1257000,0,1357800,222800,2026-03-12,2026-03-12,,,False,False,Valoria Capital,France,courtier,0,LOW,False
BA000416,BA000416,CLI_0305,INT_0002,EPLAT_BE,ePlatinum Belgium,AV,actif,AV,ENC,C,250000,250000,0,312300,53100,2020-10-05,2020-10-05,,,False,False,Patrimoine & Conseil,Belgium,courtier,0,LOW,False
BA000417,BA000417,CLI_0305,INT_0002,WEALIFE_BE,Wealins Life Belgium,AV,actif,AV,ENC,C,250000,291000,0,305600,105200,2021-05-31,2021-05-31,,,False,False,Patrimoine & Conseil,Belgium,courtier,0,LOW,False
BA000418,BA000418,CLI_0306,INT_0001,WEACAP_FR,Wealins Capi France,CAP,actif,CAP,TER,L,250000,250000,0,282100,51400,2025-06-28,2025-06-28,,,False,False,Valoria Capital,France,courtier,0,LOW,False
BA000419,BA000419,CLI_0307,INT_0004,WEALIFE_IT,Wealins Life Italy +,AV,actif,AV,ENC,L,2193000,2193000,0,2205800,675500,2025-03-24,2025-03-24,,,False,False,Milano Fiduciaria,Italy,fiduciaire,0,LOW,False
BA000420,BA000420,CLI_0308,INT_0002,EPLAT_BE,ePlatinum Belgium,AV,actif,AV,ENC,C,635000,635000,0,812400,130700,2023-11-21,2023-11-21,,,False,False,Patrimoine & Conseil,Belgium,courtier,0,LOW,True
BA000421,BA000421,CLI_0308,INT_0002,EPLAT_BE,ePlatinum Belgium,AV,actif,AV,ENC,L,636000,636000,93000,713700,171600,2023-03-23,2023-03-23,,,False,False,Patrimoine & Conseil,Belgium,courtier,0,LOW,False
BA000422,BA000422,CLI_0309,INT_0002,WEALIFE_BE,Wealins Life Belgium,AV,actif,AV,TER,L,327000,327000,0,471100,79400,2019-09-30,2019-09-30,,,False,False,Patrimoine & Conseil,Belgium,courtier,0,LOW,False
BA000423,BA000423,CLI_0310,INT_0006,WEALIFE_LU,Wealins Life Luxembourg,AV,actif,AV,TER,C,250000,337000,0,433100,150900,2020-10-08,2020-10-08,,,False,False,Lux Private Office,Luxembourg,family_office,0,LOW,False
BA000424,BA000424,CLI_0311,INT_0001,WEALIFE_FR,Wealins Life France,AV,actif,AV,ENC,L,512000,674000,0,622400,184300,2019-01-24,2019-01-24,,,False,False,Valoria Capital,France,courtier,0,LOW,False
BA000425,BA000425,CLI_0312,INT_0001,WEALIFE_FR,Wealins Life France,AV,actif,AV,ENC,L,250000,282000,0,255900,66700,2022-10-30,2022-10-30,,,False,False,Valoria Capital,France,courtier,0,LOW,False
BA000426,BA000426,CLI_0313,INT_0001,WEALIFE_FR,Wealins Life France,AV,actif,AV,ENC,C,1154000,1526000,0,1383900,394600,2026-05-09,2026-05-09,,,False,False,Valoria Capital,France,courtier,0,LOW,False
BA000427,BA000427,CLI_0314,INT_0004,WEALIFE_IT,Wealins Life Italy +,AV,actif,AV,SUS,C,526000,670000,0,883600,241200,2022-08-09,2022-08-09,,,False,False,Milano Fiduciaria,Italy,fiduciaire,0,LOW,False
BA000428,BA000428,CLI_0315,INT_0001,WEACAP_FR,Wealins Capi France,CAP,actif,CAP,ENC,C,2195000,2195000,0,2734200,816000,2021-07-28,2021-07-28,,,False,False,Valoria Capital,France,courtier,0,LOW,False
BA000429,BA000429,CLI_0316,INT_0001,WEALIFE_FR,Wealins Life France,AV,actif,AV,SUS,L,521000,521000,0,696400,113800,2020-10-06,2020-10-06,,,False,False,Valoria Capital,France,courtier,0,LOW,False
BA000430,BA000430,CLI_0317,INT_0009,WEALIFE_SE,Wealins Life Sweden,AV,actif,AV,ENC,C,787000,787000,0,812200,267000,2019-04-15,2019-04-15,,,False,True,Stockholm Capital,Sweden,courtier,0,LOW,False
BA000431,BA000431,CLI_0318,INT_0002,WEALIFE_BE,Wealins Life Belgium,AV,actif,AV,ENC,L,673000,673000,0,702200,232400,2019-10-18,2019-10-18,,,False,False,Patrimoine & Conseil,Belgium,courtier,0,LOW,False
BA000432,BA000432,CLI_0319,INT_0002,EPLAT_BE,ePlatinum Belgium,AV,actif,AV,ENC,C,727000,794000,0,862400,140700,2020-11-22,2020-11-22,,,False,False,Patrimoine & Conseil,Belgium,courtier,0,LOW,True
BA000433,BA000433,CLI_0319,INT_0002,EPLAT_BE,ePlatinum Belgium,AV,actif,AV,ENC,C,969000,969000,0,1383100,349200,2025-12-22,2025-12-22,,,False,False,Patrimoine & Conseil,Belgium,courtier,0,LOW,False
BA000434,BA000434,CLI_0319,INT_0002,WEALIFE_BE,Wealins Life Belgium,AV,actif,AV,ENC,C,591000,919000,231000,872500,175200,2023-05-20,2023-05-20,,,False,False,Patrimoine & Conseil,Belgium,courtier,0,LOW,False
BA000435,BA000435,CLI_0320,INT_0001,WEACAP_FR,Wealins Capi France,CAP,actif,CAP,ENC,C,399000,557000,0,541800,106800,2019-05-17,2019-05-17,,,False,False,Valoria Capital,France,courtier,0,LOW,False
BA000436,BA000436,CLI_0320,INT_0001,WEACAP_FR,Wealins Capi France,CAP,actif,CAP,ENC,C,500000,619000,0,891700,226000,2025-10-22,2025-10-22,,,False,False,Valoria Capital,France,courtier,0,LOW,False
BA000437,BA000437,CLI_0320,INT_0001,WEALIFE_FR,Wealins Life France,AV,actif,AV,ENC,C,846000,846000,346000,444600,128200,2019-10-28,2019-10-28,,,False,False,Valoria Capital,France,courtier,0,LOW,False
BA000438,BA000438,CLI_0321,INT_0001,WEACAP_FR,Wealins Capi France,CAP,actif,CAP,ENC,C,250000,250000,0,247000,56000,2026-01-15,2026-01-15,,,False,False,Valoria Capital,France,courtier,0,LOW,False
BA000439,BA000439,CLI_0322,INT_0002,WEALIFE_BE,Wealins Life Belgium,AV,actif,AV,ENC,C,250000,302000,92000,276500,71900,2018-12-23,2018-12-23,,,False,False,Patrimoine & Conseil,Belgium,courtier,0,LOW,False
BA000440,BA000440,CLI_0323,INT_0007,WEALIFE_PT,Wealins Life Portugal,AV,actif,AV,ENC,C,250000,312000,0,408200,136000,2026-01-14,2026-01-14,,,False,False,Porto Investimentos,Portugal,courtier,0,LOW,False
BA000441,BA000441,CLI_0324,INT_0001,WEACAP_FR,Wealins Capi France,CAP,actif,CAP,ENC,L,475000,475000,0,430500,101800,2026-01-03,2026-01-03,,,False,True,Valoria Capital,France,courtier,0,LOW,False
BA000442,BA000442,CLI_0324,INT_0001,WEACAP_FR,Wealins Capi France,CAP,actif,CAP,ENC,C,250000,250000,98000,219800,42900,2019-12-15,2019-12-15,,,False,True,Valoria Capital,France,courtier,0,LOW,False
BA000443,BA000443,CLI_0325,INT_0006,PLAT_SER,Platinum Serenity,AV,actif,AV,ENC,C,250000,281000,0,278500,65200,2023-07-10,2023-07-10,,,False,False,Lux Private Office,Luxembourg,family_office,0,LOW,False
BA000444,BA000444,CLI_0325,INT_0006,EPLAT_BRD,ePlatinum Birdie,AV,actif,AV,ENC,L,275000,275000,46000,258100,67400,2020-07-16,2020-07-16,,,False,False,Lux Private Office,Luxembourg,family_office,0,LOW,False
BA000445,BA000445,CLI_0325,INT_0006,EPLAT_BRD,ePlatinum Birdie,AV,actif,AV,ENC,C,264000,264000,0,259500,62500,2023-06-30,2023-06-30,,,False,False,Lux Private Office,Luxembourg,family_office,0,LOW,False
BA000446,BA000446,CLI_0326,INT_0004,WEALIFE_IT,Wealins Life Italy +,AV,actif,AV,TER,C,250000,312000,0,445900,113400,2021-08-21,2021-08-21,,,False,False,Milano Fiduciaria,Italy,fiduciaire,0,LOW,True
BA000447,BA000447,CLI_0327,INT_0002,EPLAT_BE,ePlatinum Belgium,AV,actif,AV,ENC,C,2334000,2619000,0,3755000,651700,2024-04-05,2024-04-05,,,False,False,Patrimoine & Conseil,Belgium,courtier,0,LOW,False
BA000448,BA000448,CLI_0327,INT_0002,EPLAT_BE,ePlatinum Belgium,AV,actif,AV,ENC,C,2020000,2020000,0,2738800,712900,2019-04-15,2019-04-15,,,False,False,Patrimoine & Conseil,Belgium,courtier,0,LOW,False
BA000449,BA000449,CLI_0328,INT_0009,WEALIFE_SE,Wealins Life Sweden,AV,actif,AV,ENC,C,864000,985000,0,1361800,453000,2026-04-04,2026-04-04,,,False,True,Stockholm Capital,Sweden,courtier,0,LOW,False
BA000450,BA000450,CLI_0329,INT_0009,WEALIFE_SE,Wealins Life Sweden,AV,actif,AV,ENC,C,978000,1290000,384000,870400,277600,2023-07-24,2023-07-24,,,False,True,Stockholm Capital,Sweden,courtier,0,LOW,False
BA000451,BA000451,CLI_0330,INT_0002,EPLAT_BE,ePlatinum Belgium,AV,actif,AV,ENC,L,294000,404000,0,404200,71600,2025-08-24,2025-08-24,,,False,False,Patrimoine & Conseil,Belgium,courtier,0,LOW,False
BA000452,BA000452,CLI_0331,INT_0001,WEACAP_FR,Wealins Capi France,CAP,actif,CAP,ENC,C,250000,250000,0,350000,88700,2022-02-27,2022-02-27,,,False,True,Valoria Capital,France,courtier,0,LOW,False
BA000453,BA000453,CLI_0332,INT_0008,WEALIFE_FI,Wealins Life Finland,AV,actif,AV,ENC,L,335000,335000,0,402200,116500,2019-06-10,2019-06-10,,,False,False,Helsinki Wealth Advisors,Finland,courtier,0,LOW,False
BA000454,BA000454,CLI_0333,INT_0010,WEALINS_DE,Wealins Germany,AV,legacy,AV,TER,L,505000,505000,0,457000,101700,2024-04-30,2024-04-30,,,False,False,Rhine Capital Advisors,Germany,courtier,0,LOW,False
BA000455,BA000455,CLI_0333,INT_0010,WEALINS_DE,Wealins Germany,AV,legacy,AV,ENC,L,644000,753000,0,664600,164000,2022-07-18,2022-07-18,,,False,False,Rhine Capital Advisors,Germany,courtier,0,LOW,False
BA000456,BA000456,CLI_0334,INT_0002,EPLAT_BE,ePlatinum Belgium,AV,actif,AV,TER,C,250000,302000,0,336900,88000,2021-06-17,2021-06-17,,,False,False,Patrimoine & Conseil,Belgium,courtier,0,LOW,False
BA000457,BA000457,CLI_0335,INT_0004,WEALIFE_IT,Wealins Life Italy +,AV,actif,AV,ENC,L,311000,311000,0,401500,134600,2021-09-27,2021-09-27,,,False,False,Milano Fiduciaria,Italy,fiduciaire,0,LOW,False
BA000458,BA000458,CLI_0336,INT_0001,WEALIFE_FR,Wealins Life France,AV,actif,AV,ENC,C,386000,386000,0,463200,126100,2022-11-07,2022-11-07,,,False,False,Valoria Capital,France,courtier,0,LOW,False
BA000459,BA000459,CLI_0336,INT_0001,WEACAP_FR,Wealins Capi France,CAP,actif,CAP,TER,C,385000,468000,0,656800,153800,2020-07-01,2020-07-01,,,False,False,Valoria Capital,France,courtier,0,LOW,False
BA000460,BA000460,CLI_0337,INT_0001,WEALIFE_FR,Wealins Life France,AV,actif,AV,ENC,L,557000,730000,0,774700,151500,2023-10-31,2023-10-31,,,False,False,Valoria Capital,France,courtier,0,LOW,False
BA000461,BA000461,CLI_0338,INT_0006,WEALIFE_LU,Wealins Life Luxembourg,AV,actif,AV,ENC,C,396000,396000,0,410900,65800,2019-06-25,2019-06-25,,,False,False,Lux Private Office,Luxembourg,family_office,0,LOW,False
BA000462,BA000462,CLI_0339,INT_0001,WEALIFE_FR,Wealins Life France,AV,actif,AV,ENC,C,250000,250000,0,329100,56400,2024-11-16,2024-11-16,,,False,False,Valoria Capital,France,courtier,0,LOW,False
BA000463,BA000463,CLI_0340,INT_0007,WEALIFE_PT,Wealins Life Portugal,AV,actif,AV,ENC,C,733000,733000,0,807100,218100,2019-03-18,2019-03-18,,,False,False,Porto Investimentos,Portugal,courtier,0,LOW,False
BA000464,BA000464,CLI_0340,INT_0007,WEALIFE_PT,Wealins Life Portugal,AV,actif,AV,ENC,L,547000,547000,0,608000,166700,2025-07-23,2025-07-23,,,False,False,Porto Investimentos,Portugal,courtier,0,LOW,False
BA000465,BA000465,CLI_0341,INT_0002,WEALIFE_BE,Wealins Life Belgium,AV,actif,AV,ENC,C,446000,446000,0,592000,195400,2024-09-17,2024-09-17,,,False,True,Patrimoine & Conseil,Belgium,courtier,0,LOW,False
BA000466,BA000466,CLI_0342,INT_0002,WEALIFE_BE,Wealins Life Belgium,AV,actif,AV,ENC,C,573000,573000,0,808200,267800,2019-04-16,2019-04-16,,,False,False,Patrimoine & Conseil,Belgium,courtier,0,LOW,False
BA000467,BA000467,CLI_0342,INT_0002,EPLAT_BE,ePlatinum Belgium,AV,actif,AV,ENC,C,699000,699000,0,654900,156300,2020-05-18,2020-05-18,,,False,True,Patrimoine & Conseil,Belgium,courtier,0,LOW,False
BA000468,BA000468,CLI_0343,INT_0001,WEACAP_FR,Wealins Capi France,CAP,actif,CAP,ENC,C,1203000,1463000,534000,969900,276900,2018-10-21,2018-10-21,,,False,False,Valoria Capital,France,courtier,0,LOW,False
BA000469,BA000469,CLI_0343,INT_0001,WEALIFE_FR,Wealins Life France,AV,actif,AV,ENC,L,529000,529000,84000,403200,109800,2021-10-08,2021-10-08,,,False,False,Valoria Capital,France,courtier,0,LOW,False
BA000470,BA000470,CLI_0344,INT_0002,WEALIFE_BE,Wealins Life Belgium,AV,actif,AV,ENC,L,690000,749000,0,806900,242100,2026-06-11,2026-06-11,,,False,True,Patrimoine & Conseil,Belgium,courtier,0,LOW,False
BA000471,BA000471,CLI_0345,INT_0004,WEALIFE_IT,Wealins Life Italy +,AV,actif,AV,ENC,L,508000,599000,0,673400,224100,2019-01-21,2019-01-21,,,False,False,Milano Fiduciaria,Italy,fiduciaire,0,LOW,False
BA000472,BA000472,CLI_0346,INT_0004,WEALIFE_IT,Wealins Life Italy +,AV,actif,AV,ENC,L,759000,816000,0,819400,154700,2022-11-11,2022-11-11,,,False,False,Milano Fiduciaria,Italy,fiduciaire,0,LOW,False
BA000473,BA000473,CLI_0347,INT_0001,WEACAP_FR,Wealins Capi France,CAP,actif,CAP,ENC,C,250000,305000,0,269800,49100,2022-09-27,2022-09-27,,,True,False,Valoria Capital,France,courtier,0,LOW,False
BA000474,BA000474,CLI_0348,INT_0002,WEALIFE_BE,Wealins Life Belgium,AV,actif,AV,TER,C,250000,250000,0,246200,39900,2021-11-08,2021-11-08,,,False,True,Patrimoine & Conseil,Belgium,courtier,0,LOW,False
BA000475,BA000475,CLI_0349,INT_0001,WEALIFE_FR,Wealins Life France,AV,actif,AV,ENC,C,250000,291000,0,404100,128400,2024-06-13,2024-06-13,,,False,False,Valoria Capital,France,courtier,0,LOW,False
BA000476,BA000476,CLI_0350,INT_0002,EPLAT_BE,ePlatinum Belgium,AV,actif,AV,TER,C,250000,300000,0,399900,109300,2019-06-27,2019-06-27,,,False,False,Patrimoine & Conseil,Belgium,courtier,0,LOW,False
BA000477,BA000477,CLI_0351,INT_0007,WEALIFE_PT,Wealins Life Portugal,AV,actif,AV,SUS,C,1197000,1480000,0,1659700,304600,2019-05-11,2019-05-11,,,False,False,Porto Investimentos,Portugal,courtier,0,LOW,False
BA000478,BA000478,CLI_0352,INT_0006,WEACAP_LU,Wealins Capi Luxembourg,CAP,actif,CAP,ENC,C,1484000,1484000,372000,1272300,197100,2020-02-20,2020-02-20,,,False,True,Lux Private Office,Luxembourg,family_office,0,LOW,False
BA000479,BA000479,CLI_0352,INT_0006,WEACAP_LU,Wealins Capi Luxembourg,CAP,actif,CAP,ENC,L,2346000,2548000,0,3632800,616800,2023-02-03,2023-02-03,,,False,False,Lux Private Office,Luxembourg,family_office,0,LOW,False
BA000480,BA000480,CLI_0353,INT_0001,WEACAP_FR,Wealins Capi France,CAP,actif,CAP,ENC,C,1478000,1680000,0,1960200,376900,2024-02-12,2024-02-12,,,False,False,Valoria Capital,France,courtier,0,LOW,False
BA000481,BA000481,CLI_0353,INT_0001,WEACAP_FR,Wealins Capi France,CAP,actif,CAP,TER,C,634000,714000,0,916800,275100,2021-10-25,2021-10-25,,,False,False,Valoria Capital,France,courtier,0,LOW,False
BA000482,BA000482,CLI_0354,INT_0002,WEALIFE_BE,Wealins Life Belgium,AV,actif,AV,ENC,C,663000,663000,0,764700,141100,2024-09-20,2024-09-20,,,False,False,Patrimoine & Conseil,Belgium,courtier,0,LOW,False
BA000483,BA000483,CLI_0354,INT_0002,WEALIFE_BE,Wealins Life Belgium,AV,actif,AV,TER,C,754000,754000,110000,645200,134800,2020-10-31,2020-10-31,,,False,True,Patrimoine & Conseil,Belgium,courtier,0,LOW,False
BA000484,BA000484,CLI_0355,INT_0001,WEALIFE_FR,Wealins Life France,AV,actif,AV,SUS,L,441000,712000,0,930000,151800,2025-07-05,2025-07-05,,,False,False,Valoria Capital,France,courtier,0,LOW,False
BA000485,BA000485,CLI_0356,INT_0001,WEALIFE_FR,Wealins Life France,AV,actif,AV,ENC,C,250000,250000,107000,182600,35400,2018-09-26,2018-09-26,,,False,False,Valoria Capital,France,courtier,0,LOW,False
BA000486,BA000486,CLI_0357,INT_0001,WEALIFE_FR,Wealins Life France,AV,actif,AV,ENC,C,828000,828000,0,790300,133300,2024-12-12,2024-12-12,,,False,False,Valoria Capital,France,courtier,0,LOW,False
BA000487,BA000487,CLI_0357,INT_0001,WEALIFE_FR,Wealins Life France,AV,actif,AV,ENC,C,826000,1022000,0,1167100,267900,2024-08-04,2024-08-04,,,False,False,Valoria Capital,France,courtier,0,LOW,False
BA000488,BA000488,CLI_0358,INT_0002,WEALIFE_BE,Wealins Life Belgium,AV,actif,AV,ENC,L,250000,311000,48000,361100,57100,2020-06-10,2020-06-10,,,False,False,Patrimoine & Conseil,Belgium,courtier,0,LOW,False
BA000489,BA000489,CLI_0359,INT_0009,WEALIFE_SE,Wealins Life Sweden,AV,actif,AV,ENC,C,250000,250000,72000,238000,45400,2019-11-06,2019-11-06,,,False,False,Stockholm Capital,Sweden,courtier,0,LOW,False
BA000490,BA000490,CLI_0360,INT_0001,WEACAP_FR,Wealins Capi France,CAP,actif,CAP,ENC,C,341000,419000,0,536000,180100,2020-09-06,2020-09-06,,,False,False,Valoria Capital,France,courtier,0,LOW,False
BA000491,BA000491,CLI_0361,INT_0001,WEACAP_FR,Wealins Capi France,CAP,actif,CAP,ENC,C,250000,250000,0,359600,103200,2023-03-12,2023-03-12,,,False,False,Valoria Capital,France,courtier,0,LOW,True
BA000492,BA000492,CLI_0362,INT_0007,WEALIFE_PT,Wealins Life Portugal,AV,actif,AV,ENC,C,250000,250000,32000,301400,52300,2019-03-12,2019-03-12,,,False,False,Porto Investimentos,Portugal,courtier,0,LOW,False
BA000493,BA000493,CLI_0363,INT_0002,EPLAT_BE,ePlatinum Belgium,AV,actif,AV,ENC,L,404000,404000,0,551300,152800,2023-08-09,2023-08-09,,,False,False,Patrimoine & Conseil,Belgium,courtier,0,LOW,False
BA000494,BA000494,CLI_0363,INT_0002,WEALIFE_BE,Wealins Life Belgium,AV,actif,AV,ENC,C,306000,306000,0,412400,68800,2019-06-13,2019-06-13,,,False,False,Patrimoine & Conseil,Belgium,courtier,0,LOW,False
BA000495,BA000495,CLI_0364,INT_0001,WEALIFE_FR,Wealins Life France,AV,actif,AV,ENC,C,1382000,1758000,0,1772400,358300,2025-12-08,2025-12-08,,,False,False,Valoria Capital,France,courtier,0,LOW,True
BA000496,BA000496,CLI_0365,INT_0008,WEALIFE_FI,Wealins Life Finland,AV,actif,AV,ENC,C,362000,554000,0,705400,201100,2023-10-20,2023-10-20,,,False,False,Helsinki Wealth Advisors,Finland,courtier,0,LOW,False
BA000497,BA000497,CLI_0365,INT_0008,WEALIFE_FI,Wealins Life Finland,AV,actif,AV,TER,C,1691000,1691000,367000,1521500,489100,2024-06-23,2024-06-23,,,False,False,Helsinki Wealth Advisors,Finland,courtier,0,LOW,False
BA000498,BA000498,CLI_0366,INT_0002,WEALIFE_BE,Wealins Life Belgium,AV,actif,AV,ENC,C,250000,250000,0,223200,64600,2023-05-06,2023-05-06,,,False,False,Patrimoine & Conseil,Belgium,courtier,0,LOW,False
BA000499,BA000499,CLI_0367,INT_0009,WEALIFE_SE,Wealins Life Sweden,AV,actif,AV,ENC,L,250000,279000,0,337100,77300,2022-11-20,2022-11-20,,,False,False,Stockholm Capital,Sweden,courtier,0,LOW,False
BA000500,BA000500,CLI_0368,INT_0002,WEALIFE_BE,Wealins Life Belgium,AV,actif,AV,SUS,L,531000,662000,118000,768100,159100,2022-09-12,2022-09-12,,,False,False,Patrimoine & Conseil,Belgium,courtier,0,LOW,False
BA000501,BA000501,CLI_0368,INT_0002,WEALIFE_BE,Wealins Life Belgium,AV,actif,AV,ENC,C,935000,935000,0,987500,290000,2019-08-23,2019-08-23,,,False,False,Patrimoine & Conseil,Belgium,courtier,0,LOW,False
BA000502,BA000502,CLI_0368,INT_0002,WEALIFE_BE,Wealins Life Belgium,AV,actif,AV,ENC,C,681000,732000,0,987100,329600,2022-09-02,2022-09-02,,,False,False,Patrimoine & Conseil,Belgium,courtier,0,LOW,False
BA000503,BA000503,CLI_0369,INT_0001,WEACAP_FR,Wealins Capi France,CAP,actif,CAP,TER,C,362000,362000,0,376200,123900,2023-07-11,2023-07-11,,,False,False,Valoria Capital,France,courtier,0,LOW,False
BA000504,BA000504,CLI_0369,INT_0001,WEACAP_FR,Wealins Capi France,CAP,actif,CAP,ENC,C,320000,320000,0,440200,148200,2025-02-18,2025-02-18,,,False,False,Valoria Capital,France,courtier,0,LOW,False
BA000505,BA000505,CLI_0369,INT_0001,WEALIFE_FR,Wealins Life France,AV,actif,AV,ENC,C,1077000,1077000,258000,1039100,240400,2022-08-26,2022-08-26,,,False,True,Valoria Capital,France,courtier,0,LOW,False
BA000506,BA000506,CLI_0370,INT_0001,WEACAP_FR,Wealins Capi France,CAP,actif,CAP,ENC,C,538000,699000,0,873700,246100,2024-01-13,2024-01-13,,,False,False,Valoria Capital,France,courtier,0,LOW,False
BA000507,BA000507,CLI_0370,INT_0001,WEALIFE_FR,Wealins Life France,AV,actif,AV,ENC,C,276000,276000,0,391600,68100,2019-10-31,2019-10-31,,,False,False,Valoria Capital,France,courtier,0,LOW,False
BA000508,BA000508,CLI_0370,INT_0001,WEALIFE_FR,Wealins Life France,AV,actif,AV,ENC,C,390000,416000,0,581500,110300,2024-12-25,2024-12-25,,,False,False,Valoria Capital,France,courtier,0,LOW,False
BA000509,BA000509,CLI_0371,INT_0001,WEALIFE_FR,Wealins Life France,AV,actif,AV,TER,L,724000,830000,92000,806600,220300,2024-05-23,2024-05-23,,,False,False,Valoria Capital,France,courtier,0,LOW,False
BA000510,BA000510,CLI_0372,INT_0002,EPLAT_BE,ePlatinum Belgium,AV,actif,AV,ENC,C,250000,250000,0,306600,46100,2023-02-09,2023-02-09,,,False,False,Patrimoine & Conseil,Belgium,courtier,0,LOW,False
BA000511,BA000511,CLI_0373,INT_0002,WEALIFE_BE,Wealins Life Belgium,AV,actif,AV,ENC,C,250000,250000,0,358500,87400,2026-01-12,2026-01-12,,,False,True,Patrimoine & Conseil,Belgium,courtier,0,LOW,False
BA000512,BA000512,CLI_0373,INT_0002,EPLAT_BE,ePlatinum Belgium,AV,actif,AV,ENC,C,351000,427000,33000,349900,61200,2022-01-17,2022-01-17,,,False,False,Patrimoine & Conseil,Belgium,courtier,0,LOW,False
BA000513,BA000513,CLI_0374,INT_0002,WEALIFE_BE,Wealins Life Belgium,AV,actif,AV,ENC,C,347000,347000,0,430000,143900,2019-01-20,2019-01-20,,,False,False,Patrimoine & Conseil,Belgium,courtier,0,LOW,False
BA000514,BA000514,CLI_0374,INT_0002,EPLAT_BE,ePlatinum Belgium,AV,actif,AV,SUS,C,250000,250000,0,250900,72300,2024-08-02,2024-08-02,,,False,False,Patrimoine & Conseil,Belgium,courtier,0,LOW,False
BA000515,BA000515,CLI_0375,INT_0002,EPLAT_BE,ePlatinum Belgium,AV,actif,AV,ENC,C,4911000,4911000,0,6723600,1769800,2019-07-14,2019-07-14,,,False,False,Patrimoine & Conseil,Belgium,courtier,0,LOW,False
BA000516,BA000516,CLI_0375,INT_0002,WEALIFE_BE,Wealins Life Belgium,AV,actif,AV,ENC,C,2526000,2526000,0,3112600,1085100,2026-03-03,2026-03-03,,,False,False,Patrimoine & Conseil,Belgium,courtier,0,LOW,False
BA000517,BA000517,CLI_0376,INT_0002,EPLAT_BE,ePlatinum Belgium,AV,actif,AV,ENC,C,250000,289000,83000,239000,40800,2019-10-10,2019-10-10,,,False,False,Patrimoine & Conseil,Belgium,courtier,0,LOW,False
BA000518,BA000518,CLI_0376,INT_0002,WEALIFE_BE,Wealins Life Belgium,AV,actif,AV,ENC,C,250000,317000,81000,276100,57300,2024-10-17,2024-10-17,,,False,False,Patrimoine & Conseil,Belgium,courtier,0,LOW,False
BA000519,BA000519,CLI_0377,INT_0001,WEACAP_FR,Wealins Capi France,CAP,actif,CAP,ENC,C,439000,439000,0,586300,197800,2019-03-24,2019-03-24,,,False,False,Valoria Capital,France,courtier,0,LOW,True
BA000520,BA000520,CLI_0378,INT_0001,WEACAP_FR,Wealins Capi France,CAP,actif,CAP,ENC,C,250000,250000,0,233000,68500,2020-05-29,2020-05-29,,,False,False,Valoria Capital,France,courtier,0,LOW,False
BA000521,BA000521,CLI_0379,INT_0001,WEACAP_FR,Wealins Capi France,CAP,actif,CAP,ENC,L,4270000,4270000,1884000,3006400,493700,2023-07-14,2023-07-14,,,False,False,Valoria Capital,France,courtier,0,LOW,False
BA000522,BA000522,CLI_0380,INT_0002,WEALIFE_BE,Wealins Life Belgium,AV,actif,AV,ENC,C,494000,494000,0,548300,140600,2023-04-16,2023-04-16,,,False,False,Patrimoine & Conseil,Belgium,courtier,0,LOW,False
BA000523,BA000523,CLI_0381,INT_0004,WEALIFE_IT,Wealins Life Italy +,AV,actif,AV,ENC,C,250000,312000,61000,276600,83800,2023-02-11,2023-02-11,,,False,False,Milano Fiduciaria,Italy,fiduciaire,0,LOW,False
BA000524,BA000524,CLI_0382,INT_0001,WEACAP_FR,Wealins Capi France,CAP,actif,CAP,ENC,C,269000,294000,0,354500,118100,2025-09-03,2025-09-03,,,False,False,Valoria Capital,France,courtier,0,LOW,False
BA000525,BA000525,CLI_0383,INT_0002,EPLAT_BE,ePlatinum Belgium,AV,actif,AV,ENC,C,250000,250000,0,302400,65600,2023-06-16,2023-06-16,,,False,False,Patrimoine & Conseil,Belgium,courtier,0,LOW,False
BA000526,BA000526,CLI_0384,INT_0006,PLAT_SER,Platinum Serenity,AV,actif,AV,ENC,C,636000,636000,0,791700,245400,2022-04-21,2022-04-21,,,False,True,Lux Private Office,Luxembourg,family_office,0,LOW,False
BA000527,BA000527,CLI_0385,INT_0001,WEACAP_FR,Wealins Capi France,CAP,actif,CAP,TER,C,402000,462000,0,524500,125900,2023-04-28,2023-04-28,,,False,False,Valoria Capital,France,courtier,0,LOW,False
BA000528,BA000528,CLI_0386,INT_0002,WEALIFE_BE,Wealins Life Belgium,AV,actif,AV,ENC,C,250000,250000,0,270300,78300,2020-10-26,2020-10-26,,,False,False,Patrimoine & Conseil,Belgium,courtier,0,LOW,False
BA000529,BA000529,CLI_0387,INT_0001,WEACAP_FR,Wealins Capi France,CAP,actif,CAP,ENC,C,341000,438000,0,480300,102900,2022-06-15,2022-06-15,,,False,True,Valoria Capital,France,courtier,0,LOW,False
BA000530,BA000530,CLI_0388,INT_0001,WEALIFE_FR,Wealins Life France,AV,actif,AV,TER,C,2109000,2109000,0,3043000,975800,2022-09-25,2022-09-25,,,False,False,Valoria Capital,France,courtier,0,LOW,False
BA000531,BA000531,CLI_0389,INT_0006,EPLAT_BRD,ePlatinum Birdie,AV,actif,AV,TER,C,333000,333000,0,349700,75600,2024-08-02,2024-08-02,,,False,False,Lux Private Office,Luxembourg,family_office,0,LOW,False
BA000532,BA000532,CLI_0390,INT_0002,WEALIFE_BE,Wealins Life Belgium,AV,actif,AV,ENC,C,250000,250000,0,303900,91400,2019-12-29,2019-12-29,,,False,False,Patrimoine & Conseil,Belgium,courtier,0,LOW,False
BA000533,BA000533,CLI_0391,INT_0002,EPLAT_BE,ePlatinum Belgium,AV,actif,AV,ENC,C,250000,250000,0,313700,82300,2020-06-23,2020-06-23,,,False,False,Patrimoine & Conseil,Belgium,courtier,0,LOW,False
BA000534,BA000534,CLI_0392,INT_0004,WEALIFE_IT,Wealins Life Italy +,AV,actif,AV,ENC,C,405000,405000,0,586700,177200,2026-01-20,2026-01-20,,,False,False,Milano Fiduciaria,Italy,fiduciaire,0,LOW,False
BA000535,BA000535,CLI_0393,INT_0002,EPLAT_BE,ePlatinum Belgium,AV,actif,AV,ENC,L,250000,302000,0,347100,92700,2021-03-25,2021-03-25,,,False,True,Patrimoine & Conseil,Belgium,courtier,0,LOW,False
BA000536,BA000536,CLI_0394,INT_0001,WEACAP_FR,Wealins Capi France,CAP,actif,CAP,ENC,C,477000,477000,0,573800,180500,2021-07-17,2021-07-17,,,False,True,Valoria Capital,France,courtier,0,LOW,False
BA000537,BA000537,CLI_0395,INT_0006,EPLAT_BRD,ePlatinum Birdie,AV,actif,AV,ENC,L,2202000,2917000,651000,2805200,891800,2026-07-14,2026-07-14,,,False,False,Lux Private Office,Luxembourg,family_office,0,LOW,False
BA000538,BA000538,CLI_0395,INT_0006,WEACAP_LU,Wealins Capi Luxembourg,CAP,actif,CAP,ENC,C,985000,985000,0,1012400,218100,2021-07-26,2021-07-26,,,False,False,Lux Private Office,Luxembourg,family_office,0,LOW,False
BA000539,BA000539,CLI_0396,INT_0009,WEALIFE_SE,Wealins Life Sweden,AV,actif,AV,ENC,C,250000,250000,0,325600,51000,2023-04-03,2023-04-03,,,False,False,Stockholm Capital,Sweden,courtier,0,LOW,False
BA000540,BA000540,CLI_0396,INT_0009,WEALIFE_SE,Wealins Life Sweden,AV,actif,AV,ENC,C,250000,298000,0,388200,110600,2018-10-30,2018-10-30,,,False,True,Stockholm Capital,Sweden,courtier,0,LOW,False
BA000541,BA000541,CLI_0397,INT_0001,WEACAP_FR,Wealins Capi France,CAP,actif,CAP,ENC,L,356000,356000,0,507900,91700,2019-09-10,2019-09-10,,,False,False,Valoria Capital,France,courtier,0,LOW,False
BA000542,BA000542,CLI_0397,INT_0001,WEALIFE_FR,Wealins Life France,AV,actif,AV,ENC,C,250000,348000,93000,345700,117300,2019-04-11,2019-04-11,,,False,False,Valoria Capital,France,courtier,0,LOW,False
BA000543,BA000543,CLI_0398,INT_0002,EPLAT_BE,ePlatinum Belgium,AV,actif,AV,ENC,C,970000,970000,0,1198400,235800,2025-06-16,2025-06-16,,,False,False,Patrimoine & Conseil,Belgium,courtier,0,LOW,False
BA000544,BA000544,CLI_0399,INT_0001,WEALIFE_FR,Wealins Life France,AV,actif,AV,ENC,C,364000,364000,0,334400,96500,2023-07-17,2023-07-17,,,False,False,Valoria Capital,France,courtier,0,LOW,True
BA000545,BA000545,CLI_0399,INT_0001,WEACAP_FR,Wealins Capi France,CAP,actif,CAP,ENC,C,822000,920000,0,940200,281800,2022-07-06,2022-07-06,,,False,True,Valoria Capital,France,courtier,0,LOW,False
BA000546,BA000546,CLI_0400,INT_0007,WEALIFE_PT,Wealins Life Portugal,AV,actif,AV,ENC,C,834000,834000,350000,644500,102700,2022-01-11,2022-01-11,,,False,False,Porto Investimentos,Portugal,courtier,0,LOW,False
BA000547,BA000547,CLI_0400,INT_0007,WEALIFE_PT,Wealins Life Portugal,AV,actif,AV,ENC,C,1436000,1436000,538000,940000,306600,2023-12-13,2023-12-13,,,False,False,Porto Investimentos,Portugal,courtier,0,LOW,False
BA000548,BA000548,CLI_0401,INT_0008,WEALIFE_FI,Wealins Life Finland,AV,actif,AV,ENC,C,474000,474000,0,550900,173500,2026-04-21,2026-04-21,,,False,False,Helsinki Wealth Advisors,Finland,courtier,0,LOW,False
BA000549,BA000549,CLI_0401,INT_0008,WEALIFE_FI,Wealins Life Finland,AV,actif,AV,ENC,C,274000,300000,0,339400,104400,2018-11-03,2018-11-03,,,False,False,Helsinki Wealth Advisors,Finland,courtier,0,LOW,False
BA000550,BA000550,CLI_0402,INT_0001,WEALIFE_FR,Wealins Life France,AV,actif,AV,ENC,C,356000,394000,95000,389200,132100,2023-11-14,2023-11-14,,,False,False,Valoria Capital,France,courtier,0,LOW,True
BA000551,BA000551,CLI_0403,INT_0009,WEALIFE_SE,Wealins Life Sweden,AV,actif,AV,SUS,C,250000,250000,0,357700,56700,2022-09-25,2022-09-25,,,False,False,Stockholm Capital,Sweden,courtier,0,LOW,False
BA000552,BA000552,CLI_0404,INT_0004,WEALIFE_IT,Wealins Life Italy +,AV,actif,AV,ENC,C,993000,1326000,0,1871700,504700,2020-08-20,2020-08-20,,,False,False,Milano Fiduciaria,Italy,fiduciaire,0,LOW,False
BA000553,BA000553,CLI_0405,INT_0001,WEALIFE_FR,Wealins Life France,AV,actif,AV,ENC,C,250000,250000,0,354700,106300,2019-09-28,2019-09-28,,,False,True,Valoria Capital,France,courtier,0,LOW,False
BA000554,BA000554,CLI_0406,INT_0008,WEACAP_FI,Wealins Capitalisation Finland,CAP,actif,CAP,ENC,L,550000,653000,223000,472200,161300,2020-03-04,2020-03-04,,,True,False,Helsinki Wealth Advisors,Finland,courtier,0,LOW,False
BA000555,BA000555,CLI_0407,INT_0007,WEALIFE_PT,Wealins Life Portugal,AV,actif,AV,ENC,C,250000,301000,0,352100,93700,2025-10-28,2025-10-28,,,True,False,Porto Investimentos,Portugal,courtier,0,LOW,False
BA000556,BA000556,CLI_0407,INT_0007,WEALIFE_PT,Wealins Life Portugal,AV,actif,AV,ENC,C,250000,278000,0,315700,63600,2025-04-06,2025-04-06,,,False,False,Porto Investimentos,Portugal,courtier,0,LOW,False
BA000557,BA000557,CLI_0407,INT_0007,WEALIFE_PT,Wealins Life Portugal,AV,actif,AV,ENC,C,250000,250000,0,287600,88900,2026-01-29,2026-01-29,,,False,False,Porto Investimentos,Portugal,courtier,0,LOW,False
BA000558,BA000558,CLI_0408,INT_0001,WEALIFE_FR,Wealins Life France,AV,actif,AV,ENC,C,833000,833000,0,1005000,337200,2024-03-18,2024-03-18,,,False,False,Valoria Capital,France,courtier,0,LOW,False
BA000559,BA000559,CLI_0409,INT_0001,WEALIFE_FR,Wealins Life France,AV,actif,AV,ENC,C,363000,363000,0,464500,107000,2024-01-01,2024-01-01,,,False,False,Valoria Capital,France,courtier,0,LOW,False
BA000560,BA000560,CLI_0409,INT_0001,WEACAP_FR,Wealins Capi France,CAP,actif,CAP,ENC,C,257000,257000,0,264100,66800,2020-01-07,2020-01-07,,,False,False,Valoria Capital,France,courtier,0,LOW,False
BA000561,BA000561,CLI_0410,INT_0002,WEALIFE_BE,Wealins Life Belgium,AV,actif,AV,ENC,L,633000,633000,0,811200,147200,2019-10-29,2019-10-29,,,False,True,Patrimoine & Conseil,Belgium,courtier,0,LOW,False
BA000562,BA000562,CLI_0411,INT_0001,WEACAP_FR,Wealins Capi France,CAP,actif,CAP,TER,C,1077000,1289000,260000,1150200,287400,2020-01-13,2020-01-13,,,False,False,Valoria Capital,France,courtier,0,LOW,False
BA000563,BA000563,CLI_0411,INT_0001,WEACAP_FR,Wealins Capi France,CAP,actif,CAP,ENC,L,898000,1439000,201000,1491700,373700,2019-09-21,2019-09-21,,,False,False,Valoria Capital,France,courtier,0,LOW,False
BA000564,BA000564,CLI_0412,INT_0001,WEACAP_FR,Wealins Capi France,CAP,actif,CAP,ENC,C,250000,351000,60000,277500,58100,2020-12-30,2020-12-30,,,False,False,Valoria Capital,France,courtier,0,LOW,False
BA000565,BA000565,CLI_0413,INT_0007,WEALIFE_PT,Wealins Life Portugal,AV,actif,AV,ENC,L,250000,250000,0,307200,78800,2024-08-31,2024-08-31,,,False,False,Porto Investimentos,Portugal,courtier,0,LOW,False
BA000566,BA000566,CLI_0414,INT_0001,WEALIFE_FR,Wealins Life France,AV,actif,AV,ENC,C,1513000,1635000,0,1986900,534100,2020-02-21,2020-02-21,,,False,False,Valoria Capital,France,courtier,0,LOW,False
BA000567,BA000567,CLI_0415,INT_0001,WEALIFE_FR,Wealins Life France,AV,actif,AV,ENC,C,497000,497000,0,646300,193300,2023-06-17,2023-06-17,,,False,False,Valoria Capital,France,courtier,0,LOW,False
BA000568,BA000568,CLI_0416,INT_0001,WEACAP_FR,Wealins Capi France,CAP,actif,CAP,ENC,C,579000,579000,0,617300,114800,2022-06-19,2022-06-19,,,False,False,Valoria Capital,France,courtier,0,LOW,False
BA000569,BA000569,CLI_0417,INT_0001,WEALIFE_FR,Wealins Life France,AV,actif,AV,ENC,C,2814000,3326000,0,4086100,661700,2025-12-29,2025-12-29,,,False,False,Valoria Capital,France,courtier,0,LOW,False
BA000570,BA000570,CLI_0418,INT_0004,WEALIFE_IT,Wealins Life Italy +,AV,actif,AV,ENC,C,250000,372000,0,494800,169200,2023-06-18,2023-06-18,,,False,True,Milano Fiduciaria,Italy,fiduciaire,0,LOW,False
BA000571,BA000571,CLI_0419,INT_0001,WEACAP_FR,Wealins Capi France,CAP,actif,CAP,ENC,C,1263000,1263000,0,1330800,406400,2018-12-16,2018-12-16,,,False,False,Valoria Capital,France,courtier,0,LOW,False
BA000572,BA000572,CLI_0420,INT_0010,WEALINS_DE,Wealins Germany,AV,legacy,AV,ENC,L,250000,323000,0,369100,99700,2022-05-16,2022-05-16,,,False,False,Rhine Capital Advisors,Germany,courtier,0,LOW,False
BA000573,BA000573,CLI_0420,INT_0010,WEALINS_DE,Wealins Germany,AV,legacy,AV,ENC,C,250000,250000,0,312700,73300,2025-02-08,2025-02-08,,,False,True,Rhine Capital Advisors,Germany,courtier,0,LOW,False
BA000574,BA000574,CLI_0421,INT_0001,WEALIFE_FR,Wealins Life France,AV,actif,AV,ENC,L,250000,250000,76000,248000,43000,2020-06-17,2020-06-17,,,False,False,Valoria Capital,France,courtier,0,LOW,False
BA000575,BA000575,CLI_0422,INT_0001,WEALIFE_FR,Wealins Life France,AV,actif,AV,ENC,C,250000,250000,0,222400,65200,2025-12-11,2025-12-11,,,False,False,Valoria Capital,France,courtier,0,LOW,False
BA000576,BA000576,CLI_0423,INT_0001,WEALIFE_FR,Wealins Life France,AV,actif,AV,TER,C,250000,250000,0,249100,68100,2024-04-18,2024-04-18,,,False,False,Valoria Capital,France,courtier,0,LOW,False
BA000577,BA000577,CLI_0424,INT_0002,WEALIFE_BE,Wealins Life Belgium,AV,actif,AV,ENC,C,1692000,2263000,0,2800700,500000,2020-09-22,2020-09-22,,,False,False,Patrimoine & Conseil,Belgium,courtier,0,LOW,False
BA000578,BA000578,CLI_0425,INT_0001,WEACAP_FR,Wealins Capi France,CAP,actif,CAP,ENC,C,342000,342000,0,390100,112000,2021-12-21,2021-12-21,,,False,False,Valoria Capital,France,courtier,0,LOW,False
BA000579,BA000579,CLI_0426,INT_0002,WEALIFE_BE,Wealins Life Belgium,AV,actif,AV,ENC,C,779000,779000,0,889000,301100,2022-04-06,2022-04-06,,,False,False,Patrimoine & Conseil,Belgium,courtier,0,LOW,False
BA000580,BA000580,CLI_0427,INT_0001,WEALIFE_FR,Wealins Life France,AV,actif,AV,ENC,C,250000,250000,0,314500,79600,2020-10-18,2020-10-18,,,False,True,Valoria Capital,France,courtier,0,LOW,False
BA000581,BA000581,CLI_0428,INT_0007,WEALIFE_PT,Wealins Life Portugal,AV,actif,AV,ENC,C,1707000,1707000,0,2040100,673900,2026-02-27,2026-02-27,,,False,False,Porto Investimentos,Portugal,courtier,0,LOW,False
BA000582,BA000582,CLI_0429,INT_0001,WEALIFE_FR,Wealins Life France,AV,actif,AV,ENC,C,1457000,1457000,0,2008800,624500,2020-03-31,2020-03-31,,,False,False,Valoria Capital,France,courtier,0,LOW,False
BA000583,BA000583,CLI_0430,INT_0006,PLAT_SER,Platinum Serenity,AV,actif,AV,ENC,C,250000,250000,0,222100,74400,2019-01-01,2019-01-01,,,True,True,Lux Private Office,Luxembourg,family_office,0,LOW,True
BA000584,BA000584,CLI_0430,INT_0006,PLAT_SER,Platinum Serenity,AV,actif,AV,ENC,C,250000,250000,0,343900,92600,2025-09-27,2025-09-27,,,False,False,Lux Private Office,Luxembourg,family_office,0,LOW,False
BA000585,BA000585,CLI_0431,INT_0002,WEALIFE_BE,Wealins Life Belgium,AV,actif,AV,TER,C,540000,664000,0,754200,120900,2021-10-28,2021-10-28,,,False,False,Patrimoine & Conseil,Belgium,courtier,0,LOW,False
BA000586,BA000586,CLI_0432,INT_0001,WEALIFE_FR,Wealins Life France,AV,actif,AV,ENC,L,250000,284000,0,269800,52900,2023-11-30,2023-11-30,,,False,True,Valoria Capital,France,courtier,0,LOW,False
BA000587,BA000587,CLI_0433,INT_0002,EPLAT_BE,ePlatinum Belgium,AV,actif,AV,ENC,C,250000,402000,0,422700,66700,2025-08-20,2025-08-20,,,False,False,Patrimoine & Conseil,Belgium,courtier,0,LOW,False
BA000588,BA000588,CLI_0434,INT_0001,WEACAP_FR,Wealins Capi France,CAP,actif,CAP,ENC,C,793000,793000,339000,446300,121300,2019-10-16,2019-10-16,,,False,False,Valoria Capital,France,courtier,0,LOW,False
BA000589,BA000589,CLI_0435,INT_0006,EPLAT_BRD,ePlatinum Birdie,AV,actif,AV,ENC,C,1794000,1794000,0,2278900,490300,2025-07-02,2025-07-02,,,False,True,Lux Private Office,Luxembourg,family_office,0,LOW,False
BA000590,BA000590,CLI_0436,INT_0002,WEALIFE_BE,Wealins Life Belgium,AV,actif,AV,TER,L,250000,338000,0,339500,62200,2019-08-06,2019-08-06,,,False,False,Patrimoine & Conseil,Belgium,courtier,0,LOW,False
BA000591,BA000591,CLI_0437,INT_0002,WEALIFE_BE,Wealins Life Belgium,AV,actif,AV,ENC,C,3213000,3526000,0,3390700,1166300,2023-05-26,2023-05-26,,,False,False,Patrimoine & Conseil,Belgium,courtier,0,LOW,False
BA000592,BA000592,CLI_0438,INT_0009,WEALIFE_SE,Wealins Life Sweden,AV,actif,AV,ENC,C,250000,250000,0,263500,75400,2024-09-30,2024-09-30,,,False,False,Stockholm Capital,Sweden,courtier,0,LOW,False
BA000593,BA000593,CLI_0439,INT_0001,WEACAP_FR,Wealins Capi France,CAP,actif,CAP,ENC,C,250000,250000,0,295400,81900,2022-10-26,2022-10-26,,,False,False,Valoria Capital,France,courtier,0,LOW,False
BA000594,BA000594,CLI_0440,INT_0002,EPLAT_BE,ePlatinum Belgium,AV,actif,AV,ENC,C,497000,497000,0,587200,175400,2025-04-24,2025-04-24,,,False,False,Patrimoine & Conseil,Belgium,courtier,0,LOW,False
BA000595,BA000595,CLI_0441,INT_0002,EPLAT_BE,ePlatinum Belgium,AV,actif,AV,ENC,C,250000,307000,67000,215300,40700,2018-10-02,2018-10-02,,,False,True,Patrimoine & Conseil,Belgium,courtier,0,LOW,False
BA000596,BA000596,CLI_0442,INT_0001,WEALIFE_FR,Wealins Life France,AV,actif,AV,ENC,C,1010000,1010000,0,1401000,437700,2019-12-27,2019-12-27,,,False,False,Valoria Capital,France,courtier,0,LOW,False
BA000597,BA000597,CLI_0442,INT_0001,WEACAP_FR,Wealins Capi France,CAP,actif,CAP,ENC,C,354000,394000,119000,306000,96800,2021-08-24,2021-08-24,,,False,False,Valoria Capital,France,courtier,0,LOW,False
BA000598,BA000598,CLI_0443,INT_0001,WEALIFE_FR,Wealins Life France,AV,actif,AV,ENC,C,291000,291000,0,400300,99800,2018-08-11,2018-08-11,,,False,False,Valoria Capital,France,courtier,0,LOW,False
BA000599,BA000599,CLI_0444,INT_0001,WEALIFE_FR,Wealins Life France,AV,actif,AV,ENC,L,374000,403000,0,413700,93200,2024-01-24,2024-01-24,,,False,True,Valoria Capital,France,courtier,0,LOW,False
BA000600,BA000600,CLI_0444,INT_0001,WEALIFE_FR,Wealins Life France,AV,actif,AV,ENC,C,280000,280000,0,323000,85800,2020-06-03,2020-06-03,,,False,False,Valoria Capital,France,courtier,0,LOW,False
BA000601,BA000601,CLI_0445,INT_0001,WEACAP_FR,Wealins Capi France,CAP,actif,CAP,ENC,C,250000,250000,0,259500,87600,2019-12-28,2019-12-28,,,False,False,Valoria Capital,France,courtier,0,LOW,False
BA000602,BA000602,CLI_0446,INT_0002,EPLAT_BE,ePlatinum Belgium,AV,actif,AV,ENC,C,560000,745000,0,925300,244500,2024-05-26,2024-05-26,,,False,True,Patrimoine & Conseil,Belgium,courtier,0,LOW,False
BA000603,BA000603,CLI_0446,INT_0002,WEALIFE_BE,Wealins Life Belgium,AV,actif,AV,ENC,C,419000,479000,0,601800,170000,2025-01-05,2025-01-05,,,False,False,Patrimoine & Conseil,Belgium,courtier,0,LOW,False
BA000604,BA000604,CLI_0447,INT_0002,EPLAT_BE,ePlatinum Belgium,AV,actif,AV,ENC,C,250000,339000,0,349100,75300,2023-06-21,2023-06-21,,,False,False,Patrimoine & Conseil,Belgium,courtier,0,LOW,False
BA000605,BA000605,CLI_0448,INT_0003,WEALIFE_NO,Wealins Life Norway,AV,actif,AV,ENC,C,250000,294000,67000,297100,95000,2019-06-02,2019-06-02,,,False,False,Nordic Wealth Partners,Norway,courtier,0,LOW,False
BA000606,BA000606,CLI_0449,INT_0001,WEACAP_FR,Wealins Capi France,CAP,actif,CAP,ENC,C,497000,628000,0,862800,275000,2023-04-06,2023-04-06,,,False,False,Valoria Capital,France,courtier,0,LOW,False
BA000607,BA000607,CLI_0450,INT_0003,WEALIFE_NO,Wealins Life Norway,AV,actif,AV,ENC,C,250000,274000,0,255100,80600,2019-10-27,2019-10-27,,,False,False,Nordic Wealth Partners,Norway,courtier,0,LOW,False
BA000608,BA000608,CLI_0451,INT_0001,WEACAP_FR,Wealins Capi France,CAP,actif,CAP,ENC,L,298000,298000,0,282900,75000,2023-10-23,2023-10-23,,,False,False,Valoria Capital,France,courtier,0,LOW,False
BA000609,BA000609,CLI_0451,INT_0001,WEACAP_FR,Wealins Capi France,CAP,actif,CAP,ENC,C,305000,372000,0,449100,129300,2023-11-27,2023-11-27,,,False,False,Valoria Capital,France,courtier,0,LOW,False
BA000610,BA000610,CLI_0452,INT_0001,WEALIFE_FR,Wealins Life France,AV,actif,AV,ENC,C,250000,273000,52000,282300,86800,2023-08-01,2023-08-01,,,False,False,Valoria Capital,France,courtier,0,LOW,True
BA000611,BA000611,CLI_0453,INT_0012,WEACAP_MC,Wealins Capi Monaco,CAP,actif,CAP,SUS,C,250000,250000,0,320400,88200,2021-12-31,2021-12-31,,,False,False,Monaco Patrimoine,Monaco,family_office,0,LOW,False
BA000612,BA000612,CLI_0454,INT_0009,WEALIFE_SE,Wealins Life Sweden,AV,actif,AV,ENC,C,1127000,1127000,0,1239600,279100,2019-09-11,2019-09-11,,,False,False,Stockholm Capital,Sweden,courtier,0,LOW,False
BA000613,BA000613,CLI_0455,INT_0001,WEALIFE_FR,Wealins Life France,AV,actif,AV,ENC,C,250000,296000,0,414200,101200,2022-06-23,2022-06-23,,,True,False,Valoria Capital,France,courtier,0,LOW,False
BA000614,BA000614,CLI_0456,INT_0001,WEACAP_FR,Wealins Capi France,CAP,actif,CAP,ENC,C,250000,316000,0,324000,53100,2025-06-16,2025-06-16,,,True,True,Valoria Capital,France,courtier,0,LOW,False
BA000615,BA000615,CLI_0456,INT_0001,WEACAP_FR,Wealins Capi France,CAP,actif,CAP,ENC,C,439000,439000,0,591000,197300,2023-05-13,2023-05-13,,,False,False,Valoria Capital,France,courtier,0,LOW,True
BA000616,BA000616,CLI_0456,INT_0001,WEALIFE_FR,Wealins Life France,AV,actif,AV,TER,L,365000,365000,95000,269700,47700,2024-07-11,2024-07-11,,,False,False,Valoria Capital,France,courtier,0,LOW,False
BA000617,BA000617,CLI_0457,INT_0001,WEALIFE_FR,Wealins Life France,AV,actif,AV,TER,C,841000,1119000,221000,923400,278200,2025-07-08,2025-07-08,,,False,False,Valoria Capital,France,courtier,0,LOW,False
BA000618,BA000618,CLI_0458,INT_0011,WEALIFE_MC,Wealins Life Monaco,AV,actif,AV,SUS,C,328000,363000,0,413400,84300,2022-08-14,2022-08-14,,,False,False,Copenhagen Finance,Denmark,courtier,0,LOW,False
BA000619,BA000619,CLI_0459,INT_0001,WEACAP_FR,Wealins Capi France,CAP,actif,CAP,ENC,C,647000,647000,99000,682700,160400,2024-12-19,2024-12-19,,,False,True,Valoria Capital,France,courtier,0,LOW,False
BA000620,BA000620,CLI_0459,INT_0001,WEACAP_FR,Wealins Capi France,CAP,actif,CAP,ENC,C,258000,353000,0,412700,78900,2024-11-10,2024-11-10,,,False,False,Valoria Capital,France,courtier,0,LOW,False
BA000621,BA000621,CLI_0460,INT_0012,WEACAP_MC,Wealins Capi Monaco,CAP,actif,CAP,SUS,C,302000,323000,0,395600,108600,2019-07-13,2019-07-13,,,False,False,Monaco Patrimoine,Monaco,family_office,0,LOW,False
BA000622,BA000622,CLI_0461,INT_0004,WEALIFE_IT,Wealins Life Italy +,AV,actif,AV,ENC,C,270000,270000,0,386900,129500,2020-10-06,2020-10-06,,,False,False,Milano Fiduciaria,Italy,fiduciaire,0,LOW,False
BA000623,BA000623,CLI_0461,INT_0004,WEALIFE_IT,Wealins Life Italy +,AV,actif,AV,ENC,C,294000,294000,54000,213900,62300,2020-08-05,2020-08-05,,,False,True,Milano Fiduciaria,Italy,fiduciaire,0,LOW,False
BA000624,BA000624,CLI_0461,INT_0004,WEALIFE_IT,Wealins Life Italy +,AV,actif,AV,ENC,C,533000,533000,0,491900,134900,2020-10-03,2020-10-03,,,False,False,Milano Fiduciaria,Italy,fiduciaire,0,LOW,False
BA000625,BA000625,CLI_0462,INT_0001,WEACAP_FR,Wealins Capi France,CAP,actif,CAP,ENC,C,740000,847000,0,1219900,394200,2020-03-16,2020-03-16,,,False,True,Valoria Capital,France,courtier,0,LOW,False
BA000626,BA000626,CLI_0463,INT_0009,WEALIFE_SE,Wealins Life Sweden,AV,actif,AV,ENC,C,280000,280000,0,349500,67400,2026-06-03,2026-06-03,,,False,True,Stockholm Capital,Sweden,courtier,0,LOW,False
BA000627,BA000627,CLI_0464,INT_0002,EPLAT_BE,ePlatinum Belgium,AV,actif,AV,ENC,C,943000,943000,0,910100,209200,2021-06-02,2021-06-02,,,False,False,Patrimoine & Conseil,Belgium,courtier,0,LOW,False
BA000628,BA000628,CLI_0465,INT_0008,WEALIFE_FI,Wealins Life Finland,AV,actif,AV,ENC,C,506000,604000,108000,552200,142900,2021-02-01,2021-02-01,,,False,False,Helsinki Wealth Advisors,Finland,courtier,0,LOW,True
BA000629,BA000629,CLI_0466,INT_0001,WEALIFE_FR,Wealins Life France,AV,actif,AV,ENC,C,250000,263000,0,263800,63900,2018-08-18,2018-08-18,,,False,False,Valoria Capital,France,courtier,0,LOW,False
BA000630,BA000630,CLI_0467,INT_0001,WEACAP_FR,Wealins Capi France,CAP,actif,CAP,ENC,L,1324000,1324000,297000,987200,171800,2020-02-10,2020-02-10,,,False,False,Valoria Capital,France,courtier,0,LOW,False
BA000631,BA000631,CLI_0468,INT_0001,WEALIFE_FR,Wealins Life France,AV,actif,AV,ENC,C,250000,250000,0,357400,87500,2026-07-06,2026-07-06,,,False,True,Valoria Capital,France,courtier,0,LOW,False
BA000632,BA000632,CLI_0469,INT_0002,EPLAT_BE,ePlatinum Belgium,AV,actif,AV,ENC,L,664000,796000,151000,620600,115600,2020-01-11,2020-01-11,,,False,False,Patrimoine & Conseil,Belgium,courtier,0,LOW,False
BA000633,BA000633,CLI_0469,INT_0002,WEALIFE_BE,Wealins Life Belgium,AV,actif,AV,ENC,C,325000,393000,0,386200,105600,2022-09-18,2022-09-18,,,False,False,Patrimoine & Conseil,Belgium,courtier,0,LOW,False
BA000634,BA000634,CLI_0470,INT_0001,WEACAP_FR,Wealins Capi France,CAP,actif,CAP,ENC,L,250000,250000,0,322600,49900,2018-10-28,2018-10-28,,,False,False,Valoria Capital,France,courtier,0,LOW,False
BA000635,BA000635,CLI_0470,INT_0001,WEACAP_FR,Wealins Capi France,CAP,actif,CAP,ENC,C,360000,360000,118000,257100,86400,2019-07-06,2019-07-06,,,False,False,Valoria Capital,France,courtier,0,LOW,False
BA000636,BA000636,CLI_0470,INT_0001,WEACAP_FR,Wealins Capi France,CAP,actif,CAP,ENC,C,285000,344000,0,403400,94500,2022-06-07,2022-06-07,,,False,True,Valoria Capital,France,courtier,0,LOW,False
BA000637,BA000637,CLI_0471,INT_0002,EPLAT_BE,ePlatinum Belgium,AV,actif,AV,ENC,C,250000,250000,0,299400,50200,2022-03-19,2022-03-19,,,False,False,Patrimoine & Conseil,Belgium,courtier,0,LOW,False
BA000638,BA000638,CLI_0472,INT_0007,WEALIFE_PT,Wealins Life Portugal,AV,actif,AV,ENC,L,250000,299000,0,403500,132600,2023-12-05,2023-12-05,,,False,False,Porto Investimentos,Portugal,courtier,0,LOW,False
BA000639,BA000639,CLI_0473,INT_0001,WEALIFE_FR,Wealins Life France,AV,actif,AV,ENC,C,343000,343000,147000,176800,32100,2021-05-20,2021-05-20,,,False,False,Valoria Capital,France,courtier,0,LOW,False
BA000640,BA000640,CLI_0473,INT_0001,WEALIFE_FR,Wealins Life France,AV,actif,AV,TER,C,421000,421000,60000,470700,116900,2026-04-09,2026-04-09,,,False,True,Valoria Capital,France,courtier,0,LOW,False
BA000641,BA000641,CLI_0474,INT_0002,WEALIFE_BE,Wealins Life Belgium,AV,actif,AV,SUS,C,521000,521000,0,570400,176100,2020-01-16,2020-01-16,,,False,False,Patrimoine & Conseil,Belgium,courtier,0,LOW,False
BA000642,BA000642,CLI_0475,INT_0002,WEALIFE_BE,Wealins Life Belgium,AV,actif,AV,ENC,C,1339000,1339000,394000,1292600,217800,2026-07-21,2026-07-21,,,False,False,Patrimoine & Conseil,Belgium,courtier,0,LOW,False
BA000643,BA000643,CLI_0476,INT_0006,EPLAT_BRD,ePlatinum Birdie,AV,actif,AV,SUS,L,250000,282000,0,366000,76900,2023-02-09,2023-02-09,,,False,False,Lux Private Office,Luxembourg,family_office,0,LOW,False
BA000644,BA000644,CLI_0477,INT_0001,WEACAP_FR,Wealins Capi France,CAP,actif,CAP,ENC,C,250000,250000,0,336300,115900,2023-06-13,2023-06-13,,,False,True,Valoria Capital,France,courtier,0,LOW,False
BA000645,BA000645,CLI_0478,INT_0004,WEALIFE_IT,Wealins Life Italy +,AV,actif,AV,ENC,C,1278000,1278000,146000,1386000,386900,2019-01-18,2019-01-18,,,False,False,Milano Fiduciaria,Italy,fiduciaire,0,LOW,False
BA000646,BA000646,CLI_0478,INT_0004,WEALIFE_IT,Wealins Life Italy +,AV,actif,AV,ENC,C,456000,456000,0,404400,90000,2019-12-27,2019-12-27,,,False,True,Milano Fiduciaria,Italy,fiduciaire,0,LOW,False
BA000647,BA000647,CLI_0479,INT_0009,WEALIFE_SE,Wealins Life Sweden,AV,actif,AV,ENC,C,6192000,7571000,0,7302300,1173700,2025-11-06,2025-11-06,,,False,False,Stockholm Capital,Sweden,courtier,0,LOW,False
BA000648,BA000648,CLI_0479,INT_0009,WEALIFE_SE,Wealins Life Sweden,AV,actif,AV,TER,C,8800000,10143000,0,13360600,4591100,2021-01-11,2021-01-11,,,False,False,Stockholm Capital,Sweden,courtier,0,LOW,False
BA000649,BA000649,CLI_0479,INT_0009,WEALIFE_SE,Wealins Life Sweden,AV,actif,AV,ENC,C,3729000,3729000,612000,4364600,1210900,2021-05-31,2021-05-31,,,False,False,Stockholm Capital,Sweden,courtier,0,LOW,False
BA000650,BA000650,CLI_0480,INT_0002,EPLAT_BE,ePlatinum Belgium,AV,actif,AV,ENC,C,250000,250000,0,355400,92500,2022-03-06,2022-03-06,,,False,False,Patrimoine & Conseil,Belgium,courtier,0,LOW,False
BA000651,BA000651,CLI_0481,INT_0006,PLAT_SER,Platinum Serenity,AV,actif,AV,ENC,C,642000,642000,0,710500,232100,2019-02-20,2019-02-20,,,False,False,Lux Private Office,Luxembourg,family_office,0,LOW,False
BA000652,BA000652,CLI_0481,INT_0006,WEALIFE_LU,Wealins Life Luxembourg,AV,actif,AV,ENC,L,286000,286000,32000,236500,77100,2018-09-25,2018-09-25,,,False,False,Lux Private Office,Luxembourg,family_office,0,LOW,False
BA000653,BA000653,CLI_0482,INT_0001,WEALIFE_FR,Wealins Life France,AV,actif,AV,ENC,C,250000,250000,0,354900,104000,2026-03-29,2026-03-29,,,False,False,Valoria Capital,France,courtier,0,LOW,False
BA000654,BA000654,CLI_0483,INT_0004,WEALIFE_IT,Wealins Life Italy +,AV,actif,AV,ENC,L,272000,272000,0,340900,112100,2019-12-11,2019-12-11,,,False,False,Milano Fiduciaria,Italy,fiduciaire,0,LOW,False
BA000655,BA000655,CLI_0483,INT_0004,WEALIFE_IT,Wealins Life Italy +,AV,actif,AV,ENC,C,380000,380000,101000,363800,100100,2021-06-14,2021-06-14,,,False,True,Milano Fiduciaria,Italy,fiduciaire,0,LOW,False
BA000656,BA000656,CLI_0484,INT_0001,WEACAP_FR,Wealins Capi France,CAP,actif,CAP,ENC,C,250000,250000,107000,187500,56200,2021-09-01,2021-09-01,,,False,False,Valoria Capital,France,courtier,0,LOW,False
BA000657,BA000657,CLI_0485,INT_0004,WEALIFE_IT,Wealins Life Italy +,AV,actif,AV,TER,L,608000,880000,0,912900,150900,2019-09-12,2019-09-12,,,False,False,Milano Fiduciaria,Italy,fiduciaire,0,LOW,False
BA000658,BA000658,CLI_0486,INT_0001,WEACAP_FR,Wealins Capi France,CAP,actif,CAP,SUS,C,313000,370000,0,460400,102400,2024-06-20,2024-06-20,,,False,False,Valoria Capital,France,courtier,0,LOW,False
BA000659,BA000659,CLI_0487,INT_0002,EPLAT_BE,ePlatinum Belgium,AV,actif,AV,ENC,L,250000,250000,39000,192100,56700,2019-01-08,2019-01-08,,,False,False,Patrimoine & Conseil,Belgium,courtier,0,LOW,False
BA000660,BA000660,CLI_0488,INT_0002,EPLAT_BE,ePlatinum Belgium,AV,actif,AV,ENC,C,372000,403000,138000,235800,54200,2019-02-10,2019-02-10,,,False,True,Patrimoine & Conseil,Belgium,courtier,0,LOW,False
BA000661,BA000661,CLI_0489,INT_0008,WEALIFE_FI,Wealins Life Finland,AV,actif,AV,ENC,C,301000,301000,52000,340800,80400,2020-12-12,2020-12-12,,,False,False,Helsinki Wealth Advisors,Finland,courtier,0,LOW,False
BA000662,BA000662,CLI_0490,INT_0001,WEALIFE_FR,Wealins Life France,AV,actif,AV,TER,C,1241000,1241000,0,1471800,513100,2019-02-07,2019-02-07,,,True,False,Valoria Capital,France,courtier,0,LOW,False
BA000663,BA000663,CLI_0491,INT_0003,WEALIFE_NO,Wealins Life Norway,AV,actif,AV,ENC,C,340000,440000,128000,307700,99300,2023-01-16,2023-01-16,,,False,False,Nordic Wealth Partners,Norway,courtier,0,LOW,False
BA000664,BA000664,CLI_0491,INT_0003,WEALIFE_NO,Wealins Life Norway,AV,actif,AV,ENC,L,638000,638000,0,878700,199500,2024-06-06,2024-06-06,,,False,False,Nordic Wealth Partners,Norway,courtier,0,LOW,False
BA000665,BA000665,CLI_0491,INT_0003,WEALIFE_NO,Wealins Life Norway,AV,actif,AV,ENC,C,268000,283000,51000,328000,102600,2020-09-08,2020-09-08,,,False,True,Nordic Wealth Partners,Norway,courtier,0,LOW,False
BA000666,BA000666,CLI_0492,INT_0007,WEALIFE_PT,Wealins Life Portugal,AV,actif,AV,TER,C,361000,361000,0,397500,133300,2025-02-24,2025-02-24,,,False,False,Porto Investimentos,Portugal,courtier,0,LOW,False
BA000667,BA000667,CLI_0492,INT_0007,WEALIFE_PT,Wealins Life Portugal,AV,actif,AV,ENC,C,250000,305000,0,411200,88700,2026-04-07,2026-04-07,,,False,False,Porto Investimentos,Portugal,courtier,0,LOW,False
BA000668,BA000668,CLI_0493,INT_0001,WEALIFE_FR,Wealins Life France,AV,actif,AV,ENC,C,250000,336000,0,395800,59600,2024-04-15,2024-04-15,,,False,False,Valoria Capital,France,courtier,0,LOW,False
BA000669,BA000669,CLI_0494,INT_0004,WEALIFE_IT,Wealins Life Italy +,AV,actif,AV,ENC,L,250000,268000,0,384900,69600,2023-03-11,2023-03-11,,,False,False,Milano Fiduciaria,Italy,fiduciaire,0,LOW,False
BA000670,BA000670,CLI_0494,INT_0004,WEALIFE_IT,Wealins Life Italy +,AV,actif,AV,TER,C,348000,348000,71000,279600,67000,2019-01-01,2019-01-01,,,False,True,Milano Fiduciaria,Italy,fiduciaire,0,LOW,False
BA000671,BA000671,CLI_0494,INT_0004,WEALIFE_IT,Wealins Life Italy +,AV,actif,AV,TER,C,491000,491000,0,440900,81100,2023-12-07,2023-12-07,,,False,False,Milano Fiduciaria,Italy,fiduciaire,0,LOW,False
BA000672,BA000672,CLI_0495,INT_0009,WEALIFE_SE,Wealins Life Sweden,AV,actif,AV,ENC,C,3090000,3090000,0,4109500,932400,2019-11-17,2019-11-17,,,False,False,Stockholm Capital,Sweden,courtier,0,LOW,False
BA000673,BA000673,CLI_0496,INT_0008,WEALIFE_FI,Wealins Life Finland,AV,actif,AV,ENC,C,795000,795000,0,729600,199900,2018-11-14,2018-11-14,,,False,False,Helsinki Wealth Advisors,Finland,courtier,0,LOW,False
BA000674,BA000674,CLI_0497,INT_0007,WEALIFE_PT,Wealins Life Portugal,AV,actif,AV,TER,C,250000,304000,0,410200,93400,2025-10-31,2025-10-31,,,False,False,Porto Investimentos,Portugal,courtier,0,LOW,False
BA000675,BA000675,CLI_0497,INT_0007,WEALIFE_PT,Wealins Life Portugal,AV,actif,AV,ENC,C,250000,250000,0,236000,60800,2021-09-27,2021-09-27,,,False,False,Porto Investimentos,Portugal,courtier,0,LOW,True
BA000676,BA000676,CLI_0497,INT_0007,WEALIFE_PT,Wealins Life Portugal,AV,actif,AV,TER,C,250000,250000,0,335300,55300,2025-06-17,2025-06-17,,,False,True,Porto Investimentos,Portugal,courtier,0,LOW,False
BA000677,BA000677,CLI_0498,INT_0001,WEACAP_FR,Wealins Capi France,CAP,actif,CAP,ENC,C,719000,719000,0,727400,235300,2024-04-12,2024-04-12,,,False,True,Valoria Capital,France,courtier,0,LOW,True
BA000678,BA000678,CLI_0499,INT_0011,WEALIFE_LU,Wealins Life Luxembourg,AV,actif,AV,ENC,L,548000,548000,0,530800,133300,2023-12-29,2023-12-29,,,False,True,Copenhagen Finance,Denmark,courtier,0,LOW,False
BA000679,BA000679,CLI_0500,INT_0001,WEACAP_FR,Wealins Capi France,CAP,actif,CAP,ENC,C,250000,308000,0,328900,55800,2024-12-16,2024-12-16,,,False,False,Valoria Capital,France,courtier,0,LOW,False
BA000680,BA000680,CLI_0501,INT_0003,WEALIFE_NO,Wealins Life Norway,AV,actif,AV,ENC,C,284000,324000,63000,252500,77600,2024-12-03,2024-12-03,,,False,False,Nordic Wealth Partners,Norway,courtier,0,LOW,False
BA000681,BA000681,CLI_0502,INT_0001,WEALIFE_FR,Wealins Life France,AV,actif,AV,ENC,C,1971000,1971000,306000,2250000,546200,2022-01-18,2022-01-18,,,False,False,Valoria Capital,France,courtier,0,LOW,False
BA000682,BA000682,CLI_0503,INT_0001,WEACAP_FR,Wealins Capi France,CAP,actif,CAP,ENC,C,250000,250000,0,252500,38700,2025-12-18,2025-12-18,,,False,False,Valoria Capital,France,courtier,0,LOW,False
BA000683,BA000683,CLI_0503,INT_0001,WEACAP_FR,Wealins Capi France,CAP,actif,CAP,ENC,C,402000,402000,58000,353600,106200,2021-12-17,2021-12-17,,,False,False,Valoria Capital,France,courtier,0,LOW,False
BA000684,BA000684,CLI_0504,INT_0001,WEALIFE_FR,Wealins Life France,AV,actif,AV,ENC,C,845000,845000,272000,627500,120100,2023-11-29,2023-11-29,,,False,False,Valoria Capital,France,courtier,0,LOW,False
BA000685,BA000685,CLI_0504,INT_0001,WEACAP_FR,Wealins Capi France,CAP,actif,CAP,ENC,C,847000,847000,0,850600,217600,2025-11-15,2025-11-15,,,False,False,Valoria Capital,France,courtier,0,LOW,False
BA000686,BA000686,CLI_0505,INT_0001,WEACAP_FR,Wealins Capi France,CAP,actif,CAP,ENC,C,460000,460000,94000,399400,78700,2026-07-16,2026-07-16,,,False,False,Valoria Capital,France,courtier,0,LOW,False
BA000687,BA000687,CLI_0506,INT_0001,WEALIFE_FR,Wealins Life France,AV,actif,AV,ENC,C,612000,901000,51000,841000,236500,2020-03-16,2020-03-16,,,False,False,Valoria Capital,France,courtier,0,LOW,False
BA000688,BA000688,CLI_0507,INT_0002,EPLAT_BE,ePlatinum Belgium,AV,actif,AV,ENC,C,281000,281000,96000,165700,52400,2021-08-23,2021-08-23,,,False,False,Patrimoine & Conseil,Belgium,courtier,0,LOW,False
BA000689,BA000689,CLI_0508,INT_0007,WEALIFE_PT,Wealins Life Portugal,AV,actif,AV,ENC,C,250000,271000,0,313000,53600,2022-02-01,2022-02-01,,,False,False,Porto Investimentos,Portugal,courtier,0,LOW,False
BA000690,BA000690,CLI_0508,INT_0007,WEALIFE_PT,Wealins Life Portugal,AV,actif,AV,ENC,C,250000,250000,0,242500,79200,2021-03-01,2021-03-01,,,False,False,Porto Investimentos,Portugal,courtier,0,LOW,False
BA000691,BA000691,CLI_0509,INT_0007,WEALIFE_PT,Wealins Life Portugal,AV,actif,AV,ENC,L,976000,1395000,403000,1295300,452000,2026-03-28,2026-03-28,,,True,False,Porto Investimentos,Portugal,courtier,0,LOW,False
BA000692,BA000692,CLI_0510,INT_0001,WEACAP_FR,Wealins Capi France,CAP,actif,CAP,TER,C,358000,358000,0,320200,52600,2021-12-29,2021-12-29,,,True,False,Valoria Capital,France,courtier,0,LOW,False
BA000693,BA000693,CLI_0511,INT_0001,WEALIFE_FR,Wealins Life France,AV,actif,AV,ENC,C,1196000,1196000,0,1059800,165900,2020-04-10,2020-04-10,,,False,False,Valoria Capital,France,courtier,0,LOW,False
BA000694,BA000694,CLI_0512,INT_0002,WEALIFE_BE,Wealins Life Belgium,AV,actif,AV,ENC,C,935000,935000,0,1239800,293400,2026-06-15,2026-06-15,,,False,False,Patrimoine & Conseil,Belgium,courtier,0,LOW,True
BA000695,BA000695,CLI_0513,INT_0001,WEACAP_FR,Wealins Capi France,CAP,actif,CAP,ENC,C,250000,336000,0,357900,103700,2025-03-15,2025-03-15,,,False,False,Valoria Capital,France,courtier,0,LOW,False
BA000696,BA000696,CLI_0514,INT_0001,WEALIFE_FR,Wealins Life France,AV,actif,AV,SUS,C,528000,528000,0,569400,90800,2023-10-13,2023-10-13,,,False,False,Valoria Capital,France,courtier,0,LOW,False
BA000697,BA000697,CLI_0515,INT_0006,EPLAT_BRD,ePlatinum Birdie,AV,actif,AV,ENC,L,368000,368000,147000,264100,55700,2019-08-15,2019-08-15,,,False,False,Lux Private Office,Luxembourg,family_office,0,LOW,False
BA000698,BA000698,CLI_0516,INT_0012,WEALIFE_MC,Wealins Life Monaco,AV,actif,AV,ENC,L,250000,250000,0,361600,108700,2020-08-31,2020-08-31,,,False,True,Monaco Patrimoine,Monaco,family_office,0,LOW,False
BA000699,BA000699,CLI_0517,INT_0001,WEALIFE_FR,Wealins Life France,AV,actif,AV,ENC,C,492000,606000,0,859500,280600,2019-06-02,2019-06-02,,,False,False,Valoria Capital,France,courtier,0,LOW,True
BA000700,BA000700,CLI_0518,INT_0002,WEALIFE_BE,Wealins Life Belgium,AV,actif,AV,ENC,C,531000,531000,231000,305800,50000,2018-08-20,2018-08-20,,,False,False,Patrimoine & Conseil,Belgium,courtier,0,LOW,False
BA000701,BA000701,CLI_0519,INT_0001,WEALIFE_FR,Wealins Life France,AV,actif,AV,ENC,L,484000,574000,192000,462600,144600,2020-02-12,2020-02-12,,,False,False,Valoria Capital,France,courtier,0,LOW,False
BA000702,BA000702,CLI_0520,INT_0005,WEALIFE_ES,Wealins Life Spain,AV,actif,AV,ENC,C,288000,288000,69000,193600,49800,2026-07-15,2026-07-15,,,False,False,Iberia Patrimonio,Spain,courtier,0,LOW,False
BA000703,BA000703,CLI_0521,INT_0004,WEALIFE_IT,Wealins Life Italy +,AV,actif,AV,ENC,C,250000,317000,0,349900,116000,2021-04-06,2021-04-06,,,False,True,Milano Fiduciaria,Italy,fiduciaire,0,LOW,False
BA000704,BA000704,CLI_0522,INT_0009,WEALIFE_SE,Wealins Life Sweden,AV,actif,AV,ENC,C,250000,250000,0,242800,80400,2020-10-25,2020-10-25,,,False,False,Stockholm Capital,Sweden,courtier,0,LOW,False
BA000705,BA000705,CLI_0523,INT_0010,WEALINS_DE,Wealins Germany,AV,legacy,AV,ENC,C,250000,250000,0,320200,54400,2021-09-27,2021-09-27,,,False,False,Rhine Capital Advisors,Germany,courtier,0,LOW,False
BA000706,BA000706,CLI_0523,INT_0010,WEALINS_DE,Wealins Germany,AV,legacy,AV,ENC,C,250000,326000,0,453600,80900,2026-06-30,2026-06-30,,,False,False,Rhine Capital Advisors,Germany,courtier,0,LOW,False
BA000707,BA000707,CLI_0524,INT_0001,WEALIFE_FR,Wealins Life France,AV,actif,AV,ENC,C,250000,250000,35000,202200,44600,2023-07-01,2023-07-01,,,True,True,Valoria Capital,France,courtier,0,LOW,False
BA000708,BA000708,CLI_0525,INT_0001,WEALIFE_FR,Wealins Life France,AV,actif,AV,ENC,C,250000,265000,0,306500,82200,2019-05-15,2019-05-15,,,False,True,Valoria Capital,France,courtier,0,LOW,False
BA000709,BA000709,CLI_0525,INT_0001,WEACAP_FR,Wealins Capi France,CAP,actif,CAP,ENC,L,250000,250000,0,320900,64500,2026-03-10,2026-03-10,,,False,False,Valoria Capital,France,courtier,0,LOW,False
BA000710,BA000710,CLI_0526,INT_0008,WEACAP_FI,Wealins Capitalisation Finland,CAP,actif,CAP,TER,L,447000,447000,117000,362300,96000,2023-02-01,2023-02-01,,,False,False,Helsinki Wealth Advisors,Finland,courtier,0,LOW,False
BA000711,BA000711,CLI_0526,INT_0008,WEALIFE_FI,Wealins Life Finland,AV,actif,AV,ENC,C,250000,331000,0,393700,81900,2025-09-20,2025-09-20,,,False,False,Helsinki Wealth Advisors,Finland,courtier,0,LOW,False
BA000712,BA000712,CLI_0527,INT_0003,WEALIFE_NO,Wealins Life Norway,AV,actif,AV,ENC,L,538000,538000,0,716800,126900,2024-02-03,2024-02-03,,,False,False,Nordic Wealth Partners,Norway,courtier,0,LOW,False
BA000713,BA000713,CLI_0528,INT_0002,WEALIFE_BE,Wealins Life Belgium,AV,actif,AV,ENC,C,487000,487000,0,671400,199700,2020-08-29,2020-08-29,,,False,False,Patrimoine & Conseil,Belgium,courtier,0,LOW,False
BA000714,BA000714,CLI_0529,INT_0001,WEALIFE_FR,Wealins Life France,AV,actif,AV,ENC,C,615000,761000,0,998000,347100,2020-09-10,2020-09-10,,,False,False,Valoria Capital,France,courtier,0,LOW,False
BA000715,BA000715,CLI_0530,INT_0002,WEALIFE_BE,Wealins Life Belgium,AV,actif,AV,ENC,L,481000,481000,90000,471900,126800,2022-01-08,2022-01-08,,,False,False,Patrimoine & Conseil,Belgium,courtier,0,LOW,False
BA000716,BA000716,CLI_0531,INT_0001,WEALIFE_FR,Wealins Life France,AV,actif,AV,SUS,C,250000,250000,0,268800,85400,2025-11-01,2025-11-01,,,False,False,Valoria Capital,France,courtier,0,LOW,True
BA000717,BA000717,CLI_0532,INT_0002,WEALIFE_BE,Wealins Life Belgium,AV,actif,AV,ENC,C,250000,265000,0,320000,63700,2024-08-21,2024-08-21,,,False,False,Patrimoine & Conseil,Belgium,courtier,0,LOW,False
BA000718,BA000718,CLI_0532,INT_0002,WEALIFE_BE,Wealins Life Belgium,AV,actif,AV,ENC,C,250000,250000,0,319000,74600,2023-02-12,2023-02-12,,,False,False,Patrimoine & Conseil,Belgium,courtier,0,LOW,False
BA000719,BA000719,CLI_0533,INT_0001,WEALIFE_FR,Wealins Life France,AV,actif,AV,ENC,C,897000,897000,0,1234300,281600,2022-02-03,2022-02-03,,,False,True,Valoria Capital,France,courtier,0,LOW,False
BA000720,BA000720,CLI_0534,INT_0001,WEALIFE_FR,Wealins Life France,AV,actif,AV,ENC,C,250000,250000,0,313900,100900,2025-02-03,2025-02-03,,,False,False,Valoria Capital,France,courtier,0,LOW,False
BA000721,BA000721,CLI_0535,INT_0001,WEACAP_FR,Wealins Capi France,CAP,actif,CAP,ENC,C,528000,814000,0,844400,264700,2020-01-26,2020-01-26,,,False,False,Valoria Capital,France,courtier,0,LOW,False
BA000722,BA000722,CLI_0536,INT_0001,WEACAP_FR,Wealins Capi France,CAP,actif,CAP,ENC,C,1082000,1444000,0,1921000,520400,2020-11-02,2020-11-02,,,False,False,Valoria Capital,France,courtier,0,LOW,False
BA000723,BA000723,CLI_0537,INT_0001,WEACAP_FR,Wealins Capi France,CAP,actif,CAP,ENC,L,250000,250000,0,222800,37300,2024-09-26,2024-09-26,,,False,False,Valoria Capital,France,courtier,0,LOW,False
BA000724,BA000724,CLI_0537,INT_0001,WEALIFE_FR,Wealins Life France,AV,actif,AV,ENC,C,250000,250000,0,329900,54600,2026-01-21,2026-01-21,,,False,False,Valoria Capital,France,courtier,0,LOW,False
BA000725,BA000725,CLI_0538,INT_0008,WEALIFE_FI,Wealins Life Finland,AV,actif,AV,ENC,C,457000,481000,0,503700,129600,2019-04-27,2019-04-27,,,False,False,Helsinki Wealth Advisors,Finland,courtier,0,LOW,False
BA000726,BA000726,CLI_0539,INT_0001,WEACAP_FR,Wealins Capi France,CAP,actif,CAP,SUS,C,713000,713000,0,735600,206400,2025-08-23,2025-08-23,,,True,False,Valoria Capital,France,courtier,0,LOW,False
BA000727,BA000727,CLI_0540,INT_0002,EPLAT_BE,ePlatinum Belgium,AV,actif,AV,ENC,C,574000,574000,200000,379100,116000,2021-10-03,2021-10-03,,,True,False,Patrimoine & Conseil,Belgium,courtier,0,LOW,False
BA000728,BA000728,CLI_0541,INT_0006,EPLAT_BRD,ePlatinum Birdie,AV,actif,AV,ENC,C,844000,1160000,0,1322000,451100,2022-05-01,2022-05-01,,,False,False,Lux Private Office,Luxembourg,family_office,0,LOW,False
BA000729,BA000729,CLI_0542,INT_0003,WEALIFE_NO,Wealins Life Norway,AV,actif,AV,ENC,C,495000,495000,0,567500,162200,2023-07-11,2023-07-11,,,False,False,Nordic Wealth Partners,Norway,courtier,0,LOW,False
BA000730,BA000730,CLI_0543,INT_0002,EPLAT_BE,ePlatinum Belgium,AV,actif,AV,ENC,C,959000,1150000,0,1627100,292600,2022-03-24,2022-03-24,,,False,True,Patrimoine & Conseil,Belgium,courtier,0,LOW,False
BA000731,BA000731,CLI_0544,INT_0007,WEALIFE_PT,Wealins Life Portugal,AV,actif,AV,ENC,L,2134000,2635000,496000,2958000,463400,2023-04-25,2023-04-25,,,False,False,Porto Investimentos,Portugal,courtier,0,LOW,False
BA000732,BA000732,CLI_0545,INT_0007,WEALIFE_PT,Wealins Life Portugal,AV,actif,AV,TER,C,250000,296000,57000,305800,100200,2026-07-21,2026-07-21,,,False,False,Porto Investimentos,Portugal,courtier,0,LOW,False
BA000733,BA000733,CLI_0546,INT_0001,WEACAP_FR,Wealins Capi France,CAP,actif,CAP,ENC,C,427000,487000,0,548200,106100,2020-05-04,2020-05-04,,,False,True,Valoria Capital,France,courtier,0,LOW,False
BA000734,BA000734,CLI_0546,INT_0001,WEALIFE_FR,Wealins Life France,AV,actif,AV,SUS,C,250000,271000,0,333900,106700,2020-01-01,2020-01-01,,,True,False,Valoria Capital,France,courtier,0,LOW,False
BA000735,BA000735,CLI_0547,INT_0008,WEACAP_FI,Wealins Capitalisation Finland,CAP,actif,CAP,ENC,C,1060000,1060000,263000,820500,263600,2019-12-04,2019-12-04,,,False,False,Helsinki Wealth Advisors,Finland,courtier,0,LOW,False
BA000736,BA000736,CLI_0548,INT_0001,WEACAP_FR,Wealins Capi France,CAP,actif,CAP,TER,C,250000,334000,106000,288500,94000,2024-05-08,2024-05-08,,,False,False,Valoria Capital,France,courtier,0,LOW,False
BA000737,BA000737,CLI_0549,INT_0001,WEALIFE_FR,Wealins Life France,AV,actif,AV,ENC,L,250000,283000,0,391600,74700,2020-03-28,2020-03-28,,,False,False,Valoria Capital,France,courtier,0,LOW,True
BA000738,BA000738,CLI_0549,INT_0001,WEACAP_FR,Wealins Capi France,CAP,actif,CAP,ENC,C,250000,250000,0,242500,46400,2022-05-25,2022-05-25,,,False,False,Valoria Capital,France,courtier,0,LOW,False
BA000739,BA000739,CLI_0550,INT_0001,WEALIFE_FR,Wealins Life France,AV,actif,AV,ENC,C,250000,333000,0,408900,95600,2021-04-25,2021-04-25,,,False,False,Valoria Capital,France,courtier,0,LOW,False
BA000740,BA000740,CLI_0551,INT_0002,EPLAT_BE,ePlatinum Belgium,AV,actif,AV,TER,C,250000,250000,0,243100,85100,2023-03-20,2023-03-20,,,False,False,Patrimoine & Conseil,Belgium,courtier,0,LOW,False
BA000741,BA000741,CLI_0551,INT_0002,WEALIFE_BE,Wealins Life Belgium,AV,actif,AV,ENC,L,953000,1157000,332000,778500,190200,2022-07-01,2022-07-01,,,False,False,Patrimoine & Conseil,Belgium,courtier,0,LOW,False
BA000742,BA000742,CLI_0552,INT_0001,WEALIFE_FR,Wealins Life France,AV,actif,AV,ENC,C,250000,250000,0,328100,109700,2021-07-10,2021-07-10,,,False,False,Valoria Capital,France,courtier,0,LOW,False
BA000743,BA000743,CLI_0553,INT_0004,WEALIFE_IT,Wealins Life Italy +,AV,actif,AV,TER,C,452000,578000,136000,428300,118300,2019-07-09,2019-07-09,,,False,False,Milano Fiduciaria,Italy,fiduciaire,0,LOW,False
BA000744,BA000744,CLI_0554,INT_0001,WEALIFE_FR,Wealins Life France,AV,actif,AV,ENC,C,250000,250000,107000,170700,47800,2024-03-15,2024-03-15,,,False,False,Valoria Capital,France,courtier,0,LOW,False
BA000745,BA000745,CLI_0555,INT_0001,WEALIFE_FR,Wealins Life France,AV,actif,AV,ENC,C,418000,418000,0,448600,118000,2024-05-28,2024-05-28,,,False,True,Valoria Capital,France,courtier,0,LOW,False
BA000746,BA000746,CLI_0556,INT_0004,WEALIFE_IT,Wealins Life Italy +,AV,actif,AV,ENC,C,723000,723000,0,797800,122200,2022-08-22,2022-08-22,,,True,False,Milano Fiduciaria,Italy,fiduciaire,0,LOW,False
BA000747,BA000747,CLI_0557,INT_0008,WEACAP_FI,Wealins Capitalisation Finland,CAP,actif,CAP,ENC,C,250000,302000,0,368200,101600,2019-03-01,2019-03-01,,,False,False,Helsinki Wealth Advisors,Finland,courtier,0,LOW,False
BA000748,BA000748,CLI_0558,INT_0008,WEACAP_FI,Wealins Capitalisation Finland,CAP,actif,CAP,ENC,L,250000,303000,0,291300,53200,2021-08-20,2021-08-20,,,False,False,Helsinki Wealth Advisors,Finland,courtier,0,LOW,False
BA000749,BA000749,CLI_0558,INT_0008,WEACAP_FI,Wealins Capitalisation Finland,CAP,actif,CAP,ENC,L,449000,449000,187000,315700,72900,2025-06-09,2025-06-09,,,False,False,Helsinki Wealth Advisors,Finland,courtier,0,LOW,False
BA000750,BA000750,CLI_0559,INT_0001,WEACAP_FR,Wealins Capi France,CAP,actif,CAP,ENC,C,703000,703000,0,895000,141800,2019-08-05,2019-08-05,,,False,False,Valoria Capital,France,courtier,0,LOW,True
BA000751,BA000751,CLI_0560,INT_0007,WEALIFE_PT,Wealins Life Portugal,AV,actif,AV,TER,L,250000,250000,42000,230500,66900,2026-04-25,2026-04-25,,,False,True,Porto Investimentos,Portugal,courtier,0,LOW,False
BA000752,BA000752,CLI_0561,INT_0001,WEACAP_FR,Wealins Capi France,CAP,actif,CAP,ENC,L,809000,809000,0,901500,315400,2023-11-06,2023-11-06,,,True,False,Valoria Capital,France,courtier,0,LOW,False
BA000753,BA000753,CLI_0562,INT_0002,EPLAT_BE,ePlatinum Belgium,AV,actif,AV,TER,L,363000,363000,0,436700,107800,2020-07-22,2020-07-22,,,False,True,Patrimoine & Conseil,Belgium,courtier,0,LOW,True
BA000754,BA000754,CLI_0562,INT_0002,EPLAT_BE,ePlatinum Belgium,AV,actif,AV,ENC,C,372000,372000,86000,352700,53700,2018-12-15,2018-12-15,,,False,False,Patrimoine & Conseil,Belgium,courtier,0,LOW,False
BA000755,BA000755,CLI_0563,INT_0001,WEACAP_FR,Wealins Capi France,CAP,actif,CAP,ENC,C,1367000,1679000,0,2263400,605700,2026-05-15,2026-05-15,,,False,False,Valoria Capital,France,courtier,0,LOW,False
BA000756,BA000756,CLI_0564,INT_0001,WEACAP_FR,Wealins Capi France,CAP,actif,CAP,ENC,L,250000,250000,0,307100,68900,2025-06-06,2025-06-06,,,False,False,Valoria Capital,France,courtier,0,LOW,False
BA000757,BA000757,CLI_0565,INT_0001,WEACAP_FR,Wealins Capi France,CAP,actif,CAP,SUS,C,658000,658000,0,650200,196900,2019-02-03,2019-02-03,,,False,True,Valoria Capital,France,courtier,0,LOW,False
BA000758,BA000758,CLI_0566,INT_0001,WEALIFE_FR,Wealins Life France,AV,actif,AV,ENC,L,250000,250000,0,326400,53400,2019-08-26,2019-08-26,,,False,False,Valoria Capital,France,courtier,0,LOW,False
BA000759,BA000759,CLI_0567,INT_0001,WEALIFE_FR,Wealins Life France,AV,actif,AV,ENC,L,250000,250000,0,301900,64700,2024-03-03,2024-03-03,,,False,True,Valoria Capital,France,courtier,0,LOW,False
BA000760,BA000760,CLI_0567,INT_0001,WEACAP_FR,Wealins Capi France,CAP,actif,CAP,ENC,L,475000,475000,176000,423300,75000,2022-05-26,2022-05-26,,,False,False,Valoria Capital,France,courtier,0,LOW,True
BA000761,BA000761,CLI_0568,INT_0002,EPLAT_BE,ePlatinum Belgium,AV,actif,AV,ENC,C,250000,346000,0,324700,110000,2021-12-07,2021-12-07,,,False,False,Patrimoine & Conseil,Belgium,courtier,0,LOW,False
BA000762,BA000762,CLI_0569,INT_0001,WEALIFE_FR,Wealins Life France,AV,actif,AV,ENC,C,281000,281000,72000,227300,62600,2026-07-03,2026-07-03,,,False,False,Valoria Capital,France,courtier,0,LOW,False
BA000763,BA000763,CLI_0569,INT_0001,WEACAP_FR,Wealins Capi France,CAP,actif,CAP,ENC,C,250000,308000,0,406400,130000,2024-12-13,2024-12-13,,,False,False,Valoria Capital,France,courtier,0,LOW,False
BA000764,BA000764,CLI_0570,INT_0007,WEALIFE_PT,Wealins Life Portugal,AV,actif,AV,ENC,C,250000,250000,0,341200,57800,2025-03-27,2025-03-27,,,False,False,Porto Investimentos,Portugal,courtier,0,LOW,False
BA000765,BA000765,CLI_0571,INT_0002,WEALIFE_BE,Wealins Life Belgium,AV,actif,AV,ENC,C,580000,697000,56000,818000,259000,2020-05-03,2020-05-03,,,False,False,Patrimoine & Conseil,Belgium,courtier,0,LOW,False
BA000766,BA000766,CLI_0571,INT_0002,WEALIFE_BE,Wealins Life Belgium,AV,actif,AV,ENC,C,616000,616000,0,826600,264800,2021-01-05,2021-01-05,,,False,False,Patrimoine & Conseil,Belgium,courtier,0,LOW,False
BA000767,BA000767,CLI_0571,INT_0002,EPLAT_BE,ePlatinum Belgium,AV,actif,AV,SUS,C,250000,289000,0,381900,81400,2019-09-09,2019-09-09,,,True,False,Patrimoine & Conseil,Belgium,courtier,0,LOW,False
BA000768,BA000768,CLI_0572,INT_0001,WEALIFE_FR,Wealins Life France,AV,actif,AV,ENC,C,2458000,4063000,829000,4617400,846300,2024-08-04,2024-08-04,,,False,False,Valoria Capital,France,courtier,0,LOW,False
BA000769,BA000769,CLI_0573,INT_0001,WEALIFE_FR,Wealins Life France,AV,actif,AV,TER,C,250000,250000,0,231300,68800,2019-04-17,2019-04-17,,,False,False,Valoria Capital,France,courtier,0,LOW,False
BA000770,BA000770,CLI_0574,INT_0001,WEACAP_FR,Wealins Capi France,CAP,actif,CAP,ENC,C,631000,631000,0,787800,247600,2024-03-26,2024-03-26,,,False,False,Valoria Capital,France,courtier,0,LOW,False
BA000771,BA000771,CLI_0575,INT_0001,WEACAP_FR,Wealins Capi France,CAP,actif,CAP,ENC,L,1778000,1778000,154000,2133700,577900,2026-03-20,2026-03-20,,,False,False,Valoria Capital,France,courtier,0,LOW,True
BA000772,BA000772,CLI_0575,INT_0001,WEALIFE_FR,Wealins Life France,AV,actif,AV,ENC,C,982000,982000,0,1273500,251800,2020-02-24,2020-02-24,,,False,False,Valoria Capital,France,courtier,0,LOW,False
BA000773,BA000773,CLI_0576,INT_0006,WEALIFE_LU,Wealins Life Luxembourg,AV,actif,AV,TER,C,340000,340000,0,329700,95500,2025-02-05,2025-02-05,,,False,False,Lux Private Office,Luxembourg,family_office,0,LOW,False
BA000774,BA000774,CLI_0576,INT_0006,WEACAP_LU,Wealins Capi Luxembourg,CAP,actif,CAP,ENC,C,254000,254000,108000,178800,43600,2018-10-05,2018-10-05,,,False,False,Lux Private Office,Luxembourg,family_office,0,LOW,False
BA000775,BA000775,CLI_0576,INT_0006,EPLAT_BRD,ePlatinum Birdie,AV,actif,AV,ENC,C,250000,293000,0,419600,113000,2022-05-04,2022-05-04,,,False,False,Lux Private Office,Luxembourg,family_office,0,LOW,False
BA000776,BA000776,CLI_0577,INT_0001,WEACAP_FR,Wealins Capi France,CAP,actif,CAP,ENC,C,250000,250000,0,240700,54900,2021-12-22,2021-12-22,,,False,False,Valoria Capital,France,courtier,0,LOW,True
BA000777,BA000777,CLI_0577,INT_0001,WEALIFE_FR,Wealins Life France,AV,actif,AV,ENC,L,250000,268000,0,240800,84000,2020-03-27,2020-03-27,,,False,True,Valoria Capital,France,courtier,0,LOW,False
BA000778,BA000778,CLI_0578,INT_0001,WEALIFE_FR,Wealins Life France,AV,actif,AV,ENC,L,1071000,1071000,0,1123300,331700,2025-07-25,2025-07-25,,,False,False,Valoria Capital,France,courtier,0,LOW,False
BA000779,BA000779,CLI_0578,INT_0001,WEALIFE_FR,Wealins Life France,AV,actif,AV,ENC,C,1019000,1019000,0,939400,256900,2023-12-14,2023-12-14,,,False,False,Valoria Capital,France,courtier,0,LOW,False
BA000780,BA000780,CLI_0579,INT_0009,WEALIFE_SE,Wealins Life Sweden,AV,actif,AV,ENC,C,493000,493000,0,647100,145700,2021-03-26,2021-03-26,,,True,False,Stockholm Capital,Sweden,courtier,0,LOW,True
BA000781,BA000781,CLI_0580,INT_0001,WEALIFE_FR,Wealins Life France,AV,actif,AV,ENC,L,250000,308000,104000,239600,38300,2019-03-21,2019-03-21,,,False,False,Valoria Capital,France,courtier,0,LOW,False
BA000782,BA000782,CLI_0581,INT_0001,WEACAP_FR,Wealins Capi France,CAP,actif,CAP,ENC,L,250000,250000,0,312200,73600,2020-11-10,2020-11-10,,,False,True,Valoria Capital,France,courtier,0,LOW,False
BA000783,BA000783,CLI_0581,INT_0001,WEALIFE_FR,Wealins Life France,AV,actif,AV,ENC,C,276000,276000,0,343400,61300,2022-01-05,2022-01-05,,,False,False,Valoria Capital,France,courtier,0,LOW,False
BA000784,BA000784,CLI_0582,INT_0002,EPLAT_BE,ePlatinum Belgium,AV,actif,AV,ENC,L,613000,613000,0,740200,233100,2020-01-15,2020-01-15,,,False,False,Patrimoine & Conseil,Belgium,courtier,0,LOW,True
BA000785,BA000785,CLI_0583,INT_0001,WEACAP_FR,Wealins Capi France,CAP,actif,CAP,ENC,C,292000,414000,53000,447300,152200,2024-11-22,2024-11-22,,,False,False,Valoria Capital,France,courtier,0,LOW,False
BA000786,BA000786,CLI_0583,INT_0001,WEACAP_FR,Wealins Capi France,CAP,actif,CAP,ENC,C,250000,250000,72000,229500,61700,2022-04-03,2022-04-03,,,False,False,Valoria Capital,France,courtier,0,LOW,False
BA000787,BA000787,CLI_0584,INT_0001,WEACAP_FR,Wealins Capi France,CAP,actif,CAP,ENC,C,1658000,1658000,0,1809700,316100,2018-09-12,2018-09-12,,,False,False,Valoria Capital,France,courtier,0,LOW,False
BA000788,BA000788,CLI_0584,INT_0001,WEACAP_FR,Wealins Capi France,CAP,actif,CAP,ENC,C,4518000,5632000,0,5907500,1906600,2024-12-26,2024-12-26,,,False,True,Valoria Capital,France,courtier,0,LOW,False
BA000789,BA000789,CLI_0585,INT_0001,WEALIFE_FR,Wealins Life France,AV,actif,AV,ENC,C,736000,736000,0,731200,110300,2022-04-07,2022-04-07,,,False,True,Valoria Capital,France,courtier,0,LOW,False
BA000790,BA000790,CLI_0585,INT_0001,WEALIFE_FR,Wealins Life France,AV,actif,AV,ENC,C,654000,654000,0,598600,105200,2022-05-04,2022-05-04,,,False,False,Valoria Capital,France,courtier,0,LOW,False
BA000791,BA000791,CLI_0586,INT_0008,WEALIFE_FI,Wealins Life Finland,AV,actif,AV,ENC,C,1013000,1013000,385000,801200,278400,2020-12-12,2020-12-12,,,False,True,Helsinki Wealth Advisors,Finland,courtier,0,LOW,False
BA000792,BA000792,CLI_0587,INT_0002,EPLAT_BE,ePlatinum Belgium,AV,actif,AV,ENC,C,250000,338000,51000,397400,103600,2021-08-15,2021-08-15,,,False,False,Patrimoine & Conseil,Belgium,courtier,0,LOW,False
BA000793,BA000793,CLI_0588,INT_0001,WEALIFE_FR,Wealins Life France,AV,actif,AV,ENC,C,447000,447000,76000,484300,119000,2018-12-24,2018-12-24,,,False,False,Valoria Capital,France,courtier,0,LOW,True
BA000794,BA000794,CLI_0589,INT_0005,WEALIFE_ES,Wealins Life Spain,AV,actif,AV,ENC,C,250000,250000,0,250900,80300,2020-03-21,2020-03-21,,,False,False,Iberia Patrimonio,Spain,courtier,0,LOW,False
BA000795,BA000795,CLI_0590,INT_0001,WEACAP_FR,Wealins Capi France,CAP,actif,CAP,ENC,C,250000,250000,0,239000,47300,2022-10-20,2022-10-20,,,False,False,Valoria Capital,France,courtier,0,LOW,False
BA000796,BA000796,CLI_0591,INT_0001,WEALIFE_FR,Wealins Life France,AV,actif,AV,ENC,L,250000,250000,106000,139800,41100,2022-10-19,2022-10-19,,,False,False,Valoria Capital,France,courtier,0,LOW,False
BA000797,BA000797,CLI_0591,INT_0001,WEALIFE_FR,Wealins Life France,AV,actif,AV,ENC,C,250000,250000,0,246900,74600,2026-06-25,2026-06-25,,,False,False,Valoria Capital,France,courtier,0,LOW,False
BA000798,BA000798,CLI_0592,INT_0010,WEALINS_DE,Wealins Germany,AV,legacy,AV,ENC,C,653000,653000,0,895500,193100,2026-07-18,2026-07-18,,,False,True,Rhine Capital Advisors,Germany,courtier,0,LOW,False
BA000799,BA000799,CLI_0593,INT_0002,WEALIFE_BE,Wealins Life Belgium,AV,actif,AV,ENC,C,965000,965000,333000,697900,144400,2019-10-04,2019-10-04,,,False,False,Patrimoine & Conseil,Belgium,courtier,0,LOW,False
BA000800,BA000800,CLI_0594,INT_0004,WEALIFE_IT,Wealins Life Italy +,AV,actif,AV,ENC,C,806000,806000,345000,514500,151900,2024-06-25,2024-06-25,,,False,False,Milano Fiduciaria,Italy,fiduciaire,0,LOW,False
BA000801,BA000801,CLI_0594,INT_0004,WEALIFE_IT,Wealins Life Italy +,AV,actif,AV,ENC,C,254000,269000,0,242000,66000,2019-07-09,2019-07-09,,,False,False,Milano Fiduciaria,Italy,fiduciaire,0,LOW,False
BA000802,BA000802,CLI_0595,INT_0002,EPLAT_BE,ePlatinum Belgium,AV,actif,AV,ENC,C,1753000,1753000,0,1561100,436500,2024-07-03,2024-07-03,,,False,False,Patrimoine & Conseil,Belgium,courtier,0,LOW,False
BA000803,BA000803,CLI_0595,INT_0002,WEALIFE_BE,Wealins Life Belgium,AV,actif,AV,ENC,C,1460000,1460000,0,1975900,301800,2023-11-05,2023-11-05,,,False,False,Patrimoine & Conseil,Belgium,courtier,0,LOW,False
BA000804,BA000804,CLI_0596,INT_0002,EPLAT_BE,ePlatinum Belgium,AV,actif,AV,ENC,C,729000,807000,0,855100,211300,2026-02-17,2026-02-17,,,False,False,Patrimoine & Conseil,Belgium,courtier,0,LOW,False
BA000805,BA000805,CLI_0597,INT_0004,WEALIFE_IT,Wealins Life Italy +,AV,actif,AV,ENC,C,786000,837000,0,1073400,252700,2021-01-13,2021-01-13,,,False,False,Milano Fiduciaria,Italy,fiduciaire,0,LOW,False
BA000806,BA000806,CLI_0598,INT_0002,WEALIFE_BE,Wealins Life Belgium,AV,actif,AV,ENC,L,250000,284000,32000,253700,68000,2025-05-21,2025-05-21,,,False,False,Patrimoine & Conseil,Belgium,courtier,0,LOW,False
BA000807,BA000807,CLI_0599,INT_0001,WEALIFE_FR,Wealins Life France,AV,actif,AV,ENC,C,361000,361000,0,364600,55900,2025-04-24,2025-04-24,,,False,False,Valoria Capital,France,courtier,0,LOW,False
BA000808,BA000808,CLI_0599,INT_0001,WEALIFE_FR,Wealins Life France,AV,actif,AV,TER,C,740000,921000,0,970200,242100,2019-08-19,2019-08-19,,,False,False,Valoria Capital,France,courtier,0,LOW,False
BA000809,BA000809,CLI_0599,INT_0001,WEACAP_FR,Wealins Capi France,CAP,actif,CAP,ENC,C,699000,808000,0,770300,184900,2026-07-12,2026-07-12,,,False,False,Valoria Capital,France,courtier,0,LOW,False
BA000810,BA000810,CLI_0600,INT_0009,WEALIFE_SE,Wealins Life Sweden,AV,actif,AV,ENC,C,250000,250000,0,319500,64200,2018-11-29,2018-11-29,,,False,False,Stockholm Capital,Sweden,courtier,0,LOW,False
BA000811,BA000811,CLI_0601,INT_0001,WEACAP_FR,Wealins Capi France,CAP,actif,CAP,ENC,L,250000,288000,0,355800,93700,2025-07-15,2025-07-15,,,False,False,Valoria Capital,France,courtier,0,LOW,True
BA000812,BA000812,CLI_0602,INT_0001,WEACAP_FR,Wealins Capi France,CAP,actif,CAP,ENC,C,250000,265000,0,319900,57000,2022-04-18,2022-04-18,,,True,False,Valoria Capital,France,courtier,0,LOW,False
BA000813,BA000813,CLI_0603,INT_0001,WEACAP_FR,Wealins Capi France,CAP,actif,CAP,ENC,C,331000,331000,0,389900,89600,2022-01-03,2022-01-03,,,False,False,Valoria Capital,France,courtier,0,LOW,False
BA000814,BA000814,CLI_0604,INT_0009,WEALIFE_SE,Wealins Life Sweden,AV,actif,AV,ENC,L,1145000,1145000,0,1299000,330200,2018-12-20,2018-12-20,,,False,False,Stockholm Capital,Sweden,courtier,0,LOW,True
BA000815,BA000815,CLI_0605,INT_0001,WEACAP_FR,Wealins Capi France,CAP,actif,CAP,ENC,C,250000,250000,44000,216800,35500,2021-02-21,2021-02-21,,,False,True,Valoria Capital,France,courtier,0,LOW,False
BA000816,BA000816,CLI_0606,INT_0008,WEACAP_FI,Wealins Capitalisation Finland,CAP,actif,CAP,ENC,C,3765000,5556000,0,7635800,2260500,2023-09-16,2023-09-16,,,False,False,Helsinki Wealth Advisors,Finland,courtier,0,LOW,True
BA000817,BA000817,CLI_0606,INT_0008,WEALIFE_FI,Wealins Life Finland,AV,actif,AV,ENC,C,1248000,1248000,0,1141500,181500,2023-10-03,2023-10-03,,,False,False,Helsinki Wealth Advisors,Finland,courtier,0,LOW,False
BA000818,BA000818,CLI_0607,INT_0001,WEACAP_FR,Wealins Capi France,CAP,actif,CAP,ENC,C,250000,263000,0,327100,102900,2022-12-30,2022-12-30,,,False,False,Valoria Capital,France,courtier,0,LOW,False
BA000819,BA000819,CLI_0608,INT_0006,PLAT_SER,Platinum Serenity,AV,actif,AV,TER,C,546000,585000,0,718000,183300,2019-02-24,2019-02-24,,,False,False,Lux Private Office,Luxembourg,family_office,0,LOW,False
BA000820,BA000820,CLI_0609,INT_0007,WEALIFE_PT,Wealins Life Portugal,AV,actif,AV,ENC,L,250000,337000,0,406600,116000,2021-04-11,2021-04-11,,,False,False,Porto Investimentos,Portugal,courtier,0,LOW,False
BA000821,BA000821,CLI_0609,INT_0007,WEALIFE_PT,Wealins Life Portugal,AV,actif,AV,ENC,C,250000,276000,0,370100,58800,2021-03-12,2021-03-12,,,False,False,Porto Investimentos,Portugal,courtier,0,LOW,False
BA000822,BA000822,CLI_0610,INT_0002,EPLAT_BE,ePlatinum Belgium,AV,actif,AV,ENC,C,1757000,2067000,0,2337400,565600,2026-01-05,2026-01-05,,,False,False,Patrimoine & Conseil,Belgium,courtier,0,LOW,False
BA000823,BA000823,CLI_0611,INT_0001,WEALIFE_FR,Wealins Life France,AV,actif,AV,ENC,C,1354000,1993000,0,2611100,459100,2021-05-04,2021-05-04,,,False,False,Valoria Capital,France,courtier,0,LOW,False
BA000824,BA000824,CLI_0612,INT_0009,WEALIFE_SE,Wealins Life Sweden,AV,actif,AV,ENC,C,327000,358000,0,402700,119700,2019-05-15,2019-05-15,,,False,False,Stockholm Capital,Sweden,courtier,0,LOW,False
BA000825,BA000825,CLI_0612,INT_0009,WEALIFE_SE,Wealins Life Sweden,AV,actif,AV,ENC,C,442000,442000,196000,243500,36600,2024-04-07,2024-04-07,,,False,False,Stockholm Capital,Sweden,courtier,0,LOW,False
BA000826,BA000826,CLI_0612,INT_0009,WEALIFE_SE,Wealins Life Sweden,AV,actif,AV,ENC,C,270000,333000,0,310200,80100,2020-05-15,2020-05-15,,,False,False,Stockholm Capital,Sweden,courtier,0,LOW,False
BA000827,BA000827,CLI_0613,INT_0001,WEACAP_FR,Wealins Capi France,CAP,actif,CAP,TER,C,257000,319000,83000,223700,61500,2025-12-03,2025-12-03,,,True,False,Valoria Capital,France,courtier,0,LOW,False
BA000828,BA000828,CLI_0614,INT_0001,WEALIFE_FR,Wealins Life France,AV,actif,AV,ENC,C,419000,522000,0,540500,167500,2025-11-13,2025-11-13,,,False,False,Valoria Capital,France,courtier,0,LOW,False
BA000829,BA000829,CLI_0615,INT_0005,WEALIFE_ES,Wealins Life Spain,AV,actif,AV,ENC,C,4575000,4575000,0,5123100,1090200,2026-01-09,2026-01-09,,,False,False,Iberia Patrimonio,Spain,courtier,0,LOW,False
BA000830,BA000830,CLI_0616,INT_0002,WEALIFE_BE,Wealins Life Belgium,AV,actif,AV,ENC,C,949000,949000,281000,709800,192000,2019-01-20,2019-01-20,,,False,False,Patrimoine & Conseil,Belgium,courtier,0,LOW,False
BA000831,BA000831,CLI_0617,INT_0001,WEACAP_FR,Wealins Capi France,CAP,actif,CAP,ENC,C,701000,798000,62000,712900,109300,2023-03-09,2023-03-09,,,False,False,Valoria Capital,France,courtier,0,LOW,False
BA000832,BA000832,CLI_0618,INT_0001,WEALIFE_FR,Wealins Life France,AV,actif,AV,ENC,C,1424000,1424000,0,1334100,447800,2021-06-20,2021-06-20,,,False,False,Valoria Capital,France,courtier,0,LOW,False
BA000833,BA000833,CLI_0619,INT_0001,WEALIFE_FR,Wealins Life France,AV,actif,AV,ENC,L,250000,250000,0,275300,83200,2025-05-04,2025-05-04,,,False,False,Valoria Capital,France,courtier,0,LOW,False
BA000834,BA000834,CLI_0620,INT_0008,WEACAP_FI,Wealins Capitalisation Finland,CAP,actif,CAP,ENC,C,250000,274000,85000,237700,76000,2021-08-08,2021-08-08,,,False,True,Helsinki Wealth Advisors,Finland,courtier,0,LOW,False
BA000835,BA000835,CLI_0621,INT_0007,WEALIFE_PT,Wealins Life Portugal,AV,actif,AV,ENC,C,350000,428000,0,587700,205300,2021-11-10,2021-11-10,,,False,False,Porto Investimentos,Portugal,courtier,0,LOW,False
BA000836,BA000836,CLI_0622,INT_0001,WEALIFE_FR,Wealins Life France,AV,actif,AV,TER,C,400000,400000,0,507300,154000,2023-02-17,2023-02-17,,,False,False,Valoria Capital,France,courtier,0,LOW,False
BA000837,BA000837,CLI_0622,INT_0001,WEALIFE_FR,Wealins Life France,AV,actif,AV,ENC,L,1158000,1158000,250000,1062500,203800,2023-06-08,2023-06-08,,,False,False,Valoria Capital,France,courtier,0,LOW,True
BA000838,BA000838,CLI_0623,INT_0007,WEALIFE_PT,Wealins Life Portugal,AV,actif,AV,ENC,C,490000,744000,0,843000,181100,2022-07-05,2022-07-05,,,False,False,Porto Investimentos,Portugal,courtier,0,LOW,False
BA000839,BA000839,CLI_0623,INT_0007,WEALIFE_PT,Wealins Life Portugal,AV,actif,AV,ENC,C,355000,355000,0,341200,94800,2018-11-20,2018-11-20,,,False,False,Porto Investimentos,Portugal,courtier,0,LOW,False
BA000840,BA000840,CLI_0624,INT_0012,WEACAP_MC,Wealins Capi Monaco,CAP,actif,CAP,ENC,C,250000,274000,0,354400,83400,2025-08-23,2025-08-23,,,False,False,Monaco Patrimoine,Monaco,family_office,0,LOW,False
BA000841,BA000841,CLI_0625,INT_0002,EPLAT_BE,ePlatinum Belgium,AV,actif,AV,TER,C,2969000,2969000,0,3232200,941500,2025-06-26,2025-06-26,,,False,False,Patrimoine & Conseil,Belgium,courtier,0,LOW,False
BA000842,BA000842,CLI_0626,INT_0001,WEALIFE_FR,Wealins Life France,AV,actif,AV,ENC,C,250000,279000,0,357700,75400,2023-10-30,2023-10-30,,,False,False,Valoria Capital,France,courtier,0,LOW,False
BA000843,BA000843,CLI_0627,INT_0001,WEACAP_FR,Wealins Capi France,CAP,actif,CAP,ENC,L,347000,382000,83000,329400,111800,2019-02-22,2019-02-22,,,False,False,Valoria Capital,France,courtier,0,LOW,False
BA000844,BA000844,CLI_0627,INT_0001,WEACAP_FR,Wealins Capi France,CAP,actif,CAP,ENC,C,427000,427000,0,462600,95600,2022-01-18,2022-01-18,,,False,False,Valoria Capital,France,courtier,0,LOW,False
BA000845,BA000845,CLI_0627,INT_0001,WEALIFE_FR,Wealins Life France,AV,actif,AV,ENC,C,250000,250000,35000,209500,52900,2023-06-17,2023-06-17,,,False,False,Valoria Capital,France,courtier,0,LOW,False
BA000846,BA000846,CLI_0628,INT_0004,WEALIFE_IT,Wealins Life Italy +,AV,actif,AV,ENC,C,250000,282000,0,361500,72700,2023-11-29,2023-11-29,,,False,False,Milano Fiduciaria,Italy,fiduciaire,0,LOW,False
BA000847,BA000847,CLI_0628,INT_0004,WEALIFE_IT,Wealins Life Italy +,AV,actif,AV,ENC,L,250000,250000,0,254400,48400,2021-12-03,2021-12-03,,,False,False,Milano Fiduciaria,Italy,fiduciaire,0,LOW,False
BA000848,BA000848,CLI_0628,INT_0004,WEALIFE_IT,Wealins Life Italy +,AV,actif,AV,ENC,C,250000,250000,0,246900,55700,2026-03-07,2026-03-07,,,False,False,Milano Fiduciaria,Italy,fiduciaire,0,LOW,False
BA000849,BA000849,CLI_0629,INT_0001,WEALIFE_FR,Wealins Life France,AV,actif,AV,ENC,C,899000,1185000,0,1133600,362500,2022-08-01,2022-08-01,,,False,False,Valoria Capital,France,courtier,0,LOW,False
BA000850,BA000850,CLI_0630,INT_0001,WEALIFE_FR,Wealins Life France,AV,actif,AV,ENC,C,2292000,2815000,0,3467500,531300,2023-09-28,2023-09-28,,,False,True,Valoria Capital,France,courtier,0,LOW,False
BA000851,BA000851,CLI_0631,INT_0001,WEALIFE_FR,Wealins Life France,AV,actif,AV,TER,L,250000,273000,0,294800,71200,2023-03-17,2023-03-17,,,False,False,Valoria Capital,France,courtier,0,LOW,False
BA000852,BA000852,CLI_0631,INT_0001,WEACAP_FR,Wealins Capi France,CAP,actif,CAP,ENC,C,250000,250000,0,238300,46100,2021-10-31,2021-10-31,,,False,False,Valoria Capital,France,courtier,0,LOW,False
BA000853,BA000853,CLI_0632,INT_0003,WEALIFE_NO,Wealins Life Norway,AV,actif,AV,ENC,L,295000,295000,98000,215500,70300,2019-05-26,2019-05-26,,,False,False,Nordic Wealth Partners,Norway,courtier,0,LOW,False
BA000854,BA000854,CLI_0633,INT_0001,WEACAP_FR,Wealins Capi France,CAP,actif,CAP,ENC,L,250000,279000,87000,191800,64700,2022-03-02,2022-03-02,,,False,False,Valoria Capital,France,courtier,0,LOW,False
BA000855,BA000855,CLI_0633,INT_0001,WEACAP_FR,Wealins Capi France,CAP,actif,CAP,ENC,C,250000,287000,0,292000,57400,2022-12-25,2022-12-25,,,False,False,Valoria Capital,France,courtier,0,LOW,False
BA000856,BA000856,CLI_0634,INT_0008,WEALIFE_FI,Wealins Life Finland,AV,actif,AV,ENC,C,250000,250000,92000,180300,45700,2023-08-27,2023-08-27,,,False,False,Helsinki Wealth Advisors,Finland,courtier,0,LOW,True
BA000857,BA000857,CLI_0635,INT_0009,WEALIFE_SE,Wealins Life Sweden,AV,actif,AV,ENC,C,250000,250000,0,233500,44100,2020-05-16,2020-05-16,,,False,True,Stockholm Capital,Sweden,courtier,0,LOW,False
BA000858,BA000858,CLI_0636,INT_0001,WEALIFE_FR,Wealins Life France,AV,actif,AV,ENC,C,250000,279000,0,285300,67500,2025-06-02,2025-06-02,,,False,False,Valoria Capital,France,courtier,0,LOW,False
BA000859,BA000859,CLI_0637,INT_0002,EPLAT_BE,ePlatinum Belgium,AV,actif,AV,ENC,C,250000,294000,0,309200,66800,2020-10-12,2020-10-12,,,False,False,Patrimoine & Conseil,Belgium,courtier,0,LOW,True
BA000860,BA000860,CLI_0638,INT_0001,WEALIFE_FR,Wealins Life France,AV,actif,AV,ENC,C,1077000,1211000,368000,836100,193000,2021-04-23,2021-04-23,,,False,False,Valoria Capital,France,courtier,0,LOW,False
BA000861,BA000861,CLI_0638,INT_0001,WEACAP_FR,Wealins Capi France,CAP,actif,CAP,ENC,C,843000,999000,158000,813600,187700,2021-08-03,2021-08-03,,,False,False,Valoria Capital,France,courtier,0,LOW,False
BA000862,BA000862,CLI_0639,INT_0001,WEALIFE_FR,Wealins Life France,AV,actif,AV,ENC,L,291000,291000,0,342200,60100,2025-09-14,2025-09-14,,,True,False,Valoria Capital,France,courtier,0,LOW,False
BA000863,BA000863,CLI_0640,INT_0007,WEALIFE_PT,Wealins Life Portugal,AV,actif,AV,ENC,C,250000,250000,0,233600,66000,2023-01-30,2023-01-30,,,False,False,Porto Investimentos,Portugal,courtier,0,LOW,False
BA000864,BA000864,CLI_0641,INT_0007,WEALIFE_PT,Wealins Life Portugal,AV,actif,AV,ENC,C,292000,328000,0,467300,81000,2023-05-14,2023-05-14,,,False,False,Porto Investimentos,Portugal,courtier,0,LOW,False
BA000865,BA000865,CLI_0642,INT_0001,WEACAP_FR,Wealins Capi France,CAP,actif,CAP,ENC,C,1259000,1259000,0,1662300,348400,2025-12-09,2025-12-09,,,False,False,Valoria Capital,France,courtier,0,LOW,False
BA000866,BA000866,CLI_0643,INT_0002,WEALIFE_BE,Wealins Life Belgium,AV,actif,AV,TER,C,708000,794000,0,904100,256800,2022-02-13,2022-02-13,,,False,False,Patrimoine & Conseil,Belgium,courtier,0,LOW,False
BA000867,BA000867,CLI_0644,INT_0008,WEACAP_FI,Wealins Capitalisation Finland,CAP,actif,CAP,SUS,L,474000,474000,0,442000,127200,2022-09-07,2022-09-07,,,False,False,Helsinki Wealth Advisors,Finland,courtier,0,LOW,False
BA000868,BA000868,CLI_0645,INT_0001,WEACAP_FR,Wealins Capi France,CAP,actif,CAP,ENC,C,888000,888000,281000,555100,185000,2023-02-07,2023-02-07,,,False,False,Valoria Capital,France,courtier,0,LOW,False
BA000869,BA000869,CLI_0646,INT_0002,EPLAT_BE,ePlatinum Belgium,AV,actif,AV,ENC,C,281000,406000,0,448400,131800,2019-04-14,2019-04-14,,,False,False,Patrimoine & Conseil,Belgium,courtier,0,LOW,False
BA000870,BA000870,CLI_0647,INT_0001,WEACAP_FR,Wealins Capi France,CAP,actif,CAP,ENC,L,250000,250000,0,327600,74600,2020-07-04,2020-07-04,,,False,False,Valoria Capital,France,courtier,0,LOW,False
BA000871,BA000871,CLI_0648,INT_0006,EPLAT_BRD,ePlatinum Birdie,AV,actif,AV,ENC,C,831000,831000,150000,964200,199900,2024-04-12,2024-04-12,,,False,False,Lux Private Office,Luxembourg,family_office,0,LOW,False
BA000872,BA000872,CLI_0649,INT_0001,WEALIFE_FR,Wealins Life France,AV,actif,AV,TER,C,723000,723000,0,879500,173500,2024-11-22,2024-11-22,,,False,False,Valoria Capital,France,courtier,0,LOW,False
BA000873,BA000873,CLI_0650,INT_0001,WEALIFE_FR,Wealins Life France,AV,actif,AV,ENC,L,470000,584000,0,523600,81000,2020-09-06,2020-09-06,,,False,False,Valoria Capital,France,courtier,0,LOW,False
BA000874,BA000874,CLI_0651,INT_0001,WEALIFE_FR,Wealins Life France,AV,actif,AV,ENC,L,1615000,1959000,0,2733200,420400,2022-11-28,2022-11-28,,,False,False,Valoria Capital,France,courtier,0,LOW,False
BA000875,BA000875,CLI_0651,INT_0001,WEALIFE_FR,Wealins Life France,AV,actif,AV,ENC,C,2020000,2020000,0,2679100,638700,2022-12-31,2022-12-31,,,False,False,Valoria Capital,France,courtier,0,LOW,False
BA000876,BA000876,CLI_0652,INT_0001,WEACAP_FR,Wealins Capi France,CAP,actif,CAP,TER,C,1113000,1113000,0,1100800,189100,2023-12-20,2023-12-20,,,False,False,Valoria Capital,France,courtier,0,LOW,False
BA000877,BA000877,CLI_0653,INT_0001,WEACAP_FR,Wealins Capi France,CAP,actif,CAP,ENC,C,538000,672000,171000,641500,145400,2021-01-10,2021-01-10,,,False,False,Valoria Capital,France,courtier,0,LOW,False
BA000878,BA000878,CLI_0654,INT_0009,WEALIFE_SE,Wealins Life Sweden,AV,actif,AV,ENC,C,250000,264000,0,248500,54700,2020-02-14,2020-02-14,,,False,False,Stockholm Capital,Sweden,courtier,0,LOW,False
BA000879,BA000879,CLI_0655,INT_0001,WEALIFE_FR,Wealins Life France,AV,actif,AV,ENC,C,2253000,2253000,0,2259300,753500,2018-10-14,2018-10-14,,,False,False,Valoria Capital,France,courtier,0,LOW,False
BA000880,BA000880,CLI_0656,INT_0008,WEALIFE_FI,Wealins Life Finland,AV,actif,AV,ENC,C,974000,974000,0,906300,147200,2022-05-02,2022-05-02,,,False,True,Helsinki Wealth Advisors,Finland,courtier,0,LOW,False
BA000881,BA000881,CLI_0656,INT_0008,WEACAP_FI,Wealins Capitalisation Finland,CAP,actif,CAP,TER,L,579000,892000,52000,1145400,322100,2025-04-13,2025-04-13,,,True,False,Helsinki Wealth Advisors,Finland,courtier,0,LOW,False
BA000882,BA000882,CLI_0657,INT_0001,WEACAP_FR,Wealins Capi France,CAP,actif,CAP,ENC,C,564000,564000,246000,438700,118600,2022-07-27,2022-07-27,,,False,False,Valoria Capital,France,courtier,0,LOW,False
BA000883,BA000883,CLI_0658,INT_0001,WEACAP_FR,Wealins Capi France,CAP,actif,CAP,ENC,C,681000,914000,162000,959800,252500,2025-11-13,2025-11-13,,,False,False,Valoria Capital,France,courtier,0,LOW,False
BA000884,BA000884,CLI_0658,INT_0001,WEACAP_FR,Wealins Capi France,CAP,actif,CAP,ENC,C,265000,283000,0,263000,65500,2019-01-25,2019-01-25,,,False,False,Valoria Capital,France,courtier,0,LOW,False
BA000885,BA000885,CLI_0659,INT_0001,WEALIFE_FR,Wealins Life France,AV,actif,AV,ENC,C,539000,539000,0,524000,176400,2024-01-17,2024-01-17,,,False,True,Valoria Capital,France,courtier,0,LOW,False
BA000886,BA000886,CLI_0659,INT_0001,WEACAP_FR,Wealins Capi France,CAP,actif,CAP,ENC,L,553000,720000,0,721100,171100,2022-05-09,2022-05-09,,,False,False,Valoria Capital,France,courtier,0,LOW,False
BA000887,BA000887,CLI_0660,INT_0001,WEALIFE_FR,Wealins Life France,AV,actif,AV,ENC,C,920000,920000,0,867900,301300,2020-01-09,2020-01-09,,,False,False,Valoria Capital,France,courtier,0,LOW,False
BA000888,BA000888,CLI_0661,INT_0004,WEALIFE_IT,Wealins Life Italy +,AV,actif,AV,SUS,C,557000,557000,0,595400,138200,2019-02-21,2019-02-21,,,False,True,Milano Fiduciaria,Italy,fiduciaire,0,LOW,False
BA000889,BA000889,CLI_0662,INT_0002,EPLAT_BE,ePlatinum Belgium,AV,actif,AV,ENC,C,743000,743000,0,967100,317900,2021-05-13,2021-05-13,,,False,False,Patrimoine & Conseil,Belgium,courtier,0,LOW,True
BA000890,BA000890,CLI_0662,INT_0002,EPLAT_BE,ePlatinum Belgium,AV,actif,AV,ENC,C,452000,565000,0,680800,231400,2025-07-19,2025-07-19,,,False,False,Patrimoine & Conseil,Belgium,courtier,0,LOW,False
BA000891,BA000891,CLI_0663,INT_0001,WEACAP_FR,Wealins Capi France,CAP,actif,CAP,SUS,C,497000,562000,0,743900,155700,2024-03-16,2024-03-16,,,False,False,Valoria Capital,France,courtier,0,LOW,False
BA000892,BA000892,CLI_0663,INT_0001,WEACAP_FR,Wealins Capi France,CAP,actif,CAP,ENC,C,310000,351000,69000,249400,38500,2024-03-11,2024-03-11,,,False,False,Valoria Capital,France,courtier,0,LOW,False
BA000893,BA000893,CLI_0664,INT_0001,WEACAP_FR,Wealins Capi France,CAP,actif,CAP,ENC,C,250000,250000,0,293000,89500,2022-08-31,2022-08-31,,,False,False,Valoria Capital,France,courtier,0,LOW,False
BA000894,BA000894,CLI_0665,INT_0005,WEALIFE_ES,Wealins Life Spain,AV,actif,AV,ENC,C,656000,702000,87000,706600,129800,2019-11-24,2019-11-24,,,False,False,Iberia Patrimonio,Spain,courtier,0,LOW,False
BA000895,BA000895,CLI_0666,INT_0007,WEALIFE_PT,Wealins Life Portugal,AV,actif,AV,SUS,C,250000,250000,46000,217500,39400,2025-06-10,2025-06-10,,,False,False,Porto Investimentos,Portugal,courtier,0,LOW,True
BA000896,BA000896,CLI_0667,INT_0007,WEALIFE_PT,Wealins Life Portugal,AV,actif,AV,ENC,L,618000,618000,0,819200,238300,2024-07-30,2024-07-30,,,True,False,Porto Investimentos,Portugal,courtier,0,LOW,False
BA000897,BA000897,CLI_0668,INT_0002,EPLAT_BE,ePlatinum Belgium,AV,actif,AV,ENC,C,989000,1156000,0,1022300,343400,2025-04-08,2025-04-08,,,False,False,Patrimoine & Conseil,Belgium,courtier,0,LOW,False
BA000898,BA000898,CLI_0669,INT_0002,EPLAT_BE,ePlatinum Belgium,AV,actif,AV,TER,L,250000,279000,0,261800,54300,2024-04-20,2024-04-20,,,False,True,Patrimoine & Conseil,Belgium,courtier,0,LOW,False
BA000899,BA000899,CLI_0669,INT_0002,WEALIFE_BE,Wealins Life Belgium,AV,actif,AV,ENC,C,518000,518000,0,576900,138900,2019-07-22,2019-07-22,,,False,False,Patrimoine & Conseil,Belgium,courtier,0,LOW,False
BA000900,BA000900,CLI_0669,INT_0002,WEALIFE_BE,Wealins Life Belgium,AV,actif,AV,ENC,C,273000,314000,0,391300,134500,2024-12-24,2024-12-24,,,False,False,Patrimoine & Conseil,Belgium,courtier,0,LOW,False
BA000901,BA000901,CLI_0670,INT_0002,EPLAT_BE,ePlatinum Belgium,AV,actif,AV,ENC,C,355000,477000,0,506500,109600,2019-03-17,2019-03-17,,,False,False,Patrimoine & Conseil,Belgium,courtier,0,LOW,False
BA000902,BA000902,CLI_0671,INT_0009,WEALIFE_SE,Wealins Life Sweden,AV,actif,AV,TER,C,873000,1034000,0,1243800,198700,2023-08-20,2023-08-20,,,False,False,Stockholm Capital,Sweden,courtier,0,LOW,False
BA000903,BA000903,CLI_0672,INT_0002,WEALIFE_BE,Wealins Life Belgium,AV,actif,AV,ENC,C,250000,250000,90000,174700,57400,2024-09-03,2024-09-03,,,False,True,Patrimoine & Conseil,Belgium,courtier,0,LOW,False
BA000904,BA000904,CLI_0673,INT_0001,WEALIFE_FR,Wealins Life France,AV,actif,AV,ENC,C,250000,270000,22000,257900,63400,2024-12-25,2024-12-25,,,False,False,Valoria Capital,France,courtier,0,LOW,False
BA000905,BA000905,CLI_0674,INT_0009,WEALIFE_SE,Wealins Life Sweden,AV,actif,AV,ENC,C,375000,434000,133000,419500,77500,2026-01-03,2026-01-03,,,True,True,Stockholm Capital,Sweden,courtier,0,LOW,False
BA000906,BA000906,CLI_0675,INT_0001,WEACAP_FR,Wealins Capi France,CAP,actif,CAP,ENC,C,250000,322000,0,367500,117300,2025-04-28,2025-04-28,,,False,False,Valoria Capital,France,courtier,0,LOW,False
BA000907,BA000907,CLI_0676,INT_0001,WEACAP_FR,Wealins Capi France,CAP,actif,CAP,ENC,C,306000,306000,0,306400,86200,2022-03-01,2022-03-01,,,False,False,Valoria Capital,France,courtier,0,LOW,False
BA000908,BA000908,CLI_0677,INT_0009,WEALIFE_SE,Wealins Life Sweden,AV,actif,AV,TER,C,336000,336000,140000,188100,44600,2024-09-03,2024-09-03,,,False,True,Stockholm Capital,Sweden,courtier,0,LOW,False
BA000909,BA000909,CLI_0677,INT_0009,WEALIFE_SE,Wealins Life Sweden,AV,actif,AV,ENC,C,528000,642000,59000,667200,223900,2024-10-01,2024-10-01,,,False,False,Stockholm Capital,Sweden,courtier,0,LOW,False
BA000910,BA000910,CLI_0678,INT_0001,WEALIFE_FR,Wealins Life France,AV,actif,AV,ENC,C,3288000,4526000,0,5921700,2038500,2018-09-07,2018-09-07,,,False,True,Valoria Capital,France,courtier,0,LOW,False
BA000911,BA000911,CLI_0679,INT_0007,WEALIFE_PT,Wealins Life Portugal,AV,actif,AV,ENC,C,699000,699000,207000,462800,91600,2022-11-01,2022-11-01,,,False,False,Porto Investimentos,Portugal,courtier,0,LOW,False
BA000912,BA000912,CLI_0679,INT_0007,WEALIFE_PT,Wealins Life Portugal,AV,actif,AV,ENC,C,482000,482000,0,602200,142200,2026-06-25,2026-06-25,,,False,False,Porto Investimentos,Portugal,courtier,0,LOW,False
BA000913,BA000913,CLI_0679,INT_0007,WEALIFE_PT,Wealins Life Portugal,AV,actif,AV,ENC,C,1265000,1265000,0,1336100,394700,2019-01-16,2019-01-16,,,False,False,Porto Investimentos,Portugal,courtier,0,LOW,False
BA000914,BA000914,CLI_0680,INT_0001,WEALIFE_FR,Wealins Life France,AV,actif,AV,ENC,C,320000,320000,0,396100,96300,2024-01-06,2024-01-06,,,False,False,Valoria Capital,France,courtier,0,LOW,False
BA000915,BA000915,CLI_0680,INT_0001,WEACAP_FR,Wealins Capi France,CAP,actif,CAP,ENC,C,351000,351000,0,332500,69500,2018-09-30,2018-09-30,,,False,False,Valoria Capital,France,courtier,0,LOW,False
BA000916,BA000916,CLI_0681,INT_0006,EPLAT_BRD,ePlatinum Birdie,AV,actif,AV,TER,C,250000,250000,0,228300,42300,2019-11-02,2019-11-02,,,False,True,Lux Private Office,Luxembourg,family_office,0,LOW,False
BA000917,BA000917,CLI_0681,INT_0006,WEACAP_LU,Wealins Capi Luxembourg,CAP,actif,CAP,ENC,C,277000,317000,90000,302900,83300,2024-03-11,2024-03-11,,,False,False,Lux Private Office,Luxembourg,family_office,0,LOW,False
BA000918,BA000918,CLI_0682,INT_0002,EPLAT_BE,ePlatinum Belgium,AV,actif,AV,ENC,C,274000,322000,47000,265700,76200,2019-01-10,2019-01-10,,,False,False,Patrimoine & Conseil,Belgium,courtier,0,LOW,False
BA000919,BA000919,CLI_0683,INT_0008,WEALIFE_FI,Wealins Life Finland,AV,actif,AV,ENC,C,250000,294000,49000,218600,34100,2022-01-09,2022-01-09,,,False,False,Helsinki Wealth Advisors,Finland,courtier,0,LOW,False
BA000920,BA000920,CLI_0684,INT_0001,WEALIFE_FR,Wealins Life France,AV,actif,AV,ENC,L,1163000,1163000,281000,1077500,296600,2019-03-30,2019-03-30,,,False,False,Valoria Capital,France,courtier,0,LOW,False
BA000921,BA000921,CLI_0685,INT_0002,EPLAT_BE,ePlatinum Belgium,AV,actif,AV,TER,L,321000,389000,0,418300,68700,2022-01-21,2022-01-21,,,False,True,Patrimoine & Conseil,Belgium,courtier,0,LOW,False
BA000922,BA000922,CLI_0686,INT_0002,WEALIFE_BE,Wealins Life Belgium,AV,actif,AV,TER,L,272000,272000,0,284800,67300,2023-10-28,2023-10-28,,,False,False,Patrimoine & Conseil,Belgium,courtier,0,LOW,False
BA000923,BA000923,CLI_0686,INT_0002,EPLAT_BE,ePlatinum Belgium,AV,actif,AV,ENC,C,322000,322000,0,460000,152700,2024-08-21,2024-08-21,,,False,False,Patrimoine & Conseil,Belgium,courtier,0,LOW,False
BA000924,BA000924,CLI_0687,INT_0008,WEALIFE_FI,Wealins Life Finland,AV,actif,AV,ENC,L,566000,566000,0,549600,113100,2022-06-26,2022-06-26,,,False,True,Helsinki Wealth Advisors,Finland,courtier,0,LOW,False
BA000925,BA000925,CLI_0688,INT_0001,WEACAP_FR,Wealins Capi France,CAP,actif,CAP,ENC,L,810000,1008000,0,1107100,371700,2025-05-20,2025-05-20,,,False,False,Valoria Capital,France,courtier,0,LOW,False
BA000926,BA000926,CLI_0689,INT_0001,WEACAP_FR,Wealins Capi France,CAP,actif,CAP,ENC,C,589000,818000,0,992300,191600,2022-07-03,2022-07-03,,,False,True,Valoria Capital,France,courtier,0,LOW,False
BA000927,BA000927,CLI_0689,INT_0001,WEACAP_FR,Wealins Capi France,CAP,actif,CAP,TER,C,1649000,1649000,0,1726200,429300,2022-02-24,2022-02-24,,,False,False,Valoria Capital,France,courtier,0,LOW,False
BA000928,BA000928,CLI_0690,INT_0001,WEACAP_FR,Wealins Capi France,CAP,actif,CAP,ENC,C,250000,250000,0,273200,88200,2019-07-22,2019-07-22,,,False,False,Valoria Capital,France,courtier,0,LOW,False
BA000929,BA000929,CLI_0691,INT_0006,WEALIFE_LU,Wealins Life Luxembourg,AV,actif,AV,ENC,C,468000,580000,0,558000,110800,2023-03-18,2023-03-18,,,False,False,Lux Private Office,Luxembourg,family_office,0,LOW,True
BA000930,BA000930,CLI_0692,INT_0001,WEACAP_FR,Wealins Capi France,CAP,actif,CAP,ENC,C,250000,338000,0,373600,86500,2019-08-26,2019-08-26,,,False,False,Valoria Capital,France,courtier,0,LOW,False
BA000931,BA000931,CLI_0693,INT_0004,WEALIFE_IT,Wealins Life Italy +,AV,actif,AV,ENC,C,250000,375000,0,340500,111600,2019-11-27,2019-11-27,,,False,True,Milano Fiduciaria,Italy,fiduciaire,0,LOW,False
BA000932,BA000932,CLI_0694,INT_0001,WEALIFE_FR,Wealins Life France,AV,actif,AV,ENC,L,309000,309000,0,390900,88400,2023-05-30,2023-05-30,,,False,False,Valoria Capital,France,courtier,0,LOW,False
BA000933,BA000933,CLI_0694,INT_0001,WEACAP_FR,Wealins Capi France,CAP,actif,CAP,TER,L,250000,250000,0,311200,62400,2022-11-24,2022-11-24,,,False,False,Valoria Capital,France,courtier,0,LOW,True
BA000934,BA000934,CLI_0695,INT_0001,WEACAP_FR,Wealins Capi France,CAP,actif,CAP,ENC,L,250000,290000,54000,324300,107500,2021-09-22,2021-09-22,,,False,False,Valoria Capital,France,courtier,0,LOW,False
BA000935,BA000935,CLI_0695,INT_0001,WEALIFE_FR,Wealins Life France,AV,actif,AV,ENC,L,283000,283000,59000,312000,91400,2020-02-24,2020-02-24,,,False,True,Valoria Capital,France,courtier,0,LOW,False
BA000936,BA000936,CLI_0695,INT_0001,WEALIFE_FR,Wealins Life France,AV,actif,AV,TER,C,250000,250000,0,258800,42100,2023-07-25,2023-07-25,,,False,False,Valoria Capital,France,courtier,0,LOW,False
BA000937,BA000937,CLI_0696,INT_0001,WEALIFE_FR,Wealins Life France,AV,actif,AV,ENC,C,250000,250000,0,265600,66700,2020-07-12,2020-07-12,,,True,False,Valoria Capital,France,courtier,0,LOW,False
BA000938,BA000938,CLI_0697,INT_0001,WEACAP_FR,Wealins Capi France,CAP,actif,CAP,ENC,L,250000,311000,106000,184700,60500,2024-11-09,2024-11-09,,,False,False,Valoria Capital,France,courtier,0,LOW,False
BA000939,BA000939,CLI_0698,INT_0001,WEALIFE_FR,Wealins Life France,AV,actif,AV,ENC,C,250000,250000,68000,200500,69400,2024-04-18,2024-04-18,,,False,False,Valoria Capital,France,courtier,0,LOW,False
BA000940,BA000940,CLI_0699,INT_0002,EPLAT_BE,ePlatinum Belgium,AV,actif,AV,SUS,C,1510000,1510000,607000,1164900,376200,2019-07-01,2019-07-01,,,False,False,Patrimoine & Conseil,Belgium,courtier,0,LOW,False
BA000941,BA000941,CLI_0700,INT_0001,WEACAP_FR,Wealins Capi France,CAP,actif,CAP,ENC,C,250000,290000,108000,262600,69800,2023-01-27,2023-01-27,,,False,False,Valoria Capital,France,courtier,0,LOW,False
BA000942,BA000942,CLI_0701,INT_0001,WEACAP_FR,Wealins Capi France,CAP,actif,CAP,ENC,C,250000,250000,0,296900,60400,2024-07-14,2024-07-14,,,False,False,Valoria Capital,France,courtier,0,LOW,False
BA000943,BA000943,CLI_0702,INT_0004,WEALIFE_IT,Wealins Life Italy +,AV,actif,AV,ENC,C,306000,306000,118000,184600,55500,2023-06-19,2023-06-19,,,False,False,Milano Fiduciaria,Italy,fiduciaire,0,LOW,True
BA000944,BA000944,CLI_0702,INT_0004,WEALIFE_IT,Wealins Life Italy +,AV,actif,AV,ENC,L,250000,250000,0,354400,83400,2023-12-23,2023-12-23,,,False,False,Milano Fiduciaria,Italy,fiduciaire,0,LOW,False
BA000945,BA000945,CLI_0703,INT_0008,WEALIFE_FI,Wealins Life Finland,AV,actif,AV,ENC,L,604000,834000,242000,806000,274100,2018-09-13,2018-09-13,,,False,False,Helsinki Wealth Advisors,Finland,courtier,0,LOW,False
BA000946,BA000946,CLI_0704,INT_0001,WEACAP_FR,Wealins Capi France,CAP,actif,CAP,ENC,C,250000,287000,0,316300,47500,2022-09-07,2022-09-07,,,False,True,Valoria Capital,France,courtier,0,LOW,True
BA000947,BA000947,CLI_0704,INT_0001,WEALIFE_FR,Wealins Life France,AV,actif,AV,ENC,C,250000,250000,0,250900,71600,2020-03-02,2020-03-02,,,False,False,Valoria Capital,France,courtier,0,LOW,False
BA000948,BA000948,CLI_0705,INT_0001,WEALIFE_FR,Wealins Life France,AV,actif,AV,ENC,C,521000,608000,0,665400,194300,2022-10-31,2022-10-31,,,False,False,Valoria Capital,France,courtier,0,LOW,False
BA000949,BA000949,CLI_0705,INT_0001,WEACAP_FR,Wealins Capi France,CAP,actif,CAP,ENC,L,250000,263000,0,286400,52200,2026-03-07,2026-03-07,,,False,False,Valoria Capital,France,courtier,0,LOW,False
BA000950,BA000950,CLI_0705,INT_0001,WEACAP_FR,Wealins Capi France,CAP,actif,CAP,ENC,C,451000,560000,176000,464800,140400,2023-03-20,2023-03-20,,,True,True,Valoria Capital,France,courtier,0,LOW,False
BA000951,BA000951,CLI_0706,INT_0001,WEALIFE_FR,Wealins Life France,AV,actif,AV,ENC,L,250000,250000,0,311300,53800,2018-09-20,2018-09-20,,,False,True,Valoria Capital,France,courtier,0,LOW,True
BA000952,BA000952,CLI_0707,INT_0001,WEALIFE_FR,Wealins Life France,AV,actif,AV,ENC,C,250000,250000,52000,238800,45800,2019-05-23,2019-05-23,,,False,False,Valoria Capital,France,courtier,0,LOW,False
BA000953,BA000953,CLI_0708,INT_0006,WEACAP_LU,Wealins Capi Luxembourg,CAP,actif,CAP,ENC,C,1558000,1558000,408000,1070500,200600,2019-08-23,2019-08-23,,,False,False,Lux Private Office,Luxembourg,family_office,0,LOW,False
BA000954,BA000954,CLI_0708,INT_0006,EPLAT_BRD,ePlatinum Birdie,AV,actif,AV,ENC,C,3277000,3598000,1325000,2118900,739500,2024-09-13,2024-09-13,,,False,False,Lux Private Office,Luxembourg,family_office,0,LOW,False
BA000955,BA000955,CLI_0709,INT_0001,WEACAP_FR,Wealins Capi France,CAP,actif,CAP,ENC,C,342000,342000,0,476700,165700,2023-10-10,2023-10-10,,,True,False,Valoria Capital,France,courtier,0,LOW,False
BA000956,BA000956,CLI_0710,INT_0001,WEALIFE_FR,Wealins Life France,AV,actif,AV,ENC,C,2248000,2399000,0,2626600,403200,2025-08-30,2025-08-30,,,False,False,Valoria Capital,France,courtier,0,LOW,False
BA000957,BA000957,CLI_0710,INT_0001,WEACAP_FR,Wealins Capi France,CAP,actif,CAP,TER,C,1822000,2179000,0,2782100,527600,2019-07-23,2019-07-23,,,False,False,Valoria Capital,France,courtier,0,LOW,False
BA000958,BA000958,CLI_0711,INT_0002,WEALIFE_BE,Wealins Life Belgium,AV,actif,AV,ENC,C,322000,322000,0,391500,99900,2024-03-14,2024-03-14,,,False,False,Patrimoine & Conseil,Belgium,courtier,0,LOW,False
BA000959,BA000959,CLI_0712,INT_0002,EPLAT_BE,ePlatinum Belgium,AV,actif,AV,TER,C,250000,310000,0,441000,71800,2020-07-20,2020-07-20,,,False,False,Patrimoine & Conseil,Belgium,courtier,0,LOW,True
BA000960,BA000960,CLI_0712,INT_0002,WEALIFE_BE,Wealins Life Belgium,AV,actif,AV,ENC,C,250000,294000,0,273600,83200,2023-12-25,2023-12-25,,,False,False,Patrimoine & Conseil,Belgium,courtier,0,LOW,False
BA000961,BA000961,CLI_0713,INT_0007,WEALIFE_PT,Wealins Life Portugal,AV,actif,AV,ENC,C,452000,452000,0,593800,125100,2020-05-13,2020-05-13,,,False,False,Porto Investimentos,Portugal,courtier,0,LOW,True
BA000962,BA000962,CLI_0714,INT_0001,WEALIFE_FR,Wealins Life France,AV,actif,AV,ENC,C,284000,373000,0,529600,150900,2020-07-16,2020-07-16,,,False,False,Valoria Capital,France,courtier,0,LOW,False
BA000963,BA000963,CLI_0715,INT_0001,WEACAP_FR,Wealins Capi France,CAP,actif,CAP,ENC,C,250000,269000,0,339000,92000,2018-09-22,2018-09-22,,,False,False,Valoria Capital,France,courtier,0,LOW,False
BA000964,BA000964,CLI_0716,INT_0001,WEACAP_FR,Wealins Capi France,CAP,actif,CAP,ENC,L,1354000,1757000,0,1671600,428200,2022-01-26,2022-01-26,,,False,False,Valoria Capital,France,courtier,0,LOW,False
BA000965,BA000965,CLI_0717,INT_0004,WEALIFE_IT,Wealins Life Italy +,AV,actif,AV,ENC,C,250000,306000,0,297400,99600,2018-11-26,2018-11-26,,,False,False,Milano Fiduciaria,Italy,fiduciaire,0,LOW,False
BA000966,BA000966,CLI_0718,INT_0002,WEALIFE_BE,Wealins Life Belgium,AV,actif,AV,TER,C,250000,250000,0,361000,77600,2018-11-23,2018-11-23,,,False,False,Patrimoine & Conseil,Belgium,courtier,0,LOW,False
BA000967,BA000967,CLI_0719,INT_0001,WEACAP_FR,Wealins Capi France,CAP,actif,CAP,ENC,C,250000,250000,0,296300,52500,2025-01-24,2025-01-24,,,False,False,Valoria Capital,France,courtier,0,LOW,False
BA000968,BA000968,CLI_0720,INT_0001,WEACAP_FR,Wealins Capi France,CAP,actif,CAP,ENC,C,250000,339000,0,303100,47200,2023-01-02,2023-01-02,,,False,True,Valoria Capital,France,courtier,0,LOW,False
BA000969,BA000969,CLI_0720,INT_0001,WEACAP_FR,Wealins Capi France,CAP,actif,CAP,TER,L,250000,291000,0,279100,95300,2024-10-19,2024-10-19,,,False,True,Valoria Capital,France,courtier,0,LOW,False
BA000970,BA000970,CLI_0721,INT_0001,WEALIFE_FR,Wealins Life France,AV,actif,AV,ENC,C,828000,828000,0,899000,142700,2023-11-25,2023-11-25,,,False,False,Valoria Capital,France,courtier,0,LOW,False
BA000971,BA000971,CLI_0722,INT_0001,WEACAP_FR,Wealins Capi France,CAP,actif,CAP,ENC,L,388000,604000,0,537700,91600,2021-10-26,2021-10-26,,,True,False,Valoria Capital,France,courtier,0,LOW,False
BA000972,BA000972,CLI_0722,INT_0001,WEALIFE_FR,Wealins Life France,AV,actif,AV,ENC,L,250000,311000,0,387700,84900,2020-10-17,2020-10-17,,,False,False,Valoria Capital,France,courtier,0,LOW,False
BA000973,BA000973,CLI_0722,INT_0001,WEALIFE_FR,Wealins Life France,AV,actif,AV,ENC,C,273000,353000,0,314600,55800,2023-08-22,2023-08-22,,,False,False,Valoria Capital,France,courtier,0,LOW,False
BA000974,BA000974,CLI_0723,INT_0002,EPLAT_BE,ePlatinum Belgium,AV,actif,AV,ENC,C,250000,326000,95000,268400,82200,2024-08-24,2024-08-24,,,False,False,Patrimoine & Conseil,Belgium,courtier,0,LOW,False
BA000975,BA000975,CLI_0724,INT_0002,EPLAT_BE,ePlatinum Belgium,AV,actif,AV,ENC,C,250000,290000,0,289600,80900,2025-01-01,2025-01-01,,,False,False,Patrimoine & Conseil,Belgium,courtier,0,LOW,False
BA000976,BA000976,CLI_0725,INT_0007,WEALIFE_PT,Wealins Life Portugal,AV,actif,AV,ENC,L,250000,250000,0,344300,86500,2020-10-09,2020-10-09,,,False,False,Porto Investimentos,Portugal,courtier,0,LOW,False
BA000977,BA000977,CLI_0726,INT_0001,WEACAP_FR,Wealins Capi France,CAP,actif,CAP,ENC,C,845000,1132000,0,1330100,263400,2023-02-09,2023-02-09,,,False,False,Valoria Capital,France,courtier,0,LOW,False
BA000978,BA000978,CLI_0727,INT_0001,WEACAP_FR,Wealins Capi France,CAP,actif,CAP,TER,C,345000,463000,0,580800,162500,2019-10-22,2019-10-22,,,False,False,Valoria Capital,France,courtier,0,LOW,False
BA000979,BA000979,CLI_0728,INT_0001,WEALIFE_FR,Wealins Life France,AV,actif,AV,ENC,C,280000,311000,0,337700,99300,2026-01-16,2026-01-16,,,False,False,Valoria Capital,France,courtier,0,LOW,False
BA000980,BA000980,CLI_0728,INT_0001,WEALIFE_FR,Wealins Life France,AV,actif,AV,ENC,C,477000,477000,0,583800,110500,2021-04-29,2021-04-29,,,False,False,Valoria Capital,France,courtier,0,LOW,False
BA000981,BA000981,CLI_0729,INT_0001,WEACAP_FR,Wealins Capi France,CAP,actif,CAP,SUS,C,524000,748000,151000,535100,125400,2022-03-29,2022-03-29,,,False,True,Valoria Capital,France,courtier,0,LOW,False
BA000982,BA000982,CLI_0729,INT_0001,WEALIFE_FR,Wealins Life France,AV,actif,AV,ENC,L,743000,743000,214000,559500,122400,2020-04-16,2020-04-16,,,False,False,Valoria Capital,France,courtier,0,LOW,False
BA000983,BA000983,CLI_0730,INT_0001,WEALIFE_FR,Wealins Life France,AV,actif,AV,ENC,L,250000,304000,0,281200,82800,2021-09-26,2021-09-26,,,False,False,Valoria Capital,France,courtier,0,LOW,True
BA000984,BA000984,CLI_0731,INT_0002,WEALIFE_BE,Wealins Life Belgium,AV,actif,AV,ENC,L,594000,768000,0,971600,321800,2022-11-27,2022-11-27,,,False,False,Patrimoine & Conseil,Belgium,courtier,0,LOW,False
BA000985,BA000985,CLI_0731,INT_0002,WEALIFE_BE,Wealins Life Belgium,AV,actif,AV,TER,C,584000,584000,183000,451500,71400,2023-05-08,2023-05-08,,,False,False,Patrimoine & Conseil,Belgium,courtier,0,LOW,False
BA000986,BA000986,CLI_0731,INT_0002,EPLAT_BE,ePlatinum Belgium,AV,actif,AV,ENC,C,579000,579000,0,582100,140100,2022-10-03,2022-10-03,,,False,False,Patrimoine & Conseil,Belgium,courtier,0,LOW,False
BA000987,BA000987,CLI_0732,INT_0001,WEALIFE_FR,Wealins Life France,AV,actif,AV,ENC,C,299000,299000,0,287000,48000,2018-07-25,2018-07-25,,,False,False,Valoria Capital,France,courtier,0,LOW,False
BA000988,BA000988,CLI_0733,INT_0007,WEALIFE_PT,Wealins Life Portugal,AV,actif,AV,ENC,C,1312000,1312000,0,1538700,392600,2026-01-06,2026-01-06,,,False,False,Porto Investimentos,Portugal,courtier,0,LOW,False
BA000989,BA000989,CLI_0733,INT_0007,WEALIFE_PT,Wealins Life Portugal,AV,actif,AV,ENC,C,942000,942000,0,958100,295100,2024-08-10,2024-08-10,,,False,True,Porto Investimentos,Portugal,courtier,0,LOW,False
BA000990,BA000990,CLI_0734,INT_0001,WEACAP_FR,Wealins Capi France,CAP,actif,CAP,TER,L,250000,250000,0,304100,54300,2023-12-31,2023-12-31,,,False,False,Valoria Capital,France,courtier,0,LOW,False
BA000991,BA000991,CLI_0734,INT_0001,WEALIFE_FR,Wealins Life France,AV,actif,AV,SUS,C,529000,529000,0,715100,183200,2018-08-06,2018-08-06,,,False,False,Valoria Capital,France,courtier,0,LOW,False
BA000992,BA000992,CLI_0734,INT_0001,WEACAP_FR,Wealins Capi France,CAP,actif,CAP,ENC,L,250000,250000,0,277100,61900,2019-09-15,2019-09-15,,,False,False,Valoria Capital,France,courtier,0,LOW,False
BA000993,BA000993,CLI_0735,INT_0001,WEACAP_FR,Wealins Capi France,CAP,actif,CAP,ENC,C,1814000,1814000,0,2223300,361900,2022-01-26,2022-01-26,,,True,False,Valoria Capital,France,courtier,0,LOW,False
BA000994,BA000994,CLI_0736,INT_0001,WEALIFE_FR,Wealins Life France,AV,actif,AV,ENC,L,585000,794000,55000,925500,167800,2022-10-03,2022-10-03,,,False,False,Valoria Capital,France,courtier,0,LOW,False
BA000995,BA000995,CLI_0736,INT_0001,WEACAP_FR,Wealins Capi France,CAP,actif,CAP,SUS,L,1125000,1125000,0,1289900,226100,2021-02-28,2021-02-28,,,False,False,Valoria Capital,France,courtier,0,LOW,False
BA000996,BA000996,CLI_0737,INT_0002,WEALIFE_BE,Wealins Life Belgium,AV,actif,AV,ENC,C,388000,465000,0,538900,169200,2019-08-02,2019-08-02,,,False,False,Patrimoine & Conseil,Belgium,courtier,0,LOW,False
BA000997,BA000997,CLI_0738,INT_0002,EPLAT_BE,ePlatinum Belgium,AV,actif,AV,ENC,C,1600000,1600000,0,2112900,468600,2019-08-02,2019-08-02,,,False,False,Patrimoine & Conseil,Belgium,courtier,0,LOW,False
BA000998,BA000998,CLI_0738,INT_0002,WEALIFE_BE,Wealins Life Belgium,AV,actif,AV,ENC,C,1927000,1927000,191000,2328100,431900,2022-06-28,2022-06-28,,,False,False,Patrimoine & Conseil,Belgium,courtier,0,LOW,False
BA000999,BA000999,CLI_0739,INT_0002,WEALIFE_BE,Wealins Life Belgium,AV,actif,AV,ENC,C,2768000,2768000,0,2523100,678400,2020-02-21,2020-02-21,,,False,False,Patrimoine & Conseil,Belgium,courtier,0,LOW,False
BA001000,BA001000,CLI_0740,INT_0001,WEALIFE_FR,Wealins Life France,AV,actif,AV,ENC,C,250000,296000,0,272100,79500,2026-02-09,2026-02-09,,,False,True,Valoria Capital,France,courtier,0,LOW,True
BA001001,BA001001,CLI_0741,INT_0002,WEALIFE_BE,Wealins Life Belgium,AV,actif,AV,ENC,C,250000,250000,0,234300,46600,2022-01-17,2022-01-17,,,False,True,Patrimoine & Conseil,Belgium,courtier,0,LOW,False
BA001002,BA001002,CLI_0742,INT_0005,WEALIFE_ES,Wealins Life Spain,AV,actif,AV,ENC,C,250000,250000,0,325500,93400,2022-02-20,2022-02-20,,,False,True,Iberia Patrimonio,Spain,courtier,0,LOW,False
BA001003,BA001003,CLI_0743,INT_0001,WEACAP_FR,Wealins Capi France,CAP,actif,CAP,ENC,C,250000,296000,107000,217900,43400,2022-07-03,2022-07-03,,,False,False,Valoria Capital,France,courtier,0,LOW,False
BA001004,BA001004,CLI_0744,INT_0001,WEACAP_FR,Wealins Capi France,CAP,actif,CAP,TER,L,250000,250000,44000,265500,81300,2023-07-12,2023-07-12,,,False,False,Valoria Capital,France,courtier,0,LOW,False
BA001005,BA001005,CLI_0745,INT_0004,WEALIFE_IT,Wealins Life Italy +,AV,actif,AV,ENC,C,250000,250000,54000,257900,84200,2025-07-02,2025-07-02,,,False,False,Milano Fiduciaria,Italy,fiduciaire,0,LOW,False
BA001006,BA001006,CLI_0746,INT_0001,WEACAP_FR,Wealins Capi France,CAP,actif,CAP,ENC,C,250000,250000,0,337200,91000,2023-12-24,2023-12-24,,,False,False,Valoria Capital,France,courtier,0,LOW,False
BA001007,BA001007,CLI_0746,INT_0001,WEALIFE_FR,Wealins Life France,AV,actif,AV,ENC,C,522000,636000,185000,593500,134300,2026-02-07,2026-02-07,,,False,False,Valoria Capital,France,courtier,0,LOW,False
BA001008,BA001008,CLI_0746,INT_0001,WEACAP_FR,Wealins Capi France,CAP,actif,CAP,ENC,C,250000,339000,0,307300,90900,2021-02-22,2021-02-22,,,False,False,Valoria Capital,France,courtier,0,LOW,False
BA001009,BA001009,CLI_0747,INT_0007,WEALIFE_PT,Wealins Life Portugal,AV,actif,AV,ENC,C,1027000,1252000,0,1102400,375100,2021-12-31,2021-12-31,,,False,True,Porto Investimentos,Portugal,courtier,0,LOW,False
BA001010,BA001010,CLI_0747,INT_0007,WEALIFE_PT,Wealins Life Portugal,AV,actif,AV,ENC,L,415000,415000,94000,379800,89000,2021-05-29,2021-05-29,,,False,False,Porto Investimentos,Portugal,courtier,0,LOW,False
BA001011,BA001011,CLI_0747,INT_0007,WEALIFE_PT,Wealins Life Portugal,AV,actif,AV,ENC,C,829000,1101000,0,1458000,286200,2020-06-10,2020-06-10,,,False,False,Porto Investimentos,Portugal,courtier,0,LOW,False
BA001012,BA001012,CLI_0748,INT_0006,WEACAP_LU,Wealins Capi Luxembourg,CAP,actif,CAP,ENC,L,519000,564000,0,746900,217600,2022-05-05,2022-05-05,,,False,False,Lux Private Office,Luxembourg,family_office,0,LOW,True
BA001013,BA001013,CLI_0749,INT_0001,WEALIFE_FR,Wealins Life France,AV,actif,AV,ENC,C,250000,315000,0,381200,63400,2023-10-21,2023-10-21,,,False,False,Valoria Capital,France,courtier,0,LOW,False
BA001014,BA001014,CLI_0750,INT_0001,WEALIFE_FR,Wealins Life France,AV,actif,AV,ENC,C,250000,310000,0,422600,104000,2018-12-01,2018-12-01,,,False,False,Valoria Capital,France,courtier,0,LOW,False
BA001015,BA001015,CLI_0751,INT_0002,EPLAT_BE,ePlatinum Belgium,AV,actif,AV,ENC,C,376000,376000,0,398500,133900,2021-02-14,2021-02-14,,,False,False,Patrimoine & Conseil,Belgium,courtier,0,LOW,False
BA001016,BA001016,CLI_0752,INT_0007,WEALIFE_PT,Wealins Life Portugal,AV,actif,AV,ENC,L,250000,250000,0,314500,109800,2021-03-27,2021-03-27,,,False,False,Porto Investimentos,Portugal,courtier,0,LOW,False
BA001017,BA001017,CLI_0753,INT_0001,WEACAP_FR,Wealins Capi France,CAP,actif,CAP,SUS,C,250000,250000,0,338100,62100,2020-10-24,2020-10-24,,,False,False,Valoria Capital,France,courtier,0,LOW,False
BA001018,BA001018,CLI_0753,INT_0001,WEACAP_FR,Wealins Capi France,CAP,actif,CAP,ENC,C,250000,250000,0,289500,75900,2021-01-06,2021-01-06,,,False,False,Valoria Capital,France,courtier,0,LOW,False
BA001019,BA001019,CLI_0754,INT_0007,WEALIFE_PT,Wealins Life Portugal,AV,actif,AV,ENC,C,1404000,1772000,540000,1435000,337500,2018-11-30,2018-11-30,,,False,False,Porto Investimentos,Portugal,courtier,0,LOW,False
BA001020,BA001020,CLI_0755,INT_0009,WEALIFE_SE,Wealins Life Sweden,AV,actif,AV,ENC,C,525000,577000,0,790900,170700,2018-08-12,2018-08-12,,,False,False,Stockholm Capital,Sweden,courtier,0,LOW,False
BA001021,BA001021,CLI_0755,INT_0009,WEALIFE_SE,Wealins Life Sweden,AV,actif,AV,ENC,C,411000,493000,0,652100,163500,2022-01-22,2022-01-22,,,False,False,Stockholm Capital,Sweden,courtier,0,LOW,False
BA001022,BA001022,CLI_0756,INT_0001,WEALIFE_FR,Wealins Life France,AV,actif,AV,ENC,L,317000,317000,0,388100,70200,2022-07-19,2022-07-19,,,False,True,Valoria Capital,France,courtier,0,LOW,False
BA001023,BA001023,CLI_0756,INT_0001,WEALIFE_FR,Wealins Life France,AV,actif,AV,ENC,C,250000,315000,0,447500,89900,2022-10-06,2022-10-06,,,False,False,Valoria Capital,France,courtier,0,LOW,False
BA001024,BA001024,CLI_0757,INT_0001,WEALIFE_FR,Wealins Life France,AV,actif,AV,ENC,C,251000,251000,0,254300,68600,2019-09-14,2019-09-14,,,False,False,Valoria Capital,France,courtier,0,LOW,False
BA001025,BA001025,CLI_0757,INT_0001,WEALIFE_FR,Wealins Life France,AV,actif,AV,ENC,C,250000,250000,42000,289100,89700,2022-09-07,2022-09-07,,,False,False,Valoria Capital,France,courtier,0,LOW,False
BA001026,BA001026,CLI_0757,INT_0001,WEACAP_FR,Wealins Capi France,CAP,actif,CAP,ENC,C,250000,289000,46000,314900,82700,2019-08-16,2019-08-16,,,False,True,Valoria Capital,France,courtier,0,LOW,False
BA001027,BA001027,CLI_0758,INT_0001,WEALIFE_FR,Wealins Life France,AV,actif,AV,ENC,C,887000,948000,0,869000,282800,2020-04-27,2020-04-27,,,False,False,Valoria Capital,France,courtier,0,LOW,False
BA001028,BA001028,CLI_0758,INT_0001,WEALIFE_FR,Wealins Life France,AV,actif,AV,ENC,C,929000,929000,0,1191700,411000,2026-02-24,2026-02-24,,,False,True,Valoria Capital,France,courtier,0,LOW,False
BA001029,BA001029,CLI_0759,INT_0006,PLAT_SER,Platinum Serenity,AV,actif,AV,ENC,C,446000,446000,0,576000,179800,2024-11-17,2024-11-17,,,False,False,Lux Private Office,Luxembourg,family_office,0,LOW,False
BA001030,BA001030,CLI_0760,INT_0001,WEACAP_FR,Wealins Capi France,CAP,actif,CAP,SUS,C,461000,461000,0,487100,99200,2025-12-13,2025-12-13,,,False,False,Valoria Capital,France,courtier,0,LOW,False
BA001031,BA001031,CLI_0761,INT_0001,WEALIFE_FR,Wealins Life France,AV,actif,AV,ENC,L,278000,365000,0,406800,118100,2021-08-13,2021-08-13,,,False,False,Valoria Capital,France,courtier,0,LOW,True
BA001032,BA001032,CLI_0762,INT_0001,WEACAP_FR,Wealins Capi France,CAP,actif,CAP,TER,C,811000,868000,0,859000,221500,2021-05-15,2021-05-15,,,False,False,Valoria Capital,France,courtier,0,LOW,False
BA001033,BA001033,CLI_0763,INT_0011,WEACAP_FI,Wealins Capitalisation Finland,CAP,actif,CAP,ENC,L,4855000,5592000,0,6149900,1016100,2023-06-25,2023-06-25,,,True,False,Copenhagen Finance,Denmark,courtier,0,LOW,False
BA001034,BA001034,CLI_0764,INT_0001,WEALIFE_FR,Wealins Life France,AV,actif,AV,ENC,C,250000,339000,0,479300,112500,2021-11-01,2021-11-01,,,False,False,Valoria Capital,France,courtier,0,LOW,False
BA001035,BA001035,CLI_0765,INT_0001,WEALIFE_FR,Wealins Life France,AV,actif,AV,ENC,C,267000,267000,0,327600,50200,2023-08-12,2023-08-12,,,False,True,Valoria Capital,France,courtier,0,LOW,False
BA001036,BA001036,CLI_0766,INT_0007,WEALIFE_PT,Wealins Life Portugal,AV,actif,AV,ENC,C,328000,378000,76000,300500,63100,2026-01-26,2026-01-26,,,False,False,Porto Investimentos,Portugal,courtier,0,LOW,False
BA001037,BA001037,CLI_0766,INT_0007,WEALIFE_PT,Wealins Life Portugal,AV,actif,AV,ENC,C,359000,429000,0,567300,126200,2025-03-31,2025-03-31,,,False,False,Porto Investimentos,Portugal,courtier,0,LOW,False
BA001038,BA001038,CLI_0767,INT_0007,WEALIFE_PT,Wealins Life Portugal,AV,actif,AV,SUS,C,250000,250000,0,338700,89900,2024-01-04,2024-01-04,,,False,False,Porto Investimentos,Portugal,courtier,0,LOW,False
BA001039,BA001039,CLI_0767,INT_0007,WEALIFE_PT,Wealins Life Portugal,AV,actif,AV,ENC,C,250000,361000,59000,421400,136800,2026-03-23,2026-03-23,,,False,True,Porto Investimentos,Portugal,courtier,0,LOW,False
BA001040,BA001040,CLI_0767,INT_0007,WEALIFE_PT,Wealins Life Portugal,AV,actif,AV,ENC,C,250000,250000,0,294500,44400,2025-12-30,2025-12-30,,,False,True,Porto Investimentos,Portugal,courtier,0,LOW,False
BA001041,BA001041,CLI_0768,INT_0008,WEALIFE_FI,Wealins Life Finland,AV,actif,AV,ENC,C,2964000,3350000,0,4786600,1129300,2022-11-15,2022-11-15,,,False,True,Helsinki Wealth Advisors,Finland,courtier,0,LOW,False
BA001042,BA001042,CLI_0769,INT_0001,WEALIFE_FR,Wealins Life France,AV,actif,AV,ENC,C,464000,464000,113000,325300,50500,2025-07-10,2025-07-10,,,False,False,Valoria Capital,France,courtier,0,LOW,False
BA001043,BA001043,CLI_0770,INT_0004,WEALIFE_IT,Wealins Life Italy +,AV,actif,AV,ENC,C,1950000,2211000,0,1945700,423700,2023-01-19,2023-01-19,,,False,False,Milano Fiduciaria,Italy,fiduciaire,0,LOW,False
BA001044,BA001044,CLI_0770,INT_0004,WEALIFE_IT,Wealins Life Italy +,AV,actif,AV,ENC,C,2806000,2806000,0,3561800,679900,2023-08-19,2023-08-19,,,False,False,Milano Fiduciaria,Italy,fiduciaire,0,LOW,False
BA001045,BA001045,CLI_0770,INT_0004,WEALIFE_IT,Wealins Life Italy +,AV,actif,AV,ENC,C,764000,1209000,0,1602500,371300,2021-04-04,2021-04-04,,,False,False,Milano Fiduciaria,Italy,fiduciaire,0,LOW,False
BA001046,BA001046,CLI_0771,INT_0001,WEACAP_FR,Wealins Capi France,CAP,actif,CAP,ENC,L,269000,269000,0,344500,92200,2021-12-28,2021-12-28,,,False,False,Valoria Capital,France,courtier,0,LOW,False
BA001047,BA001047,CLI_0772,INT_0001,WEALIFE_FR,Wealins Life France,AV,actif,AV,ENC,C,658000,885000,0,1038200,319700,2021-04-23,2021-04-23,,,False,False,Valoria Capital,France,courtier,0,LOW,False
BA001048,BA001048,CLI_0773,INT_0001,WEACAP_FR,Wealins Capi France,CAP,actif,CAP,ENC,C,250000,250000,0,251500,73900,2022-07-31,2022-07-31,,,False,True,Valoria Capital,France,courtier,0,LOW,False
BA001049,BA001049,CLI_0773,INT_0001,WEACAP_FR,Wealins Capi France,CAP,actif,CAP,TER,C,250000,295000,47000,348400,112200,2019-02-19,2019-02-19,,,False,False,Valoria Capital,France,courtier,0,LOW,False
BA001050,BA001050,CLI_0774,INT_0007,WEALIFE_PT,Wealins Life Portugal,AV,actif,AV,ENC,C,1074000,1074000,163000,1021100,205000,2025-07-29,2025-07-29,,,False,False,Porto Investimentos,Portugal,courtier,0,LOW,False
BA001051,BA001051,CLI_0774,INT_0007,WEALIFE_PT,Wealins Life Portugal,AV,actif,AV,ENC,C,802000,802000,0,774600,150600,2020-09-26,2020-09-26,,,False,False,Porto Investimentos,Portugal,courtier,0,LOW,False
BA001052,BA001052,CLI_0775,INT_0001,WEALIFE_FR,Wealins Life France,AV,actif,AV,ENC,C,1528000,1528000,0,1746100,571400,2023-11-07,2023-11-07,,,False,False,Valoria Capital,France,courtier,0,LOW,False
BA001053,BA001053,CLI_0776,INT_0002,WEALIFE_BE,Wealins Life Belgium,AV,actif,AV,ENC,C,466000,466000,0,615500,138400,2022-11-29,2022-11-29,,,False,False,Patrimoine & Conseil,Belgium,courtier,0,LOW,False
BA001054,BA001054,CLI_0777,INT_0007,WEALIFE_PT,Wealins Life Portugal,AV,actif,AV,ENC,C,358000,358000,138000,197000,59200,2021-06-25,2021-06-25,,,False,False,Porto Investimentos,Portugal,courtier,0,LOW,True
BA001055,BA001055,CLI_0778,INT_0002,WEALIFE_BE,Wealins Life Belgium,AV,actif,AV,ENC,C,483000,483000,0,547600,104000,2020-06-17,2020-06-17,,,False,False,Patrimoine & Conseil,Belgium,courtier,0,LOW,False
BA001056,BA001056,CLI_0778,INT_0002,WEALIFE_BE,Wealins Life Belgium,AV,actif,AV,ENC,C,759000,804000,0,1045900,323500,2018-08-25,2018-08-25,,,False,False,Patrimoine & Conseil,Belgium,courtier,0,LOW,False
BA001057,BA001057,CLI_0779,INT_0009,WEALIFE_SE,Wealins Life Sweden,AV,actif,AV,ENC,C,743000,743000,322000,589800,190500,2020-05-18,2020-05-18,,,False,False,Stockholm Capital,Sweden,courtier,0,LOW,False
BA001058,BA001058,CLI_0780,INT_0001,WEALIFE_FR,Wealins Life France,AV,actif,AV,ENC,C,250000,250000,0,325000,53300,2022-04-14,2022-04-14,,,False,False,Valoria Capital,France,courtier,0,LOW,False
BA001059,BA001059,CLI_0781,INT_0008,WEACAP_FI,Wealins Capitalisation Finland,CAP,actif,CAP,ENC,L,1067000,1457000,0,1904100,456200,2025-02-16,2025-02-16,,,False,False,Helsinki Wealth Advisors,Finland,courtier,0,LOW,False
BA001060,BA001060,CLI_0782,INT_0002,WEALIFE_BE,Wealins Life Belgium,AV,actif,AV,ENC,C,330000,365000,0,442600,101800,2023-10-28,2023-10-28,,,False,False,Patrimoine & Conseil,Belgium,courtier,0,LOW,False
BA001061,BA001061,CLI_0783,INT_0001,WEACAP_FR,Wealins Capi France,CAP,actif,CAP,ENC,C,688000,688000,0,752500,192200,2025-11-10,2025-11-10,,,False,False,Valoria Capital,France,courtier,0,LOW,False
BA001062,BA001062,CLI_0784,INT_0002,WEALIFE_BE,Wealins Life Belgium,AV,actif,AV,ENC,C,882000,882000,161000,832200,165100,2021-05-09,2021-05-09,,,False,False,Patrimoine & Conseil,Belgium,courtier,0,LOW,False
BA001063,BA001063,CLI_0784,INT_0002,WEALIFE_BE,Wealins Life Belgium,AV,actif,AV,ENC,C,1032000,1032000,0,1089100,352300,2025-07-02,2025-07-02,,,False,False,Patrimoine & Conseil,Belgium,courtier,0,LOW,False
BA001064,BA001064,CLI_0785,INT_0001,WEACAP_FR,Wealins Capi France,CAP,actif,CAP,TER,C,250000,250000,37000,261000,53900,2023-04-30,2023-04-30,,,False,False,Valoria Capital,France,courtier,0,LOW,False
BA001065,BA001065,CLI_0786,INT_0001,WEACAP_FR,Wealins Capi France,CAP,actif,CAP,ENC,L,2016000,3118000,0,3478900,1165900,2023-02-13,2023-02-13,,,False,True,Valoria Capital,France,courtier,0,LOW,False
BA001066,BA001066,CLI_0786,INT_0001,WEACAP_FR,Wealins Capi France,CAP,actif,CAP,ENC,L,1384000,1384000,374000,1001400,330600,2021-07-06,2021-07-06,,,False,True,Valoria Capital,France,courtier,0,LOW,False
BA001067,BA001067,CLI_0787,INT_0001,WEACAP_FR,Wealins Capi France,CAP,actif,CAP,ENC,C,1465000,1465000,0,1576200,432700,2018-11-10,2018-11-10,,,False,False,Valoria Capital,France,courtier,0,LOW,False
BA001068,BA001068,CLI_0788,INT_0001,WEALIFE_FR,Wealins Life France,AV,actif,AV,ENC,C,250000,304000,0,286700,69400,2019-09-26,2019-09-26,,,False,False,Valoria Capital,France,courtier,0,LOW,False
BA001069,BA001069,CLI_0788,INT_0001,WEALIFE_FR,Wealins Life France,AV,actif,AV,ENC,C,250000,375000,0,542200,185500,2022-05-21,2022-05-21,,,False,False,Valoria Capital,France,courtier,0,LOW,False
BA001070,BA001070,CLI_0788,INT_0001,WEALIFE_FR,Wealins Life France,AV,actif,AV,SUS,L,272000,272000,0,296700,72000,2026-01-12,2026-01-12,,,False,False,Valoria Capital,France,courtier,0,LOW,False
BA001071,BA001071,CLI_0789,INT_0004,WEALIFE_IT,Wealins Life Italy +,AV,actif,AV,TER,C,250000,339000,0,375900,71200,2025-05-30,2025-05-30,,,False,False,Milano Fiduciaria,Italy,fiduciaire,0,LOW,True
BA001072,BA001072,CLI_0790,INT_0001,WEALIFE_FR,Wealins Life France,AV,actif,AV,ENC,C,250000,277000,0,327900,93200,2020-02-16,2020-02-16,,,False,False,Valoria Capital,France,courtier,0,LOW,False
BA001073,BA001073,CLI_0791,INT_0001,WEACAP_FR,Wealins Capi France,CAP,actif,CAP,ENC,C,818000,975000,308000,710700,232600,2024-09-14,2024-09-14,,,False,False,Valoria Capital,France,courtier,0,LOW,False
BA001074,BA001074,CLI_0792,INT_0007,WEALIFE_PT,Wealins Life Portugal,AV,actif,AV,ENC,L,387000,387000,0,546800,182300,2019-01-04,2019-01-04,,,False,False,Porto Investimentos,Portugal,courtier,0,LOW,False
BA001075,BA001075,CLI_0793,INT_0001,WEACAP_FR,Wealins Capi France,CAP,actif,CAP,ENC,C,258000,374000,0,464800,84600,2024-02-13,2024-02-13,,,False,False,Valoria Capital,France,courtier,0,LOW,False
BA001076,BA001076,CLI_0793,INT_0001,WEALIFE_FR,Wealins Life France,AV,actif,AV,ENC,C,981000,1128000,0,1251200,350400,2025-06-23,2025-06-23,,,False,False,Valoria Capital,France,courtier,0,LOW,True
BA001077,BA001077,CLI_0793,INT_0001,WEALIFE_FR,Wealins Life France,AV,actif,AV,ENC,C,776000,925000,0,819900,216200,2022-05-02,2022-05-02,,,False,False,Valoria Capital,France,courtier,0,LOW,False
BA001078,BA001078,CLI_0794,INT_0001,WEALIFE_FR,Wealins Life France,AV,actif,AV,ENC,L,250000,250000,24000,282000,68400,2024-02-21,2024-02-21,,,False,False,Valoria Capital,France,courtier,0,LOW,False
BA001079,BA001079,CLI_0795,INT_0002,EPLAT_BE,ePlatinum Belgium,AV,actif,AV,ENC,C,250000,250000,0,246500,72300,2022-10-21,2022-10-21,,,False,False,Patrimoine & Conseil,Belgium,courtier,0,LOW,False
BA001080,BA001080,CLI_0796,INT_0002,WEALIFE_BE,Wealins Life Belgium,AV,actif,AV,ENC,L,250000,250000,0,224100,69100,2025-03-06,2025-03-06,,,False,False,Patrimoine & Conseil,Belgium,courtier,0,LOW,False
BA001081,BA001081,CLI_0797,INT_0006,EPLAT_BRD,ePlatinum Birdie,AV,actif,AV,SUS,C,794000,888000,0,793200,257100,2020-12-22,2020-12-22,,,False,False,Lux Private Office,Luxembourg,family_office,0,LOW,False
BA001082,BA001082,CLI_0798,INT_0001,WEALIFE_FR,Wealins Life France,AV,actif,AV,ENC,C,454000,454000,0,491200,152800,2022-11-19,2022-11-19,,,False,False,Valoria Capital,France,courtier,0,LOW,False
BA001083,BA001083,CLI_0799,INT_0002,EPLAT_BE,ePlatinum Belgium,AV,actif,AV,TER,C,250000,347000,56000,415100,96900,2025-07-30,2025-07-30,,,False,True,Patrimoine & Conseil,Belgium,courtier,0,LOW,False
BA001084,BA001084,CLI_0799,INT_0002,WEALIFE_BE,Wealins Life Belgium,AV,actif,AV,ENC,L,250000,250000,97000,158800,47700,2025-09-14,2025-09-14,,,False,True,Patrimoine & Conseil,Belgium,courtier,0,LOW,False
BA001085,BA001085,CLI_0800,INT_0006,WEALIFE_LU,Wealins Life Luxembourg,AV,actif,AV,SUS,C,983000,983000,0,1293800,382900,2018-11-21,2018-11-21,,,False,False,Lux Private Office,Luxembourg,family_office,0,LOW,False
BA001086,BA001086,CLI_0801,INT_0001,WEACAP_FR,Wealins Capi France,CAP,actif,CAP,SUS,L,299000,371000,73000,357500,95700,2019-01-22,2019-01-22,,,False,False,Valoria Capital,France,courtier,0,LOW,True
BA001087,BA001087,CLI_0801,INT_0001,WEACAP_FR,Wealins Capi France,CAP,actif,CAP,ENC,C,250000,287000,0,294400,74200,2026-01-13,2026-01-13,,,False,False,Valoria Capital,France,courtier,0,LOW,False
BA001088,BA001088,CLI_0802,INT_0001,WEALIFE_FR,Wealins Life France,AV,actif,AV,ENC,L,367000,434000,0,597800,108700,2023-01-08,2023-01-08,,,False,False,Valoria Capital,France,courtier,0,LOW,False
BA001089,BA001089,CLI_0803,INT_0001,WEALIFE_FR,Wealins Life France,AV,actif,AV,TER,C,250000,250000,0,268900,69100,2023-06-07,2023-06-07,,,False,False,Valoria Capital,France,courtier,0,LOW,False
BA001090,BA001090,CLI_0804,INT_0009,WEALIFE_SE,Wealins Life Sweden,AV,actif,AV,ENC,C,353000,405000,65000,362300,96000,2019-07-26,2019-07-26,,,False,False,Stockholm Capital,Sweden,courtier,0,LOW,False
BA001091,BA001091,CLI_0805,INT_0007,WEALIFE_PT,Wealins Life Portugal,AV,actif,AV,SUS,C,541000,541000,0,668100,136900,2020-09-16,2020-09-16,,,False,False,Porto Investimentos,Portugal,courtier,0,LOW,False
BA001092,BA001092,CLI_0806,INT_0001,WEACAP_FR,Wealins Capi France,CAP,actif,CAP,ENC,C,468000,468000,167000,285100,78000,2021-03-22,2021-03-22,,,False,False,Valoria Capital,France,courtier,0,LOW,False
BA001093,BA001093,CLI_0807,INT_0001,WEACAP_FR,Wealins Capi France,CAP,actif,CAP,ENC,L,250000,250000,0,295400,69500,2024-11-17,2024-11-17,,,False,False,Valoria Capital,France,courtier,0,LOW,False
BA001094,BA001094,CLI_0808,INT_0004,WEALIFE_IT,Wealins Life Italy +,AV,actif,AV,ENC,C,250000,250000,23000,297900,64200,2021-08-21,2021-08-21,,,False,False,Milano Fiduciaria,Italy,fiduciaire,0,LOW,False
BA001095,BA001095,CLI_0808,INT_0004,WEALIFE_IT,Wealins Life Italy +,AV,actif,AV,ENC,C,250000,273000,0,333600,82000,2021-01-01,2021-01-01,,,False,False,Milano Fiduciaria,Italy,fiduciaire,0,LOW,False
BA001096,BA001096,CLI_0809,INT_0001,WEALIFE_FR,Wealins Life France,AV,actif,AV,ENC,C,338000,456000,0,452400,95000,2021-09-18,2021-09-18,,,False,False,Valoria Capital,France,courtier,0,LOW,False
BA001097,BA001097,CLI_0810,INT_0001,WEACAP_FR,Wealins Capi France,CAP,actif,CAP,ENC,L,577000,577000,0,615100,125800,2019-08-16,2019-08-16,,,False,False,Valoria Capital,France,courtier,0,LOW,True
BA001098,BA001098,CLI_0811,INT_0001,WEACAP_FR,Wealins Capi France,CAP,actif,CAP,ENC,C,250000,283000,0,329000,52500,2022-04-04,2022-04-04,,,False,False,Valoria Capital,France,courtier,0,LOW,False
BA001099,BA001099,CLI_0811,INT_0001,WEALIFE_FR,Wealins Life France,AV,actif,AV,TER,C,250000,250000,0,359900,83400,2020-06-30,2020-06-30,,,False,False,Valoria Capital,France,courtier,0,LOW,False
BA001100,BA001100,CLI_0812,INT_0001,WEALIFE_FR,Wealins Life France,AV,actif,AV,ENC,L,782000,954000,0,1196400,312800,2019-02-13,2019-02-13,,,False,False,Valoria Capital,France,courtier,0,LOW,False
BA001101,BA001101,CLI_0813,INT_0001,WEALIFE_FR,Wealins Life France,AV,actif,AV,ENC,C,250000,250000,0,272800,67000,2021-02-28,2021-02-28,,,False,False,Valoria Capital,France,courtier,0,LOW,False
BA001102,BA001102,CLI_0814,INT_0007,WEALIFE_PT,Wealins Life Portugal,AV,actif,AV,ENC,C,312000,363000,0,340100,85400,2024-05-24,2024-05-24,,,False,False,Porto Investimentos,Portugal,courtier,0,LOW,False
BA001103,BA001103,CLI_0814,INT_0007,WEALIFE_PT,Wealins Life Portugal,AV,actif,AV,ENC,C,1040000,1126000,122000,1408700,386000,2021-02-13,2021-02-13,,,False,False,Porto Investimentos,Portugal,courtier,0,LOW,False
BA001104,BA001104,CLI_0815,INT_0001,WEACAP_FR,Wealins Capi France,CAP,actif,CAP,ENC,C,1217000,1217000,0,1292400,425900,2020-06-12,2020-06-12,,,False,False,Valoria Capital,France,courtier,0,LOW,False
BA001105,BA001105,CLI_0816,INT_0001,WEACAP_FR,Wealins Capi France,CAP,actif,CAP,ENC,C,543000,543000,0,630300,136900,2021-08-12,2021-08-12,,,False,False,Valoria Capital,France,courtier,0,LOW,False
BA001106,BA001106,CLI_0817,INT_0010,WEALINS_DE,Wealins Germany,AV,legacy,AV,ENC,C,675000,892000,0,968000,235000,2022-09-06,2022-09-06,,,False,True,Rhine Capital Advisors,Germany,courtier,0,LOW,False
BA001107,BA001107,CLI_0818,INT_0001,WEACAP_FR,Wealins Capi France,CAP,actif,CAP,ENC,C,281000,310000,0,417500,117700,2021-12-25,2021-12-25,,,False,False,Valoria Capital,France,courtier,0,LOW,False
BA001108,BA001108,CLI_0819,INT_0001,WEACAP_FR,Wealins Capi France,CAP,actif,CAP,ENC,C,250000,250000,0,324200,80300,2024-01-03,2024-01-03,,,False,False,Valoria Capital,France,courtier,0,LOW,False
BA001109,BA001109,CLI_0820,INT_0006,WEACAP_LU,Wealins Capi Luxembourg,CAP,actif,CAP,ENC,C,2037000,2037000,0,2198400,337500,2021-05-03,2021-05-03,,,False,False,Lux Private Office,Luxembourg,family_office,0,LOW,False
BA001110,BA001110,CLI_0821,INT_0001,WEACAP_FR,Wealins Capi France,CAP,actif,CAP,ENC,L,714000,714000,0,646400,198800,2023-05-18,2023-05-18,,,False,False,Valoria Capital,France,courtier,0,LOW,False
BA001111,BA001111,CLI_0822,INT_0007,WEALIFE_PT,Wealins Life Portugal,AV,actif,AV,ENC,C,337000,419000,0,369200,56700,2024-03-18,2024-03-18,,,False,False,Porto Investimentos,Portugal,courtier,0,LOW,False
BA001112,BA001112,CLI_0823,INT_0002,EPLAT_BE,ePlatinum Belgium,AV,actif,AV,ENC,C,424000,504000,0,479300,105400,2018-11-05,2018-11-05,,,False,False,Patrimoine & Conseil,Belgium,courtier,0,LOW,False
BA001113,BA001113,CLI_0824,INT_0001,WEACAP_FR,Wealins Capi France,CAP,actif,CAP,ENC,C,250000,250000,0,275300,42400,2024-03-21,2024-03-21,,,True,False,Valoria Capital,France,courtier,0,LOW,False
BA001114,BA001114,CLI_0825,INT_0001,WEALIFE_FR,Wealins Life France,AV,actif,AV,ENC,C,446000,492000,125000,469500,87100,2019-09-28,2019-09-28,,,False,False,Valoria Capital,France,courtier,0,LOW,False
BA001115,BA001115,CLI_0826,INT_0001,WEACAP_FR,Wealins Capi France,CAP,actif,CAP,ENC,L,316000,390000,0,432500,86500,2023-05-05,2023-05-05,,,False,False,Valoria Capital,France,courtier,0,LOW,False
BA001116,BA001116,CLI_0826,INT_0001,WEACAP_FR,Wealins Capi France,CAP,actif,CAP,ENC,L,250000,250000,69000,181400,55500,2022-07-23,2022-07-23,,,False,True,Valoria Capital,France,courtier,0,LOW,False
BA001117,BA001117,CLI_0827,INT_0001,WEACAP_FR,Wealins Capi France,CAP,actif,CAP,SUS,C,250000,250000,0,243500,67500,2019-07-15,2019-07-15,,,False,False,Valoria Capital,France,courtier,0,LOW,False
BA001118,BA001118,CLI_0828,INT_0004,WEALIFE_IT,Wealins Life Italy +,AV,actif,AV,TER,C,411000,437000,0,514100,79400,2021-01-28,2021-01-28,,,False,True,Milano Fiduciaria,Italy,fiduciaire,0,LOW,True
BA001119,BA001119,CLI_0829,INT_0001,WEALIFE_FR,Wealins Life France,AV,actif,AV,ENC,C,662000,662000,0,889600,202800,2019-03-21,2019-03-21,,,False,False,Valoria Capital,France,courtier,0,LOW,False
BA001120,BA001120,CLI_0830,INT_0009,WEALIFE_SE,Wealins Life Sweden,AV,actif,AV,ENC,L,681000,734000,0,965400,220200,2020-12-15,2020-12-15,,,False,False,Stockholm Capital,Sweden,courtier,0,LOW,False
BA001121,BA001121,CLI_0831,INT_0001,WEALIFE_FR,Wealins Life France,AV,actif,AV,ENC,L,250000,279000,55000,315000,84100,2020-02-19,2020-02-19,,,False,True,Valoria Capital,France,courtier,0,LOW,False
BA001122,BA001122,CLI_0831,INT_0001,WEACAP_FR,Wealins Capi France,CAP,actif,CAP,ENC,C,250000,285000,78000,226700,50900,2020-06-22,2020-06-22,,,False,False,Valoria Capital,France,courtier,0,LOW,False
BA001123,BA001123,CLI_0832,INT_0002,WEALIFE_BE,Wealins Life Belgium,AV,actif,AV,ENC,C,250000,250000,0,292800,45000,2019-12-21,2019-12-21,,,False,False,Patrimoine & Conseil,Belgium,courtier,0,LOW,False
BA001124,BA001124,CLI_0833,INT_0001,WEALIFE_FR,Wealins Life France,AV,actif,AV,TER,L,477000,550000,0,652400,215000,2023-02-24,2023-02-24,,,False,False,Valoria Capital,France,courtier,0,LOW,False
BA001125,BA001125,CLI_0834,INT_0001,WEACAP_FR,Wealins Capi France,CAP,actif,CAP,ENC,C,250000,250000,0,348200,60000,2021-09-20,2021-09-20,,,False,True,Valoria Capital,France,courtier,0,LOW,True
BA001126,BA001126,CLI_0834,INT_0001,WEACAP_FR,Wealins Capi France,CAP,actif,CAP,ENC,C,595000,595000,0,772000,117400,2026-05-29,2026-05-29,,,False,False,Valoria Capital,France,courtier,0,LOW,False
BA001127,BA001127,CLI_0834,INT_0001,WEACAP_FR,Wealins Capi France,CAP,actif,CAP,ENC,C,250000,263000,0,303800,96500,2023-09-26,2023-09-26,,,False,True,Valoria Capital,France,courtier,0,LOW,False
BA001128,BA001128,CLI_0835,INT_0002,EPLAT_BE,ePlatinum Belgium,AV,actif,AV,ENC,L,765000,765000,0,923600,146800,2020-11-14,2020-11-14,,,False,False,Patrimoine & Conseil,Belgium,courtier,0,LOW,False
BA001129,BA001129,CLI_0836,INT_0002,EPLAT_BE,ePlatinum Belgium,AV,actif,AV,ENC,C,547000,583000,189000,500500,98200,2019-12-31,2019-12-31,,,False,False,Patrimoine & Conseil,Belgium,courtier,0,LOW,False
BA001130,BA001130,CLI_0837,INT_0001,WEACAP_FR,Wealins Capi France,CAP,actif,CAP,ENC,C,1193000,1193000,0,1728500,503100,2023-11-13,2023-11-13,,,False,True,Valoria Capital,France,courtier,0,LOW,False
BA001131,BA001131,CLI_0837,INT_0001,WEALIFE_FR,Wealins Life France,AV,actif,AV,ENC,C,1636000,1636000,0,1872900,285000,2023-04-06,2023-04-06,,,False,False,Valoria Capital,France,courtier,0,LOW,False
BA001132,BA001132,CLI_0837,INT_0001,WEACAP_FR,Wealins Capi France,CAP,actif,CAP,TER,C,2650000,2650000,992000,1591900,274800,2020-04-06,2020-04-06,,,True,False,Valoria Capital,France,courtier,0,LOW,False
BA001133,BA001133,CLI_0838,INT_0001,WEALIFE_FR,Wealins Life France,AV,actif,AV,ENC,C,250000,325000,0,328800,82400,2022-06-16,2022-06-16,,,False,False,Valoria Capital,France,courtier,0,LOW,False
BA001134,BA001134,CLI_0838,INT_0001,WEACAP_FR,Wealins Capi France,CAP,actif,CAP,ENC,C,250000,296000,0,415400,93700,2020-10-10,2020-10-10,,,False,False,Valoria Capital,France,courtier,0,LOW,True
BA001135,BA001135,CLI_0839,INT_0001,WEALIFE_FR,Wealins Life France,AV,actif,AV,ENC,C,479000,511000,0,520900,87200,2025-01-18,2025-01-18,,,False,False,Valoria Capital,France,courtier,0,LOW,False
BA001136,BA001136,CLI_0840,INT_0001,WEALIFE_FR,Wealins Life France,AV,actif,AV,ENC,C,791000,1020000,0,1395900,404600,2024-06-17,2024-06-17,,,False,False,Valoria Capital,France,courtier,0,LOW,False
BA001137,BA001137,CLI_0841,INT_0001,WEALIFE_FR,Wealins Life France,AV,actif,AV,ENC,C,976000,1026000,220000,957800,188100,2025-12-13,2025-12-13,,,False,False,Valoria Capital,France,courtier,0,LOW,False
BA001138,BA001138,CLI_0842,INT_0008,WEALIFE_FI,Wealins Life Finland,AV,actif,AV,ENC,L,973000,1166000,0,1175200,252600,2020-07-02,2020-07-02,,,False,False,Helsinki Wealth Advisors,Finland,courtier,0,LOW,False
BA001139,BA001139,CLI_0843,INT_0001,WEALIFE_FR,Wealins Life France,AV,actif,AV,ENC,C,388000,388000,64000,317800,84500,2019-10-22,2019-10-22,,,False,False,Valoria Capital,France,courtier,0,LOW,False
BA001140,BA001140,CLI_0844,INT_0008,WEALIFE_FI,Wealins Life Finland,AV,actif,AV,ENC,C,1419000,1419000,0,1493100,307800,2020-05-30,2020-05-30,,,False,False,Helsinki Wealth Advisors,Finland,courtier,0,LOW,False
BA001141,BA001141,CLI_0844,INT_0008,WEACAP_FI,Wealins Capitalisation Finland,CAP,actif,CAP,ENC,L,890000,1395000,88000,1592900,509300,2023-12-27,2023-12-27,,,False,False,Helsinki Wealth Advisors,Finland,courtier,0,LOW,False
BA001142,BA001142,CLI_0845,INT_0001,WEALIFE_FR,Wealins Life France,AV,actif,AV,ENC,C,250000,250000,0,287400,60700,2022-02-16,2022-02-16,,,False,False,Valoria Capital,France,courtier,0,LOW,False
BA001143,BA001143,CLI_0846,INT_0002,EPLAT_BE,ePlatinum Belgium,AV,actif,AV,ENC,C,250000,273000,0,282000,98100,2021-06-03,2021-06-03,,,True,False,Patrimoine & Conseil,Belgium,courtier,0,LOW,False
BA001144,BA001144,CLI_0847,INT_0007,WEALIFE_PT,Wealins Life Portugal,AV,actif,AV,ENC,L,255000,255000,0,330300,61600,2021-09-24,2021-09-24,,,False,True,Porto Investimentos,Portugal,courtier,0,LOW,False
BA001145,BA001145,CLI_0848,INT_0004,WEALIFE_IT,Wealins Life Italy +,AV,actif,AV,ENC,C,381000,554000,0,605800,95800,2020-05-11,2020-05-11,,,False,False,Milano Fiduciaria,Italy,fiduciaire,0,LOW,False
BA001146,BA001146,CLI_0848,INT_0004,WEALIFE_IT,Wealins Life Italy +,AV,actif,AV,ENC,C,365000,528000,135000,358200,85100,2019-04-07,2019-04-07,,,False,False,Milano Fiduciaria,Italy,fiduciaire,0,LOW,False
BA001147,BA001147,CLI_0848,INT_0004,WEALIFE_IT,Wealins Life Italy +,AV,actif,AV,ENC,L,343000,460000,52000,578000,114700,2025-12-10,2025-12-10,,,False,False,Milano Fiduciaria,Italy,fiduciaire,0,LOW,False
BA001148,BA001148,CLI_0849,INT_0004,WEALIFE_IT,Wealins Life Italy +,AV,actif,AV,ENC,C,250000,368000,105000,291200,63700,2021-09-27,2021-09-27,,,False,False,Milano Fiduciaria,Italy,fiduciaire,0,LOW,False
BA001149,BA001149,CLI_0850,INT_0001,WEACAP_FR,Wealins Capi France,CAP,actif,CAP,TER,C,250000,250000,0,338900,53100,2019-02-14,2019-02-14,,,False,False,Valoria Capital,France,courtier,0,LOW,False
BA001150,BA001150,CLI_0850,INT_0001,WEACAP_FR,Wealins Capi France,CAP,actif,CAP,ENC,C,617000,617000,269000,431600,130700,2023-11-26,2023-11-26,,,False,False,Valoria Capital,France,courtier,0,LOW,False
BA001151,BA001151,CLI_0851,INT_0001,WEALIFE_FR,Wealins Life France,AV,actif,AV,ENC,C,271000,271000,0,285200,50300,2018-11-20,2018-11-20,,,False,False,Valoria Capital,France,courtier,0,LOW,False
BA001152,BA001152,CLI_0852,INT_0001,WEACAP_FR,Wealins Capi France,CAP,actif,CAP,TER,L,250000,250000,75000,167000,29100,2021-11-14,2021-11-14,,,True,False,Valoria Capital,France,courtier,0,LOW,False
BA001153,BA001153,CLI_0853,INT_0004,WEALIFE_IT,Wealins Life Italy +,AV,actif,AV,ENC,C,678000,980000,0,1164000,284500,2022-06-21,2022-06-21,,,False,False,Milano Fiduciaria,Italy,fiduciaire,0,LOW,False
BA001154,BA001154,CLI_0854,INT_0001,WEALIFE_FR,Wealins Life France,AV,actif,AV,ENC,C,2099000,2442000,0,2390700,749500,2019-06-25,2019-06-25,,,False,False,Valoria Capital,France,courtier,0,LOW,False
BA001155,BA001155,CLI_0855,INT_0003,WEALIFE_NO,Wealins Life Norway,AV,actif,AV,ENC,C,1672000,1672000,159000,1786000,379400,2026-02-17,2026-02-17,,,True,False,Nordic Wealth Partners,Norway,courtier,0,LOW,False
BA001156,BA001156,CLI_0856,INT_0001,WEALIFE_FR,Wealins Life France,AV,actif,AV,ENC,C,566000,566000,0,803600,131300,2025-11-14,2025-11-14,,,False,False,Valoria Capital,France,courtier,0,LOW,True
BA001157,BA001157,CLI_0857,INT_0001,WEACAP_FR,Wealins Capi France,CAP,actif,CAP,ENC,C,318000,417000,0,451500,104400,2023-11-12,2023-11-12,,,False,False,Valoria Capital,France,courtier,0,LOW,False
BA001158,BA001158,CLI_0857,INT_0001,WEACAP_FR,Wealins Capi France,CAP,actif,CAP,ENC,C,351000,462000,0,618600,117700,2026-04-30,2026-04-30,,,False,True,Valoria Capital,France,courtier,0,LOW,False
BA001159,BA001159,CLI_0858,INT_0001,WEACAP_FR,Wealins Capi France,CAP,actif,CAP,ENC,C,250000,306000,0,439800,79500,2026-02-26,2026-02-26,,,False,False,Valoria Capital,France,courtier,0,LOW,False
BA001160,BA001160,CLI_0859,INT_0001,WEACAP_FR,Wealins Capi France,CAP,actif,CAP,ENC,C,250000,250000,60000,233200,74500,2021-02-04,2021-02-04,,,False,False,Valoria Capital,France,courtier,0,LOW,False
BA001161,BA001161,CLI_0860,INT_0009,WEALIFE_SE,Wealins Life Sweden,AV,actif,AV,TER,C,250000,250000,72000,242000,76500,2025-08-01,2025-08-01,,,False,False,Stockholm Capital,Sweden,courtier,0,LOW,False
BA001162,BA001162,CLI_0861,INT_0006,WEALIFE_LU,Wealins Life Luxembourg,AV,actif,AV,ENC,C,779000,1141000,0,1054400,335800,2024-12-09,2024-12-09,,,False,True,Lux Private Office,Luxembourg,family_office,0,LOW,False
BA001163,BA001163,CLI_0862,INT_0002,EPLAT_BE,ePlatinum Belgium,AV,actif,AV,ENC,C,474000,474000,0,447000,137800,2025-06-01,2025-06-01,,,False,False,Patrimoine & Conseil,Belgium,courtier,0,LOW,False
BA001164,BA001164,CLI_0862,INT_0002,EPLAT_BE,ePlatinum Belgium,AV,actif,AV,ENC,C,273000,273000,115000,160500,26300,2026-04-03,2026-04-03,,,False,False,Patrimoine & Conseil,Belgium,courtier,0,LOW,False
BA001165,BA001165,CLI_0862,INT_0002,EPLAT_BE,ePlatinum Belgium,AV,actif,AV,ENC,C,442000,527000,0,515400,154800,2025-08-02,2025-08-02,,,False,False,Patrimoine & Conseil,Belgium,courtier,0,LOW,False
BA001166,BA001166,CLI_0863,INT_0001,WEACAP_FR,Wealins Capi France,CAP,actif,CAP,TER,L,1020000,1416000,0,1819900,384900,2024-05-09,2024-05-09,,,False,False,Valoria Capital,France,courtier,0,LOW,False
BA001167,BA001167,CLI_0864,INT_0002,WEALIFE_BE,Wealins Life Belgium,AV,actif,AV,ENC,C,3608000,4251000,917000,4576100,1565900,2019-06-06,2019-06-06,,,False,True,Patrimoine & Conseil,Belgium,courtier,0,LOW,True
BA001168,BA001168,CLI_0865,INT_0010,WEALINS_DE,Wealins Germany,AV,legacy,AV,ENC,L,407000,407000,0,452200,130600,2024-07-21,2024-07-21,,,False,False,Rhine Capital Advisors,Germany,courtier,0,LOW,False
BA001169,BA001169,CLI_0866,INT_0001,WEACAP_FR,Wealins Capi France,CAP,actif,CAP,ENC,C,250000,298000,97000,288500,95900,2019-10-11,2019-10-11,,,False,False,Valoria Capital,France,courtier,0,LOW,False
BA001170,BA001170,CLI_0867,INT_0001,WEALIFE_FR,Wealins Life France,AV,actif,AV,ENC,L,581000,581000,0,798200,187000,2021-03-08,2021-03-08,,,True,True,Valoria Capital,France,courtier,0,LOW,False
BA001171,BA001171,CLI_0868,INT_0001,WEALIFE_FR,Wealins Life France,AV,actif,AV,ENC,C,1354000,1688000,510000,1146500,303900,2020-06-27,2020-06-27,,,False,False,Valoria Capital,France,courtier,0,LOW,False
BA001172,BA001172,CLI_0868,INT_0001,WEACAP_FR,Wealins Capi France,CAP,actif,CAP,ENC,C,1279000,1279000,0,1806600,626100,2018-11-03,2018-11-03,,,False,False,Valoria Capital,France,courtier,0,LOW,False
BA001173,BA001173,CLI_0869,INT_0001,WEACAP_FR,Wealins Capi France,CAP,actif,CAP,ENC,C,1345000,1345000,0,1216300,231800,2021-11-09,2021-11-09,,,True,False,Valoria Capital,France,courtier,0,LOW,True
BA001174,BA001174,CLI_0870,INT_0009,WEALIFE_SE,Wealins Life Sweden,AV,actif,AV,ENC,C,1056000,1259000,0,1286900,382900,2024-07-12,2024-07-12,,,False,False,Stockholm Capital,Sweden,courtier,0,LOW,False
BA001175,BA001175,CLI_0871,INT_0009,WEALIFE_SE,Wealins Life Sweden,AV,actif,AV,ENC,L,491000,491000,167000,296400,70100,2025-09-12,2025-09-12,,,False,False,Stockholm Capital,Sweden,courtier,0,LOW,False
BA001176,BA001176,CLI_0872,INT_0001,WEALIFE_FR,Wealins Life France,AV,actif,AV,ENC,L,413000,413000,0,537500,152900,2022-05-17,2022-05-17,,,False,False,Valoria Capital,France,courtier,0,LOW,False
BA001177,BA001177,CLI_0873,INT_0001,WEACAP_FR,Wealins Capi France,CAP,actif,CAP,ENC,C,250000,304000,40000,235300,57900,2021-11-07,2021-11-07,,,False,False,Valoria Capital,France,courtier,0,LOW,True
BA001178,BA001178,CLI_0874,INT_0002,EPLAT_BE,ePlatinum Belgium,AV,actif,AV,ENC,C,250000,250000,0,287800,57800,2019-08-30,2019-08-30,,,False,False,Patrimoine & Conseil,Belgium,courtier,0,LOW,False
BA001179,BA001179,CLI_0874,INT_0002,WEALIFE_BE,Wealins Life Belgium,AV,actif,AV,ENC,C,304000,304000,30000,279900,49400,2023-10-16,2023-10-16,,,False,False,Patrimoine & Conseil,Belgium,courtier,0,LOW,False
BA001180,BA001180,CLI_0874,INT_0002,EPLAT_BE,ePlatinum Belgium,AV,actif,AV,ENC,L,549000,776000,226000,740400,211000,2023-10-14,2023-10-14,,,False,False,Patrimoine & Conseil,Belgium,courtier,0,LOW,False
BA001181,BA001181,CLI_0875,INT_0002,WEALIFE_BE,Wealins Life Belgium,AV,actif,AV,ENC,C,473000,473000,0,670000,203800,2025-02-19,2025-02-19,,,False,False,Patrimoine & Conseil,Belgium,courtier,0,LOW,False
BA001182,BA001182,CLI_0875,INT_0002,EPLAT_BE,ePlatinum Belgium,AV,actif,AV,ENC,L,498000,596000,0,851000,286200,2025-10-24,2025-10-24,,,False,True,Patrimoine & Conseil,Belgium,courtier,0,LOW,False
BA001183,BA001183,CLI_0876,INT_0001,WEACAP_FR,Wealins Capi France,CAP,actif,CAP,ENC,L,293000,293000,0,330000,64700,2024-12-14,2024-12-14,,,False,False,Valoria Capital,France,courtier,0,LOW,False
BA001184,BA001184,CLI_0876,INT_0001,WEACAP_FR,Wealins Capi France,CAP,actif,CAP,TER,C,395000,395000,0,498800,161900,2026-02-13,2026-02-13,,,False,False,Valoria Capital,France,courtier,0,LOW,False
BA001185,BA001185,CLI_0877,INT_0006,WEALIFE_LU,Wealins Life Luxembourg,AV,actif,AV,ENC,C,409000,409000,56000,373900,98100,2019-06-19,2019-06-19,,,False,False,Lux Private Office,Luxembourg,family_office,0,LOW,False
BA001186,BA001186,CLI_0877,INT_0006,WEALIFE_LU,Wealins Life Luxembourg,AV,actif,AV,ENC,C,256000,256000,0,228800,77000,2020-01-09,2020-01-09,,,True,True,Lux Private Office,Luxembourg,family_office,0,LOW,False
BA001187,BA001187,CLI_0878,INT_0001,WEACAP_FR,Wealins Capi France,CAP,actif,CAP,ENC,C,250000,292000,0,342400,85700,2022-11-25,2022-11-25,,,True,False,Valoria Capital,France,courtier,0,LOW,False
BA001188,BA001188,CLI_0878,INT_0001,WEALIFE_FR,Wealins Life France,AV,actif,AV,ENC,C,253000,271000,0,311600,80100,2022-10-20,2022-10-20,,,False,False,Valoria Capital,France,courtier,0,LOW,False
BA001189,BA001189,CLI_0879,INT_0009,WEALIFE_SE,Wealins Life Sweden,AV,actif,AV,ENC,C,250000,250000,0,328100,84400,2025-04-04,2025-04-04,,,False,True,Stockholm Capital,Sweden,courtier,0,LOW,False
BA001190,BA001190,CLI_0880,INT_0001,WEALIFE_FR,Wealins Life France,AV,actif,AV,ENC,C,1940000,2870000,0,3559900,860100,2019-09-05,2019-09-05,,,False,False,Valoria Capital,France,courtier,0,LOW,False
BA001191,BA001191,CLI_0881,INT_0002,WEALIFE_BE,Wealins Life Belgium,AV,actif,AV,ENC,C,446000,553000,0,675300,186200,2021-03-28,2021-03-28,,,False,False,Patrimoine & Conseil,Belgium,courtier,0,LOW,False
BA001192,BA001192,CLI_0881,INT_0002,WEALIFE_BE,Wealins Life Belgium,AV,actif,AV,ENC,C,308000,308000,0,317300,49800,2020-07-13,2020-07-13,,,False,False,Patrimoine & Conseil,Belgium,courtier,0,LOW,True
BA001193,BA001193,CLI_0882,INT_0001,WEACAP_FR,Wealins Capi France,CAP,actif,CAP,ENC,C,250000,250000,0,270000,73300,2025-04-09,2025-04-09,,,False,False,Valoria Capital,France,courtier,0,LOW,False
BA001194,BA001194,CLI_0883,INT_0008,WEALIFE_FI,Wealins Life Finland,AV,actif,AV,ENC,L,250000,250000,0,239200,61200,2021-04-02,2021-04-02,,,False,False,Helsinki Wealth Advisors,Finland,courtier,0,LOW,False
BA001195,BA001195,CLI_0884,INT_0001,WEACAP_FR,Wealins Capi France,CAP,actif,CAP,ENC,C,446000,446000,0,567300,139700,2023-03-06,2023-03-06,,,False,False,Valoria Capital,France,courtier,0,LOW,False
BA001196,BA001196,CLI_0885,INT_0009,WEALIFE_SE,Wealins Life Sweden,AV,actif,AV,ENC,C,250000,269000,0,362200,78700,2019-02-11,2019-02-11,,,False,False,Stockholm Capital,Sweden,courtier,0,LOW,True
BA001197,BA001197,CLI_0886,INT_0001,WEALIFE_FR,Wealins Life France,AV,actif,AV,ENC,C,2568000,2568000,0,2606600,656900,2020-01-30,2020-01-30,,,False,True,Valoria Capital,France,courtier,0,LOW,False
BA001198,BA001198,CLI_0886,INT_0001,WEACAP_FR,Wealins Capi France,CAP,actif,CAP,TER,C,2432000,2583000,266000,2334000,423600,2019-06-18,2019-06-18,,,False,False,Valoria Capital,France,courtier,0,LOW,False
BA001199,BA001199,CLI_0886,INT_0001,WEACAP_FR,Wealins Capi France,CAP,actif,CAP,ENC,C,2145000,2665000,0,3849600,895700,2020-02-10,2020-02-10,,,False,False,Valoria Capital,France,courtier,0,LOW,False
BA001200,BA001200,CLI_0887,INT_0007,WEALIFE_PT,Wealins Life Portugal,AV,actif,AV,ENC,C,493000,493000,0,611400,98500,2023-08-14,2023-08-14,,,False,False,Porto Investimentos,Portugal,courtier,0,LOW,False
BA001201,BA001201,CLI_0888,INT_0002,EPLAT_BE,ePlatinum Belgium,AV,actif,AV,ENC,C,250000,343000,0,445800,140500,2025-12-16,2025-12-16,,,False,False,Patrimoine & Conseil,Belgium,courtier,0,LOW,False
BA001202,BA001202,CLI_0889,INT_0001,WEACAP_FR,Wealins Capi France,CAP,actif,CAP,ENC,C,250000,250000,0,334100,106900,2021-11-16,2021-11-16,,,False,False,Valoria Capital,France,courtier,0,LOW,False
BA001203,BA001203,CLI_0889,INT_0001,WEALIFE_FR,Wealins Life France,AV,actif,AV,ENC,L,258000,258000,0,296700,80800,2025-07-30,2025-07-30,,,False,False,Valoria Capital,France,courtier,0,LOW,False
BA001204,BA001204,CLI_0890,INT_0008,WEACAP_FI,Wealins Capitalisation Finland,CAP,actif,CAP,TER,C,1777000,1777000,0,2410900,453900,2021-06-20,2021-06-20,,,False,True,Helsinki Wealth Advisors,Finland,courtier,0,LOW,False
BA001205,BA001205,CLI_0891,INT_0001,WEALIFE_FR,Wealins Life France,AV,actif,AV,ENC,L,1799000,1799000,596000,1491500,466000,2018-10-03,2018-10-03,,,False,False,Valoria Capital,France,courtier,0,LOW,False
BA001206,BA001206,CLI_0892,INT_0002,WEALIFE_BE,Wealins Life Belgium,AV,actif,AV,ENC,L,618000,885000,0,1154300,364900,2025-10-20,2025-10-20,,,False,False,Patrimoine & Conseil,Belgium,courtier,0,LOW,False
BA001207,BA001207,CLI_0893,INT_0005,WEALIFE_ES,Wealins Life Spain,AV,actif,AV,ENC,L,289000,289000,0,382300,79500,2023-09-29,2023-09-29,,,False,True,Iberia Patrimonio,Spain,courtier,0,LOW,False
BA001208,BA001208,CLI_0894,INT_0009,WEALIFE_SE,Wealins Life Sweden,AV,actif,AV,ENC,C,250000,297000,0,287900,79800,2025-03-04,2025-03-04,,,False,True,Stockholm Capital,Sweden,courtier,0,LOW,False
BA001209,BA001209,CLI_0895,INT_0006,PLAT_SER,Platinum Serenity,AV,actif,AV,ENC,C,525000,634000,0,884200,212800,2020-07-23,2020-07-23,,,False,False,Lux Private Office,Luxembourg,family_office,0,LOW,True
BA001210,BA001210,CLI_0896,INT_0002,EPLAT_BE,ePlatinum Belgium,AV,actif,AV,ENC,L,694000,694000,0,671000,144700,2026-05-01,2026-05-01,,,False,False,Patrimoine & Conseil,Belgium,courtier,0,LOW,False
BA001211,BA001211,CLI_0897,INT_0008,WEALIFE_FI,Wealins Life Finland,AV,actif,AV,ENC,C,381000,447000,0,508000,137600,2022-09-19,2022-09-19,,,False,False,Helsinki Wealth Advisors,Finland,courtier,0,LOW,False
BA001212,BA001212,CLI_0898,INT_0001,WEALIFE_FR,Wealins Life France,AV,actif,AV,ENC,C,1026000,1026000,0,905400,205600,2018-09-21,2018-09-21,,,False,False,Valoria Capital,France,courtier,0,LOW,False
BA001213,BA001213,CLI_0899,INT_0009,WEALIFE_SE,Wealins Life Sweden,AV,actif,AV,ENC,C,1476000,1897000,133000,2089100,483000,2025-07-18,2025-07-18,,,False,False,Stockholm Capital,Sweden,courtier,0,LOW,False
BA001214,BA001214,CLI_0900,INT_0006,PLAT_SER,Platinum Serenity,AV,actif,AV,ENC,L,250000,250000,0,277000,74800,2023-06-24,2023-06-24,,,False,False,Lux Private Office,Luxembourg,family_office,0,LOW,False
BA001215,BA001215,CLI_0901,INT_0001,WEACAP_FR,Wealins Capi France,CAP,actif,CAP,ENC,C,250000,328000,25000,420700,130200,2020-06-10,2020-06-10,,,False,False,Valoria Capital,France,courtier,0,LOW,False
BA001216,BA001216,CLI_0902,INT_0001,WEACAP_FR,Wealins Capi France,CAP,actif,CAP,ENC,L,250000,303000,0,343300,58600,2024-06-14,2024-06-14,,,False,False,Valoria Capital,France,courtier,0,LOW,False
BA001217,BA001217,CLI_0903,INT_0002,WEALIFE_BE,Wealins Life Belgium,AV,actif,AV,ENC,C,250000,250000,47000,188600,64900,2019-12-15,2019-12-15,,,False,False,Patrimoine & Conseil,Belgium,courtier,0,LOW,False
BA001218,BA001218,CLI_0904,INT_0007,WEALIFE_PT,Wealins Life Portugal,AV,actif,AV,ENC,C,401000,484000,0,456000,139200,2024-09-06,2024-09-06,,,False,False,Porto Investimentos,Portugal,courtier,0,LOW,True
BA001219,BA001219,CLI_0905,INT_0002,WEALIFE_BE,Wealins Life Belgium,AV,actif,AV,ENC,C,856000,999000,0,1109300,243600,2021-07-20,2021-07-20,,,False,False,Patrimoine & Conseil,Belgium,courtier,0,LOW,False
BA001220,BA001220,CLI_0905,INT_0002,EPLAT_BE,ePlatinum Belgium,AV,actif,AV,ENC,C,332000,332000,0,456600,138200,2024-09-18,2024-09-18,,,False,False,Patrimoine & Conseil,Belgium,courtier,0,LOW,False
BA001221,BA001221,CLI_0905,INT_0002,WEALIFE_BE,Wealins Life Belgium,AV,actif,AV,ENC,C,1089000,1089000,0,1368800,434100,2021-11-11,2021-11-11,,,False,False,Patrimoine & Conseil,Belgium,courtier,0,LOW,False
BA001222,BA001222,CLI_0906,INT_0001,WEALIFE_FR,Wealins Life France,AV,actif,AV,ENC,L,457000,457000,166000,408300,93100,2022-06-30,2022-06-30,,,False,False,Valoria Capital,France,courtier,0,LOW,False
BA001223,BA001223,CLI_0907,INT_0008,WEALIFE_FI,Wealins Life Finland,AV,actif,AV,ENC,C,373000,373000,0,410900,89500,2024-02-13,2024-02-13,,,False,False,Helsinki Wealth Advisors,Finland,courtier,0,LOW,False
BA001224,BA001224,CLI_0907,INT_0008,WEALIFE_FI,Wealins Life Finland,AV,actif,AV,ENC,C,250000,250000,0,318900,76400,2025-09-16,2025-09-16,,,False,False,Helsinki Wealth Advisors,Finland,courtier,0,LOW,False
BA001225,BA001225,CLI_0908,INT_0001,WEALIFE_FR,Wealins Life France,AV,actif,AV,ENC,L,711000,711000,0,1023700,301800,2018-10-15,2018-10-15,,,False,False,Valoria Capital,France,courtier,0,LOW,False
BA001226,BA001226,CLI_0909,INT_0001,WEALIFE_FR,Wealins Life France,AV,actif,AV,ENC,C,345000,410000,38000,530600,166500,2023-05-26,2023-05-26,,,False,False,Valoria Capital,France,courtier,0,LOW,True
BA001227,BA001227,CLI_0910,INT_0002,EPLAT_BE,ePlatinum Belgium,AV,actif,AV,TER,L,3180000,3955000,0,4893400,814200,2019-04-01,2019-04-01,,,True,False,Patrimoine & Conseil,Belgium,courtier,0,LOW,False
BA001228,BA001228,CLI_0911,INT_0001,WEALIFE_FR,Wealins Life France,AV,actif,AV,TER,L,639000,639000,0,581000,166200,2020-10-16,2020-10-16,,,False,False,Valoria Capital,France,courtier,0,LOW,False
BA001229,BA001229,CLI_0912,INT_0006,WEACAP_LU,Wealins Capi Luxembourg,CAP,actif,CAP,ENC,L,295000,341000,0,472900,163500,2023-07-11,2023-07-11,,,False,False,Lux Private Office,Luxembourg,family_office,0,LOW,False
BA001230,BA001230,CLI_0913,INT_0007,WEALIFE_PT,Wealins Life Portugal,AV,actif,AV,ENC,C,880000,880000,393000,580400,189100,2021-11-19,2021-11-19,,,False,False,Porto Investimentos,Portugal,courtier,0,LOW,False
BA001231,BA001231,CLI_0913,INT_0007,WEALIFE_PT,Wealins Life Portugal,AV,actif,AV,ENC,C,747000,747000,0,1072400,208800,2021-09-14,2021-09-14,,,False,True,Porto Investimentos,Portugal,courtier,0,LOW,False
BA001232,BA001232,CLI_0913,INT_0007,WEALIFE_PT,Wealins Life Portugal,AV,actif,AV,ENC,C,774000,774000,0,941900,219200,2019-01-30,2019-01-30,,,False,True,Porto Investimentos,Portugal,courtier,0,LOW,False
BA001233,BA001233,CLI_0914,INT_0001,WEALIFE_FR,Wealins Life France,AV,actif,AV,ENC,L,3229000,3229000,0,3116100,1020100,2019-11-12,2019-11-12,,,False,False,Valoria Capital,France,courtier,0,LOW,False
BA001234,BA001234,CLI_0915,INT_0008,WEALIFE_FI,Wealins Life Finland,AV,actif,AV,ENC,C,250000,250000,37000,262100,79200,2023-04-30,2023-04-30,,,False,False,Helsinki Wealth Advisors,Finland,courtier,0,LOW,False
BA001235,BA001235,CLI_0916,INT_0006,EPLAT_BRD,ePlatinum Birdie,AV,actif,AV,ENC,C,791000,1021000,0,1028000,163700,2018-12-24,2018-12-24,,,False,False,Lux Private Office,Luxembourg,family_office,0,LOW,False
BA001236,BA001236,CLI_0916,INT_0006,WEALIFE_LU,Wealins Life Luxembourg,AV,actif,AV,ENC,C,585000,585000,0,775500,125000,2022-07-31,2022-07-31,,,False,False,Lux Private Office,Luxembourg,family_office,0,LOW,False
BA001237,BA001237,CLI_0917,INT_0001,WEALIFE_FR,Wealins Life France,AV,actif,AV,ENC,C,1563000,1856000,547000,1864100,635200,2022-09-09,2022-09-09,,,False,False,Valoria Capital,France,courtier,0,LOW,False
BA001238,BA001238,CLI_0917,INT_0001,WEACAP_FR,Wealins Capi France,CAP,actif,CAP,ENC,C,1293000,1293000,347000,871600,269600,2024-08-19,2024-08-19,,,False,False,Valoria Capital,France,courtier,0,LOW,False
BA001239,BA001239,CLI_0917,INT_0001,WEACAP_FR,Wealins Capi France,CAP,actif,CAP,SUS,C,1354000,1684000,0,1669600,527800,2024-03-18,2024-03-18,,,False,False,Valoria Capital,France,courtier,0,LOW,False
BA001240,BA001240,CLI_0918,INT_0009,WEALIFE_SE,Wealins Life Sweden,AV,actif,AV,ENC,L,958000,958000,99000,1086600,377600,2021-07-09,2021-07-09,,,False,False,Stockholm Capital,Sweden,courtier,0,LOW,False
BA001241,BA001241,CLI_0919,INT_0002,EPLAT_BE,ePlatinum Belgium,AV,actif,AV,ENC,C,250000,250000,0,261600,83700,2026-06-18,2026-06-18,,,True,True,Patrimoine & Conseil,Belgium,courtier,0,LOW,False
BA001242,BA001242,CLI_0920,INT_0001,WEALIFE_FR,Wealins Life France,AV,actif,AV,ENC,C,869000,1224000,0,1680300,520700,2024-10-07,2024-10-07,,,False,False,Valoria Capital,France,courtier,0,LOW,False
BA001243,BA001243,CLI_0921,INT_0001,WEALIFE_FR,Wealins Life France,AV,actif,AV,ENC,C,2277000,2523000,0,2484700,607200,2022-05-22,2022-05-22,,,False,False,Valoria Capital,France,courtier,0,LOW,False
BA001244,BA001244,CLI_0922,INT_0004,WEALIFE_IT,Wealins Life Italy +,AV,actif,AV,ENC,C,250000,250000,0,281300,92200,2024-05-23,2024-05-23,,,False,False,Milano Fiduciaria,Italy,fiduciaire,0,LOW,False
BA001245,BA001245,CLI_0923,INT_0009,WEALIFE_SE,Wealins Life Sweden,AV,actif,AV,ENC,C,1155000,1304000,0,1547200,311300,2023-04-15,2023-04-15,,,False,False,Stockholm Capital,Sweden,courtier,0,LOW,True
BA001246,BA001246,CLI_0924,INT_0002,EPLAT_BE,ePlatinum Belgium,AV,actif,AV,ENC,C,250000,250000,81000,171000,49800,2018-09-20,2018-09-20,,,False,True,Patrimoine & Conseil,Belgium,courtier,0,LOW,False
BA001247,BA001247,CLI_0925,INT_0009,WEALIFE_SE,Wealins Life Sweden,AV,actif,AV,ENC,C,330000,411000,0,394800,134800,2022-12-06,2022-12-06,,,False,False,Stockholm Capital,Sweden,courtier,0,LOW,False
BA001248,BA001248,CLI_0926,INT_0008,WEALIFE_FI,Wealins Life Finland,AV,actif,AV,ENC,C,476000,476000,0,421400,80600,2024-11-20,2024-11-20,,,False,True,Helsinki Wealth Advisors,Finland,courtier,0,LOW,True
BA001249,BA001249,CLI_0927,INT_0002,EPLAT_BE,ePlatinum Belgium,AV,actif,AV,ENC,C,484000,484000,0,505200,155500,2021-10-19,2021-10-19,,,False,False,Patrimoine & Conseil,Belgium,courtier,0,LOW,False
BA001250,BA001250,CLI_0928,INT_0001,WEACAP_FR,Wealins Capi France,CAP,actif,CAP,ENC,L,857000,951000,70000,1186100,333100,2023-02-10,2023-02-10,,,False,False,Valoria Capital,France,courtier,0,LOW,False
BA001251,BA001251,CLI_0929,INT_0009,WEALIFE_SE,Wealins Life Sweden,AV,actif,AV,ENC,C,1474000,1474000,0,1431400,284700,2022-11-22,2022-11-22,,,False,False,Stockholm Capital,Sweden,courtier,0,LOW,False
BA001252,BA001252,CLI_0930,INT_0008,WEACAP_FI,Wealins Capitalisation Finland,CAP,actif,CAP,ENC,L,741000,813000,0,1058400,360800,2021-02-18,2021-02-18,,,False,False,Helsinki Wealth Advisors,Finland,courtier,0,LOW,False
BA001253,BA001253,CLI_0931,INT_0004,WEALIFE_IT,Wealins Life Italy +,AV,actif,AV,ENC,C,250000,250000,50000,194100,41700,2023-12-13,2023-12-13,,,False,False,Milano Fiduciaria,Italy,fiduciaire,0,LOW,False
BA001254,BA001254,CLI_0931,INT_0004,WEALIFE_IT,Wealins Life Italy +,AV,actif,AV,ENC,C,250000,250000,0,295700,45500,2024-01-14,2024-01-14,,,False,False,Milano Fiduciaria,Italy,fiduciaire,0,LOW,False
BA001255,BA001255,CLI_0932,INT_0002,WEALIFE_BE,Wealins Life Belgium,AV,actif,AV,ENC,C,1132000,1132000,463000,910300,287100,2021-04-12,2021-04-12,,,False,False,Patrimoine & Conseil,Belgium,courtier,0,LOW,False
BA001256,BA001256,CLI_0932,INT_0002,EPLAT_BE,ePlatinum Belgium,AV,actif,AV,ENC,C,2725000,2725000,0,3630400,953700,2026-05-03,2026-05-03,,,False,False,Patrimoine & Conseil,Belgium,courtier,0,LOW,False
BA001257,BA001257,CLI_0933,INT_0001,WEACAP_FR,Wealins Capi France,CAP,actif,CAP,ENC,L,250000,250000,0,278700,49800,2025-11-18,2025-11-18,,,False,True,Valoria Capital,France,courtier,0,LOW,False
BA001258,BA001258,CLI_0934,INT_0001,WEACAP_FR,Wealins Capi France,CAP,actif,CAP,ENC,L,510000,510000,0,704100,198500,2021-01-23,2021-01-23,,,False,False,Valoria Capital,France,courtier,0,LOW,False
BA001259,BA001259,CLI_0935,INT_0002,EPLAT_BE,ePlatinum Belgium,AV,actif,AV,ENC,C,250000,250000,60000,248200,43700,2025-01-11,2025-01-11,,,False,False,Patrimoine & Conseil,Belgium,courtier,0,LOW,False
BA001260,BA001260,CLI_0936,INT_0001,WEACAP_FR,Wealins Capi France,CAP,actif,CAP,ENC,C,385000,385000,66000,432900,117300,2024-05-13,2024-05-13,,,False,False,Valoria Capital,France,courtier,0,LOW,False
BA001261,BA001261,CLI_0937,INT_0001,WEACAP_FR,Wealins Capi France,CAP,actif,CAP,ENC,C,521000,685000,0,792500,204600,2021-12-12,2021-12-12,,,False,False,Valoria Capital,France,courtier,0,LOW,False
BA001262,BA001262,CLI_0938,INT_0008,WEALIFE_FI,Wealins Life Finland,AV,actif,AV,TER,C,1126000,1357000,0,1555700,450100,2019-03-01,2019-03-01,,,False,False,Helsinki Wealth Advisors,Finland,courtier,0,LOW,False
BA001263,BA001263,CLI_0938,INT_0008,WEALIFE_FI,Wealins Life Finland,AV,actif,AV,ENC,L,1227000,2012000,0,2087900,506300,2020-05-10,2020-05-10,,,False,False,Helsinki Wealth Advisors,Finland,courtier,0,LOW,False
BA001264,BA001264,CLI_0938,INT_0008,WEACAP_FI,Wealins Capitalisation Finland,CAP,actif,CAP,ENC,C,916000,1117000,0,1474000,322300,2020-01-31,2020-01-31,,,False,False,Helsinki Wealth Advisors,Finland,courtier,0,LOW,False
BA001265,BA001265,CLI_0939,INT_0002,WEALIFE_BE,Wealins Life Belgium,AV,actif,AV,ENC,C,250000,308000,77000,246700,67900,2021-02-26,2021-02-26,,,False,False,Patrimoine & Conseil,Belgium,courtier,0,LOW,False
BA001266,BA001266,CLI_0940,INT_0001,WEACAP_FR,Wealins Capi France,CAP,actif,CAP,ENC,C,438000,438000,0,441100,125400,2019-12-03,2019-12-03,,,False,False,Valoria Capital,France,courtier,0,LOW,True
BA001267,BA001267,CLI_0941,INT_0002,EPLAT_BE,ePlatinum Belgium,AV,actif,AV,ENC,C,546000,627000,0,627000,219000,2022-12-25,2022-12-25,,,False,False,Patrimoine & Conseil,Belgium,courtier,0,LOW,False
BA001268,BA001268,CLI_0942,INT_0001,WEALIFE_FR,Wealins Life France,AV,actif,AV,ENC,C,1446000,1519000,0,1525400,406900,2021-04-02,2021-04-02,,,False,False,Valoria Capital,France,courtier,0,LOW,True
BA001269,BA001269,CLI_0943,INT_0004,WEALIFE_IT,Wealins Life Italy +,AV,actif,AV,ENC,C,495000,587000,74000,476900,166900,2023-03-01,2023-03-01,,,False,False,Milano Fiduciaria,Italy,fiduciaire,0,LOW,False
BA001270,BA001270,CLI_0943,INT_0004,WEALIFE_IT,Wealins Life Italy +,AV,actif,AV,ENC,C,1289000,1562000,0,1775600,359600,2023-04-06,2023-04-06,,,False,False,Milano Fiduciaria,Italy,fiduciaire,0,LOW,False
BA001271,BA001271,CLI_0944,INT_0001,WEACAP_FR,Wealins Capi France,CAP,actif,CAP,TER,L,923000,1100000,0,1184100,284500,2026-01-02,2026-01-02,,,False,True,Valoria Capital,France,courtier,0,LOW,False
BA001272,BA001272,CLI_0945,INT_0008,WEACAP_FI,Wealins Capitalisation Finland,CAP,actif,CAP,ENC,C,3889000,3889000,0,4221300,864600,2025-05-04,2025-05-04,,,False,True,Helsinki Wealth Advisors,Finland,courtier,0,LOW,False
BA001273,BA001273,CLI_0946,INT_0009,WEALIFE_SE,Wealins Life Sweden,AV,actif,AV,TER,C,315000,380000,0,404800,96100,2024-11-21,2024-11-21,,,False,True,Stockholm Capital,Sweden,courtier,0,LOW,False
BA001274,BA001274,CLI_0946,INT_0009,WEALIFE_SE,Wealins Life Sweden,AV,actif,AV,ENC,C,264000,264000,0,336900,67300,2025-03-26,2025-03-26,,,False,False,Stockholm Capital,Sweden,courtier,0,LOW,False
BA001275,BA001275,CLI_0946,INT_0009,WEALIFE_SE,Wealins Life Sweden,AV,actif,AV,ENC,C,250000,250000,0,281100,70300,2023-08-06,2023-08-06,,,False,False,Stockholm Capital,Sweden,courtier,0,LOW,False
BA001276,BA001276,CLI_0947,INT_0007,WEALIFE_PT,Wealins Life Portugal,AV,actif,AV,ENC,C,250000,360000,0,324100,82300,2021-09-24,2021-09-24,,,False,False,Porto Investimentos,Portugal,courtier,0,LOW,False
BA001277,BA001277,CLI_0948,INT_0001,WEALIFE_FR,Wealins Life France,AV,actif,AV,ENC,C,611000,664000,0,641000,168500,2025-08-19,2025-08-19,,,True,True,Valoria Capital,France,courtier,0,LOW,False
BA001278,BA001278,CLI_0948,INT_0001,WEALIFE_FR,Wealins Life France,AV,actif,AV,ENC,C,476000,594000,0,752400,138800,2019-02-02,2019-02-02,,,False,False,Valoria Capital,France,courtier,0,LOW,True
BA001279,BA001279,CLI_0949,INT_0001,WEACAP_FR,Wealins Capi France,CAP,actif,CAP,ENC,C,981000,981000,0,1171500,221100,2018-11-10,2018-11-10,,,False,False,Valoria Capital,France,courtier,0,LOW,False
BA001280,BA001280,CLI_0950,INT_0009,WEALIFE_SE,Wealins Life Sweden,AV,actif,AV,TER,C,250000,268000,0,270100,66500,2021-11-30,2021-11-30,,,False,True,Stockholm Capital,Sweden,courtier,0,LOW,False
BA001281,BA001281,CLI_0951,INT_0003,WEALIFE_NO,Wealins Life Norway,AV,actif,AV,ENC,C,250000,250000,0,227700,47200,2024-10-30,2024-10-30,,,False,False,Nordic Wealth Partners,Norway,courtier,0,LOW,False
BA001282,BA001282,CLI_0951,INT_0003,WEALIFE_NO,Wealins Life Norway,AV,actif,AV,SUS,C,250000,250000,0,293900,84900,2020-03-22,2020-03-22,,,False,False,Nordic Wealth Partners,Norway,courtier,0,LOW,False
BA001283,BA001283,CLI_0952,INT_0001,WEACAP_FR,Wealins Capi France,CAP,actif,CAP,ENC,C,729000,729000,0,776200,231400,2022-03-10,2022-03-10,,,False,False,Valoria Capital,France,courtier,0,LOW,False
BA001284,BA001284,CLI_0953,INT_0001,WEACAP_FR,Wealins Capi France,CAP,actif,CAP,ENC,C,298000,328000,0,352700,78400,2021-10-03,2021-10-03,,,False,False,Valoria Capital,France,courtier,0,LOW,False
BA001285,BA001285,CLI_0954,INT_0009,WEALIFE_SE,Wealins Life Sweden,AV,actif,AV,SUS,L,554000,649000,0,748200,180800,2022-02-02,2022-02-02,,,False,False,Stockholm Capital,Sweden,courtier,0,LOW,False
BA001286,BA001286,CLI_0955,INT_0007,WEALIFE_PT,Wealins Life Portugal,AV,actif,AV,ENC,C,318000,318000,0,304600,94200,2022-08-17,2022-08-17,,,False,False,Porto Investimentos,Portugal,courtier,0,LOW,False
BA001287,BA001287,CLI_0956,INT_0004,WEALIFE_IT,Wealins Life Italy +,AV,actif,AV,ENC,C,436000,436000,0,544100,184100,2026-04-17,2026-04-17,,,False,False,Milano Fiduciaria,Italy,fiduciaire,0,LOW,False
BA001288,BA001288,CLI_0957,INT_0001,WEALIFE_FR,Wealins Life France,AV,actif,AV,ENC,C,1035000,1434000,0,1947000,539700,2025-11-16,2025-11-16,,,False,True,Valoria Capital,France,courtier,0,LOW,False
BA001289,BA001289,CLI_0958,INT_0001,WEACAP_FR,Wealins Capi France,CAP,actif,CAP,ENC,L,957000,957000,0,1208900,246600,2026-03-15,2026-03-15,,,False,False,Valoria Capital,France,courtier,0,LOW,False
BA001290,BA001290,CLI_0958,INT_0001,WEACAP_FR,Wealins Capi France,CAP,actif,CAP,ENC,C,915000,915000,0,1051000,303100,2022-01-29,2022-01-29,,,False,False,Valoria Capital,France,courtier,0,LOW,False
BA001291,BA001291,CLI_0959,INT_0001,WEACAP_FR,Wealins Capi France,CAP,actif,CAP,ENC,C,250000,250000,0,228300,44600,2025-03-13,2025-03-13,,,False,False,Valoria Capital,France,courtier,0,LOW,False
BA001292,BA001292,CLI_0960,INT_0001,WEACAP_FR,Wealins Capi France,CAP,actif,CAP,ENC,C,373000,373000,0,347700,116600,2023-04-26,2023-04-26,,,False,True,Valoria Capital,France,courtier,0,LOW,False
BA001293,BA001293,CLI_0961,INT_0001,WEACAP_FR,Wealins Capi France,CAP,actif,CAP,TER,C,1327000,1327000,277000,1097000,268400,2023-11-25,2023-11-25,,,False,False,Valoria Capital,France,courtier,0,LOW,False
BA001294,BA001294,CLI_0962,INT_0001,WEALIFE_FR,Wealins Life France,AV,actif,AV,ENC,L,250000,293000,63000,293200,82900,2024-12-25,2024-12-25,,,False,False,Valoria Capital,France,courtier,0,LOW,False
BA001295,BA001295,CLI_0963,INT_0009,WEALIFE_SE,Wealins Life Sweden,AV,actif,AV,ENC,C,488000,546000,0,691500,188900,2018-11-26,2018-11-26,,,False,False,Stockholm Capital,Sweden,courtier,0,LOW,False
BA001296,BA001296,CLI_0963,INT_0009,WEALIFE_SE,Wealins Life Sweden,AV,actif,AV,ENC,L,1025000,1025000,0,1451900,446300,2024-06-15,2024-06-15,,,False,False,Stockholm Capital,Sweden,courtier,0,LOW,False
BA001297,BA001297,CLI_0964,INT_0001,WEALIFE_FR,Wealins Life France,AV,actif,AV,ENC,C,1483000,1674000,0,2220600,603100,2022-06-08,2022-06-08,,,False,False,Valoria Capital,France,courtier,0,LOW,False
BA001298,BA001298,CLI_0964,INT_0001,WEACAP_FR,Wealins Capi France,CAP,actif,CAP,ENC,L,1053000,1053000,0,1107400,311700,2023-06-12,2023-06-12,,,False,False,Valoria Capital,France,courtier,0,LOW,False
BA001299,BA001299,CLI_0965,INT_0001,WEALIFE_FR,Wealins Life France,AV,actif,AV,ENC,C,250000,279000,0,290600,46200,2026-03-31,2026-03-31,,,False,False,Valoria Capital,France,courtier,0,LOW,False
BA001300,BA001300,CLI_0966,INT_0002,WEALIFE_BE,Wealins Life Belgium,AV,actif,AV,ENC,C,1458000,1458000,355000,1342300,227400,2021-03-19,2021-03-19,,,False,False,Patrimoine & Conseil,Belgium,courtier,0,LOW,False
BA001301,BA001301,CLI_0967,INT_0002,WEALIFE_BE,Wealins Life Belgium,AV,actif,AV,ENC,C,352000,352000,0,420900,146900,2025-03-18,2025-03-18,,,False,False,Patrimoine & Conseil,Belgium,courtier,0,LOW,False
BA001302,BA001302,CLI_0968,INT_0010,WEALINS_DE,Wealins Germany,AV,legacy,AV,ENC,L,3277000,3277000,0,4099400,1183200,2021-04-14,2021-04-14,,,False,False,Rhine Capital Advisors,Germany,courtier,0,LOW,False
BA001303,BA001303,CLI_0969,INT_0001,WEACAP_FR,Wealins Capi France,CAP,actif,CAP,ENC,L,493000,709000,0,743700,234400,2023-07-17,2023-07-17,,,False,False,Valoria Capital,France,courtier,0,LOW,False
BA001304,BA001304,CLI_0969,INT_0001,WEALIFE_FR,Wealins Life France,AV,actif,AV,ENC,C,1033000,1400000,0,1717900,443200,2018-07-31,2018-07-31,,,False,False,Valoria Capital,France,courtier,0,LOW,False
BA001305,BA001305,CLI_0970,INT_0004,WEALIFE_IT,Wealins Life Italy +,AV,actif,AV,ENC,L,407000,581000,0,676500,173900,2025-05-28,2025-05-28,,,False,False,Milano Fiduciaria,Italy,fiduciaire,0,LOW,False
BA001306,BA001306,CLI_0970,INT_0004,WEALIFE_IT,Wealins Life Italy +,AV,actif,AV,TER,C,379000,379000,0,431800,150500,2022-06-24,2022-06-24,,,False,False,Milano Fiduciaria,Italy,fiduciaire,0,LOW,False
BA001307,BA001307,CLI_0970,INT_0004,WEALIFE_IT,Wealins Life Italy +,AV,actif,AV,SUS,L,535000,535000,225000,436500,77400,2025-05-28,2025-05-28,,,False,False,Milano Fiduciaria,Italy,fiduciaire,0,LOW,False
BA001308,BA001308,CLI_0971,INT_0001,WEACAP_FR,Wealins Capi France,CAP,actif,CAP,ENC,C,394000,394000,0,361100,104600,2020-10-20,2020-10-20,,,False,False,Valoria Capital,France,courtier,0,LOW,False
BA001309,BA001309,CLI_0972,INT_0001,WEACAP_FR,Wealins Capi France,CAP,actif,CAP,ENC,L,388000,388000,0,489400,113300,2020-02-18,2020-02-18,,,False,False,Valoria Capital,France,courtier,0,LOW,False
BA001310,BA001310,CLI_0972,INT_0001,WEALIFE_FR,Wealins Life France,AV,actif,AV,ENC,C,604000,604000,0,691700,194700,2023-05-07,2023-05-07,,,True,False,Valoria Capital,France,courtier,0,LOW,False
BA001311,BA001311,CLI_0973,INT_0009,WEALIFE_SE,Wealins Life Sweden,AV,actif,AV,ENC,L,1080000,1251000,0,1785600,330800,2022-04-29,2022-04-29,,,False,False,Stockholm Capital,Sweden,courtier,0,LOW,False
BA001312,BA001312,CLI_0974,INT_0001,WEALIFE_FR,Wealins Life France,AV,actif,AV,ENC,C,294000,355000,111000,232800,38500,2024-08-10,2024-08-10,,,False,False,Valoria Capital,France,courtier,0,LOW,False
BA001313,BA001313,CLI_0975,INT_0001,WEALIFE_FR,Wealins Life France,AV,actif,AV,ENC,C,417000,417000,0,449400,144900,2025-02-24,2025-02-24,,,False,False,Valoria Capital,France,courtier,0,LOW,False
BA001314,BA001314,CLI_0976,INT_0002,WEALIFE_BE,Wealins Life Belgium,AV,actif,AV,ENC,C,383000,442000,0,408100,75200,2022-06-28,2022-06-28,,,False,False,Patrimoine & Conseil,Belgium,courtier,0,LOW,False
BA001315,BA001315,CLI_0977,INT_0011,WEALIFE_PT,Wealins Life Portugal,AV,actif,AV,ENC,L,528000,610000,0,723500,237400,2025-04-02,2025-04-02,,,False,False,Copenhagen Finance,Denmark,courtier,0,LOW,True
BA001316,BA001316,CLI_0978,INT_0001,WEALIFE_FR,Wealins Life France,AV,actif,AV,TER,C,401000,504000,0,703400,118300,2020-01-16,2020-01-16,,,False,False,Valoria Capital,France,courtier,0,LOW,True
BA001317,BA001317,CLI_0979,INT_0001,WEACAP_FR,Wealins Capi France,CAP,actif,CAP,ENC,C,541000,541000,0,745200,183400,2020-05-25,2020-05-25,,,False,False,Valoria Capital,France,courtier,0,LOW,False
BA001318,BA001318,CLI_0979,INT_0001,WEACAP_FR,Wealins Capi France,CAP,actif,CAP,ENC,L,338000,421000,0,406400,102100,2020-12-27,2020-12-27,,,False,False,Valoria Capital,France,courtier,0,LOW,False
BA001319,BA001319,CLI_0980,INT_0001,WEALIFE_FR,Wealins Life France,AV,actif,AV,ENC,L,614000,614000,0,633400,175200,2019-04-15,2019-04-15,,,False,False,Valoria Capital,France,courtier,0,LOW,False
BA001320,BA001320,CLI_0980,INT_0001,WEALIFE_FR,Wealins Life France,AV,actif,AV,ENC,L,1691000,1691000,0,1612500,501200,2024-10-07,2024-10-07,,,False,True,Valoria Capital,France,courtier,0,LOW,False
BA001321,BA001321,CLI_0980,INT_0001,WEALIFE_FR,Wealins Life France,AV,actif,AV,ENC,C,1144000,1309000,145000,1331000,398100,2020-04-19,2020-04-19,,,False,False,Valoria Capital,France,courtier,0,LOW,False
BA001322,BA001322,CLI_0981,INT_0009,WEALIFE_SE,Wealins Life Sweden,AV,actif,AV,ENC,C,1440000,1524000,0,1473500,321900,2025-03-28,2025-03-28,,,False,False,Stockholm Capital,Sweden,courtier,0,LOW,False
BA001323,BA001323,CLI_0981,INT_0009,WEALIFE_SE,Wealins Life Sweden,AV,actif,AV,ENC,C,1348000,1348000,346000,1200400,385000,2020-10-08,2020-10-08,,,False,False,Stockholm Capital,Sweden,courtier,0,LOW,False
BA001324,BA001324,CLI_0981,INT_0009,WEALIFE_SE,Wealins Life Sweden,AV,actif,AV,TER,C,1160000,1585000,0,1663100,570600,2023-08-02,2023-08-02,,,False,False,Stockholm Capital,Sweden,courtier,0,LOW,False
BA001325,BA001325,CLI_0982,INT_0001,WEALIFE_FR,Wealins Life France,AV,actif,AV,ENC,C,1016000,1016000,0,1058200,286200,2024-10-19,2024-10-19,,,False,True,Valoria Capital,France,courtier,0,LOW,False
BA001326,BA001326,CLI_0983,INT_0001,WEALIFE_FR,Wealins Life France,AV,actif,AV,ENC,C,408000,408000,0,554500,158300,2019-07-03,2019-07-03,,,False,False,Valoria Capital,France,courtier,0,LOW,True
BA001327,BA001327,CLI_0984,INT_0001,WEACAP_FR,Wealins Capi France,CAP,actif,CAP,ENC,C,250000,250000,0,252100,86000,2025-04-19,2025-04-19,,,False,False,Valoria Capital,France,courtier,0,LOW,False
BA001328,BA001328,CLI_0985,INT_0001,WEACAP_FR,Wealins Capi France,CAP,actif,CAP,ENC,L,250000,250000,0,309000,66200,2020-03-05,2020-03-05,,,False,False,Valoria Capital,France,courtier,0,LOW,True
BA001329,BA001329,CLI_0986,INT_0002,WEALIFE_BE,Wealins Life Belgium,AV,actif,AV,ENC,C,306000,373000,96000,314800,57700,2020-03-27,2020-03-27,,,False,False,Patrimoine & Conseil,Belgium,courtier,0,LOW,False
BA001330,BA001330,CLI_0987,INT_0001,WEACAP_FR,Wealins Capi France,CAP,actif,CAP,ENC,C,2349000,2888000,0,3355700,884800,2025-04-05,2025-04-05,,,False,False,Valoria Capital,France,courtier,0,LOW,False
BA001331,BA001331,CLI_0988,INT_0001,WEACAP_FR,Wealins Capi France,CAP,actif,CAP,TER,L,1295000,1475000,0,1604500,526300,2023-10-30,2023-10-30,,,False,False,Valoria Capital,France,courtier,0,LOW,False
BA001332,BA001332,CLI_0989,INT_0001,WEALIFE_FR,Wealins Life France,AV,actif,AV,ENC,C,279000,410000,0,511600,128000,2024-05-14,2024-05-14,,,False,True,Valoria Capital,France,courtier,0,LOW,True
BA001333,BA001333,CLI_0990,INT_0009,WEALIFE_SE,Wealins Life Sweden,AV,actif,AV,ENC,L,474000,635000,0,580500,110800,2023-09-16,2023-09-16,,,False,False,Stockholm Capital,Sweden,courtier,0,LOW,False
BA001334,BA001334,CLI_0991,INT_0001,WEALIFE_FR,Wealins Life France,AV,actif,AV,ENC,C,759000,818000,0,807800,238900,2024-03-21,2024-03-21,,,False,True,Valoria Capital,France,courtier,0,LOW,False
BA001335,BA001335,CLI_0992,INT_0009,WEALIFE_SE,Wealins Life Sweden,AV,actif,AV,ENC,L,432000,432000,158000,277600,77400,2025-06-19,2025-06-19,,,False,False,Stockholm Capital,Sweden,courtier,0,LOW,False
BA001336,BA001336,CLI_0992,INT_0009,WEALIFE_SE,Wealins Life Sweden,AV,actif,AV,TER,C,423000,474000,0,574600,93200,2019-07-14,2019-07-14,,,False,False,Stockholm Capital,Sweden,courtier,0,LOW,False
BA001337,BA001337,CLI_0992,INT_0009,WEALIFE_SE,Wealins Life Sweden,AV,actif,AV,ENC,C,250000,250000,103000,136600,46900,2021-06-08,2021-06-08,,,False,False,Stockholm Capital,Sweden,courtier,0,LOW,False
BA001338,BA001338,CLI_0993,INT_0001,WEACAP_FR,Wealins Capi France,CAP,actif,CAP,ENC,L,250000,250000,0,308800,89100,2019-10-18,2019-10-18,,,False,False,Valoria Capital,France,courtier,0,LOW,False
BA001339,BA001339,CLI_0993,INT_0001,WEALIFE_FR,Wealins Life France,AV,actif,AV,ENC,C,743000,743000,0,916100,299200,2021-12-05,2021-12-05,,,False,True,Valoria Capital,France,courtier,0,LOW,False
BA001340,BA001340,CLI_0994,INT_0001,WEALIFE_FR,Wealins Life France,AV,actif,AV,ENC,C,465000,639000,103000,597600,186400,2022-05-31,2022-05-31,,,False,False,Valoria Capital,France,courtier,0,LOW,False
BA001341,BA001341,CLI_0994,INT_0001,WEALIFE_FR,Wealins Life France,AV,actif,AV,ENC,C,250000,250000,0,357400,105600,2023-05-23,2023-05-23,,,False,False,Valoria Capital,France,courtier,0,LOW,False
BA001342,BA001342,CLI_0995,INT_0001,WEACAP_FR,Wealins Capi France,CAP,actif,CAP,ENC,L,250000,250000,0,345400,120200,2022-12-30,2022-12-30,,,False,False,Valoria Capital,France,courtier,0,LOW,False
BA001343,BA001343,CLI_0995,INT_0001,WEALIFE_FR,Wealins Life France,AV,actif,AV,ENC,C,250000,286000,95000,171400,33900,2020-09-30,2020-09-30,,,False,False,Valoria Capital,France,courtier,0,LOW,False
BA001344,BA001344,CLI_0996,INT_0006,PLAT_SER,Platinum Serenity,AV,actif,AV,ENC,L,250000,250000,68000,240000,52600,2023-07-10,2023-07-10,,,False,False,Lux Private Office,Luxembourg,family_office,0,LOW,False
BA001345,BA001345,CLI_0996,INT_0006,EPLAT_BRD,ePlatinum Birdie,AV,actif,AV,ENC,L,329000,395000,74000,435300,122900,2020-04-21,2020-04-21,,,False,False,Lux Private Office,Luxembourg,family_office,0,LOW,False
BA001346,BA001346,CLI_0997,INT_0001,WEALIFE_FR,Wealins Life France,AV,actif,AV,ENC,L,3118000,3548000,0,3184900,597500,2021-03-23,2021-03-23,,,False,False,Valoria Capital,France,courtier,0,LOW,False
BA001347,BA001347,CLI_0997,INT_0001,WEACAP_FR,Wealins Capi France,CAP,actif,CAP,ENC,C,741000,820000,0,1124800,386400,2025-07-28,2025-07-28,,,False,True,Valoria Capital,France,courtier,0,LOW,False
BA001348,BA001348,CLI_0998,INT_0002,EPLAT_BE,ePlatinum Belgium,AV,actif,AV,ENC,C,351000,351000,0,413500,62800,2020-04-03,2020-04-03,,,False,False,Patrimoine & Conseil,Belgium,courtier,0,LOW,True
BA001349,BA001349,CLI_0999,INT_0004,WEALIFE_IT,Wealins Life Italy +,AV,actif,AV,ENC,C,250000,250000,90000,171600,44100,2024-07-24,2024-07-24,,,False,False,Milano Fiduciaria,Italy,fiduciaire,0,LOW,False
BA001350,BA001350,CLI_1000,INT_0001,WEALIFE_FR,Wealins Life France,AV,actif,AV,TER,L,920000,967000,0,953800,243100,2025-03-12,2025-03-12,,,False,True,Valoria Capital,France,courtier,0,LOW,False
