id_support,ref_support,id_contrat,code_isin,designation,type_fonds,juridiction,risque_juridiction,liquidite,est_offshore,montant_euro,nombre_parts,valeur_cotation_euro,poids_pct,flag_mandat_gestion,date_valorisation
SUP_000001,FID_BNP,BA000001,FID_BNP,BNP Paribas Wealth FID,FID,Luxembourg,FAIBLE,faible,False,18900,199.35,94.810106,7.24,True,2026-08-03
SUP_000002,FR0010392225,BA000001,FR0010392225,Varenne Capital Partners,OPCVM,France,FAIBLE,haute,False,11400,85.17,133.850718,4.36,True,2026-07-14
SUP_000003,FR0010392225,BA000001,FR0010392225,Varenne Capital Partners,OPCVM,France,FAIBLE,haute,False,104200,730.76,142.591577,39.97,True,2026-07-17
SUP_000004,LU0104884860,BA000001,LU0104884860,Pictet-Water P EUR,OPCVM,Luxembourg,FAIBLE,haute,False,126300,860.14,146.837075,48.42,True,2026-07-13
SUP_000005,FAS_ROT,BA000002,FAS_ROT,Rothschild & Co Gestion FAS,FAS,Luxembourg,FAIBLE,moyenne,False,3000,21.38,140.335195,1.13,True,2026-07-09
SUP_000006,FR0010392225,BA000002,FR0010392225,Varenne Capital Partners,OPCVM,France,FAIBLE,haute,False,261300,1943.04,134.479985,96.99,True,2026-07-10
SUP_000007,FR001400OJI4,BA000002,FR001400OJI4,DNCA Flexibonds C,OPCVM,France,FAIBLE,haute,False,5100,52.87,96.464544,1.88,True,2026-07-10
SUP_000008,FID_BNP,BA000003,FID_BNP,BNP Paribas Wealth FID,FID,Luxembourg,FAIBLE,faible,False,319500,2699.7,118.346289,38.7,True,2026-07-14
SUP_000009,LU0255977539,BA000003,LU0255977539,Pictet-Biotech R EUR,OPCVM,Luxembourg,FAIBLE,haute,False,506200,4431.3,114.232735,61.3,True,2026-07-31
SUP_000010,FID_BNP,BA000004,FID_BNP,BNP Paribas Wealth FID,FID,Luxembourg,FAIBLE,faible,False,949700,7631.58,124.443413,100.0,True,2026-07-30
SUP_000011,FID_UBS,BA000005,FID_UBS,UBS Luxembourg FID Patrimoine,FID,Luxembourg,FAIBLE,faible,False,321900,3964.79,81.189577,100.0,True,2026-07-27
SUP_000012,FID_UBS,BA000006,FID_UBS,UBS Luxembourg FID Patrimoine,FID,Luxembourg,FAIBLE,faible,False,272600,2785.23,97.873531,100.0,True,2026-08-01
SUP_000013,FID_UBS,BA000007,FID_UBS,UBS Luxembourg FID Patrimoine,FID,Luxembourg,FAIBLE,faible,False,293800,2683.68,109.476414,100.0,True,2026-08-02
SUP_000014,FID_BNP,BA000008,FID_BNP,BNP Paribas Wealth FID,FID,Luxembourg,FAIBLE,faible,False,124200,850.33,146.061111,41.93,True,2026-07-10
SUP_000015,XS2428662824,BA000008,XS2428662824,BNP Paribas Certificat,OPCVM,Luxembourg,FAIBLE,moyenne,False,6100,61.86,98.602426,2.08,True,2026-07-25
SUP_000016,FR0010923383,BA000008,FR0010923383,H2O Multistrategies R,OPCVM,France,FAIBLE,haute,False,165800,1542.29,107.502638,55.99,True,2026-07-16
SUP_000017,FID_UBS,BA000009,FID_UBS,UBS Luxembourg FID Patrimoine,FID,Luxembourg,FAIBLE,faible,False,202400,1873.68,108.022731,31.82,True,2026-07-19
SUP_000018,LU0104884860,BA000009,LU0104884860,Pictet-Water P EUR,OPCVM,Luxembourg,FAIBLE,haute,False,433900,4964.79,87.395441,68.18,True,2026-07-27
SUP_000019,FAS_ROT,BA000010,FAS_ROT,Rothschild & Co Gestion FAS,FAS,Luxembourg,FAIBLE,moyenne,False,714200,5938.99,120.256119,100.0,True,2026-07-22
SUP_000020,FID_UBS,BA000011,FID_UBS,UBS Luxembourg FID Patrimoine,FID,Luxembourg,FAIBLE,faible,False,1219900,11608.75,105.084518,57.99,True,2026-07-31
SUP_000021,FR0010392225,BA000011,FR0010392225,Varenne Capital Partners,OPCVM,France,FAIBLE,haute,False,883800,8738.93,101.133676,42.01,True,2026-07-21
SUP_000022,FID_UBS,BA000012,FID_UBS,UBS Luxembourg FID Patrimoine,FID,Luxembourg,FAIBLE,faible,False,499700,5113.89,97.714292,93.92,True,2026-08-05
SUP_000023,FR0010392225,BA000012,FR0010392225,Varenne Capital Partners,OPCVM,France,FAIBLE,haute,False,32300,377.5,85.562982,6.08,True,2026-07-25
SUP_000024,FR001400OJI4,BA000013,FR001400OJI4,DNCA Flexibonds C,OPCVM,France,FAIBLE,haute,False,86100,663.36,129.793749,17.99,False,2026-07-07
SUP_000025,XS2428662824,BA000013,XS2428662824,BNP Paribas Certificat,OPCVM,Luxembourg,FAIBLE,moyenne,False,392300,3036.06,129.213328,82.01,False,2026-08-03
SUP_000026,FID_UBS,BA000014,FID_UBS,UBS Luxembourg FID Patrimoine,FID,Luxembourg,FAIBLE,faible,False,23400,265.07,88.278392,7.02,True,2026-07-29
SUP_000027,FR001400OJI4,BA000014,FR001400OJI4,DNCA Flexibonds C,OPCVM,France,FAIBLE,haute,False,276500,2724.56,101.484101,82.98,True,2026-07-26
SUP_000028,FR0010923383,BA000014,FR0010923383,H2O Multistrategies R,OPCVM,France,FAIBLE,haute,False,33300,230.9,144.220304,10.0,True,2026-07-19
SUP_000029,PE_LUX_01,BA000015,PE_LUX_01,Luxembourg PE SICAR,PE,Luxembourg,FAIBLE,très faible,False,377100,4114.7,91.647015,85.89,False,2026-07-13
SUP_000030,LU0104884860,BA000015,LU0104884860,Pictet-Water P EUR,OPCVM,Luxembourg,FAIBLE,haute,False,41600,314.21,132.396101,9.47,False,2026-07-07
SUP_000031,FR001400OJI4,BA000015,FR001400OJI4,DNCA Flexibonds C,OPCVM,France,FAIBLE,haute,False,20400,250.15,81.549469,4.64,False,2026-07-10
SUP_000032,FR0010392225,BA000016,FR0010392225,Varenne Capital Partners,OPCVM,France,FAIBLE,haute,False,179100,1442.71,124.141479,100.0,False,2026-07-31
SUP_000033,FID_UBS,BA000017,FID_UBS,UBS Luxembourg FID Patrimoine,FID,Luxembourg,FAIBLE,faible,False,357500,3645.2,98.074306,100.0,True,2026-07-23
SUP_000034,FID_BNP,BA000018,FID_BNP,BNP Paribas Wealth FID,FID,Luxembourg,FAIBLE,faible,False,546900,5131.15,106.584239,45.97,True,2026-07-22
SUP_000035,LU0255977539,BA000018,LU0255977539,Pictet-Biotech R EUR,OPCVM,Luxembourg,FAIBLE,haute,False,642800,4843.49,132.714171,54.03,True,2026-07-12
SUP_000036,FAS_ROT,BA000019,FAS_ROT,Rothschild & Co Gestion FAS,FAS,Luxembourg,FAIBLE,moyenne,False,209300,1874.69,111.645392,17.79,True,2026-08-04
SUP_000037,LU0255977539,BA000019,LU0255977539,Pictet-Biotech R EUR,OPCVM,Luxembourg,FAIBLE,haute,False,42700,286.18,149.204704,3.63,True,2026-07-30
SUP_000038,FR0010923383,BA000019,FR0010923383,H2O Multistrategies R,OPCVM,France,FAIBLE,haute,False,924000,6769.88,136.486835,78.57,True,2026-08-02
SUP_000039,PE_LUX_01,BA000020,PE_LUX_01,Luxembourg PE SICAR,PE,Luxembourg,FAIBLE,très faible,False,865400,6794.59,127.366098,100.0,False,2026-07-22
SUP_000040,FID_UBS,BA000021,FID_UBS,UBS Luxembourg FID Patrimoine,FID,Luxembourg,FAIBLE,faible,False,226800,1627.77,139.331971,82.52,True,2026-07-14
SUP_000041,FR0010392225,BA000021,FR0010392225,Varenne Capital Partners,OPCVM,France,FAIBLE,haute,False,48100,459.0,104.792062,17.48,True,2026-08-03
SUP_000042,FID_BNP,BA000022,FID_BNP,BNP Paribas Wealth FID,FID,Luxembourg,FAIBLE,faible,False,413000,4294.89,96.160715,93.83,True,2026-07-31
SUP_000043,LU0104884860,BA000022,LU0104884860,Pictet-Water P EUR,OPCVM,Luxembourg,FAIBLE,haute,False,27100,336.7,80.48617,6.17,True,2026-07-19
SUP_000044,FID_BNP,BA000023,FID_BNP,BNP Paribas Wealth FID,FID,Luxembourg,FAIBLE,faible,False,342300,3141.62,108.956366,100.0,True,2026-07-09
SUP_000045,FID_UBS,BA000024,FID_UBS,UBS Luxembourg FID Patrimoine,FID,Luxembourg,FAIBLE,faible,False,21400,201.23,106.348508,7.02,True,2026-07-14
SUP_000046,LU0255977539,BA000024,LU0255977539,Pictet-Biotech R EUR,OPCVM,Luxembourg,FAIBLE,haute,False,44500,367.49,121.093147,14.63,True,2026-07-29
SUP_000047,LU0255977539,BA000024,LU0255977539,Pictet-Biotech R EUR,OPCVM,Luxembourg,FAIBLE,haute,False,145400,1013.26,143.496797,47.75,True,2026-07-10
SUP_000048,FR001400OJI4,BA000024,FR001400OJI4,DNCA Flexibonds C,OPCVM,France,FAIBLE,haute,False,93200,727.62,128.089231,30.6,True,2026-07-16
SUP_000049,FID_BNP,BA000025,FID_BNP,BNP Paribas Wealth FID,FID,Luxembourg,FAIBLE,faible,False,117300,794.64,147.613373,71.01,True,2026-07-27
SUP_000050,XS2428662824,BA000025,XS2428662824,BNP Paribas Certificat,OPCVM,Luxembourg,FAIBLE,moyenne,False,47900,430.94,111.151452,28.99,True,2026-07-20
SUP_000051,FID_UBS,BA000026,FID_UBS,UBS Luxembourg FID Patrimoine,FID,Luxembourg,FAIBLE,faible,False,27800,236.69,117.455551,8.04,True,2026-07-21
SUP_000052,FR001400OJI4,BA000026,FR001400OJI4,DNCA Flexibonds C,OPCVM,France,FAIBLE,haute,False,30400,241.14,126.068414,8.78,True,2026-07-11
SUP_000053,LU0255977539,BA000026,LU0255977539,Pictet-Biotech R EUR,OPCVM,Luxembourg,FAIBLE,haute,False,288200,2040.6,141.232782,83.18,True,2026-07-15
SUP_000054,FR0010392225,BA000027,FR0010392225,Varenne Capital Partners,OPCVM,France,FAIBLE,haute,False,3300,27.28,120.983388,1.17,False,2026-07-10
SUP_000055,XS2428662824,BA000027,XS2428662824,BNP Paribas Certificat,OPCVM,Luxembourg,FAIBLE,moyenne,False,163100,1662.51,98.104643,57.64,False,2026-07-21
SUP_000056,FR0010923383,BA000027,FR0010923383,H2O Multistrategies R,OPCVM,France,FAIBLE,haute,False,69900,519.08,134.662472,24.69,False,2026-07-21
SUP_000057,PE_LUX_01,BA000027,PE_LUX_01,Luxembourg PE SICAR,PE,Luxembourg,FAIBLE,très faible,False,46700,381.79,122.319153,16.49,False,2026-08-02
SUP_000058,FID_BNP,BA000028,FID_BNP,BNP Paribas Wealth FID,FID,Luxembourg,FAIBLE,faible,False,323200,2252.55,143.481872,100.0,True,2026-07-26
SUP_000059,FID_UBS,BA000029,FID_UBS,UBS Luxembourg FID Patrimoine,FID,Luxembourg,FAIBLE,faible,False,280700,3010.89,93.228313,100.0,True,2026-07-10
SUP_000060,PE_CAY_01,BA000030,PE_CAY_01,Cayman Growth Fund I,PE,Cayman Islands,ELEVE,très faible,True,243700,1665.72,146.303415,41.97,False,2026-07-15
SUP_000061,PE_CAY_01,BA000030,PE_CAY_01,Cayman Growth Fund I,PE,Cayman Islands,ELEVE,très faible,True,272300,2811.9,96.838366,46.9,False,2026-07-19
SUP_000062,PE_CAY_01,BA000030,PE_CAY_01,Cayman Growth Fund I,PE,Cayman Islands,ELEVE,très faible,True,64600,471.06,137.137254,11.12,False,2026-07-19
SUP_000063,FID_BNP,BA000031,FID_BNP,BNP Paribas Wealth FID,FID,Luxembourg,FAIBLE,faible,False,550500,3903.91,141.012357,26.53,True,2026-07-10
SUP_000064,LU0255977539,BA000031,LU0255977539,Pictet-Biotech R EUR,OPCVM,Luxembourg,FAIBLE,haute,False,1524300,10349.35,147.284554,73.47,True,2026-08-01
SUP_000065,LU0104884860,BA000032,LU0104884860,Pictet-Water P EUR,OPCVM,Luxembourg,FAIBLE,haute,False,370100,3243.9,114.090993,66.76,False,2026-07-30
SUP_000066,XS2428662824,BA000032,XS2428662824,BNP Paribas Certificat,OPCVM,Luxembourg,FAIBLE,moyenne,False,36000,300.18,119.928873,6.49,False,2026-07-17
SUP_000067,LU0255977539,BA000032,LU0255977539,Pictet-Biotech R EUR,OPCVM,Luxembourg,FAIBLE,haute,False,148300,1141.85,129.876973,26.75,False,2026-08-01
SUP_000068,FAS_IND,BA000033,FAS_IND,Indosuez Wealth Management FAS,FAS,Luxembourg,FAIBLE,moyenne,False,220800,2178.77,101.341665,43.05,True,2026-07-25
SUP_000069,LU0104884860,BA000033,LU0104884860,Pictet-Water P EUR,OPCVM,Luxembourg,FAIBLE,haute,False,292200,3152.55,92.686966,56.95,True,2026-07-31
SUP_000070,FID_UBS,BA000034,FID_UBS,UBS Luxembourg FID Patrimoine,FID,Luxembourg,FAIBLE,faible,False,11500,104.6,109.942274,3.53,True,2026-07-13
SUP_000071,FR001400OJI4,BA000034,FR001400OJI4,DNCA Flexibonds C,OPCVM,France,FAIBLE,haute,False,102100,990.77,103.051216,31.5,True,2026-07-28
SUP_000072,XS2428662824,BA000034,XS2428662824,BNP Paribas Certificat,OPCVM,Luxembourg,FAIBLE,moyenne,False,194600,2170.1,89.673172,60.01,True,2026-07-19
SUP_000073,FR0010923383,BA000034,FR0010923383,H2O Multistrategies R,OPCVM,France,FAIBLE,haute,False,16100,187.39,85.918046,4.96,True,2026-07-27
SUP_000074,XS2428662824,BA000035,XS2428662824,BNP Paribas Certificat,OPCVM,Luxembourg,FAIBLE,moyenne,False,35900,278.57,128.871465,7.09,False,2026-07-23
SUP_000075,PE_CAY_01,BA000035,PE_CAY_01,Cayman Growth Fund I,PE,Cayman Islands,ELEVE,très faible,True,470600,4492.13,104.760987,92.91,False,2026-07-25
SUP_000076,FID_BNP,BA000036,FID_BNP,BNP Paribas Wealth FID,FID,Luxembourg,FAIBLE,faible,False,47300,411.18,115.034282,9.39,True,2026-07-14
SUP_000077,LU0255977539,BA000036,LU0255977539,Pictet-Biotech R EUR,OPCVM,Luxembourg,FAIBLE,haute,False,456800,3092.63,147.706037,90.61,True,2026-07-20
SUP_000078,PE_LUX_01,BA000037,PE_LUX_01,Luxembourg PE SICAR,PE,Luxembourg,FAIBLE,très faible,False,765600,5801.14,131.974015,100.0,False,2026-07-16
SUP_000079,FAS_ROT,BA000038,FAS_ROT,Rothschild & Co Gestion FAS,FAS,Luxembourg,FAIBLE,moyenne,False,28900,306.38,94.328557,7.8,True,2026-07-09
SUP_000080,LU0104884860,BA000038,LU0104884860,Pictet-Water P EUR,OPCVM,Luxembourg,FAIBLE,haute,False,208400,2054.77,101.422308,56.17,True,2026-07-25
SUP_000081,XS2428662824,BA000038,XS2428662824,BNP Paribas Certificat,OPCVM,Luxembourg,FAIBLE,moyenne,False,60000,497.52,120.597081,16.18,True,2026-07-25
SUP_000082,FR0010923383,BA000038,FR0010923383,H2O Multistrategies R,OPCVM,France,FAIBLE,haute,False,73700,546.65,134.820914,19.85,True,2026-07-24
SUP_000083,FID_UBS,BA000039,FID_UBS,UBS Luxembourg FID Patrimoine,FID,Luxembourg,FAIBLE,faible,False,75900,787.37,96.396443,33.12,True,2026-07-15
SUP_000084,LU0255977539,BA000039,LU0255977539,Pictet-Biotech R EUR,OPCVM,Luxembourg,FAIBLE,haute,False,153200,1204.49,127.191053,66.88,True,2026-07-18
SUP_000085,FID_BNP,BA000040,FID_BNP,BNP Paribas Wealth FID,FID,Luxembourg,FAIBLE,faible,False,12300,89.37,137.631847,4.29,True,2026-07-25
SUP_000086,FR001400OJI4,BA000040,FR001400OJI4,DNCA Flexibonds C,OPCVM,France,FAIBLE,haute,False,34300,313.02,109.579382,11.92,True,2026-08-04
SUP_000087,LU0255977539,BA000040,LU0255977539,Pictet-Biotech R EUR,OPCVM,Luxembourg,FAIBLE,haute,False,241100,1678.25,143.661278,83.79,True,2026-07-10
SUP_000088,FID_BNP,BA000041,FID_BNP,BNP Paribas Wealth FID,FID,Luxembourg,FAIBLE,faible,False,80500,628.52,128.079609,21.83,True,2026-08-04
SUP_000089,LU0104884860,BA000041,LU0104884860,Pictet-Water P EUR,OPCVM,Luxembourg,FAIBLE,haute,False,288100,2253.49,127.846121,78.17,True,2026-07-24
SUP_000090,FID_UBS,BA000042,FID_UBS,UBS Luxembourg FID Patrimoine,FID,Luxembourg,FAIBLE,faible,False,299300,3699.94,80.893145,100.0,True,2026-07-19
SUP_000091,FAS_ROT,BA000043,FAS_ROT,Rothschild & Co Gestion FAS,FAS,Luxembourg,FAIBLE,moyenne,False,606300,4743.53,127.816166,91.37,True,2026-07-30
SUP_000092,LU0255977539,BA000043,LU0255977539,Pictet-Biotech R EUR,OPCVM,Luxembourg,FAIBLE,haute,False,57300,463.56,123.607374,8.63,True,2026-08-04
SUP_000093,FR0010392225,BA000044,FR0010392225,Varenne Capital Partners,OPCVM,France,FAIBLE,haute,False,2037400,23901.24,85.242455,85.27,False,2026-07-29
SUP_000094,FR0010923383,BA000044,FR0010923383,H2O Multistrategies R,OPCVM,France,FAIBLE,haute,False,352000,2672.93,131.690517,14.73,False,2026-07-17
SUP_000095,FID_UBS,BA000045,FID_UBS,UBS Luxembourg FID Patrimoine,FID,Luxembourg,FAIBLE,faible,False,279600,1864.81,149.93515,100.0,True,2026-07-15
SUP_000096,FID_BNP,BA000046,FID_BNP,BNP Paribas Wealth FID,FID,Luxembourg,FAIBLE,faible,False,11000,85.32,128.919561,5.43,True,2026-07-21
SUP_000097,FR001400OJI4,BA000046,FR001400OJI4,DNCA Flexibonds C,OPCVM,France,FAIBLE,haute,False,26900,192.52,139.723113,13.22,True,2026-07-24
SUP_000098,FR0010392225,BA000046,FR0010392225,Varenne Capital Partners,OPCVM,France,FAIBLE,haute,False,106000,1150.16,92.161116,52.14,True,2026-07-16
SUP_000099,LU0104884860,BA000046,LU0104884860,Pictet-Water P EUR,OPCVM,Luxembourg,FAIBLE,haute,False,59400,459.07,129.392976,29.21,True,2026-07-25
SUP_000100,PE_LUX_01,BA000047,PE_LUX_01,Luxembourg PE SICAR,PE,Luxembourg,FAIBLE,très faible,False,283900,2184.61,129.954311,75.8,False,2026-07-18
SUP_000101,LU0255977539,BA000047,LU0255977539,Pictet-Biotech R EUR,OPCVM,Luxembourg,FAIBLE,haute,False,90600,675.26,134.170788,24.2,False,2026-07-12
SUP_000102,FAS_ROT,BA000048,FAS_ROT,Rothschild & Co Gestion FAS,FAS,Luxembourg,FAIBLE,moyenne,False,46300,371.01,124.793472,11.56,True,2026-07-23
SUP_000103,FR001400OJI4,BA000048,FR001400OJI4,DNCA Flexibonds C,OPCVM,France,FAIBLE,haute,False,155600,1366.86,113.837527,38.82,True,2026-07-13
SUP_000104,LU0255977539,BA000048,LU0255977539,Pictet-Biotech R EUR,OPCVM,Luxembourg,FAIBLE,haute,False,198800,1562.71,127.215205,49.61,True,2026-07-28
SUP_000105,FID_BNP,BA000049,FID_BNP,BNP Paribas Wealth FID,FID,Luxembourg,FAIBLE,faible,False,70500,616.06,114.435989,45.29,True,2026-08-04
SUP_000106,FR0010923383,BA000049,FR0010923383,H2O Multistrategies R,OPCVM,France,FAIBLE,haute,False,70700,472.76,149.548251,45.46,True,2026-08-04
SUP_000107,XS2428662824,BA000049,XS2428662824,BNP Paribas Certificat,OPCVM,Luxembourg,FAIBLE,moyenne,False,14400,162.29,88.728605,9.26,True,2026-07-25
SUP_000108,FAS_ROT,BA000050,FAS_ROT,Rothschild & Co Gestion FAS,FAS,Luxembourg,FAIBLE,moyenne,False,341800,3135.24,109.01892,100.0,True,2026-07-18
SUP_000109,FID_UBS,BA000051,FID_UBS,UBS Luxembourg FID Patrimoine,FID,Luxembourg,FAIBLE,faible,False,257700,2302.04,111.944129,100.0,True,2026-08-01
SUP_000110,FID_UBS,BA000052,FID_UBS,UBS Luxembourg FID Patrimoine,FID,Luxembourg,FAIBLE,faible,False,178400,1716.78,103.915595,25.72,True,2026-08-01
SUP_000111,LU0104884860,BA000052,LU0104884860,Pictet-Water P EUR,OPCVM,Luxembourg,FAIBLE,haute,False,515400,4322.89,119.225734,74.28,True,2026-08-04
SUP_000112,FID_BNP,BA000053,FID_BNP,BNP Paribas Wealth FID,FID,Luxembourg,FAIBLE,faible,False,147500,1049.29,140.571326,36.04,True,2026-07-22
SUP_000113,LU0104884860,BA000053,LU0104884860,Pictet-Water P EUR,OPCVM,Luxembourg,FAIBLE,haute,False,79300,538.69,147.209374,19.37,True,2026-07-23
SUP_000114,FR001400OJI4,BA000053,FR001400OJI4,DNCA Flexibonds C,OPCVM,France,FAIBLE,haute,False,182600,1240.62,147.185013,44.59,True,2026-07-26
SUP_000115,FID_BNP,BA000054,FID_BNP,BNP Paribas Wealth FID,FID,Luxembourg,FAIBLE,faible,False,193100,1942.04,99.431666,66.01,True,2026-08-03
SUP_000116,FR001400OJI4,BA000054,FR001400OJI4,DNCA Flexibonds C,OPCVM,France,FAIBLE,haute,False,99400,684.27,145.265198,33.99,True,2026-07-28
SUP_000117,FID_BNP,BA000055,FID_BNP,BNP Paribas Wealth FID,FID,Luxembourg,FAIBLE,faible,False,35500,237.91,149.219185,8.08,True,2026-07-31
SUP_000118,FR001400OJI4,BA000055,FR001400OJI4,DNCA Flexibonds C,OPCVM,France,FAIBLE,haute,False,6600,74.7,88.348219,1.51,True,2026-07-16
SUP_000119,LU0104884860,BA000055,LU0104884860,Pictet-Water P EUR,OPCVM,Luxembourg,FAIBLE,haute,False,85500,846.13,101.048774,19.48,True,2026-07-07
SUP_000120,LU0104884860,BA000055,LU0104884860,Pictet-Water P EUR,OPCVM,Luxembourg,FAIBLE,haute,False,311500,2881.78,108.093013,70.93,True,2026-08-04
SUP_000121,XS2428662824,BA000056,XS2428662824,BNP Paribas Certificat,OPCVM,Luxembourg,FAIBLE,moyenne,False,828200,9661.6,85.720812,100.0,False,2026-07-24
SUP_000122,FID_BNP,BA000057,FID_BNP,BNP Paribas Wealth FID,FID,Luxembourg,FAIBLE,faible,False,1350300,11707.27,115.338611,100.0,True,2026-07-10
SUP_000123,FID_BNP,BA000058,FID_BNP,BNP Paribas Wealth FID,FID,Luxembourg,FAIBLE,faible,False,507500,4813.76,105.42686,100.0,True,2026-07-26
SUP_000124,XS2428662824,BA000059,XS2428662824,BNP Paribas Certificat,OPCVM,Luxembourg,FAIBLE,moyenne,False,498800,4931.87,101.138156,100.0,False,2026-07-14
SUP_000125,LU0255977539,BA000060,LU0255977539,Pictet-Biotech R EUR,OPCVM,Luxembourg,FAIBLE,haute,False,92300,794.78,116.13262,33.62,False,2026-07-08
SUP_000126,XS2428662824,BA000060,XS2428662824,BNP Paribas Certificat,OPCVM,Luxembourg,FAIBLE,moyenne,False,171900,1453.54,118.263406,62.62,False,2026-07-27
SUP_000127,PE_CAY_01,BA000060,PE_CAY_01,Cayman Growth Fund I,PE,Cayman Islands,ELEVE,très faible,True,10300,82.0,125.607433,3.76,False,2026-07-16
SUP_000128,FID_BNP,BA000061,FID_BNP,BNP Paribas Wealth FID,FID,Luxembourg,FAIBLE,faible,False,250800,2588.71,96.88228,100.0,True,2026-07-18
SUP_000129,FID_BNP,BA000062,FID_BNP,BNP Paribas Wealth FID,FID,Luxembourg,FAIBLE,faible,False,79700,574.56,138.714765,40.29,True,2026-07-23
SUP_000130,FR0010392225,BA000062,FR0010392225,Varenne Capital Partners,OPCVM,France,FAIBLE,haute,False,62000,473.42,130.960631,31.34,True,2026-08-05
SUP_000131,FR001400OJI4,BA000062,FR001400OJI4,DNCA Flexibonds C,OPCVM,France,FAIBLE,haute,False,100,0.89,112.094383,0.05,True,2026-08-04
SUP_000132,XS2428662824,BA000062,XS2428662824,BNP Paribas Certificat,OPCVM,Luxembourg,FAIBLE,moyenne,False,56000,667.02,83.955427,28.32,True,2026-07-14
SUP_000133,FAS_ROT,BA000063,FAS_ROT,Rothschild & Co Gestion FAS,FAS,Luxembourg,FAIBLE,moyenne,False,209900,2324.67,90.292212,33.49,True,2026-07-26
SUP_000134,XS2428662824,BA000063,XS2428662824,BNP Paribas Certificat,OPCVM,Luxembourg,FAIBLE,moyenne,False,416900,4299.82,96.957532,66.51,True,2026-08-03
SUP_000135,LU0104884860,BA000064,LU0104884860,Pictet-Water P EUR,OPCVM,Luxembourg,FAIBLE,haute,False,1082300,12576.37,86.058232,100.0,False,2026-07-31
SUP_000136,FAS_IND,BA000065,FAS_IND,Indosuez Wealth Management FAS,FAS,Luxembourg,FAIBLE,moyenne,False,465500,3926.88,118.542097,51.93,True,2026-07-16
SUP_000137,LU0104884860,BA000065,LU0104884860,Pictet-Water P EUR,OPCVM,Luxembourg,FAIBLE,haute,False,430900,4712.39,91.439716,48.07,True,2026-07-21
SUP_000138,FID_BNP,BA000066,FID_BNP,BNP Paribas Wealth FID,FID,Luxembourg,FAIBLE,faible,False,1681900,11363.33,148.011242,100.0,True,2026-07-19
SUP_000139,FID_BNP,BA000067,FID_BNP,BNP Paribas Wealth FID,FID,Luxembourg,FAIBLE,faible,False,1212300,11182.48,108.410639,100.0,True,2026-07-07
SUP_000140,FID_UBS,BA000068,FID_UBS,UBS Luxembourg FID Patrimoine,FID,Luxembourg,FAIBLE,faible,False,42800,406.69,105.241004,7.64,True,2026-07-28
SUP_000141,FR0010923383,BA000068,FR0010923383,H2O Multistrategies R,OPCVM,France,FAIBLE,haute,False,518300,3976.99,130.324712,92.36,True,2026-07-20
SUP_000142,FAS_ROT,BA000069,FAS_ROT,Rothschild & Co Gestion FAS,FAS,Luxembourg,FAIBLE,moyenne,False,261500,1894.57,138.026132,100.0,True,2026-07-21
SUP_000143,FID_UBS,BA000070,FID_UBS,UBS Luxembourg FID Patrimoine,FID,Luxembourg,FAIBLE,faible,False,66800,614.59,108.690703,16.77,True,2026-07-11
SUP_000144,LU0104884860,BA000070,LU0104884860,Pictet-Water P EUR,OPCVM,Luxembourg,FAIBLE,haute,False,331400,3063.53,108.175773,83.23,True,2026-07-28
SUP_000145,FR001400OJI4,BA000071,FR001400OJI4,DNCA Flexibonds C,OPCVM,France,FAIBLE,haute,False,469700,5865.28,80.081469,74.25,False,2026-07-16
SUP_000146,PE_LUX_01,BA000071,PE_LUX_01,Luxembourg PE SICAR,PE,Luxembourg,FAIBLE,très faible,False,13200,163.02,80.971031,2.09,False,2026-08-01
SUP_000147,PE_CAY_01,BA000071,PE_CAY_01,Cayman Growth Fund I,PE,Cayman Islands,ELEVE,très faible,True,149700,1171.36,127.800592,23.66,False,2026-07-14
SUP_000148,FID_UBS,BA000072,FID_UBS,UBS Luxembourg FID Patrimoine,FID,Luxembourg,FAIBLE,faible,False,192300,1581.92,121.56092,22.45,True,2026-07-29
SUP_000149,XS2428662824,BA000072,XS2428662824,BNP Paribas Certificat,OPCVM,Luxembourg,FAIBLE,moyenne,False,664400,4462.96,148.869849,77.55,True,2026-07-09
SUP_000150,FAS_IND,BA000073,FAS_IND,Indosuez Wealth Management FAS,FAS,Luxembourg,FAIBLE,moyenne,False,117200,1006.76,116.413099,14.18,True,2026-07-12
SUP_000151,FR0010923383,BA000073,FR0010923383,H2O Multistrategies R,OPCVM,France,FAIBLE,haute,False,709200,8417.41,84.253952,85.82,True,2026-07-26
SUP_000152,FID_BNP,BA000074,FID_BNP,BNP Paribas Wealth FID,FID,Luxembourg,FAIBLE,faible,False,147300,1020.55,144.333423,38.62,True,2026-07-26
SUP_000153,FR0010923383,BA000074,FR0010923383,H2O Multistrategies R,OPCVM,France,FAIBLE,haute,False,234100,1809.77,129.353412,61.38,True,2026-07-16
SUP_000154,FAS_IND,BA000075,FAS_IND,Indosuez Wealth Management FAS,FAS,Luxembourg,FAIBLE,moyenne,False,1040000,10863.24,95.735736,62.58,True,2026-07-21
SUP_000155,FR001400OJI4,BA000075,FR001400OJI4,DNCA Flexibonds C,OPCVM,France,FAIBLE,haute,False,621900,7532.62,82.560912,37.42,True,2026-07-27
SUP_000156,FAS_IND,BA000076,FAS_IND,Indosuez Wealth Management FAS,FAS,Luxembourg,FAIBLE,moyenne,False,227100,1893.37,119.944731,25.06,True,2026-08-03
SUP_000157,XS2428662824,BA000076,XS2428662824,BNP Paribas Certificat,OPCVM,Luxembourg,FAIBLE,moyenne,False,479800,3372.91,142.251137,52.92,True,2026-07-09
SUP_000158,LU0104884860,BA000076,LU0104884860,Pictet-Water P EUR,OPCVM,Luxembourg,FAIBLE,haute,False,199600,1720.1,116.039475,22.02,True,2026-07-25
SUP_000159,FID_UBS,BA000077,FID_UBS,UBS Luxembourg FID Patrimoine,FID,Luxembourg,FAIBLE,faible,False,2134400,23501.81,90.818539,100.0,True,2026-07-27
SUP_000160,FID_BNP,BA000078,FID_BNP,BNP Paribas Wealth FID,FID,Luxembourg,FAIBLE,faible,False,1427900,14093.98,101.31279,69.56,True,2026-07-10
SUP_000161,XS2428662824,BA000078,XS2428662824,BNP Paribas Certificat,OPCVM,Luxembourg,FAIBLE,moyenne,False,624800,5638.07,110.818065,30.44,True,2026-07-22
SUP_000162,FID_BNP,BA000079,FID_BNP,BNP Paribas Wealth FID,FID,Luxembourg,FAIBLE,faible,False,1841300,16940.96,108.689209,82.29,True,2026-07-14
SUP_000163,FR001400OJI4,BA000079,FR001400OJI4,DNCA Flexibonds C,OPCVM,France,FAIBLE,haute,False,396400,4710.72,84.148563,17.71,True,2026-07-21
SUP_000164,FID_UBS,BA000080,FID_UBS,UBS Luxembourg FID Patrimoine,FID,Luxembourg,FAIBLE,faible,False,302400,2209.8,136.845187,68.24,True,2026-07-31
SUP_000165,FR0010392225,BA000080,FR0010392225,Varenne Capital Partners,OPCVM,France,FAIBLE,haute,False,140800,1307.97,107.647731,31.76,True,2026-07-22
SUP_000166,FID_BNP,BA000081,FID_BNP,BNP Paribas Wealth FID,FID,Luxembourg,FAIBLE,faible,False,301800,2867.96,105.231544,90.33,True,2026-07-23
SUP_000167,FR0010923383,BA000081,FR0010923383,H2O Multistrategies R,OPCVM,France,FAIBLE,haute,False,32300,325.17,99.332367,9.67,True,2026-07-26
SUP_000168,FR001400OJI4,BA000082,FR001400OJI4,DNCA Flexibonds C,OPCVM,France,FAIBLE,haute,False,24300,200.8,121.018544,12.52,False,2026-07-25
SUP_000169,FR001400OJI4,BA000082,FR001400OJI4,DNCA Flexibonds C,OPCVM,France,FAIBLE,haute,False,168600,1467.51,114.888832,86.9,False,2026-07-25
SUP_000170,FR0010923383,BA000082,FR0010923383,H2O Multistrategies R,OPCVM,France,FAIBLE,haute,False,1100,9.13,120.417635,0.58,False,2026-08-04
SUP_000171,FAS_ROT,BA000083,FAS_ROT,Rothschild & Co Gestion FAS,FAS,Luxembourg,FAIBLE,moyenne,False,296900,3584.66,82.825072,100.0,True,2026-07-26
SUP_000172,PE_CAY_01,BA000084,PE_CAY_01,Cayman Growth Fund I,PE,Cayman Islands,ELEVE,très faible,True,2928600,22046.78,132.835723,100.0,False,2026-07-29
SUP_000173,FID_BNP,BA000085,FID_BNP,BNP Paribas Wealth FID,FID,Luxembourg,FAIBLE,faible,False,361400,3904.13,92.568586,100.0,True,2026-07-07
SUP_000174,FAS_ROT,BA000086,FAS_ROT,Rothschild & Co Gestion FAS,FAS,Luxembourg,FAIBLE,moyenne,False,201000,2112.02,95.169465,64.56,True,2026-07-23
SUP_000175,LU0104884860,BA000086,LU0104884860,Pictet-Water P EUR,OPCVM,Luxembourg,FAIBLE,haute,False,110300,792.61,139.160967,35.44,True,2026-07-14
SUP_000176,PE_LUX_01,BA000087,PE_LUX_01,Luxembourg PE SICAR,PE,Luxembourg,FAIBLE,très faible,False,341200,3485.25,97.89824,100.0,False,2026-08-04
SUP_000177,FAS_ROT,BA000088,FAS_ROT,Rothschild & Co Gestion FAS,FAS,Luxembourg,FAIBLE,moyenne,False,288900,1969.71,146.671274,100.0,True,2026-07-28
SUP_000178,FID_UBS,BA000089,FID_UBS,UBS Luxembourg FID Patrimoine,FID,Luxembourg,FAIBLE,faible,False,727000,5057.87,143.736434,100.0,True,2026-07-29
SUP_000179,PE_LUX_01,BA000090,PE_LUX_01,Luxembourg PE SICAR,PE,Luxembourg,FAIBLE,très faible,False,133600,1362.52,98.053729,12.59,False,2026-07-23
SUP_000180,FR0010923383,BA000090,FR0010923383,H2O Multistrategies R,OPCVM,France,FAIBLE,haute,False,371700,2789.66,133.24185,35.0,False,2026-07-12
SUP_000181,PE_CAY_01,BA000090,PE_CAY_01,Cayman Growth Fund I,PE,Cayman Islands,ELEVE,très faible,True,556600,4240.09,131.270855,52.42,False,2026-07-14
SUP_000182,FID_UBS,BA000091,FID_UBS,UBS Luxembourg FID Patrimoine,FID,Luxembourg,FAIBLE,faible,False,1868100,16097.95,116.045832,100.0,True,2026-07-22
SUP_000183,FID_UBS,BA000092,FID_UBS,UBS Luxembourg FID Patrimoine,FID,Luxembourg,FAIBLE,faible,False,1587000,14100.54,112.548902,100.0,True,2026-08-02
SUP_000184,FR0010392225,BA000093,FR0010392225,Varenne Capital Partners,OPCVM,France,FAIBLE,haute,False,327600,2528.43,129.566314,25.14,False,2026-07-14
SUP_000185,LU0255977539,BA000093,LU0255977539,Pictet-Biotech R EUR,OPCVM,Luxembourg,FAIBLE,haute,False,975300,10374.72,94.007397,74.86,False,2026-07-08
SUP_000186,FID_BNP,BA000094,FID_BNP,BNP Paribas Wealth FID,FID,Luxembourg,FAIBLE,faible,False,35400,271.45,130.408532,13.92,True,2026-08-02
SUP_000187,LU0104884860,BA000094,LU0104884860,Pictet-Water P EUR,OPCVM,Luxembourg,FAIBLE,haute,False,217700,2071.93,105.071264,85.45,True,2026-08-03
SUP_000188,LU0104884860,BA000094,LU0104884860,Pictet-Water P EUR,OPCVM,Luxembourg,FAIBLE,haute,False,1600,11.54,138.67983,0.63,True,2026-07-20
SUP_000189,FID_BNP,BA000095,FID_BNP,BNP Paribas Wealth FID,FID,Luxembourg,FAIBLE,faible,False,1236800,9250.92,133.694843,100.0,True,2026-07-13
SUP_000190,FID_UBS,BA000096,FID_UBS,UBS Luxembourg FID Patrimoine,FID,Luxembourg,FAIBLE,faible,False,649400,5672.62,114.479686,47.5,True,2026-07-18
SUP_000191,LU0255977539,BA000096,LU0255977539,Pictet-Biotech R EUR,OPCVM,Luxembourg,FAIBLE,haute,False,717800,7466.32,96.138371,52.5,True,2026-07-19
SUP_000192,FID_UBS,BA000097,FID_UBS,UBS Luxembourg FID Patrimoine,FID,Luxembourg,FAIBLE,faible,False,392400,3632.75,108.017279,46.67,True,2026-07-11
SUP_000193,FR001400OJI4,BA000097,FR001400OJI4,DNCA Flexibonds C,OPCVM,France,FAIBLE,haute,False,162300,1209.99,134.13314,19.31,True,2026-07-13
SUP_000194,FR0010392225,BA000097,FR0010392225,Varenne Capital Partners,OPCVM,France,FAIBLE,haute,False,196500,1466.92,133.954469,23.37,True,2026-07-22
SUP_000195,XS2428662824,BA000097,XS2428662824,BNP Paribas Certificat,OPCVM,Luxembourg,FAIBLE,moyenne,False,89500,930.73,96.161448,10.65,True,2026-07-31
SUP_000196,FAS_IND,BA000098,FAS_IND,Indosuez Wealth Management FAS,FAS,Luxembourg,FAIBLE,moyenne,False,1221600,8735.68,139.840303,100.0,True,2026-07-26
SUP_000197,FID_BNP,BA000099,FID_BNP,BNP Paribas Wealth FID,FID,Luxembourg,FAIBLE,faible,False,1296600,13936.44,93.036698,100.0,True,2026-07-08
SUP_000198,LU0255977539,BA000100,LU0255977539,Pictet-Biotech R EUR,OPCVM,Luxembourg,FAIBLE,haute,False,17100,131.31,130.222252,3.61,False,2026-07-23
SUP_000199,LU0104884860,BA000100,LU0104884860,Pictet-Water P EUR,OPCVM,Luxembourg,FAIBLE,haute,False,208100,1511.05,137.718649,43.96,False,2026-07-23
SUP_000200,PE_CAY_01,BA000100,PE_CAY_01,Cayman Growth Fund I,PE,Cayman Islands,ELEVE,très faible,True,248200,1889.83,131.334436,52.43,False,2026-07-28
SUP_000201,FID_UBS,BA000101,FID_UBS,UBS Luxembourg FID Patrimoine,FID,Luxembourg,FAIBLE,faible,False,841200,6546.06,128.504845,60.81,True,2026-07-12
SUP_000202,FR001400OJI4,BA000101,FR001400OJI4,DNCA Flexibonds C,OPCVM,France,FAIBLE,haute,False,542100,5322.35,101.853585,39.19,True,2026-07-20
SUP_000203,FR0010392225,BA000102,FR0010392225,Varenne Capital Partners,OPCVM,France,FAIBLE,haute,False,181900,1928.77,94.308977,19.36,False,2026-08-03
SUP_000204,PE_LUX_01,BA000102,PE_LUX_01,Luxembourg PE SICAR,PE,Luxembourg,FAIBLE,très faible,False,758100,6817.2,111.203961,80.64,False,2026-08-01
SUP_000205,FID_UBS,BA000103,FID_UBS,UBS Luxembourg FID Patrimoine,FID,Luxembourg,FAIBLE,faible,False,1212000,8530.27,142.082244,100.0,True,2026-07-14
SUP_000206,LU0104884860,BA000104,LU0104884860,Pictet-Water P EUR,OPCVM,Luxembourg,FAIBLE,haute,False,483400,3902.41,123.872139,100.0,False,2026-07-13
SUP_000207,FID_BNP,BA000105,FID_BNP,BNP Paribas Wealth FID,FID,Luxembourg,FAIBLE,faible,False,98300,930.0,105.699404,2.82,True,2026-07-23
SUP_000208,FR001400OJI4,BA000105,FR001400OJI4,DNCA Flexibonds C,OPCVM,France,FAIBLE,haute,False,1580200,12700.2,124.423213,45.28,True,2026-07-15
SUP_000209,FR0010392225,BA000105,FR0010392225,Varenne Capital Partners,OPCVM,France,FAIBLE,haute,False,1810900,12254.14,147.778633,51.9,True,2026-07-20
SUP_000210,XS2428662824,BA000106,XS2428662824,BNP Paribas Certificat,OPCVM,Luxembourg,FAIBLE,moyenne,False,3733600,26226.53,142.359638,100.0,False,2026-07-31
SUP_000211,FID_UBS,BA000107,FID_UBS,UBS Luxembourg FID Patrimoine,FID,Luxembourg,FAIBLE,faible,False,223900,2348.48,95.338436,53.23,True,2026-08-04
SUP_000212,FR0010923383,BA000107,FR0010923383,H2O Multistrategies R,OPCVM,France,FAIBLE,haute,False,196800,2260.2,87.071935,46.77,True,2026-07-14
SUP_000213,XS2428662824,BA000108,XS2428662824,BNP Paribas Certificat,OPCVM,Luxembourg,FAIBLE,moyenne,False,347000,2615.08,132.691875,39.27,False,2026-07-10
SUP_000214,XS2428662824,BA000108,XS2428662824,BNP Paribas Certificat,OPCVM,Luxembourg,FAIBLE,moyenne,False,536500,4188.27,128.095829,60.73,False,2026-07-28
SUP_000215,PE_LUX_01,BA000109,PE_LUX_01,Luxembourg PE SICAR,PE,Luxembourg,FAIBLE,très faible,False,1021200,8510.31,119.995679,100.0,False,2026-07-15
SUP_000216,LU0104884860,BA000110,LU0104884860,Pictet-Water P EUR,OPCVM,Luxembourg,FAIBLE,haute,False,1179600,7948.41,148.407044,100.0,False,2026-07-11
SUP_000217,FID_UBS,BA000111,FID_UBS,UBS Luxembourg FID Patrimoine,FID,Luxembourg,FAIBLE,faible,False,1804600,17193.55,104.957956,99.41,True,2026-08-03
SUP_000218,XS2428662824,BA000111,XS2428662824,BNP Paribas Certificat,OPCVM,Luxembourg,FAIBLE,moyenne,False,10700,105.76,101.171621,0.59,True,2026-07-08
SUP_000219,FID_UBS,BA000112,FID_UBS,UBS Luxembourg FID Patrimoine,FID,Luxembourg,FAIBLE,faible,False,71800,567.15,126.598146,17.18,True,2026-08-01
SUP_000220,FR0010392225,BA000112,FR0010392225,Varenne Capital Partners,OPCVM,France,FAIBLE,haute,False,2500,21.23,117.756555,0.6,True,2026-07-22
SUP_000221,FR0010923383,BA000112,FR0010923383,H2O Multistrategies R,OPCVM,France,FAIBLE,haute,False,343800,3597.29,95.572051,82.22,True,2026-07-20
SUP_000222,FID_UBS,BA000113,FID_UBS,UBS Luxembourg FID Patrimoine,FID,Luxembourg,FAIBLE,faible,False,368000,4481.89,82.10822,89.11,True,2026-07-19
SUP_000223,FR0010392225,BA000113,FR0010392225,Varenne Capital Partners,OPCVM,France,FAIBLE,haute,False,45000,476.5,94.438104,10.89,True,2026-08-03
SUP_000224,FAS_IND,BA000114,FAS_IND,Indosuez Wealth Management FAS,FAS,Luxembourg,FAIBLE,moyenne,False,379200,4039.4,93.87533,100.0,True,2026-07-20
SUP_000225,FAS_ROT,BA000115,FAS_ROT,Rothschild & Co Gestion FAS,FAS,Luxembourg,FAIBLE,moyenne,False,5500,52.19,105.386168,1.87,True,2026-07-28
SUP_000226,FR0010923383,BA000115,FR0010923383,H2O Multistrategies R,OPCVM,France,FAIBLE,haute,False,239700,2542.09,94.292475,81.89,True,2026-07-20
SUP_000227,FR001400OJI4,BA000115,FR001400OJI4,DNCA Flexibonds C,OPCVM,France,FAIBLE,haute,False,38100,291.27,130.80794,13.02,True,2026-08-04
SUP_000228,FR001400OJI4,BA000115,FR001400OJI4,DNCA Flexibonds C,OPCVM,France,FAIBLE,haute,False,9400,105.27,89.295055,3.21,True,2026-07-29
SUP_000229,FID_UBS,BA000116,FID_UBS,UBS Luxembourg FID Patrimoine,FID,Luxembourg,FAIBLE,faible,False,271900,2224.57,122.226118,39.97,True,2026-07-14
SUP_000230,FR001400OJI4,BA000116,FR001400OJI4,DNCA Flexibonds C,OPCVM,France,FAIBLE,haute,False,121300,986.56,122.95264,17.83,True,2026-07-12
SUP_000231,LU0104884860,BA000116,LU0104884860,Pictet-Water P EUR,OPCVM,Luxembourg,FAIBLE,haute,False,137000,1118.34,122.503216,20.14,True,2026-08-05
SUP_000232,LU0255977539,BA000116,LU0255977539,Pictet-Biotech R EUR,OPCVM,Luxembourg,FAIBLE,haute,False,150000,1041.96,143.959371,22.06,True,2026-07-20
SUP_000233,FR001400OJI4,BA000117,FR001400OJI4,DNCA Flexibonds C,OPCVM,France,FAIBLE,haute,False,443200,4675.8,94.785882,67.71,False,2026-08-01
SUP_000234,LU0255977539,BA000117,LU0255977539,Pictet-Biotech R EUR,OPCVM,Luxembourg,FAIBLE,haute,False,211300,1643.88,128.537003,32.29,False,2026-07-19
SUP_000235,LU0255977539,BA000118,LU0255977539,Pictet-Biotech R EUR,OPCVM,Luxembourg,FAIBLE,haute,False,182600,1502.01,121.570403,100.0,False,2026-07-11
SUP_000236,FID_BNP,BA000119,FID_BNP,BNP Paribas Wealth FID,FID,Luxembourg,FAIBLE,faible,False,3451900,27138.97,127.193486,100.0,True,2026-07-22
SUP_000237,FAS_IND,BA000120,FAS_IND,Indosuez Wealth Management FAS,FAS,Luxembourg,FAIBLE,moyenne,False,195700,1494.76,130.923896,56.19,True,2026-07-25
SUP_000238,LU0104884860,BA000120,LU0104884860,Pictet-Water P EUR,OPCVM,Luxembourg,FAIBLE,haute,False,49500,556.53,88.943674,14.2,True,2026-07-18
SUP_000239,XS2428662824,BA000120,XS2428662824,BNP Paribas Certificat,OPCVM,Luxembourg,FAIBLE,moyenne,False,82900,1025.76,80.817833,23.81,True,2026-07-17
SUP_000240,XS2428662824,BA000120,XS2428662824,BNP Paribas Certificat,OPCVM,Luxembourg,FAIBLE,moyenne,False,20200,182.78,110.513832,5.8,True,2026-08-01
SUP_000241,XS2428662824,BA000121,XS2428662824,BNP Paribas Certificat,OPCVM,Luxembourg,FAIBLE,moyenne,False,101700,760.55,133.71892,12.95,False,2026-07-21
SUP_000242,FR001400OJI4,BA000121,FR001400OJI4,DNCA Flexibonds C,OPCVM,France,FAIBLE,haute,False,581500,5372.86,108.22907,74.07,False,2026-08-03
SUP_000243,XS2428662824,BA000121,XS2428662824,BNP Paribas Certificat,OPCVM,Luxembourg,FAIBLE,moyenne,False,101900,909.48,112.041985,12.98,False,2026-07-30
SUP_000244,FID_BNP,BA000122,FID_BNP,BNP Paribas Wealth FID,FID,Luxembourg,FAIBLE,faible,False,170700,1236.79,138.018673,25.42,True,2026-08-02
SUP_000245,FR0010923383,BA000122,FR0010923383,H2O Multistrategies R,OPCVM,France,FAIBLE,haute,False,282900,2349.85,120.390424,42.13,True,2026-07-26
SUP_000246,LU0104884860,BA000122,LU0104884860,Pictet-Water P EUR,OPCVM,Luxembourg,FAIBLE,haute,False,25900,220.93,117.23246,3.86,True,2026-07-31
SUP_000247,FR0010392225,BA000122,FR0010392225,Varenne Capital Partners,OPCVM,France,FAIBLE,haute,False,192000,1974.03,97.262919,28.59,True,2026-08-01
SUP_000248,FID_UBS,BA000123,FID_UBS,UBS Luxembourg FID Patrimoine,FID,Luxembourg,FAIBLE,faible,False,56100,650.57,86.231884,8.26,True,2026-07-29
SUP_000249,FR001400OJI4,BA000123,FR001400OJI4,DNCA Flexibonds C,OPCVM,France,FAIBLE,haute,False,623400,4753.34,131.149921,91.74,True,2026-07-21
SUP_000250,FID_UBS,BA000124,FID_UBS,UBS Luxembourg FID Patrimoine,FID,Luxembourg,FAIBLE,faible,False,326600,3210.48,101.729368,100.0,True,2026-07-31
SUP_000251,FID_BNP,BA000125,FID_BNP,BNP Paribas Wealth FID,FID,Luxembourg,FAIBLE,faible,False,209700,2040.52,102.767805,66.04,True,2026-07-07
SUP_000252,LU0255977539,BA000125,LU0255977539,Pictet-Biotech R EUR,OPCVM,Luxembourg,FAIBLE,haute,False,102200,854.38,119.618567,32.18,True,2026-07-20
SUP_000253,LU0104884860,BA000125,LU0104884860,Pictet-Water P EUR,OPCVM,Luxembourg,FAIBLE,haute,False,5700,52.76,108.030869,1.79,True,2026-07-27
SUP_000254,FR0010923383,BA000126,FR0010923383,H2O Multistrategies R,OPCVM,France,FAIBLE,haute,False,286900,2631.52,109.024251,20.27,False,2026-07-10
SUP_000255,LU0255977539,BA000126,LU0255977539,Pictet-Biotech R EUR,OPCVM,Luxembourg,FAIBLE,haute,False,865300,7106.61,121.759958,61.13,False,2026-07-17
SUP_000256,XS2428662824,BA000126,XS2428662824,BNP Paribas Certificat,OPCVM,Luxembourg,FAIBLE,moyenne,False,263300,2686.68,98.001973,18.6,False,2026-08-03
SUP_000257,FID_BNP,BA000127,FID_BNP,BNP Paribas Wealth FID,FID,Luxembourg,FAIBLE,faible,False,254400,3160.03,80.505587,100.0,True,2026-07-21
SUP_000258,FID_UBS,BA000128,FID_UBS,UBS Luxembourg FID Patrimoine,FID,Luxembourg,FAIBLE,faible,False,1448800,14485.14,100.019764,89.28,True,2026-07-30
SUP_000259,XS2428662824,BA000128,XS2428662824,BNP Paribas Certificat,OPCVM,Luxembourg,FAIBLE,moyenne,False,174000,1651.47,105.36057,10.72,True,2026-07-19
SUP_000260,FID_BNP,BA000129,FID_BNP,BNP Paribas Wealth FID,FID,Luxembourg,FAIBLE,faible,False,46500,411.89,112.895111,13.92,True,2026-07-10
SUP_000261,LU0255977539,BA000129,LU0255977539,Pictet-Biotech R EUR,OPCVM,Luxembourg,FAIBLE,haute,False,184200,1588.64,115.948338,55.15,True,2026-07-24
SUP_000262,LU0104884860,BA000129,LU0104884860,Pictet-Water P EUR,OPCVM,Luxembourg,FAIBLE,haute,False,103300,1085.04,95.20403,30.92,True,2026-07-23
SUP_000263,XS2428662824,BA000130,XS2428662824,BNP Paribas Certificat,OPCVM,Luxembourg,FAIBLE,moyenne,False,681900,7894.85,86.372785,100.0,False,2026-07-13
SUP_000264,XS2428662824,BA000131,XS2428662824,BNP Paribas Certificat,OPCVM,Luxembourg,FAIBLE,moyenne,False,334600,2294.91,145.801024,84.08,False,2026-07-19
SUP_000265,PE_LUX_01,BA000131,PE_LUX_01,Luxembourg PE SICAR,PE,Luxembourg,FAIBLE,très faible,False,63400,594.68,106.611859,15.92,False,2026-07-22
SUP_000266,FID_BNP,BA000132,FID_BNP,BNP Paribas Wealth FID,FID,Luxembourg,FAIBLE,faible,False,367100,2478.59,148.108151,100.0,True,2026-07-31
SUP_000267,FID_BNP,BA000133,FID_BNP,BNP Paribas Wealth FID,FID,Luxembourg,FAIBLE,faible,False,282500,2082.86,135.631063,100.0,True,2026-07-30
SUP_000268,FID_BNP,BA000134,FID_BNP,BNP Paribas Wealth FID,FID,Luxembourg,FAIBLE,faible,False,222500,2392.16,93.012126,100.0,True,2026-07-09
SUP_000269,FID_UBS,BA000135,FID_UBS,UBS Luxembourg FID Patrimoine,FID,Luxembourg,FAIBLE,faible,False,149400,1250.21,119.499619,49.66,True,2026-08-04
SUP_000270,FR001400OJI4,BA000135,FR001400OJI4,DNCA Flexibonds C,OPCVM,France,FAIBLE,haute,False,47600,390.52,121.887266,15.83,True,2026-07-22
SUP_000271,FR0010923383,BA000135,FR0010923383,H2O Multistrategies R,OPCVM,France,FAIBLE,haute,False,95100,1124.49,84.57183,31.62,True,2026-07-12
SUP_000272,FR0010392225,BA000135,FR0010392225,Varenne Capital Partners,OPCVM,France,FAIBLE,haute,False,8700,68.65,126.727224,2.88,True,2026-07-11
SUP_000273,FID_UBS,BA000136,FID_UBS,UBS Luxembourg FID Patrimoine,FID,Luxembourg,FAIBLE,faible,False,654000,7375.75,88.668966,100.0,True,2026-07-22
SUP_000274,FID_UBS,BA000137,FID_UBS,UBS Luxembourg FID Patrimoine,FID,Luxembourg,FAIBLE,faible,False,174700,1585.94,110.155397,40.49,True,2026-07-17
SUP_000275,FR001400OJI4,BA000137,FR001400OJI4,DNCA Flexibonds C,OPCVM,France,FAIBLE,haute,False,256800,1969.33,130.399823,59.51,True,2026-07-08
SUP_000276,XS2428662824,BA000138,XS2428662824,BNP Paribas Certificat,OPCVM,Luxembourg,FAIBLE,moyenne,False,60000,428.2,140.120038,12.11,False,2026-07-11
SUP_000277,LU0255977539,BA000138,LU0255977539,Pictet-Biotech R EUR,OPCVM,Luxembourg,FAIBLE,haute,False,435300,4794.18,90.797634,87.89,False,2026-07-25
SUP_000278,FAS_ROT,BA000139,FAS_ROT,Rothschild & Co Gestion FAS,FAS,Luxembourg,FAIBLE,moyenne,False,210100,1887.54,111.309183,100.0,True,2026-07-23
SUP_000279,PE_LUX_01,BA000140,PE_LUX_01,Luxembourg PE SICAR,PE,Luxembourg,FAIBLE,très faible,False,508700,4508.47,112.832,66.24,False,2026-07-19
SUP_000280,XS2428662824,BA000140,XS2428662824,BNP Paribas Certificat,OPCVM,Luxembourg,FAIBLE,moyenne,False,209500,1994.89,105.018275,27.28,False,2026-07-16
SUP_000281,LU0255977539,BA000140,LU0255977539,Pictet-Biotech R EUR,OPCVM,Luxembourg,FAIBLE,haute,False,49800,472.42,105.414711,6.49,False,2026-07-15
SUP_000282,FID_UBS,BA000141,FID_UBS,UBS Luxembourg FID Patrimoine,FID,Luxembourg,FAIBLE,faible,False,161400,1271.24,126.962671,34.05,True,2026-07-15
SUP_000283,FR0010923383,BA000141,FR0010923383,H2O Multistrategies R,OPCVM,France,FAIBLE,haute,False,146800,1203.64,121.962908,30.97,True,2026-07-09
SUP_000284,LU0104884860,BA000141,LU0104884860,Pictet-Water P EUR,OPCVM,Luxembourg,FAIBLE,haute,False,124400,1084.61,114.695419,26.23,True,2026-07-09
SUP_000285,FR001400OJI4,BA000141,FR001400OJI4,DNCA Flexibonds C,OPCVM,France,FAIBLE,haute,False,41500,287.61,144.292001,8.75,True,2026-07-30
SUP_000286,FAS_ROT,BA000142,FAS_ROT,Rothschild & Co Gestion FAS,FAS,Luxembourg,FAIBLE,moyenne,False,648000,5003.55,129.508052,100.0,True,2026-07-28
SUP_000287,XS2428662824,BA000143,XS2428662824,BNP Paribas Certificat,OPCVM,Luxembourg,FAIBLE,moyenne,False,140900,1739.22,81.013528,56.79,False,2026-07-08
SUP_000288,FR001400OJI4,BA000143,FR001400OJI4,DNCA Flexibonds C,OPCVM,France,FAIBLE,haute,False,107200,1025.79,104.504865,43.21,False,2026-07-31
SUP_000289,LU0255977539,BA000144,LU0255977539,Pictet-Biotech R EUR,OPCVM,Luxembourg,FAIBLE,haute,False,323500,2928.32,110.473035,96.78,False,2026-07-18
SUP_000290,FR0010392225,BA000144,FR0010392225,Varenne Capital Partners,OPCVM,France,FAIBLE,haute,False,10800,89.83,120.225387,3.22,False,2026-08-03
SUP_000291,FAS_ROT,BA000145,FAS_ROT,Rothschild & Co Gestion FAS,FAS,Luxembourg,FAIBLE,moyenne,False,388000,2863.59,135.494255,100.0,True,2026-07-20
SUP_000292,FAS_ROT,BA000146,FAS_ROT,Rothschild & Co Gestion FAS,FAS,Luxembourg,FAIBLE,moyenne,False,182800,1649.32,110.833596,48.1,True,2026-07-27
SUP_000293,FR001400OJI4,BA000146,FR001400OJI4,DNCA Flexibonds C,OPCVM,France,FAIBLE,haute,False,197300,1665.86,118.437162,51.9,True,2026-07-16
SUP_000294,PE_CAY_01,BA000147,PE_CAY_01,Cayman Growth Fund I,PE,Cayman Islands,ELEVE,très faible,True,348500,2446.81,142.430217,100.0,False,2026-07-18
SUP_000295,FID_UBS,BA000148,FID_UBS,UBS Luxembourg FID Patrimoine,FID,Luxembourg,FAIBLE,faible,False,167400,2038.99,82.099611,19.92,True,2026-07-29
SUP_000296,FR001400OJI4,BA000148,FR001400OJI4,DNCA Flexibonds C,OPCVM,France,FAIBLE,haute,False,672700,6516.97,103.222852,80.08,True,2026-08-05
SUP_000297,FAS_ROT,BA000149,FAS_ROT,Rothschild & Co Gestion FAS,FAS,Luxembourg,FAIBLE,moyenne,False,154300,1299.71,118.718807,55.55,True,2026-07-09
SUP_000298,LU0104884860,BA000149,LU0104884860,Pictet-Water P EUR,OPCVM,Luxembourg,FAIBLE,haute,False,123400,1111.96,110.975144,44.45,True,2026-07-16
SUP_000299,FID_UBS,BA000150,FID_UBS,UBS Luxembourg FID Patrimoine,FID,Luxembourg,FAIBLE,faible,False,156700,1814.92,86.339963,52.11,True,2026-07-23
SUP_000300,FR0010923383,BA000150,FR0010923383,H2O Multistrategies R,OPCVM,France,FAIBLE,haute,False,105000,897.39,117.006561,34.93,True,2026-07-12
SUP_000301,FR0010923383,BA000150,FR0010923383,H2O Multistrategies R,OPCVM,France,FAIBLE,haute,False,39000,293.77,132.755611,12.96,True,2026-07-22
SUP_000302,FAS_ROT,BA000151,FAS_ROT,Rothschild & Co Gestion FAS,FAS,Luxembourg,FAIBLE,moyenne,False,382200,3932.67,97.185811,48.03,True,2026-07-31
SUP_000303,FR0010392225,BA000151,FR0010392225,Varenne Capital Partners,OPCVM,France,FAIBLE,haute,False,413700,4200.78,98.481609,51.97,True,2026-07-26
SUP_000304,FAS_IND,BA000152,FAS_IND,Indosuez Wealth Management FAS,FAS,Luxembourg,FAIBLE,moyenne,False,206500,1786.83,115.567786,100.0,True,2026-07-26
SUP_000305,FID_BNP,BA000153,FID_BNP,BNP Paribas Wealth FID,FID,Luxembourg,FAIBLE,faible,False,108400,1190.66,91.041985,35.29,True,2026-08-05
SUP_000306,FR0010923383,BA000153,FR0010923383,H2O Multistrategies R,OPCVM,France,FAIBLE,haute,False,198900,1937.92,102.635909,64.71,True,2026-08-04
SUP_000307,FID_UBS,BA000154,FID_UBS,UBS Luxembourg FID Patrimoine,FID,Luxembourg,FAIBLE,faible,False,279100,1990.16,140.240164,100.0,True,2026-07-31
SUP_000308,PE_CAY_01,BA000155,PE_CAY_01,Cayman Growth Fund I,PE,Cayman Islands,ELEVE,très faible,True,175200,1629.32,107.529689,85.9,False,2026-07-30
SUP_000309,FR0010923383,BA000155,FR0010923383,H2O Multistrategies R,OPCVM,France,FAIBLE,haute,False,28700,234.14,122.578192,14.1,False,2026-07-08
SUP_000310,FID_UBS,BA000156,FID_UBS,UBS Luxembourg FID Patrimoine,FID,Luxembourg,FAIBLE,faible,False,284200,2817.43,100.871919,91.27,True,2026-07-20
SUP_000311,LU0255977539,BA000156,LU0255977539,Pictet-Biotech R EUR,OPCVM,Luxembourg,FAIBLE,haute,False,27200,192.58,141.240578,8.73,True,2026-07-21
SUP_000312,FID_BNP,BA000157,FID_BNP,BNP Paribas Wealth FID,FID,Luxembourg,FAIBLE,faible,False,228600,1879.31,121.640524,100.0,True,2026-07-19
SUP_000313,FID_UBS,BA000158,FID_UBS,UBS Luxembourg FID Patrimoine,FID,Luxembourg,FAIBLE,faible,False,401300,2920.3,137.417341,100.0,True,2026-08-05
SUP_000314,FR0010923383,BA000159,FR0010923383,H2O Multistrategies R,OPCVM,France,FAIBLE,haute,False,217600,1887.12,115.308273,26.8,False,2026-07-30
SUP_000315,PE_CAY_01,BA000159,PE_CAY_01,Cayman Growth Fund I,PE,Cayman Islands,ELEVE,très faible,True,594200,7036.55,84.44484,73.2,False,2026-07-09
SUP_000316,FID_UBS,BA000160,FID_UBS,UBS Luxembourg FID Patrimoine,FID,Luxembourg,FAIBLE,faible,False,168400,1196.49,140.744698,58.02,True,2026-07-11
SUP_000317,FR0010392225,BA000160,FR0010392225,Varenne Capital Partners,OPCVM,France,FAIBLE,haute,False,121900,1114.54,109.372528,41.98,True,2026-07-10
SUP_000318,FID_BNP,BA000161,FID_BNP,BNP Paribas Wealth FID,FID,Luxembourg,FAIBLE,faible,False,1126200,7857.41,143.329722,100.0,True,2026-07-24
SUP_000319,FID_UBS,BA000162,FID_UBS,UBS Luxembourg FID Patrimoine,FID,Luxembourg,FAIBLE,faible,False,223300,2064.43,108.165284,26.78,True,2026-08-02
SUP_000320,FR0010923383,BA000162,FR0010923383,H2O Multistrategies R,OPCVM,France,FAIBLE,haute,False,610300,5503.62,110.890727,73.22,True,2026-07-11
SUP_000321,FID_BNP,BA000163,FID_BNP,BNP Paribas Wealth FID,FID,Luxembourg,FAIBLE,faible,False,516900,5835.61,88.576797,82.58,True,2026-07-17
SUP_000322,FR001400OJI4,BA000163,FR001400OJI4,DNCA Flexibonds C,OPCVM,France,FAIBLE,haute,False,109000,826.27,131.917429,17.42,True,2026-07-16
SUP_000323,FID_UBS,BA000164,FID_UBS,UBS Luxembourg FID Patrimoine,FID,Luxembourg,FAIBLE,faible,False,749700,8111.94,92.419352,100.0,True,2026-07-17
SUP_000324,FID_UBS,BA000165,FID_UBS,UBS Luxembourg FID Patrimoine,FID,Luxembourg,FAIBLE,faible,False,322900,2685.94,120.218703,65.6,True,2026-08-05
SUP_000325,LU0255977539,BA000165,LU0255977539,Pictet-Biotech R EUR,OPCVM,Luxembourg,FAIBLE,haute,False,154100,1207.3,127.640563,31.3,True,2026-07-28
SUP_000326,XS2428662824,BA000165,XS2428662824,BNP Paribas Certificat,OPCVM,Luxembourg,FAIBLE,moyenne,False,15300,118.68,128.912677,3.1,True,2026-07-15
SUP_000327,FID_BNP,BA000166,FID_BNP,BNP Paribas Wealth FID,FID,Luxembourg,FAIBLE,faible,False,53600,413.05,129.766993,15.44,True,2026-07-08
SUP_000328,FR0010923383,BA000166,FR0010923383,H2O Multistrategies R,OPCVM,France,FAIBLE,haute,False,205000,1587.5,129.133662,59.07,True,2026-07-24
SUP_000329,XS2428662824,BA000166,XS2428662824,BNP Paribas Certificat,OPCVM,Luxembourg,FAIBLE,moyenne,False,12500,100.25,124.693153,3.6,True,2026-07-19
SUP_000330,FR001400OJI4,BA000166,FR001400OJI4,DNCA Flexibonds C,OPCVM,France,FAIBLE,haute,False,75900,530.01,143.205858,21.89,True,2026-07-22
SUP_000331,FAS_IND,BA000167,FAS_IND,Indosuez Wealth Management FAS,FAS,Luxembourg,FAIBLE,moyenne,False,1198900,11848.14,101.188854,100.0,True,2026-07-12
SUP_000332,FID_BNP,BA000168,FID_BNP,BNP Paribas Wealth FID,FID,Luxembourg,FAIBLE,faible,False,294600,3099.75,95.040011,100.0,True,2026-07-12
SUP_000333,FAS_IND,BA000169,FAS_IND,Indosuez Wealth Management FAS,FAS,Luxembourg,FAIBLE,moyenne,False,280100,2566.93,109.118871,100.0,True,2026-07-25
SUP_000334,FID_BNP,BA000170,FID_BNP,BNP Paribas Wealth FID,FID,Luxembourg,FAIBLE,faible,False,388300,2833.38,137.044573,29.78,True,2026-07-14
SUP_000335,LU0104884860,BA000170,LU0104884860,Pictet-Water P EUR,OPCVM,Luxembourg,FAIBLE,haute,False,915600,7886.73,116.093744,70.22,True,2026-08-03
SUP_000336,FID_UBS,BA000171,FID_UBS,UBS Luxembourg FID Patrimoine,FID,Luxembourg,FAIBLE,faible,False,615900,4387.3,140.382481,100.0,True,2026-07-29
SUP_000337,FID_UBS,BA000172,FID_UBS,UBS Luxembourg FID Patrimoine,FID,Luxembourg,FAIBLE,faible,False,700900,5012.84,139.820851,100.0,True,2026-07-31
SUP_000338,FID_BNP,BA000173,FID_BNP,BNP Paribas Wealth FID,FID,Luxembourg,FAIBLE,faible,False,207000,2368.02,87.414961,100.0,True,2026-07-10
SUP_000339,FID_UBS,BA000174,FID_UBS,UBS Luxembourg FID Patrimoine,FID,Luxembourg,FAIBLE,faible,False,1033800,7560.04,136.745274,77.12,True,2026-07-27
SUP_000340,LU0255977539,BA000174,LU0255977539,Pictet-Biotech R EUR,OPCVM,Luxembourg,FAIBLE,haute,False,105500,753.95,139.930544,7.87,True,2026-07-11
SUP_000341,FR0010392225,BA000174,FR0010392225,Varenne Capital Partners,OPCVM,France,FAIBLE,haute,False,201100,2321.44,86.627383,15.0,True,2026-08-03
SUP_000342,FAS_ROT,BA000175,FAS_ROT,Rothschild & Co Gestion FAS,FAS,Luxembourg,FAIBLE,moyenne,False,29300,349.49,83.835931,3.27,True,2026-07-08
SUP_000343,FR001400OJI4,BA000175,FR001400OJI4,DNCA Flexibonds C,OPCVM,France,FAIBLE,haute,False,865800,6542.38,132.337153,96.73,True,2026-07-27
SUP_000344,FID_UBS,BA000176,FID_UBS,UBS Luxembourg FID Patrimoine,FID,Luxembourg,FAIBLE,faible,False,238100,1943.18,122.530984,77.12,True,2026-07-26
SUP_000345,FR0010392225,BA000176,FR0010392225,Varenne Capital Partners,OPCVM,France,FAIBLE,haute,False,70600,527.06,133.950773,22.88,True,2026-07-23
SUP_000346,PE_LUX_01,BA000177,PE_LUX_01,Luxembourg PE SICAR,PE,Luxembourg,FAIBLE,très faible,False,573300,4631.49,123.783062,100.0,False,2026-07-17
SUP_000347,LU0104884860,BA000178,LU0104884860,Pictet-Water P EUR,OPCVM,Luxembourg,FAIBLE,haute,False,165700,1873.23,88.45699,42.96,False,2026-07-30
SUP_000348,FR0010392225,BA000178,FR0010392225,Varenne Capital Partners,OPCVM,France,FAIBLE,haute,False,219900,2538.02,86.642222,57.04,False,2026-07-12
SUP_000349,FAS_IND,BA000179,FAS_IND,Indosuez Wealth Management FAS,FAS,Luxembourg,FAIBLE,moyenne,False,13000,119.46,108.824895,5.7,True,2026-08-05
SUP_000350,LU0255977539,BA000179,LU0255977539,Pictet-Biotech R EUR,OPCVM,Luxembourg,FAIBLE,haute,False,196000,1771.17,110.661553,85.96,True,2026-08-01
SUP_000351,FR001400OJI4,BA000179,FR001400OJI4,DNCA Flexibonds C,OPCVM,France,FAIBLE,haute,False,19000,165.05,115.116643,8.34,True,2026-07-30
SUP_000352,FID_BNP,BA000180,FID_BNP,BNP Paribas Wealth FID,FID,Luxembourg,FAIBLE,faible,False,132800,1129.84,117.538756,38.82,True,2026-08-04
SUP_000353,FR0010923383,BA000180,FR0010923383,H2O Multistrategies R,OPCVM,France,FAIBLE,haute,False,115700,926.04,124.940728,33.81,True,2026-07-30
SUP_000354,LU0104884860,BA000180,LU0104884860,Pictet-Water P EUR,OPCVM,Luxembourg,FAIBLE,haute,False,93700,763.51,122.722379,27.38,True,2026-07-25
SUP_000355,FAS_IND,BA000181,FAS_IND,Indosuez Wealth Management FAS,FAS,Luxembourg,FAIBLE,moyenne,False,320800,2477.23,129.499472,100.0,True,2026-07-30
SUP_000356,FAS_ROT,BA000182,FAS_ROT,Rothschild & Co Gestion FAS,FAS,Luxembourg,FAIBLE,moyenne,False,112400,765.69,146.795493,32.45,True,2026-08-01
SUP_000357,FR001400OJI4,BA000182,FR001400OJI4,DNCA Flexibonds C,OPCVM,France,FAIBLE,haute,False,95000,681.87,139.323084,27.43,True,2026-07-23
SUP_000358,XS2428662824,BA000182,XS2428662824,BNP Paribas Certificat,OPCVM,Luxembourg,FAIBLE,moyenne,False,139000,931.35,149.24602,40.12,True,2026-07-21
SUP_000359,FAS_ROT,BA000183,FAS_ROT,Rothschild & Co Gestion FAS,FAS,Luxembourg,FAIBLE,moyenne,False,181600,1406.23,129.139629,100.0,True,2026-07-09
SUP_000360,LU0104884860,BA000184,LU0104884860,Pictet-Water P EUR,OPCVM,Luxembourg,FAIBLE,haute,False,189600,1987.42,95.400227,77.4,False,2026-08-03
SUP_000361,PE_LUX_01,BA000184,PE_LUX_01,Luxembourg PE SICAR,PE,Luxembourg,FAIBLE,très faible,False,55300,403.96,136.894629,22.6,False,2026-07-31
SUP_000362,FID_UBS,BA000185,FID_UBS,UBS Luxembourg FID Patrimoine,FID,Luxembourg,FAIBLE,faible,False,253500,2106.28,120.354124,100.0,True,2026-07-07
SUP_000363,FID_UBS,BA000186,FID_UBS,UBS Luxembourg FID Patrimoine,FID,Luxembourg,FAIBLE,faible,False,506800,4245.35,119.377632,100.0,True,2026-07-19
SUP_000364,PE_CAY_01,BA000187,PE_CAY_01,Cayman Growth Fund I,PE,Cayman Islands,ELEVE,très faible,True,33600,243.69,137.879062,12.47,False,2026-07-15
SUP_000365,FR0010392225,BA000187,FR0010392225,Varenne Capital Partners,OPCVM,France,FAIBLE,haute,False,52000,458.31,113.460034,19.31,False,2026-07-30
SUP_000366,XS2428662824,BA000187,XS2428662824,BNP Paribas Certificat,OPCVM,Luxembourg,FAIBLE,moyenne,False,41100,322.77,127.335573,15.25,False,2026-07-29
SUP_000367,PE_LUX_01,BA000187,PE_LUX_01,Luxembourg PE SICAR,PE,Luxembourg,FAIBLE,très faible,False,142800,981.48,145.494364,52.97,False,2026-07-25
SUP_000368,FID_UBS,BA000188,FID_UBS,UBS Luxembourg FID Patrimoine,FID,Luxembourg,FAIBLE,faible,False,74600,714.47,104.412959,12.41,True,2026-08-05
SUP_000369,FR001400OJI4,BA000188,FR001400OJI4,DNCA Flexibonds C,OPCVM,France,FAIBLE,haute,False,526500,5797.5,90.814966,87.59,True,2026-08-04
SUP_000370,FR001400OJI4,BA000189,FR001400OJI4,DNCA Flexibonds C,OPCVM,France,FAIBLE,haute,False,2176700,24895.01,87.435176,89.08,False,2026-07-15
SUP_000371,FR0010923383,BA000189,FR0010923383,H2O Multistrategies R,OPCVM,France,FAIBLE,haute,False,267000,2080.49,128.335417,10.92,False,2026-07-24
SUP_000372,PE_LUX_01,BA000190,PE_LUX_01,Luxembourg PE SICAR,PE,Luxembourg,FAIBLE,très faible,False,393200,2982.27,131.845952,59.39,False,2026-07-11
SUP_000373,PE_LUX_01,BA000190,PE_LUX_01,Luxembourg PE SICAR,PE,Luxembourg,FAIBLE,très faible,False,18200,139.51,130.457036,2.75,False,2026-07-14
SUP_000374,PE_CAY_01,BA000190,PE_CAY_01,Cayman Growth Fund I,PE,Cayman Islands,ELEVE,très faible,True,250700,1997.98,125.476658,37.86,False,2026-07-21
SUP_000375,FAS_ROT,BA000191,FAS_ROT,Rothschild & Co Gestion FAS,FAS,Luxembourg,FAIBLE,moyenne,False,329300,2255.12,146.023476,10.4,True,2026-07-23
SUP_000376,FR001400OJI4,BA000191,FR001400OJI4,DNCA Flexibonds C,OPCVM,France,FAIBLE,haute,False,1445800,13137.33,110.052836,45.65,True,2026-07-24
SUP_000377,FR0010392225,BA000191,FR0010392225,Varenne Capital Partners,OPCVM,France,FAIBLE,haute,False,1392100,12176.47,114.327064,43.95,True,2026-07-19
SUP_000378,FID_UBS,BA000192,FID_UBS,UBS Luxembourg FID Patrimoine,FID,Luxembourg,FAIBLE,faible,False,490700,4130.27,118.805711,100.0,True,2026-07-15
SUP_000379,FID_BNP,BA000193,FID_BNP,BNP Paribas Wealth FID,FID,Luxembourg,FAIBLE,faible,False,586500,4972.74,117.942969,100.0,True,2026-07-19
SUP_000380,XS2428662824,BA000194,XS2428662824,BNP Paribas Certificat,OPCVM,Luxembourg,FAIBLE,moyenne,False,731500,5844.76,125.154885,37.71,False,2026-07-29
SUP_000381,LU0255977539,BA000194,LU0255977539,Pictet-Biotech R EUR,OPCVM,Luxembourg,FAIBLE,haute,False,169900,1767.92,96.101564,8.76,False,2026-07-16
SUP_000382,XS2428662824,BA000194,XS2428662824,BNP Paribas Certificat,OPCVM,Luxembourg,FAIBLE,moyenne,False,1038400,8139.95,127.568304,53.53,False,2026-07-19
SUP_000383,FAS_ROT,BA000195,FAS_ROT,Rothschild & Co Gestion FAS,FAS,Luxembourg,FAIBLE,moyenne,False,42800,461.47,92.747675,10.57,True,2026-08-03
SUP_000384,LU0255977539,BA000195,LU0255977539,Pictet-Biotech R EUR,OPCVM,Luxembourg,FAIBLE,haute,False,266500,2538.04,105.002406,65.86,True,2026-07-12
SUP_000385,LU0104884860,BA000195,LU0104884860,Pictet-Water P EUR,OPCVM,Luxembourg,FAIBLE,haute,False,95400,675.46,141.237165,23.57,True,2026-07-13
SUP_000386,FID_BNP,BA000196,FID_BNP,BNP Paribas Wealth FID,FID,Luxembourg,FAIBLE,faible,False,208600,1447.91,144.069274,78.38,True,2026-07-14
SUP_000387,XS2428662824,BA000196,XS2428662824,BNP Paribas Certificat,OPCVM,Luxembourg,FAIBLE,moyenne,False,57600,684.33,84.169733,21.62,True,2026-07-21
SUP_000388,FID_UBS,BA000197,FID_UBS,UBS Luxembourg FID Patrimoine,FID,Luxembourg,FAIBLE,faible,False,492400,4741.04,103.859055,44.88,True,2026-08-02
SUP_000389,FR0010392225,BA000197,FR0010392225,Varenne Capital Partners,OPCVM,France,FAIBLE,haute,False,40500,367.74,110.133236,3.69,True,2026-07-20
SUP_000390,XS2428662824,BA000197,XS2428662824,BNP Paribas Certificat,OPCVM,Luxembourg,FAIBLE,moyenne,False,564200,4475.38,126.067378,51.42,True,2026-07-11
SUP_000391,FID_BNP,BA000198,FID_BNP,BNP Paribas Wealth FID,FID,Luxembourg,FAIBLE,faible,False,2748000,19740.35,139.207292,79.32,True,2026-08-05
SUP_000392,LU0104884860,BA000198,LU0104884860,Pictet-Water P EUR,OPCVM,Luxembourg,FAIBLE,haute,False,716400,5055.64,141.703121,20.68,True,2026-07-24
SUP_000393,FID_BNP,BA000199,FID_BNP,BNP Paribas Wealth FID,FID,Luxembourg,FAIBLE,faible,False,102900,771.38,133.396701,39.17,True,2026-07-30
SUP_000394,FR001400OJI4,BA000199,FR001400OJI4,DNCA Flexibonds C,OPCVM,France,FAIBLE,haute,False,159800,1139.7,140.212457,60.83,True,2026-07-23
SUP_000395,FID_UBS,BA000200,FID_UBS,UBS Luxembourg FID Patrimoine,FID,Luxembourg,FAIBLE,faible,False,320000,3894.89,82.158907,100.0,True,2026-07-18
SUP_000396,FID_UBS,BA000201,FID_UBS,UBS Luxembourg FID Patrimoine,FID,Luxembourg,FAIBLE,faible,False,281400,2118.7,132.817407,100.0,True,2026-07-26
SUP_000397,FAS_IND,BA000202,FAS_IND,Indosuez Wealth Management FAS,FAS,Luxembourg,FAIBLE,moyenne,False,326500,3686.29,88.57144,45.21,True,2026-07-21
SUP_000398,LU0104884860,BA000202,LU0104884860,Pictet-Water P EUR,OPCVM,Luxembourg,FAIBLE,haute,False,101600,752.47,135.021636,14.07,True,2026-08-04
SUP_000399,FR001400OJI4,BA000202,FR001400OJI4,DNCA Flexibonds C,OPCVM,France,FAIBLE,haute,False,294100,2189.58,134.318184,40.72,True,2026-07-16
SUP_000400,FAS_ROT,BA000203,FAS_ROT,Rothschild & Co Gestion FAS,FAS,Luxembourg,FAIBLE,moyenne,False,15300,115.65,132.300587,1.99,True,2026-07-18
SUP_000401,LU0104884860,BA000203,LU0104884860,Pictet-Water P EUR,OPCVM,Luxembourg,FAIBLE,haute,False,5700,41.76,136.50911,0.74,True,2026-07-11
SUP_000402,FR0010392225,BA000203,FR0010392225,Varenne Capital Partners,OPCVM,France,FAIBLE,haute,False,31500,226.96,138.788437,4.1,True,2026-07-25
SUP_000403,FR0010392225,BA000203,FR0010392225,Varenne Capital Partners,OPCVM,France,FAIBLE,haute,False,716500,5068.94,141.350995,93.17,True,2026-07-25
SUP_000404,FID_BNP,BA000204,FID_BNP,BNP Paribas Wealth FID,FID,Luxembourg,FAIBLE,faible,False,98300,685.05,143.49257,19.11,True,2026-08-04
SUP_000405,FR0010923383,BA000204,FR0010923383,H2O Multistrategies R,OPCVM,France,FAIBLE,haute,False,416100,4247.4,97.965806,80.89,True,2026-08-01
SUP_000406,FR001400OJI4,BA000205,FR001400OJI4,DNCA Flexibonds C,OPCVM,France,FAIBLE,haute,False,279800,2721.85,102.79783,34.42,False,2026-07-18
SUP_000407,LU0255977539,BA000205,LU0255977539,Pictet-Biotech R EUR,OPCVM,Luxembourg,FAIBLE,haute,False,184500,1851.77,99.634261,22.71,False,2026-07-28
SUP_000408,FR0010923383,BA000205,FR0010923383,H2O Multistrategies R,OPCVM,France,FAIBLE,haute,False,348400,2466.2,141.269709,42.87,False,2026-07-27
SUP_000409,FID_BNP,BA000206,FID_BNP,BNP Paribas Wealth FID,FID,Luxembourg,FAIBLE,faible,False,281700,2321.51,121.343579,100.0,True,2026-07-26
SUP_000410,FID_BNP,BA000207,FID_BNP,BNP Paribas Wealth FID,FID,Luxembourg,FAIBLE,faible,False,28400,260.6,108.977964,8.1,True,2026-08-03
SUP_000411,FR001400OJI4,BA000207,FR001400OJI4,DNCA Flexibonds C,OPCVM,France,FAIBLE,haute,False,260400,2918.65,89.219205,74.25,True,2026-08-04
SUP_000412,LU0104884860,BA000207,LU0104884860,Pictet-Water P EUR,OPCVM,Luxembourg,FAIBLE,haute,False,61900,423.61,146.126518,17.65,True,2026-07-24
SUP_000413,FID_BNP,BA000208,FID_BNP,BNP Paribas Wealth FID,FID,Luxembourg,FAIBLE,faible,False,382900,3149.15,121.588471,100.0,True,2026-07-12
SUP_000414,FID_BNP,BA000209,FID_BNP,BNP Paribas Wealth FID,FID,Luxembourg,FAIBLE,faible,False,1210200,10234.53,118.246743,100.0,True,2026-07-17
SUP_000415,FID_BNP,BA000210,FID_BNP,BNP Paribas Wealth FID,FID,Luxembourg,FAIBLE,faible,False,52600,536.45,98.052411,9.45,True,2026-07-23
SUP_000416,LU0104884860,BA000210,LU0104884860,Pictet-Water P EUR,OPCVM,Luxembourg,FAIBLE,haute,False,20200,164.78,122.587202,3.63,True,2026-07-09
SUP_000417,FR0010923383,BA000210,FR0010923383,H2O Multistrategies R,OPCVM,France,FAIBLE,haute,False,484300,4882.42,99.192573,86.93,True,2026-07-14
SUP_000418,FID_BNP,BA000211,FID_BNP,BNP Paribas Wealth FID,FID,Luxembourg,FAIBLE,faible,False,1830000,14517.5,126.054767,100.0,True,2026-08-04
SUP_000419,FR0010392225,BA000212,FR0010392225,Varenne Capital Partners,OPCVM,France,FAIBLE,haute,False,388500,2677.58,145.09389,100.0,False,2026-07-14
SUP_000420,FID_BNP,BA000213,FID_BNP,BNP Paribas Wealth FID,FID,Luxembourg,FAIBLE,faible,False,336500,2414.64,139.35804,49.57,True,2026-07-15
SUP_000421,FR0010923383,BA000213,FR0010923383,H2O Multistrategies R,OPCVM,France,FAIBLE,haute,False,3800,29.87,127.213805,0.56,True,2026-07-23
SUP_000422,LU0255977539,BA000213,LU0255977539,Pictet-Biotech R EUR,OPCVM,Luxembourg,FAIBLE,haute,False,75800,611.8,123.897053,11.17,True,2026-07-15
SUP_000423,FR0010392225,BA000213,FR0010392225,Varenne Capital Partners,OPCVM,France,FAIBLE,haute,False,262600,2622.44,100.135834,38.7,True,2026-08-05
SUP_000424,FID_BNP,BA000214,FID_BNP,BNP Paribas Wealth FID,FID,Luxembourg,FAIBLE,faible,False,128100,905.49,141.469606,64.05,True,2026-07-15
SUP_000425,LU0104884860,BA000214,LU0104884860,Pictet-Water P EUR,OPCVM,Luxembourg,FAIBLE,haute,False,71900,526.93,136.449548,35.95,True,2026-07-17
SUP_000426,FID_UBS,BA000215,FID_UBS,UBS Luxembourg FID Patrimoine,FID,Luxembourg,FAIBLE,faible,False,247100,1696.29,145.670842,100.0,True,2026-07-10
SUP_000427,FID_BNP,BA000216,FID_BNP,BNP Paribas Wealth FID,FID,Luxembourg,FAIBLE,faible,False,58000,654.31,88.642395,21.13,True,2026-07-10
SUP_000428,FR001400OJI4,BA000216,FR001400OJI4,DNCA Flexibonds C,OPCVM,France,FAIBLE,haute,False,17100,114.58,149.245995,6.23,True,2026-07-21
SUP_000429,XS2428662824,BA000216,XS2428662824,BNP Paribas Certificat,OPCVM,Luxembourg,FAIBLE,moyenne,False,189100,1488.26,127.060725,68.88,True,2026-07-27
SUP_000430,FR0010923383,BA000216,FR0010923383,H2O Multistrategies R,OPCVM,France,FAIBLE,haute,False,10300,96.92,106.27274,3.76,True,2026-07-13
SUP_000431,FID_BNP,BA000217,FID_BNP,BNP Paribas Wealth FID,FID,Luxembourg,FAIBLE,faible,False,185900,2078.66,89.432548,11.08,True,2026-07-26
SUP_000432,LU0104884860,BA000217,LU0104884860,Pictet-Water P EUR,OPCVM,Luxembourg,FAIBLE,haute,False,1491500,11067.64,134.762258,88.92,True,2026-07-26
SUP_000433,FID_UBS,BA000218,FID_UBS,UBS Luxembourg FID Patrimoine,FID,Luxembourg,FAIBLE,faible,False,218100,1483.55,147.012042,63.78,True,2026-07-25
SUP_000434,FR0010923383,BA000218,FR0010923383,H2O Multistrategies R,OPCVM,France,FAIBLE,haute,False,123800,1440.6,85.936165,36.22,True,2026-07-13
SUP_000435,FR0010923383,BA000219,FR0010923383,H2O Multistrategies R,OPCVM,France,FAIBLE,haute,False,87300,790.21,110.477037,17.48,False,2026-07-14
SUP_000436,PE_CAY_01,BA000219,PE_CAY_01,Cayman Growth Fund I,PE,Cayman Islands,ELEVE,très faible,True,233600,1746.42,133.759557,46.74,False,2026-07-30
SUP_000437,FR001400OJI4,BA000219,FR001400OJI4,DNCA Flexibonds C,OPCVM,France,FAIBLE,haute,False,178900,1760.98,101.590906,35.79,False,2026-07-21
SUP_000438,FID_UBS,BA000220,FID_UBS,UBS Luxembourg FID Patrimoine,FID,Luxembourg,FAIBLE,faible,False,245400,1736.37,141.329048,79.85,True,2026-07-27
SUP_000439,FR0010923383,BA000220,FR0010923383,H2O Multistrategies R,OPCVM,France,FAIBLE,haute,False,61900,508.98,121.614722,20.15,True,2026-07-14
SUP_000440,FAS_IND,BA000221,FAS_IND,Indosuez Wealth Management FAS,FAS,Luxembourg,FAIBLE,moyenne,False,1538200,13514.54,113.81818,78.47,True,2026-07-26
SUP_000441,FR0010923383,BA000221,FR0010923383,H2O Multistrategies R,OPCVM,France,FAIBLE,haute,False,422200,5073.42,83.218096,21.53,True,2026-07-07
SUP_000442,FID_BNP,BA000222,FID_BNP,BNP Paribas Wealth FID,FID,Luxembourg,FAIBLE,faible,False,253000,1823.51,138.7431,100.0,True,2026-07-24
SUP_000443,FAS_IND,BA000223,FAS_IND,Indosuez Wealth Management FAS,FAS,Luxembourg,FAIBLE,moyenne,False,210500,2531.98,83.136365,46.17,True,2026-07-20
SUP_000444,FR0010392225,BA000223,FR0010392225,Varenne Capital Partners,OPCVM,France,FAIBLE,haute,False,245500,2908.65,84.403384,53.83,True,2026-07-16
SUP_000445,FAS_ROT,BA000224,FAS_ROT,Rothschild & Co Gestion FAS,FAS,Luxembourg,FAIBLE,moyenne,False,878300,5989.94,146.629186,100.0,True,2026-07-26
SUP_000446,FID_BNP,BA000225,FID_BNP,BNP Paribas Wealth FID,FID,Luxembourg,FAIBLE,faible,False,363900,4028.73,90.326236,100.0,True,2026-07-26
SUP_000447,LU0255977539,BA000226,LU0255977539,Pictet-Biotech R EUR,OPCVM,Luxembourg,FAIBLE,haute,False,594500,6310.0,94.215535,100.0,False,2026-07-18
SUP_000448,PE_CAY_01,BA000227,PE_CAY_01,Cayman Growth Fund I,PE,Cayman Islands,ELEVE,très faible,True,458300,4270.43,107.319483,100.0,False,2026-07-30
SUP_000449,FID_BNP,BA000228,FID_BNP,BNP Paribas Wealth FID,FID,Luxembourg,FAIBLE,faible,False,1655300,12525.09,132.158739,100.0,True,2026-07-26
SUP_000450,FID_BNP,BA000229,FID_BNP,BNP Paribas Wealth FID,FID,Luxembourg,FAIBLE,faible,False,1668400,15544.07,107.333526,97.13,True,2026-07-15
SUP_000451,FR001400OJI4,BA000229,FR001400OJI4,DNCA Flexibonds C,OPCVM,France,FAIBLE,haute,False,49200,583.1,84.37632,2.87,True,2026-08-01
SUP_000452,FID_UBS,BA000230,FID_UBS,UBS Luxembourg FID Patrimoine,FID,Luxembourg,FAIBLE,faible,False,923000,6619.06,139.445742,100.0,True,2026-07-20
SUP_000453,FID_UBS,BA000231,FID_UBS,UBS Luxembourg FID Patrimoine,FID,Luxembourg,FAIBLE,faible,False,255300,2061.94,123.81562,100.0,True,2026-07-10
SUP_000454,FAS_ROT,BA000232,FAS_ROT,Rothschild & Co Gestion FAS,FAS,Luxembourg,FAIBLE,moyenne,False,388200,2902.91,133.727944,12.75,True,2026-07-17
SUP_000455,FR0010392225,BA000232,FR0010392225,Varenne Capital Partners,OPCVM,France,FAIBLE,haute,False,2017300,21647.35,93.189247,66.29,True,2026-08-03
SUP_000456,LU0255977539,BA000232,LU0255977539,Pictet-Biotech R EUR,OPCVM,Luxembourg,FAIBLE,haute,False,637900,7221.63,88.331892,20.96,True,2026-08-05
SUP_000457,FAS_ROT,BA000233,FAS_ROT,Rothschild & Co Gestion FAS,FAS,Luxembourg,FAIBLE,moyenne,False,287700,3544.58,81.166079,100.0,True,2026-07-15
SUP_000458,FAS_IND,BA000234,FAS_IND,Indosuez Wealth Management FAS,FAS,Luxembourg,FAIBLE,moyenne,False,18900,188.68,100.17085,6.9,True,2026-07-17
SUP_000459,LU0255977539,BA000234,LU0255977539,Pictet-Biotech R EUR,OPCVM,Luxembourg,FAIBLE,haute,False,254600,2814.54,90.458956,93.1,True,2026-07-15
SUP_000460,FID_BNP,BA000235,FID_BNP,BNP Paribas Wealth FID,FID,Luxembourg,FAIBLE,faible,False,243600,1877.06,129.777547,100.0,True,2026-07-18
SUP_000461,FID_UBS,BA000236,FID_UBS,UBS Luxembourg FID Patrimoine,FID,Luxembourg,FAIBLE,faible,False,325800,3608.7,90.281879,100.0,True,2026-08-01
SUP_000462,FR0010392225,BA000237,FR0010392225,Varenne Capital Partners,OPCVM,France,FAIBLE,haute,False,126500,967.22,130.787624,42.37,False,2026-07-12
SUP_000463,FR0010392225,BA000237,FR0010392225,Varenne Capital Partners,OPCVM,France,FAIBLE,haute,False,22000,162.36,135.498127,7.36,False,2026-07-30
SUP_000464,XS2428662824,BA000237,XS2428662824,BNP Paribas Certificat,OPCVM,Luxembourg,FAIBLE,moyenne,False,150100,1510.04,99.401461,50.27,False,2026-07-24
SUP_000465,FAS_IND,BA000238,FAS_IND,Indosuez Wealth Management FAS,FAS,Luxembourg,FAIBLE,moyenne,False,86500,616.32,140.348372,24.57,True,2026-07-07
SUP_000466,FR0010392225,BA000238,FR0010392225,Varenne Capital Partners,OPCVM,France,FAIBLE,haute,False,265500,1944.75,136.521188,75.43,True,2026-07-29
SUP_000467,FAS_IND,BA000239,FAS_IND,Indosuez Wealth Management FAS,FAS,Luxembourg,FAIBLE,moyenne,False,42300,442.6,95.571187,13.35,True,2026-07-28
SUP_000468,FR001400OJI4,BA000239,FR001400OJI4,DNCA Flexibonds C,OPCVM,France,FAIBLE,haute,False,274300,2132.53,128.626675,86.65,True,2026-08-03
SUP_000469,LU0255977539,BA000240,LU0255977539,Pictet-Biotech R EUR,OPCVM,Luxembourg,FAIBLE,haute,False,64500,466.0,138.413129,8.59,False,2026-08-01
SUP_000470,PE_CAY_01,BA000240,PE_CAY_01,Cayman Growth Fund I,PE,Cayman Islands,ELEVE,très faible,True,155700,1282.31,121.421861,20.75,False,2026-07-07
SUP_000471,FR0010923383,BA000240,FR0010923383,H2O Multistrategies R,OPCVM,France,FAIBLE,haute,False,530200,4490.2,118.079407,70.66,False,2026-07-26
SUP_000472,FID_UBS,BA000241,FID_UBS,UBS Luxembourg FID Patrimoine,FID,Luxembourg,FAIBLE,faible,False,344700,3972.72,86.766821,57.82,True,2026-08-04
SUP_000473,LU0255977539,BA000241,LU0255977539,Pictet-Biotech R EUR,OPCVM,Luxembourg,FAIBLE,haute,False,251400,2855.75,88.033008,42.18,True,2026-08-05
SUP_000474,FID_UBS,BA000242,FID_UBS,UBS Luxembourg FID Patrimoine,FID,Luxembourg,FAIBLE,faible,False,19400,156.97,123.589617,10.28,True,2026-08-05
SUP_000475,LU0104884860,BA000242,LU0104884860,Pictet-Water P EUR,OPCVM,Luxembourg,FAIBLE,haute,False,23700,198.14,119.609468,12.6,True,2026-07-27
SUP_000476,LU0255977539,BA000242,LU0255977539,Pictet-Biotech R EUR,OPCVM,Luxembourg,FAIBLE,haute,False,59300,464.36,127.701902,31.5,True,2026-08-04
SUP_000477,FR0010923383,BA000242,FR0010923383,H2O Multistrategies R,OPCVM,France,FAIBLE,haute,False,85900,649.73,132.208856,45.62,True,2026-07-21
SUP_000478,FID_UBS,BA000243,FID_UBS,UBS Luxembourg FID Patrimoine,FID,Luxembourg,FAIBLE,faible,False,717300,8846.33,81.084481,100.0,True,2026-08-01
SUP_000479,XS2428662824,BA000244,XS2428662824,BNP Paribas Certificat,OPCVM,Luxembourg,FAIBLE,moyenne,False,1753900,16422.19,106.800644,100.0,False,2026-07-28
SUP_000480,FID_UBS,BA000245,FID_UBS,UBS Luxembourg FID Patrimoine,FID,Luxembourg,FAIBLE,faible,False,183200,1225.12,149.536565,17.88,True,2026-07-14
SUP_000481,FR0010923383,BA000245,FR0010923383,H2O Multistrategies R,OPCVM,France,FAIBLE,haute,False,563300,4841.33,116.35228,54.97,True,2026-07-25
SUP_000482,FR0010392225,BA000245,FR0010392225,Varenne Capital Partners,OPCVM,France,FAIBLE,haute,False,278200,2258.88,123.158644,27.15,True,2026-07-17
SUP_000483,FAS_IND,BA000246,FAS_IND,Indosuez Wealth Management FAS,FAS,Luxembourg,FAIBLE,moyenne,False,436200,4141.92,105.313532,13.54,True,2026-07-15
SUP_000484,XS2428662824,BA000246,XS2428662824,BNP Paribas Certificat,OPCVM,Luxembourg,FAIBLE,moyenne,False,2727700,24108.43,113.142997,84.66,True,2026-07-11
SUP_000485,FR0010392225,BA000246,FR0010392225,Varenne Capital Partners,OPCVM,France,FAIBLE,haute,False,58100,392.39,148.068264,1.8,True,2026-07-09
SUP_000486,PE_CAY_01,BA000247,PE_CAY_01,Cayman Growth Fund I,PE,Cayman Islands,ELEVE,très faible,True,231800,1733.64,133.707122,58.7,False,2026-07-15
SUP_000487,PE_CAY_01,BA000247,PE_CAY_01,Cayman Growth Fund I,PE,Cayman Islands,ELEVE,très faible,True,61800,611.67,101.035537,15.66,False,2026-08-02
SUP_000488,FR0010923383,BA000247,FR0010923383,H2O Multistrategies R,OPCVM,France,FAIBLE,haute,False,101300,868.88,116.587492,25.65,False,2026-07-15
SUP_000489,LU0255977539,BA000248,LU0255977539,Pictet-Biotech R EUR,OPCVM,Luxembourg,FAIBLE,haute,False,770500,6724.6,114.579328,32.32,False,2026-07-15
SUP_000490,PE_CAY_01,BA000248,PE_CAY_01,Cayman Growth Fund I,PE,Cayman Islands,ELEVE,très faible,True,1613300,13025.96,123.852639,67.68,False,2026-07-17
SUP_000491,FID_UBS,BA000249,FID_UBS,UBS Luxembourg FID Patrimoine,FID,Luxembourg,FAIBLE,faible,False,1987600,21372.6,92.997559,100.0,True,2026-07-11
SUP_000492,FID_UBS,BA000250,FID_UBS,UBS Luxembourg FID Patrimoine,FID,Luxembourg,FAIBLE,faible,False,271700,3206.56,84.732591,93.24,True,2026-07-17
SUP_000493,LU0104884860,BA000250,LU0104884860,Pictet-Water P EUR,OPCVM,Luxembourg,FAIBLE,haute,False,19700,174.93,112.615877,6.76,True,2026-08-03
SUP_000494,FR001400OJI4,BA000251,FR001400OJI4,DNCA Flexibonds C,OPCVM,France,FAIBLE,haute,False,511600,6256.81,81.766959,81.79,False,2026-07-30
SUP_000495,LU0255977539,BA000251,LU0255977539,Pictet-Biotech R EUR,OPCVM,Luxembourg,FAIBLE,haute,False,113900,1368.59,83.224373,18.21,False,2026-07-10
SUP_000496,FR0010392225,BA000252,FR0010392225,Varenne Capital Partners,OPCVM,France,FAIBLE,haute,False,712800,7415.11,96.12809,100.0,False,2026-07-22
SUP_000497,FID_UBS,BA000253,FID_UBS,UBS Luxembourg FID Patrimoine,FID,Luxembourg,FAIBLE,faible,False,121400,1332.33,91.118648,38.64,True,2026-07-18
SUP_000498,FR0010923383,BA000253,FR0010923383,H2O Multistrategies R,OPCVM,France,FAIBLE,haute,False,192700,1292.5,149.090798,61.36,True,2026-08-03
SUP_000499,FID_BNP,BA000254,FID_BNP,BNP Paribas Wealth FID,FID,Luxembourg,FAIBLE,faible,False,144000,999.61,144.055719,32.45,True,2026-07-28
SUP_000500,FR0010923383,BA000254,FR0010923383,H2O Multistrategies R,OPCVM,France,FAIBLE,haute,False,299700,2312.48,129.601391,67.55,True,2026-07-21
SUP_000501,FR001400OJI4,BA000255,FR001400OJI4,DNCA Flexibonds C,OPCVM,France,FAIBLE,haute,False,838600,8307.41,100.945965,94.39,False,2026-07-11
SUP_000502,PE_LUX_01,BA000255,PE_LUX_01,Luxembourg PE SICAR,PE,Luxembourg,FAIBLE,très faible,False,49800,384.63,129.473847,5.61,False,2026-07-14
SUP_000503,FID_BNP,BA000256,FID_BNP,BNP Paribas Wealth FID,FID,Luxembourg,FAIBLE,faible,False,14500,162.82,89.056735,2.29,True,2026-07-12
SUP_000504,XS2428662824,BA000256,XS2428662824,BNP Paribas Certificat,OPCVM,Luxembourg,FAIBLE,moyenne,False,2400,19.39,123.803814,0.38,True,2026-07-30
SUP_000505,XS2428662824,BA000256,XS2428662824,BNP Paribas Certificat,OPCVM,Luxembourg,FAIBLE,moyenne,False,613800,6021.28,101.938416,97.33,True,2026-08-01
SUP_000506,FAS_IND,BA000257,FAS_IND,Indosuez Wealth Management FAS,FAS,Luxembourg,FAIBLE,moyenne,False,500100,5260.87,95.060369,100.0,True,2026-07-27
SUP_000507,FID_BNP,BA000258,FID_BNP,BNP Paribas Wealth FID,FID,Luxembourg,FAIBLE,faible,False,88400,1013.87,87.190607,35.78,True,2026-08-02
SUP_000508,FR001400OJI4,BA000258,FR001400OJI4,DNCA Flexibonds C,OPCVM,France,FAIBLE,haute,False,71300,530.51,134.399491,28.88,True,2026-07-28
SUP_000509,LU0255977539,BA000258,LU0255977539,Pictet-Biotech R EUR,OPCVM,Luxembourg,FAIBLE,haute,False,87300,673.33,129.654354,35.33,True,2026-07-16
SUP_000510,LU0104884860,BA000259,LU0104884860,Pictet-Water P EUR,OPCVM,Luxembourg,FAIBLE,haute,False,641000,5093.82,125.838784,100.0,False,2026-07-17
SUP_000511,FID_UBS,BA000260,FID_UBS,UBS Luxembourg FID Patrimoine,FID,Luxembourg,FAIBLE,faible,False,1207900,12327.43,97.984721,84.09,True,2026-07-16
SUP_000512,LU0104884860,BA000260,LU0104884860,Pictet-Water P EUR,OPCVM,Luxembourg,FAIBLE,haute,False,228500,1556.24,146.828661,15.91,True,2026-07-23
SUP_000513,FID_BNP,BA000261,FID_BNP,BNP Paribas Wealth FID,FID,Luxembourg,FAIBLE,faible,False,609800,6888.47,88.524684,100.0,True,2026-07-22
SUP_000514,FID_UBS,BA000262,FID_UBS,UBS Luxembourg FID Patrimoine,FID,Luxembourg,FAIBLE,faible,False,64700,719.18,89.963563,3.94,True,2026-07-31
SUP_000515,FR0010392225,BA000262,FR0010392225,Varenne Capital Partners,OPCVM,France,FAIBLE,haute,False,674400,4988.47,135.191758,41.07,True,2026-08-04
SUP_000516,FR0010392225,BA000262,FR0010392225,Varenne Capital Partners,OPCVM,France,FAIBLE,haute,False,902800,7410.62,121.825165,54.99,True,2026-07-23
SUP_000517,FR0010392225,BA000263,FR0010392225,Varenne Capital Partners,OPCVM,France,FAIBLE,haute,False,18000,212.17,84.838927,7.99,False,2026-07-20
SUP_000518,FR0010923383,BA000263,FR0010923383,H2O Multistrategies R,OPCVM,France,FAIBLE,haute,False,1200,8.84,135.698764,0.55,False,2026-07-29
SUP_000519,FR0010392225,BA000263,FR0010392225,Varenne Capital Partners,OPCVM,France,FAIBLE,haute,False,5000,35.84,139.514269,2.23,False,2026-07-26
SUP_000520,LU0255977539,BA000263,LU0255977539,Pictet-Biotech R EUR,OPCVM,Luxembourg,FAIBLE,haute,False,201200,2318.83,86.767928,89.23,False,2026-07-14
SUP_000521,FAS_IND,BA000264,FAS_IND,Indosuez Wealth Management FAS,FAS,Luxembourg,FAIBLE,moyenne,False,421400,4395.32,95.874715,100.0,True,2026-07-30
SUP_000522,FAS_ROT,BA000265,FAS_ROT,Rothschild & Co Gestion FAS,FAS,Luxembourg,FAIBLE,moyenne,False,211200,2307.59,91.523936,50.09,True,2026-07-27
SUP_000523,FR001400OJI4,BA000265,FR001400OJI4,DNCA Flexibonds C,OPCVM,France,FAIBLE,haute,False,141200,1280.73,110.249523,33.47,True,2026-07-13
SUP_000524,FR0010923383,BA000265,FR0010923383,H2O Multistrategies R,OPCVM,France,FAIBLE,haute,False,69300,563.1,123.068488,16.44,True,2026-07-16
SUP_000525,LU0104884860,BA000266,LU0104884860,Pictet-Water P EUR,OPCVM,Luxembourg,FAIBLE,haute,False,378000,4543.29,83.199568,100.0,False,2026-07-29
SUP_000526,FID_BNP,BA000267,FID_BNP,BNP Paribas Wealth FID,FID,Luxembourg,FAIBLE,faible,False,556800,5809.68,95.840063,100.0,True,2026-07-14
SUP_000527,FID_BNP,BA000268,FID_BNP,BNP Paribas Wealth FID,FID,Luxembourg,FAIBLE,faible,False,655400,6212.28,105.50076,100.0,True,2026-07-26
SUP_000528,FID_BNP,BA000269,FID_BNP,BNP Paribas Wealth FID,FID,Luxembourg,FAIBLE,faible,False,98200,754.31,130.185881,59.07,True,2026-08-05
SUP_000529,FR001400OJI4,BA000269,FR001400OJI4,DNCA Flexibonds C,OPCVM,France,FAIBLE,haute,False,68100,549.71,123.882922,40.93,True,2026-07-21
SUP_000530,FID_BNP,BA000270,FID_BNP,BNP Paribas Wealth FID,FID,Luxembourg,FAIBLE,faible,False,217600,1569.41,138.650868,94.63,True,2026-07-26
SUP_000531,LU0104884860,BA000270,LU0104884860,Pictet-Water P EUR,OPCVM,Luxembourg,FAIBLE,haute,False,12300,108.53,113.331384,5.37,True,2026-08-05
SUP_000532,PE_LUX_01,BA000271,PE_LUX_01,Luxembourg PE SICAR,PE,Luxembourg,FAIBLE,très faible,False,549400,4021.08,136.629855,68.32,False,2026-07-07
SUP_000533,PE_LUX_01,BA000271,PE_LUX_01,Luxembourg PE SICAR,PE,Luxembourg,FAIBLE,très faible,False,254800,2857.84,89.158366,31.68,False,2026-08-02
SUP_000534,FID_BNP,BA000272,FID_BNP,BNP Paribas Wealth FID,FID,Luxembourg,FAIBLE,faible,False,216400,1882.72,114.939875,100.0,True,2026-07-14
SUP_000535,FID_BNP,BA000273,FID_BNP,BNP Paribas Wealth FID,FID,Luxembourg,FAIBLE,faible,False,874500,5891.5,148.434145,100.0,True,2026-07-27
SUP_000536,FID_UBS,BA000274,FID_UBS,UBS Luxembourg FID Patrimoine,FID,Luxembourg,FAIBLE,faible,False,739500,5163.69,143.211562,100.0,True,2026-07-09
SUP_000537,LU0104884860,BA000275,LU0104884860,Pictet-Water P EUR,OPCVM,Luxembourg,FAIBLE,haute,False,131900,1388.32,95.007042,38.78,False,2026-07-27
SUP_000538,PE_LUX_01,BA000275,PE_LUX_01,Luxembourg PE SICAR,PE,Luxembourg,FAIBLE,très faible,False,208100,2281.49,91.212468,61.22,False,2026-07-17
SUP_000539,FAS_IND,BA000276,FAS_IND,Indosuez Wealth Management FAS,FAS,Luxembourg,FAIBLE,moyenne,False,589700,5752.92,102.504511,100.0,True,2026-07-31
SUP_000540,FAS_ROT,BA000277,FAS_ROT,Rothschild & Co Gestion FAS,FAS,Luxembourg,FAIBLE,moyenne,False,1252300,15467.25,80.964605,88.63,True,2026-07-14
SUP_000541,FR0010923383,BA000277,FR0010923383,H2O Multistrategies R,OPCVM,France,FAIBLE,haute,False,160600,1439.93,111.532827,11.37,True,2026-07-12
SUP_000542,PE_LUX_01,BA000278,PE_LUX_01,Luxembourg PE SICAR,PE,Luxembourg,FAIBLE,très faible,False,36000,254.44,141.4865,13.56,False,2026-07-28
SUP_000543,XS2428662824,BA000278,XS2428662824,BNP Paribas Certificat,OPCVM,Luxembourg,FAIBLE,moyenne,False,229700,1623.87,141.452284,86.44,False,2026-08-04
SUP_000544,FAS_IND,BA000279,FAS_IND,Indosuez Wealth Management FAS,FAS,Luxembourg,FAIBLE,moyenne,False,161100,1432.86,112.432657,35.34,True,2026-07-12
SUP_000545,FR001400OJI4,BA000279,FR001400OJI4,DNCA Flexibonds C,OPCVM,France,FAIBLE,haute,False,294800,2627.73,112.188219,64.66,True,2026-07-16
SUP_000546,FR0010923383,BA000280,FR0010923383,H2O Multistrategies R,OPCVM,France,FAIBLE,haute,False,289700,3565.1,81.259916,49.43,False,2026-08-02
SUP_000547,LU0104884860,BA000280,LU0104884860,Pictet-Water P EUR,OPCVM,Luxembourg,FAIBLE,haute,False,296300,2738.74,108.188253,50.57,False,2026-07-07
SUP_000548,PE_LUX_01,BA000281,PE_LUX_01,Luxembourg PE SICAR,PE,Luxembourg,FAIBLE,très faible,False,88100,814.57,108.155169,24.88,False,2026-07-26
SUP_000549,PE_CAY_01,BA000281,PE_CAY_01,Cayman Growth Fund I,PE,Cayman Islands,ELEVE,très faible,True,265900,3312.93,80.261228,75.12,False,2026-07-16
SUP_000550,FID_UBS,BA000282,FID_UBS,UBS Luxembourg FID Patrimoine,FID,Luxembourg,FAIBLE,faible,False,108200,773.76,139.836512,9.82,True,2026-08-02
SUP_000551,XS2428662824,BA000282,XS2428662824,BNP Paribas Certificat,OPCVM,Luxembourg,FAIBLE,moyenne,False,50900,429.63,118.4737,4.62,True,2026-07-21
SUP_000552,LU0255977539,BA000282,LU0255977539,Pictet-Biotech R EUR,OPCVM,Luxembourg,FAIBLE,haute,False,86500,952.37,90.825858,7.84,True,2026-07-17
SUP_000553,LU0255977539,BA000282,LU0255977539,Pictet-Biotech R EUR,OPCVM,Luxembourg,FAIBLE,haute,False,856700,6093.96,140.581925,77.72,True,2026-07-13
SUP_000554,FID_BNP,BA000283,FID_BNP,BNP Paribas Wealth FID,FID,Luxembourg,FAIBLE,faible,False,614100,5216.9,117.713625,100.0,True,2026-07-21
SUP_000555,FAS_IND,BA000284,FAS_IND,Indosuez Wealth Management FAS,FAS,Luxembourg,FAIBLE,moyenne,False,427400,4504.79,94.876865,100.0,True,2026-08-04
SUP_000556,FID_BNP,BA000285,FID_BNP,BNP Paribas Wealth FID,FID,Luxembourg,FAIBLE,faible,False,87800,772.52,113.653295,30.54,True,2026-07-17
SUP_000557,FR001400OJI4,BA000285,FR001400OJI4,DNCA Flexibonds C,OPCVM,France,FAIBLE,haute,False,102500,757.52,135.309534,35.65,True,2026-07-30
SUP_000558,LU0255977539,BA000285,LU0255977539,Pictet-Biotech R EUR,OPCVM,Luxembourg,FAIBLE,haute,False,97200,728.75,133.379029,33.81,True,2026-07-25
SUP_000559,FID_UBS,BA000286,FID_UBS,UBS Luxembourg FID Patrimoine,FID,Luxembourg,FAIBLE,faible,False,159900,1181.55,135.331085,100.0,True,2026-07-20
SUP_000560,FID_UBS,BA000287,FID_UBS,UBS Luxembourg FID Patrimoine,FID,Luxembourg,FAIBLE,faible,False,82000,571.66,143.441724,17.13,True,2026-07-19
SUP_000561,LU0104884860,BA000287,LU0104884860,Pictet-Water P EUR,OPCVM,Luxembourg,FAIBLE,haute,False,397000,3041.34,130.534578,82.87,True,2026-07-15
SUP_000562,FID_BNP,BA000288,FID_BNP,BNP Paribas Wealth FID,FID,Luxembourg,FAIBLE,faible,False,1054600,7603.63,138.696906,100.0,True,2026-07-29
SUP_000563,FID_BNP,BA000289,FID_BNP,BNP Paribas Wealth FID,FID,Luxembourg,FAIBLE,faible,False,932200,6518.45,143.009376,58.6,True,2026-07-18
SUP_000564,LU0104884860,BA000289,LU0104884860,Pictet-Water P EUR,OPCVM,Luxembourg,FAIBLE,haute,False,658700,6095.57,108.062068,41.4,True,2026-07-15
SUP_000565,FID_UBS,BA000290,FID_UBS,UBS Luxembourg FID Patrimoine,FID,Luxembourg,FAIBLE,faible,False,391000,2620.69,149.197595,42.22,True,2026-07-21
SUP_000566,FR0010392225,BA000290,FR0010392225,Varenne Capital Partners,OPCVM,France,FAIBLE,haute,False,278600,3216.53,86.615051,30.09,True,2026-07-18
SUP_000567,FR001400OJI4,BA000290,FR001400OJI4,DNCA Flexibonds C,OPCVM,France,FAIBLE,haute,False,51000,541.59,94.16692,5.5,True,2026-07-27
SUP_000568,FR0010392225,BA000290,FR0010392225,Varenne Capital Partners,OPCVM,France,FAIBLE,haute,False,205500,1634.32,125.740228,22.19,True,2026-08-03
SUP_000569,FAS_ROT,BA000291,FAS_ROT,Rothschild & Co Gestion FAS,FAS,Luxembourg,FAIBLE,moyenne,False,308400,2647.81,116.473579,100.0,True,2026-08-04
SUP_000570,FID_BNP,BA000292,FID_BNP,BNP Paribas Wealth FID,FID,Luxembourg,FAIBLE,faible,False,305900,3540.1,86.410064,98.43,True,2026-08-05
SUP_000571,FR001400OJI4,BA000292,FR001400OJI4,DNCA Flexibonds C,OPCVM,France,FAIBLE,haute,False,4900,33.18,147.661067,1.57,True,2026-08-03
SUP_000572,FAS_ROT,BA000293,FAS_ROT,Rothschild & Co Gestion FAS,FAS,Luxembourg,FAIBLE,moyenne,False,239400,2288.63,104.603891,56.04,True,2026-07-08
SUP_000573,FR0010923383,BA000293,FR0010923383,H2O Multistrategies R,OPCVM,France,FAIBLE,haute,False,187800,2068.71,90.781417,43.96,True,2026-07-18
SUP_000574,FID_UBS,BA000294,FID_UBS,UBS Luxembourg FID Patrimoine,FID,Luxembourg,FAIBLE,faible,False,971600,6885.69,141.104272,100.0,True,2026-07-21
SUP_000575,FID_BNP,BA000295,FID_BNP,BNP Paribas Wealth FID,FID,Luxembourg,FAIBLE,faible,False,1118300,12975.67,86.184377,87.64,True,2026-07-30
SUP_000576,XS2428662824,BA000295,XS2428662824,BNP Paribas Certificat,OPCVM,Luxembourg,FAIBLE,moyenne,False,157800,1186.47,132.999952,12.36,True,2026-07-18
SUP_000577,FID_BNP,BA000296,FID_BNP,BNP Paribas Wealth FID,FID,Luxembourg,FAIBLE,faible,False,1342500,10263.08,130.808653,100.0,True,2026-07-09
SUP_000578,FR0010923383,BA000297,FR0010923383,H2O Multistrategies R,OPCVM,France,FAIBLE,haute,False,310700,2509.4,123.814335,100.0,False,2026-07-16
SUP_000579,FID_UBS,BA000298,FID_UBS,UBS Luxembourg FID Patrimoine,FID,Luxembourg,FAIBLE,faible,False,1190500,9097.31,130.862798,62.81,True,2026-07-14
SUP_000580,FR0010923383,BA000298,FR0010923383,H2O Multistrategies R,OPCVM,France,FAIBLE,haute,False,704900,5847.03,120.556894,37.19,True,2026-07-13
SUP_000581,FID_BNP,BA000299,FID_BNP,BNP Paribas Wealth FID,FID,Luxembourg,FAIBLE,faible,False,107800,831.26,129.682509,45.63,True,2026-07-19
SUP_000582,FR001400OJI4,BA000299,FR001400OJI4,DNCA Flexibonds C,OPCVM,France,FAIBLE,haute,False,85800,714.46,120.09013,36.31,True,2026-07-26
SUP_000583,XS2428662824,BA000299,XS2428662824,BNP Paribas Certificat,OPCVM,Luxembourg,FAIBLE,moyenne,False,42700,435.44,98.060628,18.06,True,2026-07-13
SUP_000584,FID_UBS,BA000300,FID_UBS,UBS Luxembourg FID Patrimoine,FID,Luxembourg,FAIBLE,faible,False,515300,4288.21,120.16658,100.0,True,2026-07-24
SUP_000585,FID_UBS,BA000301,FID_UBS,UBS Luxembourg FID Patrimoine,FID,Luxembourg,FAIBLE,faible,False,730800,5477.67,133.414367,100.0,True,2026-07-23
SUP_000586,FAS_ROT,BA000302,FAS_ROT,Rothschild & Co Gestion FAS,FAS,Luxembourg,FAIBLE,moyenne,False,377500,3645.52,103.551772,67.14,True,2026-07-23
SUP_000587,FR0010923383,BA000302,FR0010923383,H2O Multistrategies R,OPCVM,France,FAIBLE,haute,False,184800,1610.34,114.758131,32.86,True,2026-07-27
SUP_000588,FR0010923383,BA000303,FR0010923383,H2O Multistrategies R,OPCVM,France,FAIBLE,haute,False,4465500,39400.24,113.336866,89.14,False,2026-07-24
SUP_000589,FR001400OJI4,BA000303,FR001400OJI4,DNCA Flexibonds C,OPCVM,France,FAIBLE,haute,False,544000,5150.17,105.627507,10.86,False,2026-07-15
SUP_000590,FAS_IND,BA000304,FAS_IND,Indosuez Wealth Management FAS,FAS,Luxembourg,FAIBLE,moyenne,False,1263000,11506.91,109.760173,100.0,True,2026-07-18
SUP_000591,FAS_IND,BA000305,FAS_IND,Indosuez Wealth Management FAS,FAS,Luxembourg,FAIBLE,moyenne,False,2291800,26571.31,86.250919,100.0,True,2026-07-11
SUP_000592,FID_BNP,BA000306,FID_BNP,BNP Paribas Wealth FID,FID,Luxembourg,FAIBLE,faible,False,362400,2996.58,120.937695,100.0,True,2026-08-05
SUP_000593,FAS_IND,BA000307,FAS_IND,Indosuez Wealth Management FAS,FAS,Luxembourg,FAIBLE,moyenne,False,435400,3662.58,118.87785,100.0,True,2026-07-18
SUP_000594,FID_BNP,BA000308,FID_BNP,BNP Paribas Wealth FID,FID,Luxembourg,FAIBLE,faible,False,203800,1508.92,135.0636,68.32,True,2026-07-29
SUP_000595,FR0010392225,BA000308,FR0010392225,Varenne Capital Partners,OPCVM,France,FAIBLE,haute,False,4400,31.46,139.847572,1.49,True,2026-07-16
SUP_000596,LU0255977539,BA000308,LU0255977539,Pictet-Biotech R EUR,OPCVM,Luxembourg,FAIBLE,haute,False,21800,233.31,93.439203,7.3,True,2026-07-10
SUP_000597,FR0010923383,BA000308,FR0010923383,H2O Multistrategies R,OPCVM,France,FAIBLE,haute,False,68300,557.34,122.546393,22.89,True,2026-07-23
SUP_000598,FAS_IND,BA000309,FAS_IND,Indosuez Wealth Management FAS,FAS,Luxembourg,FAIBLE,moyenne,False,402700,2887.43,139.466741,100.0,True,2026-07-18
SUP_000599,FAS_IND,BA000310,FAS_IND,Indosuez Wealth Management FAS,FAS,Luxembourg,FAIBLE,moyenne,False,562200,6829.36,82.321051,100.0,True,2026-07-21
SUP_000600,LU0255977539,BA000311,LU0255977539,Pictet-Biotech R EUR,OPCVM,Luxembourg,FAIBLE,haute,False,279600,3197.68,87.438357,100.0,False,2026-07-25
SUP_000601,PE_LUX_01,BA000312,PE_LUX_01,Luxembourg PE SICAR,PE,Luxembourg,FAIBLE,très faible,False,323900,3189.65,101.547238,100.0,False,2026-07-24
SUP_000602,LU0255977539,BA000313,LU0255977539,Pictet-Biotech R EUR,OPCVM,Luxembourg,FAIBLE,haute,False,1550600,10475.09,148.027406,100.0,False,2026-07-30
SUP_000603,FID_UBS,BA000314,FID_UBS,UBS Luxembourg FID Patrimoine,FID,Luxembourg,FAIBLE,faible,False,244900,2491.14,98.308396,22.28,True,2026-08-05
SUP_000604,LU0104884860,BA000314,LU0104884860,Pictet-Water P EUR,OPCVM,Luxembourg,FAIBLE,haute,False,854000,7060.66,120.951826,77.72,True,2026-07-09
SUP_000605,LU0104884860,BA000315,LU0104884860,Pictet-Water P EUR,OPCVM,Luxembourg,FAIBLE,haute,False,346900,2651.56,130.828556,100.0,False,2026-07-09
SUP_000606,FID_UBS,BA000316,FID_UBS,UBS Luxembourg FID Patrimoine,FID,Luxembourg,FAIBLE,faible,False,600,4.64,129.282501,0.18,True,2026-08-05
SUP_000607,FR0010923383,BA000316,FR0010923383,H2O Multistrategies R,OPCVM,France,FAIBLE,haute,False,162700,2001.27,81.298372,50.36,True,2026-07-14
SUP_000608,FR0010392225,BA000316,FR0010392225,Varenne Capital Partners,OPCVM,France,FAIBLE,haute,False,4100,29.55,138.747196,1.27,True,2026-07-12
SUP_000609,FR0010923383,BA000316,FR0010923383,H2O Multistrategies R,OPCVM,France,FAIBLE,haute,False,155700,1047.4,148.653929,48.19,True,2026-07-08
SUP_000610,FID_BNP,BA000317,FID_BNP,BNP Paribas Wealth FID,FID,Luxembourg,FAIBLE,faible,False,14600,140.41,103.983893,6.66,True,2026-07-10
SUP_000611,LU0104884860,BA000317,LU0104884860,Pictet-Water P EUR,OPCVM,Luxembourg,FAIBLE,haute,False,205100,1430.25,143.401534,93.34,True,2026-07-29
SUP_000612,XS2428662824,BA000318,XS2428662824,BNP Paribas Certificat,OPCVM,Luxembourg,FAIBLE,moyenne,False,2297700,28064.1,81.873286,100.0,False,2026-07-10
SUP_000613,PE_LUX_01,BA000319,PE_LUX_01,Luxembourg PE SICAR,PE,Luxembourg,FAIBLE,très faible,False,579000,4571.96,126.64147,71.06,False,2026-07-09
SUP_000614,FR0010923383,BA000319,FR0010923383,H2O Multistrategies R,OPCVM,France,FAIBLE,haute,False,235800,2201.74,107.097314,28.94,False,2026-07-21
SUP_000615,FID_UBS,BA000320,FID_UBS,UBS Luxembourg FID Patrimoine,FID,Luxembourg,FAIBLE,faible,False,405400,3184.83,127.290916,100.0,True,2026-07-28
SUP_000616,PE_CAY_01,BA000321,PE_CAY_01,Cayman Growth Fund I,PE,Cayman Islands,ELEVE,très faible,True,326800,2451.3,133.317281,100.0,False,2026-08-02
SUP_000617,FR0010923383,BA000322,FR0010923383,H2O Multistrategies R,OPCVM,France,FAIBLE,haute,False,1290900,14009.96,92.141572,92.43,False,2026-07-31
SUP_000618,LU0255977539,BA000322,LU0255977539,Pictet-Biotech R EUR,OPCVM,Luxembourg,FAIBLE,haute,False,105700,1002.2,105.46834,7.57,False,2026-07-10
SUP_000619,FID_BNP,BA000323,FID_BNP,BNP Paribas Wealth FID,FID,Luxembourg,FAIBLE,faible,False,35400,248.06,142.70636,14.7,True,2026-07-20
SUP_000620,FR0010923383,BA000323,FR0010923383,H2O Multistrategies R,OPCVM,France,FAIBLE,haute,False,76200,529.97,143.782006,31.62,True,2026-07-13
SUP_000621,LU0255977539,BA000323,LU0255977539,Pictet-Biotech R EUR,OPCVM,Luxembourg,FAIBLE,haute,False,129400,1048.35,123.431492,53.67,True,2026-07-11
SUP_000622,FID_BNP,BA000324,FID_BNP,BNP Paribas Wealth FID,FID,Luxembourg,FAIBLE,faible,False,203700,1931.13,105.482525,64.41,True,2026-08-03
SUP_000623,XS2428662824,BA000324,XS2428662824,BNP Paribas Certificat,OPCVM,Luxembourg,FAIBLE,moyenne,False,112600,781.67,144.05038,35.59,True,2026-07-29
SUP_000624,FID_UBS,BA000325,FID_UBS,UBS Luxembourg FID Patrimoine,FID,Luxembourg,FAIBLE,faible,False,56600,502.29,112.683357,30.91,True,2026-07-24
SUP_000625,FR0010923383,BA000325,FR0010923383,H2O Multistrategies R,OPCVM,France,FAIBLE,haute,False,126500,1432.65,88.298149,69.09,True,2026-07-13
SUP_000626,FR0010392225,BA000326,FR0010392225,Varenne Capital Partners,OPCVM,France,FAIBLE,haute,False,1700,12.29,138.347578,0.33,False,2026-07-07
SUP_000627,FR001400OJI4,BA000326,FR001400OJI4,DNCA Flexibonds C,OPCVM,France,FAIBLE,haute,False,497100,4412.46,112.658136,99.67,False,2026-07-19
SUP_000628,FID_BNP,BA000327,FID_BNP,BNP Paribas Wealth FID,FID,Luxembourg,FAIBLE,faible,False,428400,3267.46,131.111021,21.74,True,2026-07-29
SUP_000629,LU0255977539,BA000327,LU0255977539,Pictet-Biotech R EUR,OPCVM,Luxembourg,FAIBLE,haute,False,1541500,11049.91,139.503336,78.26,True,2026-07-14
SUP_000630,FAS_ROT,BA000328,FAS_ROT,Rothschild & Co Gestion FAS,FAS,Luxembourg,FAIBLE,moyenne,False,262800,2396.05,109.680737,100.0,True,2026-07-17
SUP_000631,FID_BNP,BA000329,FID_BNP,BNP Paribas Wealth FID,FID,Luxembourg,FAIBLE,faible,False,288000,2247.36,128.150196,100.0,True,2026-07-14
SUP_000632,FID_BNP,BA000330,FID_BNP,BNP Paribas Wealth FID,FID,Luxembourg,FAIBLE,faible,False,564300,6844.53,82.445338,37.45,True,2026-08-05
SUP_000633,FR0010923383,BA000330,FR0010923383,H2O Multistrategies R,OPCVM,France,FAIBLE,haute,False,884600,6654.47,132.933138,58.72,True,2026-07-10
SUP_000634,LU0104884860,BA000330,LU0104884860,Pictet-Water P EUR,OPCVM,Luxembourg,FAIBLE,haute,False,57700,554.75,104.011568,3.83,True,2026-07-14
SUP_000635,FID_UBS,BA000331,FID_UBS,UBS Luxembourg FID Patrimoine,FID,Luxembourg,FAIBLE,faible,False,219600,1908.46,115.066813,51.27,True,2026-07-22
SUP_000636,FR0010392225,BA000331,FR0010392225,Varenne Capital Partners,OPCVM,France,FAIBLE,haute,False,208600,1399.61,149.041706,48.73,True,2026-07-13
SUP_000637,PE_CAY_01,BA000332,PE_CAY_01,Cayman Growth Fund I,PE,Cayman Islands,ELEVE,très faible,True,186300,1534.83,121.381311,47.07,False,2026-07-19
SUP_000638,PE_LUX_01,BA000332,PE_LUX_01,Luxembourg PE SICAR,PE,Luxembourg,FAIBLE,très faible,False,209600,1518.3,138.04941,52.93,False,2026-08-05
SUP_000639,FAS_ROT,BA000333,FAS_ROT,Rothschild & Co Gestion FAS,FAS,Luxembourg,FAIBLE,moyenne,False,69700,491.33,141.859565,23.41,True,2026-07-16
SUP_000640,FR0010923383,BA000333,FR0010923383,H2O Multistrategies R,OPCVM,France,FAIBLE,haute,False,100900,1207.31,83.574225,33.91,True,2026-07-09
SUP_000641,FR0010392225,BA000333,FR0010392225,Varenne Capital Partners,OPCVM,France,FAIBLE,haute,False,19400,181.67,106.787517,6.52,True,2026-07-13
SUP_000642,FR0010392225,BA000333,FR0010392225,Varenne Capital Partners,OPCVM,France,FAIBLE,haute,False,107600,1188.6,90.52665,36.16,True,2026-07-20
SUP_000643,FID_BNP,BA000334,FID_BNP,BNP Paribas Wealth FID,FID,Luxembourg,FAIBLE,faible,False,323100,2945.28,109.700796,100.0,True,2026-07-07
SUP_000644,FAS_IND,BA000335,FAS_IND,Indosuez Wealth Management FAS,FAS,Luxembourg,FAIBLE,moyenne,False,62300,456.1,136.593268,14.65,True,2026-07-30
SUP_000645,FR001400OJI4,BA000335,FR001400OJI4,DNCA Flexibonds C,OPCVM,France,FAIBLE,haute,False,46900,345.12,135.894732,11.02,True,2026-07-10
SUP_000646,FR0010923383,BA000335,FR0010923383,H2O Multistrategies R,OPCVM,France,FAIBLE,haute,False,316300,2405.79,131.474632,74.33,True,2026-07-22
SUP_000647,XS2428662824,BA000336,XS2428662824,BNP Paribas Certificat,OPCVM,Luxembourg,FAIBLE,moyenne,False,191400,1551.92,123.331435,55.54,False,2026-07-07
SUP_000648,FR0010923383,BA000336,FR0010923383,H2O Multistrategies R,OPCVM,France,FAIBLE,haute,False,153200,1115.41,137.348535,44.46,False,2026-07-09
SUP_000649,FAS_ROT,BA000337,FAS_ROT,Rothschild & Co Gestion FAS,FAS,Luxembourg,FAIBLE,moyenne,False,805300,9420.75,85.481474,68.09,True,2026-07-09
SUP_000650,XS2428662824,BA000337,XS2428662824,BNP Paribas Certificat,OPCVM,Luxembourg,FAIBLE,moyenne,False,377400,3602.84,104.750826,31.91,True,2026-07-11
SUP_000651,FID_BNP,BA000338,FID_BNP,BNP Paribas Wealth FID,FID,Luxembourg,FAIBLE,faible,False,1532600,10966.19,139.756814,78.43,True,2026-07-20
SUP_000652,FR0010392225,BA000338,FR0010392225,Varenne Capital Partners,OPCVM,France,FAIBLE,haute,False,421400,2936.61,143.498708,21.57,True,2026-08-01
SUP_000653,FID_BNP,BA000339,FID_BNP,BNP Paribas Wealth FID,FID,Luxembourg,FAIBLE,faible,False,758200,8511.49,89.079591,37.54,True,2026-07-13
SUP_000654,XS2428662824,BA000339,XS2428662824,BNP Paribas Certificat,OPCVM,Luxembourg,FAIBLE,moyenne,False,1084900,13287.81,81.646253,53.71,True,2026-07-31
SUP_000655,XS2428662824,BA000339,XS2428662824,BNP Paribas Certificat,OPCVM,Luxembourg,FAIBLE,moyenne,False,176800,1675.54,105.51814,8.75,True,2026-07-10
SUP_000656,FID_UBS,BA000340,FID_UBS,UBS Luxembourg FID Patrimoine,FID,Luxembourg,FAIBLE,faible,False,68300,849.62,80.389209,21.47,True,2026-08-01
SUP_000657,XS2428662824,BA000340,XS2428662824,BNP Paribas Certificat,OPCVM,Luxembourg,FAIBLE,moyenne,False,249900,1911.31,130.748253,78.53,True,2026-07-16
SUP_000658,XS2428662824,BA000341,XS2428662824,BNP Paribas Certificat,OPCVM,Luxembourg,FAIBLE,moyenne,False,194800,1909.1,102.03744,17.2,False,2026-07-09
SUP_000659,FR001400OJI4,BA000341,FR001400OJI4,DNCA Flexibonds C,OPCVM,France,FAIBLE,haute,False,938100,9783.15,95.889347,82.8,False,2026-08-04
SUP_000660,FID_UBS,BA000342,FID_UBS,UBS Luxembourg FID Patrimoine,FID,Luxembourg,FAIBLE,faible,False,549700,5690.97,96.591637,72.44,True,2026-07-29
SUP_000661,LU0104884860,BA000342,LU0104884860,Pictet-Water P EUR,OPCVM,Luxembourg,FAIBLE,haute,False,209100,1533.77,136.331067,27.56,True,2026-07-25
SUP_000662,FR001400OJI4,BA000343,FR001400OJI4,DNCA Flexibonds C,OPCVM,France,FAIBLE,haute,False,361800,2479.28,145.929431,100.0,False,2026-08-02
SUP_000663,FR0010923383,BA000344,FR0010923383,H2O Multistrategies R,OPCVM,France,FAIBLE,haute,False,802900,8441.46,95.113853,37.77,False,2026-07-23
SUP_000664,LU0104884860,BA000344,LU0104884860,Pictet-Water P EUR,OPCVM,Luxembourg,FAIBLE,haute,False,1223000,9331.76,131.057801,57.53,False,2026-07-16
SUP_000665,LU0255977539,BA000344,LU0255977539,Pictet-Biotech R EUR,OPCVM,Luxembourg,FAIBLE,haute,False,100000,943.12,106.031143,4.7,False,2026-07-09
SUP_000666,FID_UBS,BA000345,FID_UBS,UBS Luxembourg FID Patrimoine,FID,Luxembourg,FAIBLE,faible,False,342000,2791.81,122.50138,22.36,True,2026-07-09
SUP_000667,XS2428662824,BA000345,XS2428662824,BNP Paribas Certificat,OPCVM,Luxembourg,FAIBLE,moyenne,False,1187500,12199.85,97.337226,77.64,True,2026-08-04
SUP_000668,FID_UBS,BA000346,FID_UBS,UBS Luxembourg FID Patrimoine,FID,Luxembourg,FAIBLE,faible,False,170900,1463.93,116.740316,36.34,True,2026-08-02
SUP_000669,XS2428662824,BA000346,XS2428662824,BNP Paribas Certificat,OPCVM,Luxembourg,FAIBLE,moyenne,False,299500,2325.96,128.763921,63.66,True,2026-08-04
SUP_000670,FAS_IND,BA000347,FAS_IND,Indosuez Wealth Management FAS,FAS,Luxembourg,FAIBLE,moyenne,False,1172600,10355.89,113.2303,100.0,True,2026-08-03
SUP_000671,FID_UBS,BA000348,FID_UBS,UBS Luxembourg FID Patrimoine,FID,Luxembourg,FAIBLE,faible,False,663400,7703.63,86.115279,31.19,True,2026-07-29
SUP_000672,FR0010392225,BA000348,FR0010392225,Varenne Capital Partners,OPCVM,France,FAIBLE,haute,False,1463100,18267.84,80.091557,68.81,True,2026-07-15
SUP_000673,FID_UBS,BA000349,FID_UBS,UBS Luxembourg FID Patrimoine,FID,Luxembourg,FAIBLE,faible,False,349100,2517.12,138.690172,88.86,True,2026-07-29
SUP_000674,XS2428662824,BA000349,XS2428662824,BNP Paribas Certificat,OPCVM,Luxembourg,FAIBLE,moyenne,False,22800,223.54,101.995825,5.79,True,2026-07-13
SUP_000675,FR0010392225,BA000349,FR0010392225,Varenne Capital Partners,OPCVM,France,FAIBLE,haute,False,21000,252.37,83.212269,5.34,True,2026-08-04
SUP_000676,FID_UBS,BA000350,FID_UBS,UBS Luxembourg FID Patrimoine,FID,Luxembourg,FAIBLE,faible,False,926000,7971.98,116.15677,84.82,True,2026-07-30
SUP_000677,FR0010392225,BA000350,FR0010392225,Varenne Capital Partners,OPCVM,France,FAIBLE,haute,False,165700,1176.39,140.854451,15.18,True,2026-07-17
SUP_000678,FID_BNP,BA000351,FID_BNP,BNP Paribas Wealth FID,FID,Luxembourg,FAIBLE,faible,False,372800,3959.79,94.146369,67.29,True,2026-07-07
SUP_000679,LU0255977539,BA000351,LU0255977539,Pictet-Biotech R EUR,OPCVM,Luxembourg,FAIBLE,haute,False,181200,1804.88,100.394595,32.71,True,2026-07-17
SUP_000680,FR0010392225,BA000352,FR0010392225,Varenne Capital Partners,OPCVM,France,FAIBLE,haute,False,379900,3457.0,109.892883,100.0,False,2026-07-09
SUP_000681,FAS_ROT,BA000353,FAS_ROT,Rothschild & Co Gestion FAS,FAS,Luxembourg,FAIBLE,moyenne,False,91900,654.26,140.46383,34.83,True,2026-07-21
SUP_000682,FR0010923383,BA000353,FR0010923383,H2O Multistrategies R,OPCVM,France,FAIBLE,haute,False,172000,1301.16,132.189689,65.17,True,2026-07-19
SUP_000683,FAS_IND,BA000354,FAS_IND,Indosuez Wealth Management FAS,FAS,Luxembourg,FAIBLE,moyenne,False,580400,3958.67,146.615035,100.0,True,2026-07-28
SUP_000684,FID_UBS,BA000355,FID_UBS,UBS Luxembourg FID Patrimoine,FID,Luxembourg,FAIBLE,faible,False,134900,1191.51,113.217593,50.22,True,2026-07-20
SUP_000685,FR001400OJI4,BA000355,FR001400OJI4,DNCA Flexibonds C,OPCVM,France,FAIBLE,haute,False,15100,171.98,87.802155,5.61,True,2026-07-09
SUP_000686,FR001400OJI4,BA000355,FR001400OJI4,DNCA Flexibonds C,OPCVM,France,FAIBLE,haute,False,118700,975.95,121.62447,44.18,True,2026-07-20
SUP_000687,XS2428662824,BA000356,XS2428662824,BNP Paribas Certificat,OPCVM,Luxembourg,FAIBLE,moyenne,False,195800,1428.15,137.100154,43.29,False,2026-07-30
SUP_000688,PE_CAY_01,BA000356,PE_CAY_01,Cayman Growth Fund I,PE,Cayman Islands,ELEVE,très faible,True,210700,2516.24,83.736062,46.59,False,2026-07-17
SUP_000689,FR0010392225,BA000356,FR0010392225,Varenne Capital Partners,OPCVM,France,FAIBLE,haute,False,45800,531.23,86.215156,10.12,False,2026-07-29
SUP_000690,FR0010923383,BA000357,FR0010923383,H2O Multistrategies R,OPCVM,France,FAIBLE,haute,False,343500,4131.36,83.144444,100.0,False,2026-07-27
SUP_000691,FID_UBS,BA000358,FID_UBS,UBS Luxembourg FID Patrimoine,FID,Luxembourg,FAIBLE,faible,False,831800,9447.02,88.048928,50.81,True,2026-07-12
SUP_000692,FR001400OJI4,BA000358,FR001400OJI4,DNCA Flexibonds C,OPCVM,France,FAIBLE,haute,False,438400,4343.52,100.932079,26.78,True,2026-07-31
SUP_000693,FR0010392225,BA000358,FR0010392225,Varenne Capital Partners,OPCVM,France,FAIBLE,haute,False,366900,3156.34,116.242381,22.41,True,2026-07-14
SUP_000694,FID_BNP,BA000359,FID_BNP,BNP Paribas Wealth FID,FID,Luxembourg,FAIBLE,faible,False,212300,1707.01,124.36933,47.41,True,2026-08-04
SUP_000695,FR001400OJI4,BA000359,FR001400OJI4,DNCA Flexibonds C,OPCVM,France,FAIBLE,haute,False,235400,2500.19,94.152921,52.59,True,2026-07-08
SUP_000696,FID_UBS,BA000360,FID_UBS,UBS Luxembourg FID Patrimoine,FID,Luxembourg,FAIBLE,faible,False,835000,6032.5,138.416875,100.0,True,2026-07-11
SUP_000697,FID_UBS,BA000361,FID_UBS,UBS Luxembourg FID Patrimoine,FID,Luxembourg,FAIBLE,faible,False,590700,4152.22,142.261253,86.63,True,2026-08-02
SUP_000698,LU0255977539,BA000361,LU0255977539,Pictet-Biotech R EUR,OPCVM,Luxembourg,FAIBLE,haute,False,91200,819.38,111.303105,13.37,True,2026-07-24
SUP_000699,FID_UBS,BA000362,FID_UBS,UBS Luxembourg FID Patrimoine,FID,Luxembourg,FAIBLE,faible,False,114700,980.62,116.967344,56.54,True,2026-07-15
SUP_000700,FR0010923383,BA000362,FR0010923383,H2O Multistrategies R,OPCVM,France,FAIBLE,haute,False,88200,931.11,94.726144,43.46,True,2026-07-31
SUP_000701,FAS_ROT,BA000363,FAS_ROT,Rothschild & Co Gestion FAS,FAS,Luxembourg,FAIBLE,moyenne,False,192700,1340.15,143.789934,100.0,True,2026-08-03
SUP_000702,FAS_IND,BA000364,FAS_IND,Indosuez Wealth Management FAS,FAS,Luxembourg,FAIBLE,moyenne,False,164700,1774.03,92.839644,54.88,True,2026-07-09
SUP_000703,XS2428662824,BA000364,XS2428662824,BNP Paribas Certificat,OPCVM,Luxembourg,FAIBLE,moyenne,False,135400,1646.82,82.219303,45.12,True,2026-07-12
SUP_000704,FID_UBS,BA000365,FID_UBS,UBS Luxembourg FID Patrimoine,FID,Luxembourg,FAIBLE,faible,False,431900,3824.63,112.925983,36.09,True,2026-07-20
SUP_000705,FR0010923383,BA000365,FR0010923383,H2O Multistrategies R,OPCVM,France,FAIBLE,haute,False,395300,3584.19,110.289921,33.03,True,2026-07-30
SUP_000706,FR001400OJI4,BA000365,FR001400OJI4,DNCA Flexibonds C,OPCVM,France,FAIBLE,haute,False,369500,3271.9,112.931169,30.88,True,2026-07-08
SUP_000707,FID_BNP,BA000366,FID_BNP,BNP Paribas Wealth FID,FID,Luxembourg,FAIBLE,faible,False,321900,2729.76,117.922606,89.18,True,2026-07-16
SUP_000708,XS2428662824,BA000366,XS2428662824,BNP Paribas Certificat,OPCVM,Luxembourg,FAIBLE,moyenne,False,39000,267.19,145.963302,10.82,True,2026-07-26
SUP_000709,FID_BNP,BA000367,FID_BNP,BNP Paribas Wealth FID,FID,Luxembourg,FAIBLE,faible,False,20500,141.8,144.570837,8.27,True,2026-08-05
SUP_000710,LU0255977539,BA000367,LU0255977539,Pictet-Biotech R EUR,OPCVM,Luxembourg,FAIBLE,haute,False,92200,656.75,140.388676,37.11,True,2026-07-17
SUP_000711,XS2428662824,BA000367,XS2428662824,BNP Paribas Certificat,OPCVM,Luxembourg,FAIBLE,moyenne,False,38700,322.77,119.898974,15.56,True,2026-07-28
SUP_000712,FR0010923383,BA000367,FR0010923383,H2O Multistrategies R,OPCVM,France,FAIBLE,haute,False,97000,1090.91,88.916319,39.06,True,2026-07-25
SUP_000713,FID_UBS,BA000368,FID_UBS,UBS Luxembourg FID Patrimoine,FID,Luxembourg,FAIBLE,faible,False,42400,338.87,125.122548,9.18,True,2026-07-24
SUP_000714,FR001400OJI4,BA000368,FR001400OJI4,DNCA Flexibonds C,OPCVM,France,FAIBLE,haute,False,419500,3601.96,116.46421,90.82,True,2026-07-24
SUP_000715,FID_BNP,BA000369,FID_BNP,BNP Paribas Wealth FID,FID,Luxembourg,FAIBLE,faible,False,344900,2673.81,128.99179,100.0,True,2026-07-08
SUP_000716,FAS_ROT,BA000370,FAS_ROT,Rothschild & Co Gestion FAS,FAS,Luxembourg,FAIBLE,moyenne,False,8700,59.81,145.462186,1.93,True,2026-07-28
SUP_000717,LU0255977539,BA000370,LU0255977539,Pictet-Biotech R EUR,OPCVM,Luxembourg,FAIBLE,haute,False,317800,2857.59,111.212598,70.85,True,2026-07-22
SUP_000718,FR0010923383,BA000370,FR0010923383,H2O Multistrategies R,OPCVM,France,FAIBLE,haute,False,20100,194.37,103.412628,4.48,True,2026-07-08
SUP_000719,FR0010923383,BA000370,FR0010923383,H2O Multistrategies R,OPCVM,France,FAIBLE,haute,False,102000,793.53,128.539651,22.73,True,2026-07-16
SUP_000720,FID_UBS,BA000371,FID_UBS,UBS Luxembourg FID Patrimoine,FID,Luxembourg,FAIBLE,faible,False,72700,546.23,133.094625,16.26,True,2026-07-07
SUP_000721,FR001400OJI4,BA000371,FR001400OJI4,DNCA Flexibonds C,OPCVM,France,FAIBLE,haute,False,58600,472.74,123.957795,13.1,True,2026-07-07
SUP_000722,LU0104884860,BA000371,LU0104884860,Pictet-Water P EUR,OPCVM,Luxembourg,FAIBLE,haute,False,316000,2380.08,132.768487,70.64,True,2026-07-30
SUP_000723,FID_UBS,BA000372,FID_UBS,UBS Luxembourg FID Patrimoine,FID,Luxembourg,FAIBLE,faible,False,1200,12.16,98.712969,0.5,True,2026-07-27
SUP_000724,LU0104884860,BA000372,LU0104884860,Pictet-Water P EUR,OPCVM,Luxembourg,FAIBLE,haute,False,59300,516.92,114.717058,24.66,True,2026-07-23
SUP_000725,FR0010923383,BA000372,FR0010923383,H2O Multistrategies R,OPCVM,France,FAIBLE,haute,False,180100,1220.25,147.593255,74.84,True,2026-07-21
SUP_000726,FAS_IND,BA000373,FAS_IND,Indosuez Wealth Management FAS,FAS,Luxembourg,FAIBLE,moyenne,False,55700,444.94,125.184114,22.92,True,2026-07-29
SUP_000727,XS2428662824,BA000373,XS2428662824,BNP Paribas Certificat,OPCVM,Luxembourg,FAIBLE,moyenne,False,187500,1690.78,110.895722,77.08,True,2026-07-23
SUP_000728,FR001400OJI4,BA000374,FR001400OJI4,DNCA Flexibonds C,OPCVM,France,FAIBLE,haute,False,15800,195.68,80.744103,9.0,False,2026-07-19
SUP_000729,LU0255977539,BA000374,LU0255977539,Pictet-Biotech R EUR,OPCVM,Luxembourg,FAIBLE,haute,False,159900,1634.95,97.801365,91.0,False,2026-07-18
SUP_000730,FID_UBS,BA000375,FID_UBS,UBS Luxembourg FID Patrimoine,FID,Luxembourg,FAIBLE,faible,False,111900,771.31,145.078761,5.39,True,2026-07-14
SUP_000731,LU0255977539,BA000375,LU0255977539,Pictet-Biotech R EUR,OPCVM,Luxembourg,FAIBLE,haute,False,487500,4733.04,102.999427,23.47,True,2026-07-12
SUP_000732,FR0010923383,BA000375,FR0010923383,H2O Multistrategies R,OPCVM,France,FAIBLE,haute,False,1478000,14790.0,99.932379,71.15,True,2026-07-29
SUP_000733,FAS_IND,BA000376,FAS_IND,Indosuez Wealth Management FAS,FAS,Luxembourg,FAIBLE,moyenne,False,49400,400.28,123.413375,21.82,True,2026-07-08
SUP_000734,FR0010392225,BA000376,FR0010392225,Varenne Capital Partners,OPCVM,France,FAIBLE,haute,False,177000,1558.86,113.54462,78.18,True,2026-07-31
SUP_000735,FID_BNP,BA000377,FID_BNP,BNP Paribas Wealth FID,FID,Luxembourg,FAIBLE,faible,False,53300,604.05,88.237886,20.95,True,2026-08-04
SUP_000736,LU0255977539,BA000377,LU0255977539,Pictet-Biotech R EUR,OPCVM,Luxembourg,FAIBLE,haute,False,201200,1802.58,111.618037,79.05,True,2026-07-18
SUP_000737,FID_BNP,BA000378,FID_BNP,BNP Paribas Wealth FID,FID,Luxembourg,FAIBLE,faible,False,32900,241.47,136.251204,12.14,True,2026-07-11
SUP_000738,XS2428662824,BA000378,XS2428662824,BNP Paribas Certificat,OPCVM,Luxembourg,FAIBLE,moyenne,False,188900,1928.67,97.943018,69.61,True,2026-07-16
SUP_000739,FR0010923383,BA000378,FR0010923383,H2O Multistrategies R,OPCVM,France,FAIBLE,haute,False,49500,375.7,131.755,18.26,True,2026-07-21
SUP_000740,FR0010923383,BA000379,FR0010923383,H2O Multistrategies R,OPCVM,France,FAIBLE,haute,False,247600,2128.1,116.348019,100.0,False,2026-07-24
SUP_000741,FID_BNP,BA000380,FID_BNP,BNP Paribas Wealth FID,FID,Luxembourg,FAIBLE,faible,False,144200,985.16,146.371573,42.49,True,2026-08-05
SUP_000742,FR0010392225,BA000380,FR0010392225,Varenne Capital Partners,OPCVM,France,FAIBLE,haute,False,195300,1305.75,149.569306,57.51,True,2026-08-05
SUP_000743,FID_BNP,BA000381,FID_BNP,BNP Paribas Wealth FID,FID,Luxembourg,FAIBLE,faible,False,24900,174.04,143.070005,10.44,True,2026-07-18
SUP_000744,XS2428662824,BA000381,XS2428662824,BNP Paribas Certificat,OPCVM,Luxembourg,FAIBLE,moyenne,False,28200,188.31,149.756086,11.82,True,2026-07-14
SUP_000745,FR001400OJI4,BA000381,FR001400OJI4,DNCA Flexibonds C,OPCVM,France,FAIBLE,haute,False,185500,1531.37,121.133656,77.74,True,2026-08-04
SUP_000746,FAS_ROT,BA000382,FAS_ROT,Rothschild & Co Gestion FAS,FAS,Luxembourg,FAIBLE,moyenne,False,421600,2848.26,148.020243,100.0,True,2026-08-04
SUP_000747,XS2428662824,BA000383,XS2428662824,BNP Paribas Certificat,OPCVM,Luxembourg,FAIBLE,moyenne,False,425500,4013.32,106.02198,100.0,False,2026-07-12
SUP_000748,FID_BNP,BA000384,FID_BNP,BNP Paribas Wealth FID,FID,Luxembourg,FAIBLE,faible,False,356300,3427.3,103.959457,100.0,True,2026-07-23
SUP_000749,FID_BNP,BA000385,FID_BNP,BNP Paribas Wealth FID,FID,Luxembourg,FAIBLE,faible,False,269000,3032.9,88.693854,60.52,True,2026-07-22
SUP_000750,LU0104884860,BA000385,LU0104884860,Pictet-Water P EUR,OPCVM,Luxembourg,FAIBLE,haute,False,175500,1666.47,105.312213,39.48,True,2026-07-30
SUP_000751,FAS_ROT,BA000386,FAS_ROT,Rothschild & Co Gestion FAS,FAS,Luxembourg,FAIBLE,moyenne,False,302300,3657.88,82.643491,100.0,True,2026-07-24
SUP_000752,FAS_ROT,BA000387,FAS_ROT,Rothschild & Co Gestion FAS,FAS,Luxembourg,FAIBLE,moyenne,False,891300,7068.89,126.087753,100.0,True,2026-07-15
SUP_000753,FID_UBS,BA000388,FID_UBS,UBS Luxembourg FID Patrimoine,FID,Luxembourg,FAIBLE,faible,False,244900,1664.2,147.157632,90.19,True,2026-07-08
SUP_000754,LU0104884860,BA000388,LU0104884860,Pictet-Water P EUR,OPCVM,Luxembourg,FAIBLE,haute,False,26600,193.35,137.576465,9.81,True,2026-07-30
SUP_000755,FID_UBS,BA000389,FID_UBS,UBS Luxembourg FID Patrimoine,FID,Luxembourg,FAIBLE,faible,False,416000,2982.55,139.478032,100.0,True,2026-08-01
SUP_000756,FID_UBS,BA000390,FID_UBS,UBS Luxembourg FID Patrimoine,FID,Luxembourg,FAIBLE,faible,False,642700,8011.2,80.225193,100.0,True,2026-07-29
SUP_000757,FR0010923383,BA000391,FR0010923383,H2O Multistrategies R,OPCVM,France,FAIBLE,haute,False,419500,3356.36,124.986695,100.0,False,2026-07-07
SUP_000758,FID_UBS,BA000392,FID_UBS,UBS Luxembourg FID Patrimoine,FID,Luxembourg,FAIBLE,faible,False,334400,2452.39,136.356597,100.0,True,2026-08-02
SUP_000759,FAS_IND,BA000393,FAS_IND,Indosuez Wealth Management FAS,FAS,Luxembourg,FAIBLE,moyenne,False,152600,1613.22,94.593626,52.36,True,2026-07-15
SUP_000760,XS2428662824,BA000393,XS2428662824,BNP Paribas Certificat,OPCVM,Luxembourg,FAIBLE,moyenne,False,89000,973.37,91.434668,30.52,True,2026-07-08
SUP_000761,FR0010923383,BA000393,FR0010923383,H2O Multistrategies R,OPCVM,France,FAIBLE,haute,False,49900,565.61,88.22325,17.12,True,2026-07-16
SUP_000762,FID_BNP,BA000394,FID_BNP,BNP Paribas Wealth FID,FID,Luxembourg,FAIBLE,faible,False,333200,3850.28,86.53926,22.37,True,2026-07-18
SUP_000763,FR0010392225,BA000394,FR0010392225,Varenne Capital Partners,OPCVM,France,FAIBLE,haute,False,660900,4455.08,148.347454,44.38,True,2026-07-08
SUP_000764,LU0255977539,BA000394,LU0255977539,Pictet-Biotech R EUR,OPCVM,Luxembourg,FAIBLE,haute,False,495000,4813.07,102.845056,33.24,True,2026-07-31
SUP_000765,FID_UBS,BA000395,FID_UBS,UBS Luxembourg FID Patrimoine,FID,Luxembourg,FAIBLE,faible,False,257900,3016.83,85.487026,100.0,True,2026-07-18
SUP_000766,FID_UBS,BA000396,FID_UBS,UBS Luxembourg FID Patrimoine,FID,Luxembourg,FAIBLE,faible,False,153400,1055.53,145.329624,23.72,True,2026-07-20
SUP_000767,LU0104884860,BA000396,LU0104884860,Pictet-Water P EUR,OPCVM,Luxembourg,FAIBLE,haute,False,350500,3945.2,88.842062,54.22,True,2026-07-11
SUP_000768,XS2428662824,BA000396,XS2428662824,BNP Paribas Certificat,OPCVM,Luxembourg,FAIBLE,moyenne,False,131200,913.65,143.599594,20.3,True,2026-08-05
SUP_000769,FR0010923383,BA000396,FR0010923383,H2O Multistrategies R,OPCVM,France,FAIBLE,haute,False,11400,112.8,101.066951,1.76,True,2026-07-08
SUP_000770,FAS_IND,BA000397,FAS_IND,Indosuez Wealth Management FAS,FAS,Luxembourg,FAIBLE,moyenne,False,112300,1162.21,96.625969,74.65,True,2026-07-22
SUP_000771,LU0104884860,BA000397,LU0104884860,Pictet-Water P EUR,OPCVM,Luxembourg,FAIBLE,haute,False,16400,111.01,147.739251,10.88,True,2026-07-30
SUP_000772,FR001400OJI4,BA000397,FR001400OJI4,DNCA Flexibonds C,OPCVM,France,FAIBLE,haute,False,21800,151.74,143.66804,14.48,True,2026-07-08
SUP_000773,FID_BNP,BA000398,FID_BNP,BNP Paribas Wealth FID,FID,Luxembourg,FAIBLE,faible,False,923400,7124.06,129.617159,100.0,True,2026-07-20
SUP_000774,FID_BNP,BA000399,FID_BNP,BNP Paribas Wealth FID,FID,Luxembourg,FAIBLE,faible,False,992600,8938.92,111.042551,100.0,True,2026-07-28
SUP_000775,FR001400OJI4,BA000400,FR001400OJI4,DNCA Flexibonds C,OPCVM,France,FAIBLE,haute,False,412300,3530.56,116.780466,59.51,False,2026-07-24
SUP_000776,PE_LUX_01,BA000400,PE_LUX_01,Luxembourg PE SICAR,PE,Luxembourg,FAIBLE,très faible,False,213700,1614.14,132.392841,30.84,False,2026-07-12
SUP_000777,FR001400OJI4,BA000400,FR001400OJI4,DNCA Flexibonds C,OPCVM,France,FAIBLE,haute,False,66900,676.01,98.962667,9.65,False,2026-08-02
SUP_000778,FID_BNP,BA000401,FID_BNP,BNP Paribas Wealth FID,FID,Luxembourg,FAIBLE,faible,False,204100,2113.51,96.569152,49.83,True,2026-07-14
SUP_000779,FR0010392225,BA000401,FR0010392225,Varenne Capital Partners,OPCVM,France,FAIBLE,haute,False,205500,1488.15,138.090705,50.17,True,2026-07-15
SUP_000780,FID_UBS,BA000402,FID_UBS,UBS Luxembourg FID Patrimoine,FID,Luxembourg,FAIBLE,faible,False,1284400,14117.86,90.976983,100.0,True,2026-07-10
SUP_000781,FID_BNP,BA000403,FID_BNP,BNP Paribas Wealth FID,FID,Luxembourg,FAIBLE,faible,False,481000,3602.23,133.528213,100.0,True,2026-07-09
SUP_000782,FR0010923383,BA000404,FR0010923383,H2O Multistrategies R,OPCVM,France,FAIBLE,haute,False,27300,260.37,104.852507,9.56,False,2026-07-21
SUP_000783,FR0010392225,BA000404,FR0010392225,Varenne Capital Partners,OPCVM,France,FAIBLE,haute,False,191000,1299.6,146.968244,66.89,False,2026-07-29
SUP_000784,LU0255977539,BA000404,LU0255977539,Pictet-Biotech R EUR,OPCVM,Luxembourg,FAIBLE,haute,False,67300,583.64,115.311029,23.55,False,2026-07-22
SUP_000785,FID_UBS,BA000405,FID_UBS,UBS Luxembourg FID Patrimoine,FID,Luxembourg,FAIBLE,faible,False,2285700,18248.16,125.25649,100.0,True,2026-07-08
SUP_000786,FAS_IND,BA000406,FAS_IND,Indosuez Wealth Management FAS,FAS,Luxembourg,FAIBLE,moyenne,False,79500,629.47,126.296837,9.76,True,2026-07-28
SUP_000787,FR001400OJI4,BA000406,FR001400OJI4,DNCA Flexibonds C,OPCVM,France,FAIBLE,haute,False,735200,8593.94,85.548606,90.24,True,2026-07-23
SUP_000788,FID_BNP,BA000407,FID_BNP,BNP Paribas Wealth FID,FID,Luxembourg,FAIBLE,faible,False,911700,6262.53,145.580217,62.13,True,2026-07-20
SUP_000789,LU0255977539,BA000407,LU0255977539,Pictet-Biotech R EUR,OPCVM,Luxembourg,FAIBLE,haute,False,294000,3315.46,88.675345,20.03,True,2026-07-29
SUP_000790,LU0104884860,BA000407,LU0104884860,Pictet-Water P EUR,OPCVM,Luxembourg,FAIBLE,haute,False,261700,2387.22,109.625534,17.84,True,2026-08-04
SUP_000791,FAS_IND,BA000408,FAS_IND,Indosuez Wealth Management FAS,FAS,Luxembourg,FAIBLE,moyenne,False,102500,736.63,139.147623,9.44,True,2026-07-30
SUP_000792,FR0010392225,BA000408,FR0010392225,Varenne Capital Partners,OPCVM,France,FAIBLE,haute,False,983900,10006.5,98.326125,90.56,True,2026-07-21
SUP_000793,FR0010923383,BA000409,FR0010923383,H2O Multistrategies R,OPCVM,France,FAIBLE,haute,False,1051200,10136.85,103.700892,78.29,False,2026-07-31
SUP_000794,XS2428662824,BA000409,XS2428662824,BNP Paribas Certificat,OPCVM,Luxembourg,FAIBLE,moyenne,False,291400,2115.9,137.719002,21.71,False,2026-07-12
SUP_000795,FR001400OJI4,BA000410,FR001400OJI4,DNCA Flexibonds C,OPCVM,France,FAIBLE,haute,False,120600,849.69,141.934264,29.53,False,2026-08-05
SUP_000796,FR0010392225,BA000410,FR0010392225,Varenne Capital Partners,OPCVM,France,FAIBLE,haute,False,269300,1935.02,139.171472,65.96,False,2026-08-05
SUP_000797,XS2428662824,BA000410,XS2428662824,BNP Paribas Certificat,OPCVM,Luxembourg,FAIBLE,moyenne,False,18400,139.82,131.596595,4.5,False,2026-07-22
SUP_000798,FID_UBS,BA000411,FID_UBS,UBS Luxembourg FID Patrimoine,FID,Luxembourg,FAIBLE,faible,False,254300,2538.75,100.167479,68.64,True,2026-07-09
SUP_000799,FR0010392225,BA000411,FR0010392225,Varenne Capital Partners,OPCVM,France,FAIBLE,haute,False,116200,895.02,129.829177,31.36,True,2026-07-16
SUP_000800,FAS_ROT,BA000412,FAS_ROT,Rothschild & Co Gestion FAS,FAS,Luxembourg,FAIBLE,moyenne,False,210900,2575.93,81.873353,100.0,True,2026-07-16
SUP_000801,FID_BNP,BA000413,FID_BNP,BNP Paribas Wealth FID,FID,Luxembourg,FAIBLE,faible,False,55400,453.75,122.093407,21.7,True,2026-08-02
SUP_000802,FR0010392225,BA000413,FR0010392225,Varenne Capital Partners,OPCVM,France,FAIBLE,haute,False,64800,476.49,135.994635,25.35,True,2026-07-27
SUP_000803,FR0010392225,BA000413,FR0010392225,Varenne Capital Partners,OPCVM,France,FAIBLE,haute,False,102900,707.75,145.390893,40.26,True,2026-08-02
SUP_000804,FR0010392225,BA000413,FR0010392225,Varenne Capital Partners,OPCVM,France,FAIBLE,haute,False,32400,306.3,105.778711,12.69,True,2026-07-30
SUP_000805,FID_BNP,BA000414,FID_BNP,BNP Paribas Wealth FID,FID,Luxembourg,FAIBLE,faible,False,314000,2241.0,140.116202,100.0,True,2026-07-10
SUP_000806,FID_BNP,BA000415,FID_BNP,BNP Paribas Wealth FID,FID,Luxembourg,FAIBLE,faible,False,1107700,12215.75,90.678038,81.58,True,2026-07-08
SUP_000807,XS2428662824,BA000415,XS2428662824,BNP Paribas Certificat,OPCVM,Luxembourg,FAIBLE,moyenne,False,250100,2259.16,110.70475,18.42,True,2026-07-12
SUP_000808,FID_BNP,BA000416,FID_BNP,BNP Paribas Wealth FID,FID,Luxembourg,FAIBLE,faible,False,312300,2254.13,138.5455,100.0,True,2026-07-28
SUP_000809,FAS_ROT,BA000417,FAS_ROT,Rothschild & Co Gestion FAS,FAS,Luxembourg,FAIBLE,moyenne,False,246100,2320.66,106.047272,80.54,True,2026-08-04
SUP_000810,FR0010392225,BA000417,FR0010392225,Varenne Capital Partners,OPCVM,France,FAIBLE,haute,False,59500,421.47,141.171585,19.46,True,2026-07-13
SUP_000811,PE_LUX_01,BA000418,PE_LUX_01,Luxembourg PE SICAR,PE,Luxembourg,FAIBLE,très faible,False,282100,3197.58,88.223037,100.0,False,2026-07-21
SUP_000812,FR0010923383,BA000419,FR0010923383,H2O Multistrategies R,OPCVM,France,FAIBLE,haute,False,2205800,15800.09,139.606812,100.0,False,2026-07-10
SUP_000813,FAS_IND,BA000420,FAS_IND,Indosuez Wealth Management FAS,FAS,Luxembourg,FAIBLE,moyenne,False,59500,522.95,113.776925,7.32,True,2026-08-01
SUP_000814,LU0255977539,BA000420,LU0255977539,Pictet-Biotech R EUR,OPCVM,Luxembourg,FAIBLE,haute,False,752900,6668.99,112.895602,92.68,True,2026-07-24
SUP_000815,FR0010923383,BA000421,FR0010923383,H2O Multistrategies R,OPCVM,France,FAIBLE,haute,False,713700,5500.64,129.748639,100.0,False,2026-07-16
SUP_000816,PE_LUX_01,BA000422,PE_LUX_01,Luxembourg PE SICAR,PE,Luxembourg,FAIBLE,très faible,False,39800,287.89,138.248945,8.44,False,2026-07-12
SUP_000817,FR001400OJI4,BA000422,FR001400OJI4,DNCA Flexibonds C,OPCVM,France,FAIBLE,haute,False,35900,299.56,119.843344,7.62,False,2026-07-22
SUP_000818,FR0010392225,BA000422,FR0010392225,Varenne Capital Partners,OPCVM,France,FAIBLE,haute,False,395500,3005.21,131.604812,83.94,False,2026-07-23
SUP_000819,FID_UBS,BA000423,FID_UBS,UBS Luxembourg FID Patrimoine,FID,Luxembourg,FAIBLE,faible,False,374900,2693.6,139.181631,86.55,True,2026-07-12
SUP_000820,XS2428662824,BA000423,XS2428662824,BNP Paribas Certificat,OPCVM,Luxembourg,FAIBLE,moyenne,False,58200,666.01,87.386595,13.45,True,2026-07-31
SUP_000821,LU0255977539,BA000424,LU0255977539,Pictet-Biotech R EUR,OPCVM,Luxembourg,FAIBLE,haute,False,235200,1740.08,135.166448,37.79,False,2026-07-18
SUP_000822,FR001400OJI4,BA000424,FR001400OJI4,DNCA Flexibonds C,OPCVM,France,FAIBLE,haute,False,387200,3069.86,126.129372,62.21,False,2026-07-27
SUP_000823,LU0255977539,BA000425,LU0255977539,Pictet-Biotech R EUR,OPCVM,Luxembourg,FAIBLE,haute,False,10000,104.75,95.469781,3.91,False,2026-08-04
SUP_000824,FR0010392225,BA000425,FR0010392225,Varenne Capital Partners,OPCVM,France,FAIBLE,haute,False,245900,1718.2,143.114652,96.09,False,2026-07-20
SUP_000825,FAS_IND,BA000426,FAS_IND,Indosuez Wealth Management FAS,FAS,Luxembourg,FAIBLE,moyenne,False,358300,2896.89,123.684569,25.89,True,2026-07-30
SUP_000826,FR0010923383,BA000426,FR0010923383,H2O Multistrategies R,OPCVM,France,FAIBLE,haute,False,154900,1144.13,135.386435,11.19,True,2026-07-28
SUP_000827,FR0010923383,BA000426,FR0010923383,H2O Multistrategies R,OPCVM,France,FAIBLE,haute,False,751700,7072.01,106.292287,54.32,True,2026-07-16
SUP_000828,FR0010392225,BA000426,FR0010392225,Varenne Capital Partners,OPCVM,France,FAIBLE,haute,False,119100,1343.11,88.674744,8.6,True,2026-07-14
SUP_000829,FAS_IND,BA000427,FAS_IND,Indosuez Wealth Management FAS,FAS,Luxembourg,FAIBLE,moyenne,False,883600,9740.61,90.713045,100.0,True,2026-07-14
SUP_000830,FID_BNP,BA000428,FID_BNP,BNP Paribas Wealth FID,FID,Luxembourg,FAIBLE,faible,False,2734200,25982.77,105.231281,100.0,True,2026-07-30
SUP_000831,PE_LUX_01,BA000429,PE_LUX_01,Luxembourg PE SICAR,PE,Luxembourg,FAIBLE,très faible,False,210900,1640.73,128.540154,30.29,False,2026-07-31
SUP_000832,PE_CAY_01,BA000429,PE_CAY_01,Cayman Growth Fund I,PE,Cayman Islands,ELEVE,très faible,True,38000,403.67,94.137078,5.46,False,2026-07-12
SUP_000833,PE_LUX_01,BA000429,PE_LUX_01,Luxembourg PE SICAR,PE,Luxembourg,FAIBLE,très faible,False,447500,5130.39,87.225328,64.26,False,2026-08-02
SUP_000834,FID_BNP,BA000430,FID_BNP,BNP Paribas Wealth FID,FID,Luxembourg,FAIBLE,faible,False,606100,5843.11,103.728938,74.62,True,2026-07-13
SUP_000835,LU0104884860,BA000430,LU0104884860,Pictet-Water P EUR,OPCVM,Luxembourg,FAIBLE,haute,False,192400,1306.83,147.226759,23.68,True,2026-07-22
SUP_000836,LU0104884860,BA000430,LU0104884860,Pictet-Water P EUR,OPCVM,Luxembourg,FAIBLE,haute,False,13800,133.27,103.547299,1.7,True,2026-07-29
SUP_000837,FR0010392225,BA000431,FR0010392225,Varenne Capital Partners,OPCVM,France,FAIBLE,haute,False,702200,6694.3,104.895248,100.0,False,2026-07-22
SUP_000838,FAS_ROT,BA000432,FAS_ROT,Rothschild & Co Gestion FAS,FAS,Luxembourg,FAIBLE,moyenne,False,149900,1019.21,147.075349,17.38,True,2026-07-11
SUP_000839,FR0010392225,BA000432,FR0010392225,Varenne Capital Partners,OPCVM,France,FAIBLE,haute,False,254100,2316.79,109.677387,29.46,True,2026-07-28
SUP_000840,FR0010923383,BA000432,FR0010923383,H2O Multistrategies R,OPCVM,France,FAIBLE,haute,False,441900,3711.04,119.077051,51.24,True,2026-07-19
SUP_000841,LU0255977539,BA000432,LU0255977539,Pictet-Biotech R EUR,OPCVM,Luxembourg,FAIBLE,haute,False,16500,111.57,147.89026,1.92,True,2026-07-23
SUP_000842,FID_UBS,BA000433,FID_UBS,UBS Luxembourg FID Patrimoine,FID,Luxembourg,FAIBLE,faible,False,1383100,9351.2,147.906194,100.0,True,2026-07-12
SUP_000843,FID_BNP,BA000434,FID_BNP,BNP Paribas Wealth FID,FID,Luxembourg,FAIBLE,faible,False,83800,768.57,109.033286,9.6,True,2026-07-31
SUP_000844,FR0010923383,BA000434,FR0010923383,H2O Multistrategies R,OPCVM,France,FAIBLE,haute,False,788700,9414.19,83.777796,90.4,True,2026-07-13
SUP_000845,FID_BNP,BA000435,FID_BNP,BNP Paribas Wealth FID,FID,Luxembourg,FAIBLE,faible,False,248600,1666.27,149.195866,45.88,True,2026-07-22
SUP_000846,LU0104884860,BA000435,LU0104884860,Pictet-Water P EUR,OPCVM,Luxembourg,FAIBLE,haute,False,113100,856.38,132.067266,20.88,True,2026-07-07
SUP_000847,FR0010392225,BA000435,FR0010392225,Varenne Capital Partners,OPCVM,France,FAIBLE,haute,False,180100,2084.1,86.416047,33.24,True,2026-07-14
SUP_000848,FID_BNP,BA000436,FID_BNP,BNP Paribas Wealth FID,FID,Luxembourg,FAIBLE,faible,False,331700,3298.55,100.559218,37.2,True,2026-07-25
SUP_000849,LU0104884860,BA000436,LU0104884860,Pictet-Water P EUR,OPCVM,Luxembourg,FAIBLE,haute,False,560000,6544.96,85.562039,62.8,True,2026-07-21
SUP_000850,FAS_ROT,BA000437,FAS_ROT,Rothschild & Co Gestion FAS,FAS,Luxembourg,FAIBLE,moyenne,False,444600,3483.38,127.634478,100.0,True,2026-07-07
SUP_000851,FAS_IND,BA000438,FAS_IND,Indosuez Wealth Management FAS,FAS,Luxembourg,FAIBLE,moyenne,False,143600,1159.91,123.802306,58.13,True,2026-08-02
SUP_000852,LU0104884860,BA000438,LU0104884860,Pictet-Water P EUR,OPCVM,Luxembourg,FAIBLE,haute,False,103400,857.84,120.53596,41.87,True,2026-07-30
SUP_000853,FID_UBS,BA000439,FID_UBS,UBS Luxembourg FID Patrimoine,FID,Luxembourg,FAIBLE,faible,False,77100,721.5,106.860088,27.9,True,2026-07-18
SUP_000854,FR001400OJI4,BA000439,FR001400OJI4,DNCA Flexibonds C,OPCVM,France,FAIBLE,haute,False,199400,2395.6,83.23581,72.1,True,2026-08-03
SUP_000855,FID_BNP,BA000440,FID_BNP,BNP Paribas Wealth FID,FID,Luxembourg,FAIBLE,faible,False,46400,363.64,127.597932,11.36,True,2026-07-24
SUP_000856,LU0255977539,BA000440,LU0255977539,Pictet-Biotech R EUR,OPCVM,Luxembourg,FAIBLE,haute,False,21700,262.96,82.523277,5.31,True,2026-07-21
SUP_000857,LU0104884860,BA000440,LU0104884860,Pictet-Water P EUR,OPCVM,Luxembourg,FAIBLE,haute,False,141400,1175.37,120.302761,34.65,True,2026-07-15
SUP_000858,XS2428662824,BA000440,XS2428662824,BNP Paribas Certificat,OPCVM,Luxembourg,FAIBLE,moyenne,False,198700,1347.61,147.44624,48.67,True,2026-08-02
SUP_000859,FR001400OJI4,BA000441,FR001400OJI4,DNCA Flexibonds C,OPCVM,France,FAIBLE,haute,False,120100,941.63,127.545174,27.89,False,2026-07-15
SUP_000860,FR0010392225,BA000441,FR0010392225,Varenne Capital Partners,OPCVM,France,FAIBLE,haute,False,310400,2089.3,148.566314,72.11,False,2026-07-14
SUP_000861,FID_UBS,BA000442,FID_UBS,UBS Luxembourg FID Patrimoine,FID,Luxembourg,FAIBLE,faible,False,219800,1648.01,133.37302,100.0,True,2026-07-24
SUP_000862,FID_UBS,BA000443,FID_UBS,UBS Luxembourg FID Patrimoine,FID,Luxembourg,FAIBLE,faible,False,278500,3180.61,87.561881,100.0,True,2026-07-20
SUP_000863,LU0255977539,BA000444,LU0255977539,Pictet-Biotech R EUR,OPCVM,Luxembourg,FAIBLE,haute,False,50900,618.41,82.308482,19.73,False,2026-07-27
SUP_000864,LU0255977539,BA000444,LU0255977539,Pictet-Biotech R EUR,OPCVM,Luxembourg,FAIBLE,haute,False,117600,907.61,129.571373,45.55,False,2026-07-25
SUP_000865,FR0010392225,BA000444,FR0010392225,Varenne Capital Partners,OPCVM,France,FAIBLE,haute,False,89600,699.9,128.018069,34.72,False,2026-07-30
SUP_000866,FID_BNP,BA000445,FID_BNP,BNP Paribas Wealth FID,FID,Luxembourg,FAIBLE,faible,False,179200,1624.07,110.340036,69.07,True,2026-07-28
SUP_000867,FR001400OJI4,BA000445,FR001400OJI4,DNCA Flexibonds C,OPCVM,France,FAIBLE,haute,False,80300,698.36,114.984196,30.93,True,2026-07-28
SUP_000868,FAS_ROT,BA000446,FAS_ROT,Rothschild & Co Gestion FAS,FAS,Luxembourg,FAIBLE,moyenne,False,445900,3522.17,126.598261,100.0,True,2026-07-25
SUP_000869,FID_BNP,BA000447,FID_BNP,BNP Paribas Wealth FID,FID,Luxembourg,FAIBLE,faible,False,434200,3733.02,116.313198,11.56,True,2026-07-28
SUP_000870,XS2428662824,BA000447,XS2428662824,BNP Paribas Certificat,OPCVM,Luxembourg,FAIBLE,moyenne,False,2635700,18045.99,146.054589,70.19,True,2026-07-13
SUP_000871,FR0010923383,BA000447,FR0010923383,H2O Multistrategies R,OPCVM,France,FAIBLE,haute,False,685100,4579.55,149.599807,18.25,True,2026-07-25
SUP_000872,FID_BNP,BA000448,FID_BNP,BNP Paribas Wealth FID,FID,Luxembourg,FAIBLE,faible,False,2738800,28894.0,94.787853,100.0,True,2026-08-02
SUP_000873,FAS_ROT,BA000449,FAS_ROT,Rothschild & Co Gestion FAS,FAS,Luxembourg,FAIBLE,moyenne,False,1361800,12215.03,111.485628,100.0,True,2026-07-14
SUP_000874,FID_BNP,BA000450,FID_BNP,BNP Paribas Wealth FID,FID,Luxembourg,FAIBLE,faible,False,870400,6490.45,134.104738,100.0,True,2026-07-19
SUP_000875,LU0255977539,BA000451,LU0255977539,Pictet-Biotech R EUR,OPCVM,Luxembourg,FAIBLE,haute,False,380500,2686.25,141.647464,94.14,False,2026-07-07
SUP_000876,PE_LUX_01,BA000451,PE_LUX_01,Luxembourg PE SICAR,PE,Luxembourg,FAIBLE,très faible,False,23700,173.87,136.306933,5.86,False,2026-07-23
SUP_000877,FID_BNP,BA000452,FID_BNP,BNP Paribas Wealth FID,FID,Luxembourg,FAIBLE,faible,False,31600,272.71,115.875254,9.03,True,2026-08-02
SUP_000878,FR0010392225,BA000452,FR0010392225,Varenne Capital Partners,OPCVM,France,FAIBLE,haute,False,318400,3681.38,86.489353,90.97,True,2026-07-23
SUP_000879,XS2428662824,BA000453,XS2428662824,BNP Paribas Certificat,OPCVM,Luxembourg,FAIBLE,moyenne,False,402200,3712.63,108.333031,100.0,False,2026-07-23
SUP_000880,FR0010392225,BA000454,FR0010392225,Varenne Capital Partners,OPCVM,France,FAIBLE,haute,False,457000,3489.74,130.955151,100.0,False,2026-08-04
SUP_000881,FR0010392225,BA000455,FR0010392225,Varenne Capital Partners,OPCVM,France,FAIBLE,haute,False,160400,1426.83,112.417002,24.13,False,2026-08-05
SUP_000882,LU0104884860,BA000455,LU0104884860,Pictet-Water P EUR,OPCVM,Luxembourg,FAIBLE,haute,False,504200,4232.84,119.116366,75.87,False,2026-07-29
SUP_000883,FAS_IND,BA000456,FAS_IND,Indosuez Wealth Management FAS,FAS,Luxembourg,FAIBLE,moyenne,False,176000,1280.65,137.430167,52.24,True,2026-07-16
SUP_000884,FR0010923383,BA000456,FR0010923383,H2O Multistrategies R,OPCVM,France,FAIBLE,haute,False,106800,984.76,108.452555,31.7,True,2026-07-14
SUP_000885,FR001400OJI4,BA000456,FR001400OJI4,DNCA Flexibonds C,OPCVM,France,FAIBLE,haute,False,54100,487.55,110.964031,16.06,True,2026-07-31
SUP_000886,FR0010392225,BA000457,FR0010392225,Varenne Capital Partners,OPCVM,France,FAIBLE,haute,False,151100,1334.73,113.206005,37.64,False,2026-07-21
SUP_000887,LU0104884860,BA000457,LU0104884860,Pictet-Water P EUR,OPCVM,Luxembourg,FAIBLE,haute,False,21300,154.64,137.735217,5.31,False,2026-08-05
SUP_000888,XS2428662824,BA000457,XS2428662824,BNP Paribas Certificat,OPCVM,Luxembourg,FAIBLE,moyenne,False,229000,2263.64,101.16469,57.05,False,2026-07-22
SUP_000889,FID_UBS,BA000458,FID_UBS,UBS Luxembourg FID Patrimoine,FID,Luxembourg,FAIBLE,faible,False,127600,1091.97,116.853217,27.54,True,2026-07-16
SUP_000890,FR0010923383,BA000458,FR0010923383,H2O Multistrategies R,OPCVM,France,FAIBLE,haute,False,335600,2653.75,126.462599,72.46,True,2026-08-01
SUP_000891,FAS_ROT,BA000459,FAS_ROT,Rothschild & Co Gestion FAS,FAS,Luxembourg,FAIBLE,moyenne,False,656800,6145.12,106.881555,100.0,True,2026-07-26
SUP_000892,PE_LUX_01,BA000460,PE_LUX_01,Luxembourg PE SICAR,PE,Luxembourg,FAIBLE,très faible,False,374400,2897.39,129.219672,48.33,False,2026-07-22
SUP_000893,FR001400OJI4,BA000460,FR001400OJI4,DNCA Flexibonds C,OPCVM,France,FAIBLE,haute,False,400300,4107.64,97.452497,51.67,False,2026-08-04
SUP_000894,FID_UBS,BA000461,FID_UBS,UBS Luxembourg FID Patrimoine,FID,Luxembourg,FAIBLE,faible,False,119100,1170.32,101.766667,28.99,True,2026-07-13
SUP_000895,FR0010923383,BA000461,FR0010923383,H2O Multistrategies R,OPCVM,France,FAIBLE,haute,False,32800,364.07,90.092091,7.99,True,2026-07-12
SUP_000896,FR0010923383,BA000461,FR0010923383,H2O Multistrategies R,OPCVM,France,FAIBLE,haute,False,258900,2103.96,123.053502,63.02,True,2026-07-31
SUP_000897,FID_UBS,BA000462,FID_UBS,UBS Luxembourg FID Patrimoine,FID,Luxembourg,FAIBLE,faible,False,329100,3089.57,106.519827,100.0,True,2026-07-12
SUP_000898,FID_BNP,BA000463,FID_BNP,BNP Paribas Wealth FID,FID,Luxembourg,FAIBLE,faible,False,433000,3175.32,136.36427,53.65,True,2026-08-02
SUP_000899,FR001400OJI4,BA000463,FR001400OJI4,DNCA Flexibonds C,OPCVM,France,FAIBLE,haute,False,62000,627.66,98.778828,7.68,True,2026-07-27
SUP_000900,FR001400OJI4,BA000463,FR001400OJI4,DNCA Flexibonds C,OPCVM,France,FAIBLE,haute,False,312100,2125.15,146.860538,38.67,True,2026-07-20
SUP_000901,FR0010923383,BA000464,FR0010923383,H2O Multistrategies R,OPCVM,France,FAIBLE,haute,False,608000,4060.91,149.719978,100.0,False,2026-07-19
SUP_000902,FAS_ROT,BA000465,FAS_ROT,Rothschild & Co Gestion FAS,FAS,Luxembourg,FAIBLE,moyenne,False,424200,3358.93,126.290174,71.65,True,2026-07-13
SUP_000903,LU0104884860,BA000465,LU0104884860,Pictet-Water P EUR,OPCVM,Luxembourg,FAIBLE,haute,False,167800,1426.33,117.644214,28.35,True,2026-07-08
SUP_000904,FID_BNP,BA000466,FID_BNP,BNP Paribas Wealth FID,FID,Luxembourg,FAIBLE,faible,False,88700,700.91,126.549233,10.98,True,2026-07-15
SUP_000905,LU0255977539,BA000466,LU0255977539,Pictet-Biotech R EUR,OPCVM,Luxembourg,FAIBLE,haute,False,697700,5559.59,125.494852,86.33,True,2026-08-02
SUP_000906,LU0255977539,BA000466,LU0255977539,Pictet-Biotech R EUR,OPCVM,Luxembourg,FAIBLE,haute,False,21800,147.06,148.234135,2.69,True,2026-07-07
SUP_000907,FID_UBS,BA000467,FID_UBS,UBS Luxembourg FID Patrimoine,FID,Luxembourg,FAIBLE,faible,False,607400,5311.99,114.345174,92.75,True,2026-08-04
SUP_000908,FR001400OJI4,BA000467,FR001400OJI4,DNCA Flexibonds C,OPCVM,France,FAIBLE,haute,False,47500,510.74,93.001717,7.25,True,2026-07-20
SUP_000909,FID_BNP,BA000468,FID_BNP,BNP Paribas Wealth FID,FID,Luxembourg,FAIBLE,faible,False,969900,10089.64,96.128266,100.0,True,2026-08-03
SUP_000910,PE_CAY_01,BA000469,PE_CAY_01,Cayman Growth Fund I,PE,Cayman Islands,ELEVE,très faible,True,356400,3328.46,107.076428,88.39,False,2026-07-12
SUP_000911,LU0104884860,BA000469,LU0104884860,Pictet-Water P EUR,OPCVM,Luxembourg,FAIBLE,haute,False,46800,360.39,129.860899,11.61,False,2026-07-31
SUP_000912,FR0010923383,BA000470,FR0010923383,H2O Multistrategies R,OPCVM,France,FAIBLE,haute,False,806900,5588.17,144.394226,100.0,False,2026-07-25
SUP_000913,PE_LUX_01,BA000471,PE_LUX_01,Luxembourg PE SICAR,PE,Luxembourg,FAIBLE,très faible,False,84300,734.93,114.704067,12.51,False,2026-07-27
SUP_000914,PE_LUX_01,BA000471,PE_LUX_01,Luxembourg PE SICAR,PE,Luxembourg,FAIBLE,très faible,False,589100,6065.53,97.122528,87.49,False,2026-07-10
SUP_000915,PE_CAY_01,BA000472,PE_CAY_01,Cayman Growth Fund I,PE,Cayman Islands,ELEVE,très faible,True,376100,2765.32,136.005806,45.91,False,2026-07-13
SUP_000916,FR0010392225,BA000472,FR0010392225,Varenne Capital Partners,OPCVM,France,FAIBLE,haute,False,438400,3081.61,142.26313,53.5,False,2026-07-24
SUP_000917,FR0010923383,BA000472,FR0010923383,H2O Multistrategies R,OPCVM,France,FAIBLE,haute,False,4900,38.49,127.304566,0.59,False,2026-07-21
SUP_000918,FID_BNP,BA000473,FID_BNP,BNP Paribas Wealth FID,FID,Luxembourg,FAIBLE,faible,False,193500,1342.6,144.123875,71.73,True,2026-07-28
SUP_000919,XS2428662824,BA000473,XS2428662824,BNP Paribas Certificat,OPCVM,Luxembourg,FAIBLE,moyenne,False,76300,513.24,148.662852,28.27,True,2026-08-03
SUP_000920,FID_BNP,BA000474,FID_BNP,BNP Paribas Wealth FID,FID,Luxembourg,FAIBLE,faible,False,36300,284.95,127.390096,14.76,True,2026-08-01
SUP_000921,FR0010923383,BA000474,FR0010923383,H2O Multistrategies R,OPCVM,France,FAIBLE,haute,False,176800,2110.09,83.787821,71.81,True,2026-07-09
SUP_000922,FR001400OJI4,BA000474,FR001400OJI4,DNCA Flexibonds C,OPCVM,France,FAIBLE,haute,False,33100,316.2,104.679321,13.43,True,2026-08-05
SUP_000923,FID_BNP,BA000475,FID_BNP,BNP Paribas Wealth FID,FID,Luxembourg,FAIBLE,faible,False,404100,2803.15,144.15948,100.0,True,2026-07-17
SUP_000924,FID_BNP,BA000476,FID_BNP,BNP Paribas Wealth FID,FID,Luxembourg,FAIBLE,faible,False,35800,364.27,98.279679,8.94,True,2026-07-25
SUP_000925,FR0010923383,BA000476,FR0010923383,H2O Multistrategies R,OPCVM,France,FAIBLE,haute,False,364100,3719.81,97.881378,91.06,True,2026-07-31
SUP_000926,FID_UBS,BA000477,FID_UBS,UBS Luxembourg FID Patrimoine,FID,Luxembourg,FAIBLE,faible,False,1468100,10189.18,144.084191,88.46,True,2026-07-25
SUP_000927,FR0010923383,BA000477,FR0010923383,H2O Multistrategies R,OPCVM,France,FAIBLE,haute,False,191600,2091.87,91.592617,11.54,True,2026-07-30
SUP_000928,FID_BNP,BA000478,FID_BNP,BNP Paribas Wealth FID,FID,Luxembourg,FAIBLE,faible,False,1272300,12999.21,97.875204,100.0,True,2026-08-04
SUP_000929,LU0255977539,BA000479,LU0255977539,Pictet-Biotech R EUR,OPCVM,Luxembourg,FAIBLE,haute,False,70300,719.38,97.723637,1.94,False,2026-07-22
SUP_000930,FR0010392225,BA000479,FR0010392225,Varenne Capital Partners,OPCVM,France,FAIBLE,haute,False,3562500,42941.47,82.961767,98.06,False,2026-07-07
SUP_000931,FID_UBS,BA000480,FID_UBS,UBS Luxembourg FID Patrimoine,FID,Luxembourg,FAIBLE,faible,False,1960200,15320.07,127.94983,100.0,True,2026-07-24
SUP_000932,FID_UBS,BA000481,FID_UBS,UBS Luxembourg FID Patrimoine,FID,Luxembourg,FAIBLE,faible,False,661100,7600.37,86.98264,72.11,True,2026-08-05
SUP_000933,XS2428662824,BA000481,XS2428662824,BNP Paribas Certificat,OPCVM,Luxembourg,FAIBLE,moyenne,False,255700,2416.68,105.806106,27.89,True,2026-07-20
SUP_000934,FID_UBS,BA000482,FID_UBS,UBS Luxembourg FID Patrimoine,FID,Luxembourg,FAIBLE,faible,False,764700,6156.51,124.210052,100.0,True,2026-07-30
SUP_000935,FAS_ROT,BA000483,FAS_ROT,Rothschild & Co Gestion FAS,FAS,Luxembourg,FAIBLE,moyenne,False,645200,6184.1,104.332102,100.0,True,2026-07-17
SUP_000936,LU0104884860,BA000484,LU0104884860,Pictet-Water P EUR,OPCVM,Luxembourg,FAIBLE,haute,False,8500,88.85,95.665867,0.91,False,2026-08-05
SUP_000937,FR0010392225,BA000484,FR0010392225,Varenne Capital Partners,OPCVM,France,FAIBLE,haute,False,401900,2839.51,141.538685,43.22,False,2026-07-30
SUP_000938,FR0010392225,BA000484,FR0010392225,Varenne Capital Partners,OPCVM,France,FAIBLE,haute,False,329600,2785.83,118.31311,35.44,False,2026-07-07
SUP_000939,LU0104884860,BA000484,LU0104884860,Pictet-Water P EUR,OPCVM,Luxembourg,FAIBLE,haute,False,189900,2274.9,83.476346,20.42,False,2026-07-11
SUP_000940,FID_UBS,BA000485,FID_UBS,UBS Luxembourg FID Patrimoine,FID,Luxembourg,FAIBLE,faible,False,182600,1960.75,93.127587,100.0,True,2026-07-20
SUP_000941,FID_UBS,BA000486,FID_UBS,UBS Luxembourg FID Patrimoine,FID,Luxembourg,FAIBLE,faible,False,790300,6619.71,119.385824,100.0,True,2026-07-18
SUP_000942,FID_BNP,BA000487,FID_BNP,BNP Paribas Wealth FID,FID,Luxembourg,FAIBLE,faible,False,426400,3287.2,129.715226,36.54,True,2026-07-10
SUP_000943,FR0010923383,BA000487,FR0010923383,H2O Multistrategies R,OPCVM,France,FAIBLE,haute,False,171100,1813.71,94.336835,14.66,True,2026-07-30
SUP_000944,FR0010923383,BA000487,FR0010923383,H2O Multistrategies R,OPCVM,France,FAIBLE,haute,False,569600,4074.55,139.79459,48.8,True,2026-07-26
SUP_000945,XS2428662824,BA000488,XS2428662824,BNP Paribas Certificat,OPCVM,Luxembourg,FAIBLE,moyenne,False,353200,3548.31,99.540444,97.82,False,2026-07-31
SUP_000946,LU0104884860,BA000488,LU0104884860,Pictet-Water P EUR,OPCVM,Luxembourg,FAIBLE,haute,False,7900,83.59,94.504508,2.18,False,2026-08-04
SUP_000947,FID_UBS,BA000489,FID_UBS,UBS Luxembourg FID Patrimoine,FID,Luxembourg,FAIBLE,faible,False,33200,229.91,144.406494,13.96,True,2026-07-25
SUP_000948,LU0104884860,BA000489,LU0104884860,Pictet-Water P EUR,OPCVM,Luxembourg,FAIBLE,haute,False,204800,1550.59,132.078941,86.04,True,2026-08-05
SUP_000949,FAS_ROT,BA000490,FAS_ROT,Rothschild & Co Gestion FAS,FAS,Luxembourg,FAIBLE,moyenne,False,388200,2820.34,137.643174,72.43,True,2026-07-10
SUP_000950,XS2428662824,BA000490,XS2428662824,BNP Paribas Certificat,OPCVM,Luxembourg,FAIBLE,moyenne,False,147800,1780.18,83.025243,27.57,True,2026-07-26
SUP_000951,FID_UBS,BA000491,FID_UBS,UBS Luxembourg FID Patrimoine,FID,Luxembourg,FAIBLE,faible,False,359600,4195.71,85.706508,100.0,True,2026-07-25
SUP_000952,FID_BNP,BA000492,FID_BNP,BNP Paribas Wealth FID,FID,Luxembourg,FAIBLE,faible,False,301400,2173.01,138.701493,100.0,True,2026-08-05
SUP_000953,PE_LUX_01,BA000493,PE_LUX_01,Luxembourg PE SICAR,PE,Luxembourg,FAIBLE,très faible,False,444100,4216.29,105.329465,80.55,False,2026-07-31
SUP_000954,FR001400OJI4,BA000493,FR001400OJI4,DNCA Flexibonds C,OPCVM,France,FAIBLE,haute,False,59300,486.46,121.901858,10.76,False,2026-07-27
SUP_000955,PE_CAY_01,BA000493,PE_CAY_01,Cayman Growth Fund I,PE,Cayman Islands,ELEVE,très faible,True,47900,463.42,103.362664,8.69,False,2026-07-14
SUP_000956,FID_UBS,BA000494,FID_UBS,UBS Luxembourg FID Patrimoine,FID,Luxembourg,FAIBLE,faible,False,412400,4452.92,92.613323,100.0,True,2026-07-18
SUP_000957,FID_BNP,BA000495,FID_BNP,BNP Paribas Wealth FID,FID,Luxembourg,FAIBLE,faible,False,682200,5011.6,136.124123,38.49,True,2026-07-18
SUP_000958,LU0104884860,BA000495,LU0104884860,Pictet-Water P EUR,OPCVM,Luxembourg,FAIBLE,haute,False,1090200,11464.95,95.089815,61.51,True,2026-07-10
SUP_000959,FID_BNP,BA000496,FID_BNP,BNP Paribas Wealth FID,FID,Luxembourg,FAIBLE,faible,False,403900,3965.72,101.847788,57.25,True,2026-08-01
SUP_000960,LU0255977539,BA000496,LU0255977539,Pictet-Biotech R EUR,OPCVM,Luxembourg,FAIBLE,haute,False,162200,1152.69,140.714272,22.99,True,2026-07-21
SUP_000961,LU0104884860,BA000496,LU0104884860,Pictet-Water P EUR,OPCVM,Luxembourg,FAIBLE,haute,False,139300,1124.06,123.925781,19.75,True,2026-07-21
SUP_000962,FAS_ROT,BA000497,FAS_ROT,Rothschild & Co Gestion FAS,FAS,Luxembourg,FAIBLE,moyenne,False,907200,8587.69,105.639627,59.62,True,2026-07-29
SUP_000963,XS2428662824,BA000497,XS2428662824,BNP Paribas Certificat,OPCVM,Luxembourg,FAIBLE,moyenne,False,614300,6435.31,95.45777,40.38,True,2026-07-28
SUP_000964,FID_UBS,BA000498,FID_UBS,UBS Luxembourg FID Patrimoine,FID,Luxembourg,FAIBLE,faible,False,61900,433.48,142.798586,27.72,True,2026-07-26
SUP_000965,LU0255977539,BA000498,LU0255977539,Pictet-Biotech R EUR,OPCVM,Luxembourg,FAIBLE,haute,False,161300,1086.3,148.485057,72.28,True,2026-07-22
SUP_000966,FR001400OJI4,BA000499,FR001400OJI4,DNCA Flexibonds C,OPCVM,France,FAIBLE,haute,False,337100,3012.4,111.904207,100.0,False,2026-07-22
SUP_000967,PE_LUX_01,BA000500,PE_LUX_01,Luxembourg PE SICAR,PE,Luxembourg,FAIBLE,très faible,False,768100,5581.42,137.617426,100.0,False,2026-07-14
SUP_000968,FAS_ROT,BA000501,FAS_ROT,Rothschild & Co Gestion FAS,FAS,Luxembourg,FAIBLE,moyenne,False,987500,10207.3,96.744474,100.0,True,2026-07-27
SUP_000969,FID_UBS,BA000502,FID_UBS,UBS Luxembourg FID Patrimoine,FID,Luxembourg,FAIBLE,faible,False,326100,2658.32,122.671239,33.04,True,2026-07-18
SUP_000970,LU0255977539,BA000502,LU0255977539,Pictet-Biotech R EUR,OPCVM,Luxembourg,FAIBLE,haute,False,348300,3136.63,111.042879,35.29,True,2026-08-03
SUP_000971,LU0104884860,BA000502,LU0104884860,Pictet-Water P EUR,OPCVM,Luxembourg,FAIBLE,haute,False,312700,3209.69,97.423752,31.68,True,2026-07-22
SUP_000972,FID_BNP,BA000503,FID_BNP,BNP Paribas Wealth FID,FID,Luxembourg,FAIBLE,faible,False,376200,3458.15,108.786348,100.0,True,2026-08-02
SUP_000973,FID_UBS,BA000504,FID_UBS,UBS Luxembourg FID Patrimoine,FID,Luxembourg,FAIBLE,faible,False,440200,4608.63,95.516463,100.0,True,2026-07-29
SUP_000974,FAS_ROT,BA000505,FAS_ROT,Rothschild & Co Gestion FAS,FAS,Luxembourg,FAIBLE,moyenne,False,901000,8681.6,103.782681,86.71,True,2026-07-07
SUP_000975,FR0010392225,BA000505,FR0010392225,Varenne Capital Partners,OPCVM,France,FAIBLE,haute,False,138100,1693.4,81.551946,13.29,True,2026-07-23
SUP_000976,FID_UBS,BA000506,FID_UBS,UBS Luxembourg FID Patrimoine,FID,Luxembourg,FAIBLE,faible,False,191800,1849.81,103.686047,21.96,True,2026-07-10
SUP_000977,FR0010392225,BA000506,FR0010392225,Varenne Capital Partners,OPCVM,France,FAIBLE,haute,False,264400,2415.29,109.469048,30.26,True,2026-07-21
SUP_000978,FR0010392225,BA000506,FR0010392225,Varenne Capital Partners,OPCVM,France,FAIBLE,haute,False,417500,2863.27,145.812358,47.78,True,2026-07-21
SUP_000979,FID_BNP,BA000507,FID_BNP,BNP Paribas Wealth FID,FID,Luxembourg,FAIBLE,faible,False,222800,1564.44,142.415299,56.88,True,2026-08-05
SUP_000980,FR0010923383,BA000507,FR0010923383,H2O Multistrategies R,OPCVM,France,FAIBLE,haute,False,68000,513.92,132.317281,17.37,True,2026-07-18
SUP_000981,XS2428662824,BA000507,XS2428662824,BNP Paribas Certificat,OPCVM,Luxembourg,FAIBLE,moyenne,False,100800,1119.03,90.078138,25.75,True,2026-07-16
SUP_000982,FID_UBS,BA000508,FID_UBS,UBS Luxembourg FID Patrimoine,FID,Luxembourg,FAIBLE,faible,False,239800,1685.79,142.248154,41.24,True,2026-07-26
SUP_000983,LU0104884860,BA000508,LU0104884860,Pictet-Water P EUR,OPCVM,Luxembourg,FAIBLE,haute,False,341700,3256.23,104.937268,58.76,True,2026-07-30
SUP_000984,PE_CAY_01,BA000509,PE_CAY_01,Cayman Growth Fund I,PE,Cayman Islands,ELEVE,très faible,True,161600,1461.6,110.563635,20.04,False,2026-07-07
SUP_000985,XS2428662824,BA000509,XS2428662824,BNP Paribas Certificat,OPCVM,Luxembourg,FAIBLE,moyenne,False,645000,5651.95,114.119976,79.96,False,2026-08-03
SUP_000986,FID_UBS,BA000510,FID_UBS,UBS Luxembourg FID Patrimoine,FID,Luxembourg,FAIBLE,faible,False,126500,860.63,146.985276,41.26,True,2026-07-13
SUP_000987,FR0010923383,BA000510,FR0010923383,H2O Multistrategies R,OPCVM,France,FAIBLE,haute,False,180100,1343.21,134.082098,58.74,True,2026-07-09
SUP_000988,FID_UBS,BA000511,FID_UBS,UBS Luxembourg FID Patrimoine,FID,Luxembourg,FAIBLE,faible,False,4100,36.69,111.754799,1.14,True,2026-07-07
SUP_000989,FR001400OJI4,BA000511,FR001400OJI4,DNCA Flexibonds C,OPCVM,France,FAIBLE,haute,False,13300,103.77,128.170924,3.7,True,2026-07-19
SUP_000990,LU0104884860,BA000511,LU0104884860,Pictet-Water P EUR,OPCVM,Luxembourg,FAIBLE,haute,False,28500,302.6,94.18266,7.94,True,2026-07-11
SUP_000991,FR0010923383,BA000511,FR0010923383,H2O Multistrategies R,OPCVM,France,FAIBLE,haute,False,312700,3376.31,92.615978,87.22,True,2026-07-29
SUP_000992,FAS_IND,BA000512,FAS_IND,Indosuez Wealth Management FAS,FAS,Luxembourg,FAIBLE,moyenne,False,349900,3756.97,93.133632,100.0,True,2026-07-16
SUP_000993,FID_BNP,BA000513,FID_BNP,BNP Paribas Wealth FID,FID,Luxembourg,FAIBLE,faible,False,155400,1252.47,124.075068,36.15,True,2026-07-24
SUP_000994,LU0255977539,BA000513,LU0255977539,Pictet-Biotech R EUR,OPCVM,Luxembourg,FAIBLE,haute,False,51600,487.07,105.940279,11.99,True,2026-07-21
SUP_000995,LU0104884860,BA000513,LU0104884860,Pictet-Water P EUR,OPCVM,Luxembourg,FAIBLE,haute,False,223000,1904.67,117.080761,51.85,True,2026-07-11
SUP_000996,FID_BNP,BA000514,FID_BNP,BNP Paribas Wealth FID,FID,Luxembourg,FAIBLE,faible,False,147200,1044.26,140.961097,58.69,True,2026-07-31
SUP_000997,LU0104884860,BA000514,LU0104884860,Pictet-Water P EUR,OPCVM,Luxembourg,FAIBLE,haute,False,103700,948.75,109.30224,41.31,True,2026-07-15
SUP_000998,FID_UBS,BA000515,FID_UBS,UBS Luxembourg FID Patrimoine,FID,Luxembourg,FAIBLE,faible,False,6672900,55276.89,120.717717,99.25,True,2026-08-02
SUP_000999,FR0010923383,BA000515,FR0010923383,H2O Multistrategies R,OPCVM,France,FAIBLE,haute,False,50700,544.08,93.184183,0.75,True,2026-07-20
SUP_001000,FID_BNP,BA000516,FID_BNP,BNP Paribas Wealth FID,FID,Luxembourg,FAIBLE,faible,False,81900,906.44,90.353396,2.63,True,2026-07-12
SUP_001001,LU0255977539,BA000516,LU0255977539,Pictet-Biotech R EUR,OPCVM,Luxembourg,FAIBLE,haute,False,2632400,28500.09,92.36463,84.57,True,2026-07-17
SUP_001002,LU0104884860,BA000516,LU0104884860,Pictet-Water P EUR,OPCVM,Luxembourg,FAIBLE,haute,False,398300,3115.65,127.838289,12.8,True,2026-07-09
SUP_001003,FID_BNP,BA000517,FID_BNP,BNP Paribas Wealth FID,FID,Luxembourg,FAIBLE,faible,False,51700,417.05,123.965603,21.65,True,2026-07-20
SUP_001004,FR0010392225,BA000517,FR0010392225,Varenne Capital Partners,OPCVM,France,FAIBLE,haute,False,187300,1464.57,127.887618,78.35,True,2026-07-08
SUP_001005,FID_BNP,BA000518,FID_BNP,BNP Paribas Wealth FID,FID,Luxembourg,FAIBLE,faible,False,181300,1389.78,130.452089,65.65,True,2026-08-04
SUP_001006,LU0255977539,BA000518,LU0255977539,Pictet-Biotech R EUR,OPCVM,Luxembourg,FAIBLE,haute,False,94800,935.64,101.321101,34.35,True,2026-07-23
SUP_001007,FID_BNP,BA000519,FID_BNP,BNP Paribas Wealth FID,FID,Luxembourg,FAIBLE,faible,False,112400,866.57,129.70664,19.16,True,2026-08-05
SUP_001008,LU0104884860,BA000519,LU0104884860,Pictet-Water P EUR,OPCVM,Luxembourg,FAIBLE,haute,False,54300,459.76,118.106114,9.26,True,2026-07-08
SUP_001009,FR0010392225,BA000519,FR0010392225,Varenne Capital Partners,OPCVM,France,FAIBLE,haute,False,419600,5098.77,82.294401,71.57,True,2026-07-29
SUP_001010,FID_UBS,BA000520,FID_UBS,UBS Luxembourg FID Patrimoine,FID,Luxembourg,FAIBLE,faible,False,233000,2439.92,95.49503,100.0,True,2026-07-12
SUP_001011,PE_CAY_01,BA000521,PE_CAY_01,Cayman Growth Fund I,PE,Cayman Islands,ELEVE,très faible,True,3006400,23013.15,130.638349,100.0,False,2026-07-09
SUP_001012,FID_BNP,BA000522,FID_BNP,BNP Paribas Wealth FID,FID,Luxembourg,FAIBLE,faible,False,548300,4107.83,133.476707,100.0,True,2026-07-15
SUP_001013,FID_BNP,BA000523,FID_BNP,BNP Paribas Wealth FID,FID,Luxembourg,FAIBLE,faible,False,276600,2063.3,134.057224,100.0,True,2026-07-26
SUP_001014,FID_UBS,BA000524,FID_UBS,UBS Luxembourg FID Patrimoine,FID,Luxembourg,FAIBLE,faible,False,132700,941.56,140.935721,37.42,True,2026-07-28
SUP_001015,XS2428662824,BA000524,XS2428662824,BNP Paribas Certificat,OPCVM,Luxembourg,FAIBLE,moyenne,False,221800,2765.49,80.202871,62.58,True,2026-07-25
SUP_001016,FAS_ROT,BA000525,FAS_ROT,Rothschild & Co Gestion FAS,FAS,Luxembourg,FAIBLE,moyenne,False,158100,1180.07,133.974822,52.29,True,2026-07-14
SUP_001017,LU0104884860,BA000525,LU0104884860,Pictet-Water P EUR,OPCVM,Luxembourg,FAIBLE,haute,False,51900,527.18,98.448286,17.16,True,2026-07-18
SUP_001018,FR0010923383,BA000525,FR0010923383,H2O Multistrategies R,OPCVM,France,FAIBLE,haute,False,92400,828.26,111.558605,30.55,True,2026-07-11
SUP_001019,FID_BNP,BA000526,FID_BNP,BNP Paribas Wealth FID,FID,Luxembourg,FAIBLE,faible,False,769700,8876.46,86.712449,97.22,True,2026-07-24
SUP_001020,LU0255977539,BA000526,LU0255977539,Pictet-Biotech R EUR,OPCVM,Luxembourg,FAIBLE,haute,False,22000,195.78,112.369547,2.78,True,2026-07-16
SUP_001021,FID_BNP,BA000527,FID_BNP,BNP Paribas Wealth FID,FID,Luxembourg,FAIBLE,faible,False,122900,1399.89,87.792339,23.43,True,2026-07-28
SUP_001022,FR0010923383,BA000527,FR0010923383,H2O Multistrategies R,OPCVM,France,FAIBLE,haute,False,192000,2067.28,92.875532,36.6,True,2026-07-20
SUP_001023,LU0104884860,BA000527,LU0104884860,Pictet-Water P EUR,OPCVM,Luxembourg,FAIBLE,haute,False,209600,1621.49,129.263457,39.96,True,2026-07-11
SUP_001024,FID_UBS,BA000528,FID_UBS,UBS Luxembourg FID Patrimoine,FID,Luxembourg,FAIBLE,faible,False,34400,245.04,140.382588,12.72,True,2026-07-31
SUP_001025,XS2428662824,BA000528,XS2428662824,BNP Paribas Certificat,OPCVM,Luxembourg,FAIBLE,moyenne,False,154600,1070.42,144.429801,57.21,True,2026-07-30
SUP_001026,LU0255977539,BA000528,LU0255977539,Pictet-Biotech R EUR,OPCVM,Luxembourg,FAIBLE,haute,False,81300,656.01,123.931032,30.07,True,2026-07-18
SUP_001027,FID_BNP,BA000529,FID_BNP,BNP Paribas Wealth FID,FID,Luxembourg,FAIBLE,faible,False,344200,2755.01,124.936066,71.67,True,2026-07-08
SUP_001028,FR0010923383,BA000529,FR0010923383,H2O Multistrategies R,OPCVM,France,FAIBLE,haute,False,136100,977.17,139.27949,28.33,True,2026-07-19
SUP_001029,FID_BNP,BA000530,FID_BNP,BNP Paribas Wealth FID,FID,Luxembourg,FAIBLE,faible,False,3043000,27222.89,111.780934,100.0,True,2026-07-12
SUP_001030,FID_UBS,BA000531,FID_UBS,UBS Luxembourg FID Patrimoine,FID,Luxembourg,FAIBLE,faible,False,224900,1838.9,122.301452,64.31,True,2026-07-11
SUP_001031,FR0010392225,BA000531,FR0010392225,Varenne Capital Partners,OPCVM,France,FAIBLE,haute,False,124800,1089.47,114.550648,35.69,True,2026-07-23
SUP_001032,FAS_ROT,BA000532,FAS_ROT,Rothschild & Co Gestion FAS,FAS,Luxembourg,FAIBLE,moyenne,False,500,5.17,96.728584,0.15,True,2026-07-23
SUP_001033,FR001400OJI4,BA000532,FR001400OJI4,DNCA Flexibonds C,OPCVM,France,FAIBLE,haute,False,303400,2273.63,133.443156,99.85,True,2026-07-14
SUP_001034,FID_UBS,BA000533,FID_UBS,UBS Luxembourg FID Patrimoine,FID,Luxembourg,FAIBLE,faible,False,313700,3007.63,104.30129,100.0,True,2026-07-31
SUP_001035,FAS_IND,BA000534,FAS_IND,Indosuez Wealth Management FAS,FAS,Luxembourg,FAIBLE,moyenne,False,586700,6831.84,85.877356,100.0,True,2026-07-16
SUP_001036,PE_CAY_01,BA000535,PE_CAY_01,Cayman Growth Fund I,PE,Cayman Islands,ELEVE,très faible,True,347100,3722.48,93.244315,100.0,False,2026-07-27
SUP_001037,FID_UBS,BA000536,FID_UBS,UBS Luxembourg FID Patrimoine,FID,Luxembourg,FAIBLE,faible,False,254700,2685.81,94.831765,44.38,True,2026-08-04
SUP_001038,FR001400OJI4,BA000536,FR001400OJI4,DNCA Flexibonds C,OPCVM,France,FAIBLE,haute,False,319100,2243.15,142.255514,55.62,True,2026-07-17
SUP_001039,FR0010923383,BA000537,FR0010923383,H2O Multistrategies R,OPCVM,France,FAIBLE,haute,False,2805200,24112.24,116.339253,100.0,False,2026-07-22
SUP_001040,FID_UBS,BA000538,FID_UBS,UBS Luxembourg FID Patrimoine,FID,Luxembourg,FAIBLE,faible,False,448300,5399.82,83.021226,44.28,True,2026-07-11
SUP_001041,FR0010392225,BA000538,FR0010392225,Varenne Capital Partners,OPCVM,France,FAIBLE,haute,False,564100,5396.69,104.526987,55.72,True,2026-07-14
SUP_001042,FID_BNP,BA000539,FID_BNP,BNP Paribas Wealth FID,FID,Luxembourg,FAIBLE,faible,False,254400,1843.98,137.962426,78.12,True,2026-07-26
SUP_001043,FR0010392225,BA000539,FR0010392225,Varenne Capital Partners,OPCVM,France,FAIBLE,haute,False,71200,479.34,148.538182,21.88,True,2026-07-11
SUP_001044,FID_UBS,BA000540,FID_UBS,UBS Luxembourg FID Patrimoine,FID,Luxembourg,FAIBLE,faible,False,388200,2795.51,138.865582,100.0,True,2026-07-25
SUP_001045,XS2428662824,BA000541,XS2428662824,BNP Paribas Certificat,OPCVM,Luxembourg,FAIBLE,moyenne,False,482400,3230.37,149.332854,94.97,False,2026-08-05
SUP_001046,PE_CAY_01,BA000541,PE_CAY_01,Cayman Growth Fund I,PE,Cayman Islands,ELEVE,très faible,True,25500,181.43,140.550303,5.03,False,2026-07-08
SUP_001047,FID_UBS,BA000542,FID_UBS,UBS Luxembourg FID Patrimoine,FID,Luxembourg,FAIBLE,faible,False,345700,3733.47,92.594862,100.0,True,2026-07-30
SUP_001048,FID_BNP,BA000543,FID_BNP,BNP Paribas Wealth FID,FID,Luxembourg,FAIBLE,faible,False,1198400,9559.49,125.362275,100.0,True,2026-07-15
SUP_001049,FID_BNP,BA000544,FID_BNP,BNP Paribas Wealth FID,FID,Luxembourg,FAIBLE,faible,False,240800,2595.94,92.760146,72.02,True,2026-07-18
SUP_001050,XS2428662824,BA000544,XS2428662824,BNP Paribas Certificat,OPCVM,Luxembourg,FAIBLE,moyenne,False,93600,1066.71,87.746161,27.98,True,2026-07-30
SUP_001051,FID_UBS,BA000545,FID_UBS,UBS Luxembourg FID Patrimoine,FID,Luxembourg,FAIBLE,faible,False,673600,5056.83,133.206085,71.65,True,2026-07-18
SUP_001052,LU0104884860,BA000545,LU0104884860,Pictet-Water P EUR,OPCVM,Luxembourg,FAIBLE,haute,False,266600,1795.61,148.473521,28.35,True,2026-07-09
SUP_001053,FID_BNP,BA000546,FID_BNP,BNP Paribas Wealth FID,FID,Luxembourg,FAIBLE,faible,False,302000,3412.83,88.489674,46.87,True,2026-07-26
SUP_001054,XS2428662824,BA000546,XS2428662824,BNP Paribas Certificat,OPCVM,Luxembourg,FAIBLE,moyenne,False,3400,30.76,110.5277,0.53,True,2026-07-15
SUP_001055,LU0104884860,BA000546,LU0104884860,Pictet-Water P EUR,OPCVM,Luxembourg,FAIBLE,haute,False,339000,2417.08,140.251868,52.6,True,2026-07-10
SUP_001056,FID_UBS,BA000547,FID_UBS,UBS Luxembourg FID Patrimoine,FID,Luxembourg,FAIBLE,faible,False,940000,6296.46,149.290153,100.0,True,2026-08-02
SUP_001057,FAS_IND,BA000548,FAS_IND,Indosuez Wealth Management FAS,FAS,Luxembourg,FAIBLE,moyenne,False,121400,1002.19,121.134452,22.03,True,2026-07-28
SUP_001058,FR0010923383,BA000548,FR0010923383,H2O Multistrategies R,OPCVM,France,FAIBLE,haute,False,264800,3124.11,84.760225,48.07,True,2026-07-13
SUP_001059,LU0104884860,BA000548,LU0104884860,Pictet-Water P EUR,OPCVM,Luxembourg,FAIBLE,haute,False,164700,1655.55,99.48367,29.9,True,2026-07-12
SUP_001060,FAS_IND,BA000549,FAS_IND,Indosuez Wealth Management FAS,FAS,Luxembourg,FAIBLE,moyenne,False,17800,141.54,125.757635,5.23,True,2026-08-02
SUP_001061,LU0104884860,BA000549,LU0104884860,Pictet-Water P EUR,OPCVM,Luxembourg,FAIBLE,haute,False,321600,3854.86,83.427105,94.77,True,2026-07-22
SUP_001062,FAS_ROT,BA000550,FAS_ROT,Rothschild & Co Gestion FAS,FAS,Luxembourg,FAIBLE,moyenne,False,27200,250.84,108.435144,6.98,True,2026-08-05
SUP_001063,FR0010923383,BA000550,FR0010923383,H2O Multistrategies R,OPCVM,France,FAIBLE,haute,False,301500,3285.52,91.766191,77.47,True,2026-07-28
SUP_001064,XS2428662824,BA000550,XS2428662824,BNP Paribas Certificat,OPCVM,Luxembourg,FAIBLE,moyenne,False,60500,740.62,81.688625,15.56,True,2026-07-15
SUP_001065,FAS_IND,BA000551,FAS_IND,Indosuez Wealth Management FAS,FAS,Luxembourg,FAIBLE,moyenne,False,4600,39.43,116.671797,1.29,True,2026-07-16
SUP_001066,XS2428662824,BA000551,XS2428662824,BNP Paribas Certificat,OPCVM,Luxembourg,FAIBLE,moyenne,False,215600,1915.67,112.545739,60.27,True,2026-07-07
SUP_001067,XS2428662824,BA000551,XS2428662824,BNP Paribas Certificat,OPCVM,Luxembourg,FAIBLE,moyenne,False,137500,1202.28,114.366325,38.43,True,2026-07-17
SUP_001068,FID_UBS,BA000552,FID_UBS,UBS Luxembourg FID Patrimoine,FID,Luxembourg,FAIBLE,faible,False,816100,6427.42,126.971721,43.6,True,2026-07-29
SUP_001069,FR0010392225,BA000552,FR0010392225,Varenne Capital Partners,OPCVM,France,FAIBLE,haute,False,1055600,9383.93,112.490212,56.4,True,2026-07-17
SUP_001070,FID_BNP,BA000553,FID_BNP,BNP Paribas Wealth FID,FID,Luxembourg,FAIBLE,faible,False,90100,1031.33,87.362685,25.42,True,2026-07-31
SUP_001071,LU0104884860,BA000553,LU0104884860,Pictet-Water P EUR,OPCVM,Luxembourg,FAIBLE,haute,False,264600,2556.28,103.509609,74.58,True,2026-07-27
SUP_001072,PE_CAY_01,BA000554,PE_CAY_01,Cayman Growth Fund I,PE,Cayman Islands,ELEVE,très faible,True,311900,2885.66,108.086255,66.05,False,2026-07-11
SUP_001073,FR001400OJI4,BA000554,FR001400OJI4,DNCA Flexibonds C,OPCVM,France,FAIBLE,haute,False,160300,1452.24,110.380988,33.95,False,2026-07-12
SUP_001074,FID_BNP,BA000555,FID_BNP,BNP Paribas Wealth FID,FID,Luxembourg,FAIBLE,faible,False,85000,806.9,105.341189,24.14,True,2026-07-18
SUP_001075,XS2428662824,BA000555,XS2428662824,BNP Paribas Certificat,OPCVM,Luxembourg,FAIBLE,moyenne,False,68800,534.68,128.675483,19.53,True,2026-07-15
SUP_001076,FR0010392225,BA000555,FR0010392225,Varenne Capital Partners,OPCVM,France,FAIBLE,haute,False,121600,1018.38,119.405152,34.53,True,2026-07-09
SUP_001077,FR001400OJI4,BA000555,FR001400OJI4,DNCA Flexibonds C,OPCVM,France,FAIBLE,haute,False,76700,873.13,87.8448,21.8,True,2026-07-17
SUP_001078,FID_UBS,BA000556,FID_UBS,UBS Luxembourg FID Patrimoine,FID,Luxembourg,FAIBLE,faible,False,105600,1007.76,104.787082,33.46,True,2026-08-03
SUP_001079,LU0104884860,BA000556,LU0104884860,Pictet-Water P EUR,OPCVM,Luxembourg,FAIBLE,haute,False,210100,1532.27,137.11682,66.54,True,2026-07-08
SUP_001080,FAS_ROT,BA000557,FAS_ROT,Rothschild & Co Gestion FAS,FAS,Luxembourg,FAIBLE,moyenne,False,41300,426.6,96.811069,14.36,True,2026-07-13
SUP_001081,FR0010392225,BA000557,FR0010392225,Varenne Capital Partners,OPCVM,France,FAIBLE,haute,False,46900,323.62,144.921923,16.3,True,2026-07-30
SUP_001082,FR0010923383,BA000557,FR0010923383,H2O Multistrategies R,OPCVM,France,FAIBLE,haute,False,199400,1441.03,138.373598,69.34,True,2026-07-23
SUP_001083,FID_BNP,BA000558,FID_BNP,BNP Paribas Wealth FID,FID,Luxembourg,FAIBLE,faible,False,101200,750.91,134.770502,10.07,True,2026-07-30
SUP_001084,FR0010392225,BA000558,FR0010392225,Varenne Capital Partners,OPCVM,France,FAIBLE,haute,False,274200,2234.96,122.686801,27.28,True,2026-07-15
SUP_001085,XS2428662824,BA000558,XS2428662824,BNP Paribas Certificat,OPCVM,Luxembourg,FAIBLE,moyenne,False,295900,2828.35,104.619408,29.44,True,2026-07-14
SUP_001086,FR001400OJI4,BA000558,FR001400OJI4,DNCA Flexibonds C,OPCVM,France,FAIBLE,haute,False,333700,4000.74,83.409552,33.2,True,2026-07-18
SUP_001087,FID_BNP,BA000559,FID_BNP,BNP Paribas Wealth FID,FID,Luxembourg,FAIBLE,faible,False,464500,3511.21,132.290529,100.0,True,2026-08-03
SUP_001088,FID_BNP,BA000560,FID_BNP,BNP Paribas Wealth FID,FID,Luxembourg,FAIBLE,faible,False,81800,723.24,113.101857,30.97,True,2026-07-10
SUP_001089,FR0010923383,BA000560,FR0010923383,H2O Multistrategies R,OPCVM,France,FAIBLE,haute,False,55700,528.38,105.417429,21.09,True,2026-07-11
SUP_001090,XS2428662824,BA000560,XS2428662824,BNP Paribas Certificat,OPCVM,Luxembourg,FAIBLE,moyenne,False,126600,1431.39,88.445337,47.94,True,2026-07-25
SUP_001091,LU0104884860,BA000561,LU0104884860,Pictet-Water P EUR,OPCVM,Luxembourg,FAIBLE,haute,False,811200,6197.77,130.885683,100.0,False,2026-07-15
SUP_001092,FID_BNP,BA000562,FID_BNP,BNP Paribas Wealth FID,FID,Luxembourg,FAIBLE,faible,False,1150200,7738.87,148.626426,100.0,True,2026-08-02
SUP_001093,FR001400OJI4,BA000563,FR001400OJI4,DNCA Flexibonds C,OPCVM,France,FAIBLE,haute,False,763600,5126.78,148.943321,51.19,False,2026-07-22
SUP_001094,FR0010392225,BA000563,FR0010392225,Varenne Capital Partners,OPCVM,France,FAIBLE,haute,False,728100,5021.53,144.995548,48.81,False,2026-07-14
SUP_001095,FAS_ROT,BA000564,FAS_ROT,Rothschild & Co Gestion FAS,FAS,Luxembourg,FAIBLE,moyenne,False,199800,1686.01,118.504628,71.99,True,2026-08-03
SUP_001096,XS2428662824,BA000564,XS2428662824,BNP Paribas Certificat,OPCVM,Luxembourg,FAIBLE,moyenne,False,77700,816.77,95.131211,28.01,True,2026-08-03
SUP_001097,FR0010923383,BA000565,FR0010923383,H2O Multistrategies R,OPCVM,France,FAIBLE,haute,False,307200,2549.2,120.508222,100.0,False,2026-07-19
SUP_001098,FID_UBS,BA000566,FID_UBS,UBS Luxembourg FID Patrimoine,FID,Luxembourg,FAIBLE,faible,False,129400,1435.84,90.121673,6.51,True,2026-08-03
SUP_001099,FR0010392225,BA000566,FR0010392225,Varenne Capital Partners,OPCVM,France,FAIBLE,haute,False,1857500,22507.85,82.526757,93.49,True,2026-07-26
SUP_001100,FID_UBS,BA000567,FID_UBS,UBS Luxembourg FID Patrimoine,FID,Luxembourg,FAIBLE,faible,False,646300,5018.17,128.79198,100.0,True,2026-07-23
SUP_001101,FID_BNP,BA000568,FID_BNP,BNP Paribas Wealth FID,FID,Luxembourg,FAIBLE,faible,False,84100,930.21,90.409269,13.62,True,2026-07-24
SUP_001102,FR001400OJI4,BA000568,FR001400OJI4,DNCA Flexibonds C,OPCVM,France,FAIBLE,haute,False,12900,94.37,136.689915,2.09,True,2026-07-11
SUP_001103,LU0104884860,BA000568,LU0104884860,Pictet-Water P EUR,OPCVM,Luxembourg,FAIBLE,haute,False,520300,5923.57,87.835515,84.28,True,2026-07-12
SUP_001104,FID_BNP,BA000569,FID_BNP,BNP Paribas Wealth FID,FID,Luxembourg,FAIBLE,faible,False,4086100,33778.14,120.968769,100.0,True,2026-07-07
SUP_001105,FID_UBS,BA000570,FID_UBS,UBS Luxembourg FID Patrimoine,FID,Luxembourg,FAIBLE,faible,False,494800,3881.48,127.477068,100.0,True,2026-07-22
SUP_001106,FID_UBS,BA000571,FID_UBS,UBS Luxembourg FID Patrimoine,FID,Luxembourg,FAIBLE,faible,False,1330800,9966.61,133.525883,100.0,True,2026-07-22
SUP_001107,LU0255977539,BA000572,LU0255977539,Pictet-Biotech R EUR,OPCVM,Luxembourg,FAIBLE,haute,False,216200,2010.56,107.532041,58.57,False,2026-07-18
SUP_001108,FR0010392225,BA000572,FR0010392225,Varenne Capital Partners,OPCVM,France,FAIBLE,haute,False,152900,1712.54,89.282328,41.43,False,2026-07-27
SUP_001109,FID_BNP,BA000573,FID_BNP,BNP Paribas Wealth FID,FID,Luxembourg,FAIBLE,faible,False,140600,1460.78,96.249996,44.95,True,2026-07-12
SUP_001110,FR0010923383,BA000573,FR0010923383,H2O Multistrategies R,OPCVM,France,FAIBLE,haute,False,115700,1122.65,103.059683,37.01,True,2026-07-18
SUP_001111,FR0010392225,BA000573,FR0010392225,Varenne Capital Partners,OPCVM,France,FAIBLE,haute,False,56400,546.49,103.203798,18.03,True,2026-08-03
SUP_001112,LU0255977539,BA000574,LU0255977539,Pictet-Biotech R EUR,OPCVM,Luxembourg,FAIBLE,haute,False,13000,102.13,127.287575,5.26,False,2026-07-25
SUP_001113,LU0255977539,BA000574,LU0255977539,Pictet-Biotech R EUR,OPCVM,Luxembourg,FAIBLE,haute,False,235000,1749.96,134.288643,94.74,False,2026-07-19
SUP_001114,FID_UBS,BA000575,FID_UBS,UBS Luxembourg FID Patrimoine,FID,Luxembourg,FAIBLE,faible,False,52000,558.89,93.040759,23.39,True,2026-08-03
SUP_001115,FR001400OJI4,BA000575,FR001400OJI4,DNCA Flexibonds C,OPCVM,France,FAIBLE,haute,False,100200,1100.67,91.035052,45.06,True,2026-07-17
SUP_001116,LU0104884860,BA000575,LU0104884860,Pictet-Water P EUR,OPCVM,Luxembourg,FAIBLE,haute,False,13000,107.12,121.36232,5.85,True,2026-07-30
SUP_001117,LU0104884860,BA000575,LU0104884860,Pictet-Water P EUR,OPCVM,Luxembourg,FAIBLE,haute,False,57100,451.34,126.511733,25.7,True,2026-07-14
SUP_001118,FID_BNP,BA000576,FID_BNP,BNP Paribas Wealth FID,FID,Luxembourg,FAIBLE,faible,False,249100,2812.93,88.555435,100.0,True,2026-07-27
SUP_001119,FAS_ROT,BA000577,FAS_ROT,Rothschild & Co Gestion FAS,FAS,Luxembourg,FAIBLE,moyenne,False,2800700,20586.56,136.045049,100.0,True,2026-07-30
SUP_001120,FID_UBS,BA000578,FID_UBS,UBS Luxembourg FID Patrimoine,FID,Luxembourg,FAIBLE,faible,False,390100,3519.65,110.834734,100.0,True,2026-07-25
SUP_001121,FID_BNP,BA000579,FID_BNP,BNP Paribas Wealth FID,FID,Luxembourg,FAIBLE,faible,False,821600,6062.35,135.525105,92.42,True,2026-07-07
SUP_001122,LU0104884860,BA000579,LU0104884860,Pictet-Water P EUR,OPCVM,Luxembourg,FAIBLE,haute,False,67400,562.9,119.736062,7.58,True,2026-07-23
SUP_001123,FID_BNP,BA000580,FID_BNP,BNP Paribas Wealth FID,FID,Luxembourg,FAIBLE,faible,False,314500,2261.3,139.0795,100.0,True,2026-07-29
SUP_001124,FID_BNP,BA000581,FID_BNP,BNP Paribas Wealth FID,FID,Luxembourg,FAIBLE,faible,False,2040100,16270.55,125.38608,100.0,True,2026-07-21
SUP_001125,FAS_ROT,BA000582,FAS_ROT,Rothschild & Co Gestion FAS,FAS,Luxembourg,FAIBLE,moyenne,False,2008800,15633.83,128.490625,100.0,True,2026-07-15
SUP_001126,FID_BNP,BA000583,FID_BNP,BNP Paribas Wealth FID,FID,Luxembourg,FAIBLE,faible,False,3700,43.26,85.521432,1.65,True,2026-07-12
SUP_001127,FR001400OJI4,BA000583,FR001400OJI4,DNCA Flexibonds C,OPCVM,France,FAIBLE,haute,False,218400,2161.39,101.045891,98.35,True,2026-07-19
SUP_001128,FID_UBS,BA000584,FID_UBS,UBS Luxembourg FID Patrimoine,FID,Luxembourg,FAIBLE,faible,False,343900,3401.96,101.088769,100.0,True,2026-07-24
SUP_001129,FID_UBS,BA000585,FID_UBS,UBS Luxembourg FID Patrimoine,FID,Luxembourg,FAIBLE,faible,False,754200,7218.47,104.481952,100.0,True,2026-07-25
SUP_001130,XS2428662824,BA000586,XS2428662824,BNP Paribas Certificat,OPCVM,Luxembourg,FAIBLE,moyenne,False,256100,2483.28,103.129782,94.91,False,2026-08-02
SUP_001131,LU0104884860,BA000586,LU0104884860,Pictet-Water P EUR,OPCVM,Luxembourg,FAIBLE,haute,False,13700,130.95,104.620288,5.09,False,2026-07-16
SUP_001132,FID_UBS,BA000587,FID_UBS,UBS Luxembourg FID Patrimoine,FID,Luxembourg,FAIBLE,faible,False,231800,2775.67,83.511468,54.85,True,2026-07-07
SUP_001133,FR0010923383,BA000587,FR0010923383,H2O Multistrategies R,OPCVM,France,FAIBLE,haute,False,28000,282.78,99.017173,6.62,True,2026-08-04
SUP_001134,LU0255977539,BA000587,LU0255977539,Pictet-Biotech R EUR,OPCVM,Luxembourg,FAIBLE,haute,False,162900,1976.35,82.424761,38.53,True,2026-07-28
SUP_001135,FID_BNP,BA000588,FID_BNP,BNP Paribas Wealth FID,FID,Luxembourg,FAIBLE,faible,False,60500,542.36,111.549512,13.56,True,2026-07-25
SUP_001136,XS2428662824,BA000588,XS2428662824,BNP Paribas Certificat,OPCVM,Luxembourg,FAIBLE,moyenne,False,114800,1096.85,104.663704,25.73,True,2026-07-17
SUP_001137,FR0010392225,BA000588,FR0010392225,Varenne Capital Partners,OPCVM,France,FAIBLE,haute,False,271000,2480.79,109.239376,60.71,True,2026-07-16
SUP_001138,FID_UBS,BA000589,FID_UBS,UBS Luxembourg FID Patrimoine,FID,Luxembourg,FAIBLE,faible,False,190000,2183.17,87.029397,8.34,True,2026-07-20
SUP_001139,LU0255977539,BA000589,LU0255977539,Pictet-Biotech R EUR,OPCVM,Luxembourg,FAIBLE,haute,False,1813400,15432.03,117.508862,79.57,True,2026-07-08
SUP_001140,FR001400OJI4,BA000589,FR001400OJI4,DNCA Flexibonds C,OPCVM,France,FAIBLE,haute,False,275500,1936.13,142.293853,12.09,True,2026-07-15
SUP_001141,PE_LUX_01,BA000590,PE_LUX_01,Luxembourg PE SICAR,PE,Luxembourg,FAIBLE,très faible,False,98300,957.01,102.715916,28.94,False,2026-07-07
SUP_001142,PE_CAY_01,BA000590,PE_CAY_01,Cayman Growth Fund I,PE,Cayman Islands,ELEVE,très faible,True,84000,777.91,107.981501,24.73,False,2026-07-27
SUP_001143,FR001400OJI4,BA000590,FR001400OJI4,DNCA Flexibonds C,OPCVM,France,FAIBLE,haute,False,157300,1181.54,133.131193,46.33,False,2026-07-13
SUP_001144,FAS_ROT,BA000591,FAS_ROT,Rothschild & Co Gestion FAS,FAS,Luxembourg,FAIBLE,moyenne,False,3390700,27120.15,125.025141,100.0,True,2026-07-27
SUP_001145,FAS_IND,BA000592,FAS_IND,Indosuez Wealth Management FAS,FAS,Luxembourg,FAIBLE,moyenne,False,263500,3128.3,84.231032,100.0,True,2026-07-11
SUP_001146,FID_UBS,BA000593,FID_UBS,UBS Luxembourg FID Patrimoine,FID,Luxembourg,FAIBLE,faible,False,104000,742.5,140.067522,35.22,True,2026-07-29
SUP_001147,LU0255977539,BA000593,LU0255977539,Pictet-Biotech R EUR,OPCVM,Luxembourg,FAIBLE,haute,False,191400,1422.34,134.566527,64.78,True,2026-07-07
SUP_001148,FID_UBS,BA000594,FID_UBS,UBS Luxembourg FID Patrimoine,FID,Luxembourg,FAIBLE,faible,False,443600,4248.37,104.416539,75.55,True,2026-07-08
SUP_001149,LU0255977539,BA000594,LU0255977539,Pictet-Biotech R EUR,OPCVM,Luxembourg,FAIBLE,haute,False,143600,1033.8,138.904548,24.45,True,2026-08-02
SUP_001150,FAS_ROT,BA000595,FAS_ROT,Rothschild & Co Gestion FAS,FAS,Luxembourg,FAIBLE,moyenne,False,215300,2687.96,80.09778,100.0,True,2026-07-22
SUP_001151,FAS_IND,BA000596,FAS_IND,Indosuez Wealth Management FAS,FAS,Luxembourg,FAIBLE,moyenne,False,730200,5163.69,141.410394,52.12,True,2026-07-24
SUP_001152,FR001400OJI4,BA000596,FR001400OJI4,DNCA Flexibonds C,OPCVM,France,FAIBLE,haute,False,526400,4278.05,123.046686,37.58,True,2026-07-30
SUP_001153,FR001400OJI4,BA000596,FR001400OJI4,DNCA Flexibonds C,OPCVM,France,FAIBLE,haute,False,144400,1175.98,122.790694,10.31,True,2026-08-03
SUP_001154,FID_BNP,BA000597,FID_BNP,BNP Paribas Wealth FID,FID,Luxembourg,FAIBLE,faible,False,25900,213.99,121.035656,8.48,True,2026-08-02
SUP_001155,LU0255977539,BA000597,LU0255977539,Pictet-Biotech R EUR,OPCVM,Luxembourg,FAIBLE,haute,False,19500,184.17,105.879765,6.37,True,2026-07-30
SUP_001156,LU0255977539,BA000597,LU0255977539,Pictet-Biotech R EUR,OPCVM,Luxembourg,FAIBLE,haute,False,210100,1419.79,147.979143,68.65,True,2026-07-20
SUP_001157,XS2428662824,BA000597,XS2428662824,BNP Paribas Certificat,OPCVM,Luxembourg,FAIBLE,moyenne,False,50500,492.84,102.467166,16.5,True,2026-07-15
SUP_001158,FAS_IND,BA000598,FAS_IND,Indosuez Wealth Management FAS,FAS,Luxembourg,FAIBLE,moyenne,False,131800,1542.79,85.429473,32.94,True,2026-07-18
SUP_001159,XS2428662824,BA000598,XS2428662824,BNP Paribas Certificat,OPCVM,Luxembourg,FAIBLE,moyenne,False,268500,3113.38,86.240676,67.06,True,2026-07-11
SUP_001160,LU0104884860,BA000599,LU0104884860,Pictet-Water P EUR,OPCVM,Luxembourg,FAIBLE,haute,False,84100,750.46,112.06389,20.34,False,2026-07-24
SUP_001161,LU0255977539,BA000599,LU0255977539,Pictet-Biotech R EUR,OPCVM,Luxembourg,FAIBLE,haute,False,329600,3060.54,107.693512,79.66,False,2026-07-29
SUP_001162,FAS_IND,BA000600,FAS_IND,Indosuez Wealth Management FAS,FAS,Luxembourg,FAIBLE,moyenne,False,192000,1919.22,100.040465,59.45,True,2026-07-08
SUP_001163,FR0010923383,BA000600,FR0010923383,H2O Multistrategies R,OPCVM,France,FAIBLE,haute,False,131000,901.51,145.311479,40.55,True,2026-07-29
SUP_001164,FID_BNP,BA000601,FID_BNP,BNP Paribas Wealth FID,FID,Luxembourg,FAIBLE,faible,False,23800,172.15,138.251883,9.17,True,2026-07-30
SUP_001165,FR0010392225,BA000601,FR0010392225,Varenne Capital Partners,OPCVM,France,FAIBLE,haute,False,235700,2279.44,103.402613,90.83,True,2026-07-20
SUP_001166,FID_BNP,BA000602,FID_BNP,BNP Paribas Wealth FID,FID,Luxembourg,FAIBLE,faible,False,925300,10125.11,91.386647,100.0,True,2026-07-20
SUP_001167,FAS_ROT,BA000603,FAS_ROT,Rothschild & Co Gestion FAS,FAS,Luxembourg,FAIBLE,moyenne,False,210800,1626.12,129.633415,35.02,True,2026-07-24
SUP_001168,LU0255977539,BA000603,LU0255977539,Pictet-Biotech R EUR,OPCVM,Luxembourg,FAIBLE,haute,False,181800,1341.57,135.51327,30.21,True,2026-07-21
SUP_001169,FR0010392225,BA000603,FR0010392225,Varenne Capital Partners,OPCVM,France,FAIBLE,haute,False,209200,1692.44,123.608846,34.76,True,2026-07-20
SUP_001170,FID_UBS,BA000604,FID_UBS,UBS Luxembourg FID Patrimoine,FID,Luxembourg,FAIBLE,faible,False,107900,900.12,119.873116,30.9,True,2026-07-29
SUP_001171,LU0255977539,BA000604,LU0255977539,Pictet-Biotech R EUR,OPCVM,Luxembourg,FAIBLE,haute,False,241200,3004.57,80.277622,69.1,True,2026-07-07
SUP_001172,FID_UBS,BA000605,FID_UBS,UBS Luxembourg FID Patrimoine,FID,Luxembourg,FAIBLE,faible,False,8100,63.96,126.648559,2.74,True,2026-07-18
SUP_001173,FR0010923383,BA000605,FR0010923383,H2O Multistrategies R,OPCVM,France,FAIBLE,haute,False,130500,1358.88,96.035172,43.94,True,2026-07-16
SUP_001174,LU0255977539,BA000605,LU0255977539,Pictet-Biotech R EUR,OPCVM,Luxembourg,FAIBLE,haute,False,158400,1481.14,106.94448,53.32,True,2026-07-29
SUP_001175,FAS_ROT,BA000606,FAS_ROT,Rothschild & Co Gestion FAS,FAS,Luxembourg,FAIBLE,moyenne,False,37300,269.66,138.324015,4.32,True,2026-07-16
SUP_001176,FR001400OJI4,BA000606,FR001400OJI4,DNCA Flexibonds C,OPCVM,France,FAIBLE,haute,False,479300,4883.68,98.143163,55.55,True,2026-07-28
SUP_001177,FR0010392225,BA000606,FR0010392225,Varenne Capital Partners,OPCVM,France,FAIBLE,haute,False,346200,2705.48,127.962631,40.13,True,2026-07-29
SUP_001178,FID_UBS,BA000607,FID_UBS,UBS Luxembourg FID Patrimoine,FID,Luxembourg,FAIBLE,faible,False,159900,1178.1,135.727439,62.69,True,2026-07-27
SUP_001179,LU0104884860,BA000607,LU0104884860,Pictet-Water P EUR,OPCVM,Luxembourg,FAIBLE,haute,False,95200,976.53,97.488474,37.31,True,2026-07-16
SUP_001180,PE_CAY_01,BA000608,PE_CAY_01,Cayman Growth Fund I,PE,Cayman Islands,ELEVE,très faible,True,264700,2386.73,110.904782,93.58,False,2026-07-20
SUP_001181,LU0104884860,BA000608,LU0104884860,Pictet-Water P EUR,OPCVM,Luxembourg,FAIBLE,haute,False,18200,121.61,149.664886,6.42,False,2026-08-01
SUP_001182,FID_BNP,BA000609,FID_BNP,BNP Paribas Wealth FID,FID,Luxembourg,FAIBLE,faible,False,449100,4334.49,103.610792,100.0,True,2026-07-21
SUP_001183,FID_BNP,BA000610,FID_BNP,BNP Paribas Wealth FID,FID,Luxembourg,FAIBLE,faible,False,282300,2144.0,131.669751,100.0,True,2026-08-02
SUP_001184,FID_UBS,BA000611,FID_UBS,UBS Luxembourg FID Patrimoine,FID,Luxembourg,FAIBLE,faible,False,266100,2905.59,91.582051,83.05,True,2026-07-28
SUP_001185,LU0255977539,BA000611,LU0255977539,Pictet-Biotech R EUR,OPCVM,Luxembourg,FAIBLE,haute,False,54300,436.78,124.317559,16.95,True,2026-07-22
SUP_001186,FID_BNP,BA000612,FID_BNP,BNP Paribas Wealth FID,FID,Luxembourg,FAIBLE,faible,False,521900,4498.3,116.021674,42.1,True,2026-07-23
SUP_001187,FR0010923383,BA000612,FR0010923383,H2O Multistrategies R,OPCVM,France,FAIBLE,haute,False,717700,5005.54,143.381224,57.9,True,2026-07-07
SUP_001188,FID_UBS,BA000613,FID_UBS,UBS Luxembourg FID Patrimoine,FID,Luxembourg,FAIBLE,faible,False,414200,2999.27,138.100076,100.0,True,2026-08-04
SUP_001189,FAS_ROT,BA000614,FAS_ROT,Rothschild & Co Gestion FAS,FAS,Luxembourg,FAIBLE,moyenne,False,43900,443.94,98.886881,13.55,True,2026-07-11
SUP_001190,FR0010392225,BA000614,FR0010392225,Varenne Capital Partners,OPCVM,France,FAIBLE,haute,False,280100,2998.22,93.422149,86.45,True,2026-07-17
SUP_001191,FID_BNP,BA000615,FID_BNP,BNP Paribas Wealth FID,FID,Luxembourg,FAIBLE,faible,False,147200,1122.32,131.157347,24.9,True,2026-08-05
SUP_001192,FR0010392225,BA000615,FR0010392225,Varenne Capital Partners,OPCVM,France,FAIBLE,haute,False,443800,5488.27,80.863313,75.1,True,2026-07-14
SUP_001193,PE_LUX_01,BA000616,PE_LUX_01,Luxembourg PE SICAR,PE,Luxembourg,FAIBLE,très faible,False,176300,1220.31,144.47163,65.38,False,2026-08-01
SUP_001194,FR001400OJI4,BA000616,FR001400OJI4,DNCA Flexibonds C,OPCVM,France,FAIBLE,haute,False,93400,906.69,103.011742,34.62,False,2026-07-19
SUP_001195,FID_BNP,BA000617,FID_BNP,BNP Paribas Wealth FID,FID,Luxembourg,FAIBLE,faible,False,551300,4647.04,118.634768,59.7,True,2026-08-04
SUP_001196,FR0010392225,BA000617,FR0010392225,Varenne Capital Partners,OPCVM,France,FAIBLE,haute,False,372100,3359.91,110.747136,40.3,True,2026-07-27
SUP_001197,FID_BNP,BA000618,FID_BNP,BNP Paribas Wealth FID,FID,Luxembourg,FAIBLE,faible,False,308400,2725.8,113.141078,74.59,True,2026-08-01
SUP_001198,XS2428662824,BA000618,XS2428662824,BNP Paribas Certificat,OPCVM,Luxembourg,FAIBLE,moyenne,False,105000,1142.17,91.930479,25.41,True,2026-07-24
SUP_001199,FID_UBS,BA000619,FID_UBS,UBS Luxembourg FID Patrimoine,FID,Luxembourg,FAIBLE,faible,False,682700,5186.09,131.640712,100.0,True,2026-07-28
SUP_001200,FID_UBS,BA000620,FID_UBS,UBS Luxembourg FID Patrimoine,FID,Luxembourg,FAIBLE,faible,False,412700,4799.11,85.995105,100.0,True,2026-07-17
SUP_001201,FID_UBS,BA000621,FID_UBS,UBS Luxembourg FID Patrimoine,FID,Luxembourg,FAIBLE,faible,False,118800,1362.62,87.185083,30.02,True,2026-07-18
SUP_001202,XS2428662824,BA000621,XS2428662824,BNP Paribas Certificat,OPCVM,Luxembourg,FAIBLE,moyenne,False,276800,2773.0,99.819822,69.98,True,2026-07-08
SUP_001203,FAS_ROT,BA000622,FAS_ROT,Rothschild & Co Gestion FAS,FAS,Luxembourg,FAIBLE,moyenne,False,341600,2963.62,115.264402,88.3,True,2026-08-03
SUP_001204,FR0010392225,BA000622,FR0010392225,Varenne Capital Partners,OPCVM,France,FAIBLE,haute,False,45300,451.58,100.313522,11.7,True,2026-07-10
SUP_001205,FID_BNP,BA000623,FID_BNP,BNP Paribas Wealth FID,FID,Luxembourg,FAIBLE,faible,False,213900,2248.08,95.147938,100.0,True,2026-08-05
SUP_001206,FID_UBS,BA000624,FID_UBS,UBS Luxembourg FID Patrimoine,FID,Luxembourg,FAIBLE,faible,False,309500,2871.75,107.774001,62.92,True,2026-07-19
SUP_001207,XS2428662824,BA000624,XS2428662824,BNP Paribas Certificat,OPCVM,Luxembourg,FAIBLE,moyenne,False,182400,1514.86,120.407249,37.08,True,2026-08-01
SUP_001208,FID_UBS,BA000625,FID_UBS,UBS Luxembourg FID Patrimoine,FID,Luxembourg,FAIBLE,faible,False,1219900,8724.14,139.830447,100.0,True,2026-07-11
SUP_001209,FID_UBS,BA000626,FID_UBS,UBS Luxembourg FID Patrimoine,FID,Luxembourg,FAIBLE,faible,False,230400,1669.33,138.019401,65.91,True,2026-07-25
SUP_001210,LU0104884860,BA000626,LU0104884860,Pictet-Water P EUR,OPCVM,Luxembourg,FAIBLE,haute,False,119100,866.46,137.455366,34.09,True,2026-07-28
SUP_001211,FID_BNP,BA000627,FID_BNP,BNP Paribas Wealth FID,FID,Luxembourg,FAIBLE,faible,False,910100,6395.55,142.302067,100.0,True,2026-07-25
SUP_001212,FID_BNP,BA000628,FID_BNP,BNP Paribas Wealth FID,FID,Luxembourg,FAIBLE,faible,False,552200,4784.01,115.426214,100.0,True,2026-07-17
SUP_001213,FID_UBS,BA000629,FID_UBS,UBS Luxembourg FID Patrimoine,FID,Luxembourg,FAIBLE,faible,False,263800,2139.86,123.278948,100.0,True,2026-07-11
SUP_001214,PE_LUX_01,BA000630,PE_LUX_01,Luxembourg PE SICAR,PE,Luxembourg,FAIBLE,très faible,False,959500,9096.59,105.479098,97.2,False,2026-07-26
SUP_001215,FR0010923383,BA000630,FR0010923383,H2O Multistrategies R,OPCVM,France,FAIBLE,haute,False,27700,274.77,100.81065,2.8,False,2026-07-31
SUP_001216,FID_BNP,BA000631,FID_BNP,BNP Paribas Wealth FID,FID,Luxembourg,FAIBLE,faible,False,357400,3178.74,112.434578,100.0,True,2026-08-04
SUP_001217,FR001400OJI4,BA000632,FR001400OJI4,DNCA Flexibonds C,OPCVM,France,FAIBLE,haute,False,75300,731.88,102.886413,12.13,False,2026-07-26
SUP_001218,LU0255977539,BA000632,LU0255977539,Pictet-Biotech R EUR,OPCVM,Luxembourg,FAIBLE,haute,False,90400,738.16,122.466969,14.57,False,2026-07-14
SUP_001219,FR0010923383,BA000632,FR0010923383,H2O Multistrategies R,OPCVM,France,FAIBLE,haute,False,124700,1431.28,87.124683,20.09,False,2026-07-28
SUP_001220,PE_LUX_01,BA000632,PE_LUX_01,Luxembourg PE SICAR,PE,Luxembourg,FAIBLE,très faible,False,330200,3025.36,109.143963,53.21,False,2026-07-25
SUP_001221,FID_BNP,BA000633,FID_BNP,BNP Paribas Wealth FID,FID,Luxembourg,FAIBLE,faible,False,2400,25.7,93.397213,0.62,True,2026-08-01
SUP_001222,FR001400OJI4,BA000633,FR001400OJI4,DNCA Flexibonds C,OPCVM,France,FAIBLE,haute,False,80400,888.72,90.467338,20.81,True,2026-07-07
SUP_001223,LU0104884860,BA000633,LU0104884860,Pictet-Water P EUR,OPCVM,Luxembourg,FAIBLE,haute,False,144400,1641.7,87.957534,37.38,True,2026-07-19
SUP_001224,FR0010392225,BA000633,FR0010392225,Varenne Capital Partners,OPCVM,France,FAIBLE,haute,False,159100,1264.46,125.824201,41.19,True,2026-07-22
SUP_001225,LU0104884860,BA000634,LU0104884860,Pictet-Water P EUR,OPCVM,Luxembourg,FAIBLE,haute,False,226500,2527.41,89.617579,70.22,False,2026-07-18
SUP_001226,LU0104884860,BA000634,LU0104884860,Pictet-Water P EUR,OPCVM,Luxembourg,FAIBLE,haute,False,27700,317.79,87.163871,8.6,False,2026-07-16
SUP_001227,FR0010392225,BA000634,FR0010392225,Varenne Capital Partners,OPCVM,France,FAIBLE,haute,False,68300,631.33,108.184951,21.18,False,2026-08-04
SUP_001228,FAS_IND,BA000635,FAS_IND,Indosuez Wealth Management FAS,FAS,Luxembourg,FAIBLE,moyenne,False,47500,511.79,92.812153,18.49,True,2026-08-05
SUP_001229,LU0255977539,BA000635,LU0255977539,Pictet-Biotech R EUR,OPCVM,Luxembourg,FAIBLE,haute,False,174600,1789.86,97.549396,67.91,True,2026-07-24
SUP_001230,FR0010392225,BA000635,FR0010392225,Varenne Capital Partners,OPCVM,France,FAIBLE,haute,False,35000,269.09,130.068582,13.6,True,2026-07-20
SUP_001231,FID_UBS,BA000636,FID_UBS,UBS Luxembourg FID Patrimoine,FID,Luxembourg,FAIBLE,faible,False,403400,2846.89,141.698555,100.0,True,2026-07-31
SUP_001232,FAS_ROT,BA000637,FAS_ROT,Rothschild & Co Gestion FAS,FAS,Luxembourg,FAIBLE,moyenne,False,101700,696.64,145.986868,33.97,True,2026-07-31
SUP_001233,FR0010923383,BA000637,FR0010923383,H2O Multistrategies R,OPCVM,France,FAIBLE,haute,False,300,2.65,113.362951,0.1,True,2026-08-04
SUP_001234,LU0255977539,BA000637,LU0255977539,Pictet-Biotech R EUR,OPCVM,Luxembourg,FAIBLE,haute,False,197400,2302.92,85.717118,65.94,True,2026-08-04
SUP_001235,PE_CAY_01,BA000638,PE_CAY_01,Cayman Growth Fund I,PE,Cayman Islands,ELEVE,très faible,True,403500,4999.88,80.701936,100.0,False,2026-07-16
SUP_001236,FID_UBS,BA000639,FID_UBS,UBS Luxembourg FID Patrimoine,FID,Luxembourg,FAIBLE,faible,False,176800,1276.97,138.452305,100.0,True,2026-08-04
SUP_001237,FID_UBS,BA000640,FID_UBS,UBS Luxembourg FID Patrimoine,FID,Luxembourg,FAIBLE,faible,False,96500,879.88,109.673831,20.5,True,2026-07-07
SUP_001238,LU0255977539,BA000640,LU0255977539,Pictet-Biotech R EUR,OPCVM,Luxembourg,FAIBLE,haute,False,4000,29.41,135.988908,0.85,True,2026-07-31
SUP_001239,FR001400OJI4,BA000640,FR001400OJI4,DNCA Flexibonds C,OPCVM,France,FAIBLE,haute,False,370200,2703.22,136.947979,78.65,True,2026-08-01
SUP_001240,FID_UBS,BA000641,FID_UBS,UBS Luxembourg FID Patrimoine,FID,Luxembourg,FAIBLE,faible,False,325800,2641.57,123.335564,57.12,True,2026-07-13
SUP_001241,LU0255977539,BA000641,LU0255977539,Pictet-Biotech R EUR,OPCVM,Luxembourg,FAIBLE,haute,False,244600,1864.02,131.221873,42.88,True,2026-07-29
SUP_001242,FID_BNP,BA000642,FID_BNP,BNP Paribas Wealth FID,FID,Luxembourg,FAIBLE,faible,False,128200,1015.47,126.247389,9.92,True,2026-07-14
SUP_001243,XS2428662824,BA000642,XS2428662824,BNP Paribas Certificat,OPCVM,Luxembourg,FAIBLE,moyenne,False,1164400,8781.92,132.590604,90.08,True,2026-07-24
SUP_001244,XS2428662824,BA000643,XS2428662824,BNP Paribas Certificat,OPCVM,Luxembourg,FAIBLE,moyenne,False,211100,1629.07,129.58298,57.69,False,2026-07-25
SUP_001245,PE_LUX_01,BA000643,PE_LUX_01,Luxembourg PE SICAR,PE,Luxembourg,FAIBLE,très faible,False,154900,1077.96,143.696852,42.31,False,2026-08-05
SUP_001246,FAS_ROT,BA000644,FAS_ROT,Rothschild & Co Gestion FAS,FAS,Luxembourg,FAIBLE,moyenne,False,336300,2605.85,129.056001,100.0,True,2026-07-08
SUP_001247,FID_BNP,BA000645,FID_BNP,BNP Paribas Wealth FID,FID,Luxembourg,FAIBLE,faible,False,889600,10746.53,82.780205,64.18,True,2026-08-02
SUP_001248,LU0255977539,BA000645,LU0255977539,Pictet-Biotech R EUR,OPCVM,Luxembourg,FAIBLE,haute,False,452300,3603.4,125.520209,32.63,True,2026-08-01
SUP_001249,LU0104884860,BA000645,LU0104884860,Pictet-Water P EUR,OPCVM,Luxembourg,FAIBLE,haute,False,44100,476.79,92.49347,3.18,True,2026-07-13
SUP_001250,FID_BNP,BA000646,FID_BNP,BNP Paribas Wealth FID,FID,Luxembourg,FAIBLE,faible,False,404400,4966.08,81.432491,100.0,True,2026-08-01
SUP_001251,FID_BNP,BA000647,FID_BNP,BNP Paribas Wealth FID,FID,Luxembourg,FAIBLE,faible,False,523700,6441.03,81.306903,7.17,True,2026-07-07
SUP_001252,FR0010392225,BA000647,FR0010392225,Varenne Capital Partners,OPCVM,France,FAIBLE,haute,False,3391700,26680.04,127.124997,46.45,True,2026-07-08
SUP_001253,LU0104884860,BA000647,LU0104884860,Pictet-Water P EUR,OPCVM,Luxembourg,FAIBLE,haute,False,3386900,24853.83,136.272744,46.38,True,2026-08-03
SUP_001254,FAS_IND,BA000648,FAS_IND,Indosuez Wealth Management FAS,FAS,Luxembourg,FAIBLE,moyenne,False,1834800,18374.46,99.856011,13.73,True,2026-07-27
SUP_001255,LU0255977539,BA000648,LU0255977539,Pictet-Biotech R EUR,OPCVM,Luxembourg,FAIBLE,haute,False,11525800,102600.54,112.336643,86.27,True,2026-07-19
SUP_001256,FID_UBS,BA000649,FID_UBS,UBS Luxembourg FID Patrimoine,FID,Luxembourg,FAIBLE,faible,False,107100,1068.29,100.253778,2.45,True,2026-07-19
SUP_001257,LU0255977539,BA000649,LU0255977539,Pictet-Biotech R EUR,OPCVM,Luxembourg,FAIBLE,haute,False,1503300,17783.97,84.531203,34.44,True,2026-07-08
SUP_001258,FR0010923383,BA000649,FR0010923383,H2O Multistrategies R,OPCVM,France,FAIBLE,haute,False,2685800,20324.51,132.145898,61.54,True,2026-08-05
SUP_001259,FR0010392225,BA000649,FR0010392225,Varenne Capital Partners,OPCVM,France,FAIBLE,haute,False,68300,539.28,126.649853,1.57,True,2026-07-26
SUP_001260,FID_BNP,BA000650,FID_BNP,BNP Paribas Wealth FID,FID,Luxembourg,FAIBLE,faible,False,287000,3104.32,92.451728,80.76,True,2026-07-18
SUP_001261,FR001400OJI4,BA000650,FR001400OJI4,DNCA Flexibonds C,OPCVM,France,FAIBLE,haute,False,68400,456.41,149.866241,19.24,True,2026-07-31
SUP_001262,FID_BNP,BA000651,FID_BNP,BNP Paribas Wealth FID,FID,Luxembourg,FAIBLE,faible,False,580200,4465.42,129.931661,81.66,True,2026-07-15
SUP_001263,XS2428662824,BA000651,XS2428662824,BNP Paribas Certificat,OPCVM,Luxembourg,FAIBLE,moyenne,False,130300,1079.85,120.665107,18.34,True,2026-07-13
SUP_001264,LU0255977539,BA000652,LU0255977539,Pictet-Biotech R EUR,OPCVM,Luxembourg,FAIBLE,haute,False,236500,1989.26,118.888577,100.0,False,2026-07-30
SUP_001265,FID_BNP,BA000653,FID_BNP,BNP Paribas Wealth FID,FID,Luxembourg,FAIBLE,faible,False,354900,2616.24,135.65249,100.0,True,2026-08-01
SUP_001266,LU0255977539,BA000654,LU0255977539,Pictet-Biotech R EUR,OPCVM,Luxembourg,FAIBLE,haute,False,327200,3502.49,93.419274,95.97,False,2026-07-29
SUP_001267,FR0010923383,BA000654,FR0010923383,H2O Multistrategies R,OPCVM,France,FAIBLE,haute,False,13700,107.92,126.943241,4.03,False,2026-07-12
SUP_001268,FAS_IND,BA000655,FAS_IND,Indosuez Wealth Management FAS,FAS,Luxembourg,FAIBLE,moyenne,False,363800,3071.35,118.449645,100.0,True,2026-07-16
SUP_001269,FID_UBS,BA000656,FID_UBS,UBS Luxembourg FID Patrimoine,FID,Luxembourg,FAIBLE,faible,False,111700,774.07,144.302989,59.57,True,2026-07-30
SUP_001270,XS2428662824,BA000656,XS2428662824,BNP Paribas Certificat,OPCVM,Luxembourg,FAIBLE,moyenne,False,75800,764.16,99.193805,40.43,True,2026-07-29
SUP_001271,LU0255977539,BA000657,LU0255977539,Pictet-Biotech R EUR,OPCVM,Luxembourg,FAIBLE,haute,False,406200,3628.0,111.962578,44.5,False,2026-07-17
SUP_001272,PE_LUX_01,BA000657,PE_LUX_01,Luxembourg PE SICAR,PE,Luxembourg,FAIBLE,très faible,False,506700,4036.46,125.530711,55.5,False,2026-07-28
SUP_001273,FID_BNP,BA000658,FID_BNP,BNP Paribas Wealth FID,FID,Luxembourg,FAIBLE,faible,False,460400,4355.51,105.705101,100.0,True,2026-07-20
SUP_001274,PE_CAY_01,BA000659,PE_CAY_01,Cayman Growth Fund I,PE,Cayman Islands,ELEVE,très faible,True,192100,1468.85,130.782724,100.0,False,2026-07-28
SUP_001275,FID_BNP,BA000660,FID_BNP,BNP Paribas Wealth FID,FID,Luxembourg,FAIBLE,faible,False,42400,494.97,85.661247,18.0,True,2026-07-27
SUP_001276,XS2428662824,BA000660,XS2428662824,BNP Paribas Certificat,OPCVM,Luxembourg,FAIBLE,moyenne,False,193400,2071.07,93.381842,82.0,True,2026-07-27
SUP_001277,FID_BNP,BA000661,FID_BNP,BNP Paribas Wealth FID,FID,Luxembourg,FAIBLE,faible,False,340800,2613.62,130.39404,100.0,True,2026-08-04
SUP_001278,FAS_IND,BA000662,FAS_IND,Indosuez Wealth Management FAS,FAS,Luxembourg,FAIBLE,moyenne,False,1471800,9888.58,148.838391,100.0,True,2026-07-24
SUP_001279,FID_UBS,BA000663,FID_UBS,UBS Luxembourg FID Patrimoine,FID,Luxembourg,FAIBLE,faible,False,13000,99.52,130.624998,4.22,True,2026-07-11
SUP_001280,FR0010923383,BA000663,FR0010923383,H2O Multistrategies R,OPCVM,France,FAIBLE,haute,False,51900,437.57,118.610503,16.86,True,2026-07-29
SUP_001281,FR0010392225,BA000663,FR0010392225,Varenne Capital Partners,OPCVM,France,FAIBLE,haute,False,195900,1459.73,134.202862,63.67,True,2026-07-21
SUP_001282,LU0104884860,BA000663,LU0104884860,Pictet-Water P EUR,OPCVM,Luxembourg,FAIBLE,haute,False,46900,465.15,100.82731,15.25,True,2026-07-27
SUP_001283,FR001400OJI4,BA000664,FR001400OJI4,DNCA Flexibonds C,OPCVM,France,FAIBLE,haute,False,878700,7153.39,122.836918,100.0,False,2026-07-18
SUP_001284,FID_UBS,BA000665,FID_UBS,UBS Luxembourg FID Patrimoine,FID,Luxembourg,FAIBLE,faible,False,101600,954.42,106.451935,30.97,True,2026-07-26
SUP_001285,FR0010392225,BA000665,FR0010392225,Varenne Capital Partners,OPCVM,France,FAIBLE,haute,False,12800,117.29,109.130403,3.89,True,2026-07-21
SUP_001286,FR0010923383,BA000665,FR0010923383,H2O Multistrategies R,OPCVM,France,FAIBLE,haute,False,213700,1453.02,147.073422,65.14,True,2026-08-03
SUP_001287,FID_UBS,BA000666,FID_UBS,UBS Luxembourg FID Patrimoine,FID,Luxembourg,FAIBLE,faible,False,397500,3360.72,118.278384,100.0,True,2026-07-10
SUP_001288,FID_UBS,BA000667,FID_UBS,UBS Luxembourg FID Patrimoine,FID,Luxembourg,FAIBLE,faible,False,411200,3411.99,120.51607,100.0,True,2026-07-14
SUP_001289,FAS_IND,BA000668,FAS_IND,Indosuez Wealth Management FAS,FAS,Luxembourg,FAIBLE,moyenne,False,395800,4038.6,98.004335,100.0,True,2026-07-08
SUP_001290,FR0010392225,BA000669,FR0010392225,Varenne Capital Partners,OPCVM,France,FAIBLE,haute,False,384900,2907.59,132.37768,100.0,False,2026-07-20
SUP_001291,FID_UBS,BA000670,FID_UBS,UBS Luxembourg FID Patrimoine,FID,Luxembourg,FAIBLE,faible,False,279600,2706.76,103.296763,100.0,True,2026-07-09
SUP_001292,FAS_IND,BA000671,FAS_IND,Indosuez Wealth Management FAS,FAS,Luxembourg,FAIBLE,moyenne,False,440900,3201.59,137.712742,100.0,True,2026-07-28
SUP_001293,FID_BNP,BA000672,FID_BNP,BNP Paribas Wealth FID,FID,Luxembourg,FAIBLE,faible,False,744600,8789.73,84.712463,18.12,True,2026-08-03
SUP_001294,FR001400OJI4,BA000672,FR001400OJI4,DNCA Flexibonds C,OPCVM,France,FAIBLE,haute,False,3364900,33451.58,100.590169,81.88,True,2026-07-10
SUP_001295,FID_UBS,BA000673,FID_UBS,UBS Luxembourg FID Patrimoine,FID,Luxembourg,FAIBLE,faible,False,375600,3583.73,104.807108,51.48,True,2026-07-29
SUP_001296,XS2428662824,BA000673,XS2428662824,BNP Paribas Certificat,OPCVM,Luxembourg,FAIBLE,moyenne,False,354000,2450.67,144.450328,48.52,True,2026-08-01
SUP_001297,FAS_ROT,BA000674,FAS_ROT,Rothschild & Co Gestion FAS,FAS,Luxembourg,FAIBLE,moyenne,False,214400,1760.76,121.765523,52.27,True,2026-07-14
SUP_001298,LU0104884860,BA000674,LU0104884860,Pictet-Water P EUR,OPCVM,Luxembourg,FAIBLE,haute,False,195800,1704.8,114.851895,47.73,True,2026-07-11
SUP_001299,FID_BNP,BA000675,FID_BNP,BNP Paribas Wealth FID,FID,Luxembourg,FAIBLE,faible,False,236000,1590.16,148.412889,100.0,True,2026-07-31
SUP_001300,FID_BNP,BA000676,FID_BNP,BNP Paribas Wealth FID,FID,Luxembourg,FAIBLE,faible,False,200600,1526.76,131.389424,59.81,True,2026-07-10
SUP_001301,FR0010923383,BA000676,FR0010923383,H2O Multistrategies R,OPCVM,France,FAIBLE,haute,False,42500,526.73,80.68715,12.68,True,2026-07-25
SUP_001302,FR0010392225,BA000676,FR0010392225,Varenne Capital Partners,OPCVM,France,FAIBLE,haute,False,92200,659.77,139.745145,27.5,True,2026-07-25
SUP_001303,FID_UBS,BA000677,FID_UBS,UBS Luxembourg FID Patrimoine,FID,Luxembourg,FAIBLE,faible,False,508800,5266.29,96.614572,69.95,True,2026-08-05
SUP_001304,FR0010923383,BA000677,FR0010923383,H2O Multistrategies R,OPCVM,France,FAIBLE,haute,False,218600,1541.57,141.803195,30.05,True,2026-07-16
SUP_001305,LU0255977539,BA000678,LU0255977539,Pictet-Biotech R EUR,OPCVM,Luxembourg,FAIBLE,haute,False,216900,1679.52,129.144374,40.87,False,2026-07-13
SUP_001306,FR0010392225,BA000678,FR0010392225,Varenne Capital Partners,OPCVM,France,FAIBLE,haute,False,12200,87.75,139.029466,2.3,False,2026-07-26
SUP_001307,FR0010923383,BA000678,FR0010923383,H2O Multistrategies R,OPCVM,France,FAIBLE,haute,False,301700,2233.5,135.079218,56.83,False,2026-07-30
SUP_001308,FAS_ROT,BA000679,FAS_ROT,Rothschild & Co Gestion FAS,FAS,Luxembourg,FAIBLE,moyenne,False,328800,2199.14,149.513283,99.96,True,2026-07-31
SUP_001309,LU0104884860,BA000679,LU0104884860,Pictet-Water P EUR,OPCVM,Luxembourg,FAIBLE,haute,False,100,1.06,93.910542,0.04,True,2026-07-16
SUP_001310,FID_BNP,BA000680,FID_BNP,BNP Paribas Wealth FID,FID,Luxembourg,FAIBLE,faible,False,78100,889.09,87.842581,30.92,True,2026-07-10
SUP_001311,LU0255977539,BA000680,LU0255977539,Pictet-Biotech R EUR,OPCVM,Luxembourg,FAIBLE,haute,False,5200,44.78,116.116814,2.07,True,2026-07-18
SUP_001312,XS2428662824,BA000680,XS2428662824,BNP Paribas Certificat,OPCVM,Luxembourg,FAIBLE,moyenne,False,35300,318.32,110.894382,13.97,True,2026-07-27
SUP_001313,FR001400OJI4,BA000680,FR001400OJI4,DNCA Flexibonds C,OPCVM,France,FAIBLE,haute,False,133900,942.43,142.079009,53.04,True,2026-07-26
SUP_001314,FAS_IND,BA000681,FAS_IND,Indosuez Wealth Management FAS,FAS,Luxembourg,FAIBLE,moyenne,False,76800,640.46,119.914192,3.41,True,2026-07-21
SUP_001315,XS2428662824,BA000681,XS2428662824,BNP Paribas Certificat,OPCVM,Luxembourg,FAIBLE,moyenne,False,2168700,22566.14,96.104159,96.39,True,2026-07-16
SUP_001316,XS2428662824,BA000681,XS2428662824,BNP Paribas Certificat,OPCVM,Luxembourg,FAIBLE,moyenne,False,4500,30.8,146.117378,0.2,True,2026-07-27
SUP_001317,FID_BNP,BA000682,FID_BNP,BNP Paribas Wealth FID,FID,Luxembourg,FAIBLE,faible,False,252500,1976.68,127.739327,100.0,True,2026-07-23
SUP_001318,FAS_IND,BA000683,FAS_IND,Indosuez Wealth Management FAS,FAS,Luxembourg,FAIBLE,moyenne,False,275900,3248.08,84.942426,78.03,True,2026-07-29
SUP_001319,LU0104884860,BA000683,LU0104884860,Pictet-Water P EUR,OPCVM,Luxembourg,FAIBLE,haute,False,77700,851.17,91.286199,21.97,True,2026-07-20
SUP_001320,FAS_ROT,BA000684,FAS_ROT,Rothschild & Co Gestion FAS,FAS,Luxembourg,FAIBLE,moyenne,False,121700,1253.45,97.091782,19.39,True,2026-08-04
SUP_001321,FR0010923383,BA000684,FR0010923383,H2O Multistrategies R,OPCVM,France,FAIBLE,haute,False,505800,3613.79,139.964045,80.61,True,2026-08-05
SUP_001322,FID_UBS,BA000685,FID_UBS,UBS Luxembourg FID Patrimoine,FID,Luxembourg,FAIBLE,faible,False,105500,861.63,122.442788,12.41,True,2026-08-05
SUP_001323,LU0104884860,BA000685,LU0104884860,Pictet-Water P EUR,OPCVM,Luxembourg,FAIBLE,haute,False,619200,4218.62,146.777997,72.8,True,2026-07-28
SUP_001324,FR0010392225,BA000685,FR0010392225,Varenne Capital Partners,OPCVM,France,FAIBLE,haute,False,125800,1300.9,96.702387,14.8,True,2026-07-24
SUP_001325,FAS_ROT,BA000686,FAS_ROT,Rothschild & Co Gestion FAS,FAS,Luxembourg,FAIBLE,moyenne,False,92000,1007.25,91.338175,23.02,True,2026-07-07
SUP_001326,FR001400OJI4,BA000686,FR001400OJI4,DNCA Flexibonds C,OPCVM,France,FAIBLE,haute,False,131500,1357.75,96.851647,32.92,True,2026-07-07
SUP_001327,FR001400OJI4,BA000686,FR001400OJI4,DNCA Flexibonds C,OPCVM,France,FAIBLE,haute,False,33600,244.99,137.148789,8.42,True,2026-07-12
SUP_001328,FR0010923383,BA000686,FR0010923383,H2O Multistrategies R,OPCVM,France,FAIBLE,haute,False,142300,1084.27,131.24023,35.63,True,2026-07-30
SUP_001329,FAS_ROT,BA000687,FAS_ROT,Rothschild & Co Gestion FAS,FAS,Luxembourg,FAIBLE,moyenne,False,841000,5914.06,142.20341,100.0,True,2026-07-30
SUP_001330,FID_UBS,BA000688,FID_UBS,UBS Luxembourg FID Patrimoine,FID,Luxembourg,FAIBLE,faible,False,161200,1176.79,136.98273,97.27,True,2026-07-30
SUP_001331,LU0255977539,BA000688,LU0255977539,Pictet-Biotech R EUR,OPCVM,Luxembourg,FAIBLE,haute,False,4500,38.37,117.278299,2.73,True,2026-07-17
SUP_001332,FID_UBS,BA000689,FID_UBS,UBS Luxembourg FID Patrimoine,FID,Luxembourg,FAIBLE,faible,False,197300,1806.38,109.223721,63.05,True,2026-08-04
SUP_001333,XS2428662824,BA000689,XS2428662824,BNP Paribas Certificat,OPCVM,Luxembourg,FAIBLE,moyenne,False,115700,978.02,118.299915,36.95,True,2026-07-30
SUP_001334,FID_UBS,BA000690,FID_UBS,UBS Luxembourg FID Patrimoine,FID,Luxembourg,FAIBLE,faible,False,242500,2935.11,82.620417,100.0,True,2026-08-02
SUP_001335,LU0104884860,BA000691,LU0104884860,Pictet-Water P EUR,OPCVM,Luxembourg,FAIBLE,haute,False,1295300,14278.85,90.714616,100.0,False,2026-07-18
SUP_001336,FID_UBS,BA000692,FID_UBS,UBS Luxembourg FID Patrimoine,FID,Luxembourg,FAIBLE,faible,False,320200,2711.76,118.078136,100.0,True,2026-07-26
SUP_001337,FID_UBS,BA000693,FID_UBS,UBS Luxembourg FID Patrimoine,FID,Luxembourg,FAIBLE,faible,False,24800,167.48,148.076054,2.34,True,2026-07-14
SUP_001338,FR0010392225,BA000693,FR0010392225,Varenne Capital Partners,OPCVM,France,FAIBLE,haute,False,1035000,12264.82,84.387681,97.66,True,2026-07-28
SUP_001339,FID_BNP,BA000694,FID_BNP,BNP Paribas Wealth FID,FID,Luxembourg,FAIBLE,faible,False,659700,5281.53,124.907064,53.21,True,2026-07-13
SUP_001340,FR0010923383,BA000694,FR0010923383,H2O Multistrategies R,OPCVM,France,FAIBLE,haute,False,580100,4668.31,124.26351,46.79,True,2026-07-29
SUP_001341,FID_UBS,BA000695,FID_UBS,UBS Luxembourg FID Patrimoine,FID,Luxembourg,FAIBLE,faible,False,357900,2988.7,119.751041,100.0,True,2026-07-11
SUP_001342,FAS_IND,BA000696,FAS_IND,Indosuez Wealth Management FAS,FAS,Luxembourg,FAIBLE,moyenne,False,183500,1938.24,94.673712,32.22,True,2026-07-16
SUP_001343,LU0104884860,BA000696,LU0104884860,Pictet-Water P EUR,OPCVM,Luxembourg,FAIBLE,haute,False,385900,4336.68,88.985143,67.78,True,2026-07-09
SUP_001344,LU0255977539,BA000697,LU0255977539,Pictet-Biotech R EUR,OPCVM,Luxembourg,FAIBLE,haute,False,264100,2594.38,101.797147,100.0,False,2026-07-25
SUP_001345,LU0255977539,BA000698,LU0255977539,Pictet-Biotech R EUR,OPCVM,Luxembourg,FAIBLE,haute,False,275100,2713.54,101.380475,76.07,False,2026-07-29
SUP_001346,LU0255977539,BA000698,LU0255977539,Pictet-Biotech R EUR,OPCVM,Luxembourg,FAIBLE,haute,False,86500,990.69,87.313146,23.93,False,2026-07-21
SUP_001347,FID_UBS,BA000699,FID_UBS,UBS Luxembourg FID Patrimoine,FID,Luxembourg,FAIBLE,faible,False,512000,3755.45,136.335271,59.57,True,2026-07-27
SUP_001348,LU0104884860,BA000699,LU0104884860,Pictet-Water P EUR,OPCVM,Luxembourg,FAIBLE,haute,False,347500,3454.41,100.596015,40.43,True,2026-07-12
SUP_001349,FID_UBS,BA000700,FID_UBS,UBS Luxembourg FID Patrimoine,FID,Luxembourg,FAIBLE,faible,False,305800,2465.52,124.030432,100.0,True,2026-07-22
SUP_001350,LU0104884860,BA000701,LU0104884860,Pictet-Water P EUR,OPCVM,Luxembourg,FAIBLE,haute,False,462600,4468.01,103.53597,100.0,False,2026-07-18
SUP_001351,FID_BNP,BA000702,FID_BNP,BNP Paribas Wealth FID,FID,Luxembourg,FAIBLE,faible,False,193600,1613.53,119.985729,100.0,True,2026-07-31
SUP_001352,FID_BNP,BA000703,FID_BNP,BNP Paribas Wealth FID,FID,Luxembourg,FAIBLE,faible,False,349900,2627.1,133.188747,100.0,True,2026-07-07
SUP_001353,FID_BNP,BA000704,FID_BNP,BNP Paribas Wealth FID,FID,Luxembourg,FAIBLE,faible,False,73500,603.57,121.775721,30.27,True,2026-07-08
SUP_001354,LU0255977539,BA000704,LU0255977539,Pictet-Biotech R EUR,OPCVM,Luxembourg,FAIBLE,haute,False,79300,755.14,105.01385,32.67,True,2026-07-27
SUP_001355,XS2428662824,BA000704,XS2428662824,BNP Paribas Certificat,OPCVM,Luxembourg,FAIBLE,moyenne,False,30400,228.83,132.851439,12.51,True,2026-07-18
SUP_001356,LU0255977539,BA000704,LU0255977539,Pictet-Biotech R EUR,OPCVM,Luxembourg,FAIBLE,haute,False,59600,398.16,149.686904,24.56,True,2026-07-24
SUP_001357,FID_BNP,BA000705,FID_BNP,BNP Paribas Wealth FID,FID,Luxembourg,FAIBLE,faible,False,286800,2694.37,106.4441,89.57,True,2026-07-09
SUP_001358,FR0010923383,BA000705,FR0010923383,H2O Multistrategies R,OPCVM,France,FAIBLE,haute,False,33400,248.0,134.677264,10.43,True,2026-07-07
SUP_001359,FAS_IND,BA000706,FAS_IND,Indosuez Wealth Management FAS,FAS,Luxembourg,FAIBLE,moyenne,False,331300,2326.78,142.385562,73.04,True,2026-07-29
SUP_001360,FR001400OJI4,BA000706,FR001400OJI4,DNCA Flexibonds C,OPCVM,France,FAIBLE,haute,False,122300,1026.43,119.151159,26.96,True,2026-07-21
SUP_001361,FID_BNP,BA000707,FID_BNP,BNP Paribas Wealth FID,FID,Luxembourg,FAIBLE,faible,False,96300,671.38,143.435614,47.62,True,2026-07-30
SUP_001362,FR001400OJI4,BA000707,FR001400OJI4,DNCA Flexibonds C,OPCVM,France,FAIBLE,haute,False,105900,769.5,137.621998,52.38,True,2026-07-24
SUP_001363,FID_BNP,BA000708,FID_BNP,BNP Paribas Wealth FID,FID,Luxembourg,FAIBLE,faible,False,55800,386.83,144.247729,18.2,True,2026-07-15
SUP_001364,FR0010923383,BA000708,FR0010923383,H2O Multistrategies R,OPCVM,France,FAIBLE,haute,False,250700,1783.91,140.533775,81.8,True,2026-07-12
SUP_001365,FR0010923383,BA000709,FR0010923383,H2O Multistrategies R,OPCVM,France,FAIBLE,haute,False,320900,2548.04,125.939724,100.0,False,2026-07-09
SUP_001366,LU0255977539,BA000710,LU0255977539,Pictet-Biotech R EUR,OPCVM,Luxembourg,FAIBLE,haute,False,362300,3080.96,117.593136,100.0,False,2026-07-11
SUP_001367,FID_BNP,BA000711,FID_BNP,BNP Paribas Wealth FID,FID,Luxembourg,FAIBLE,faible,False,69500,620.8,111.953008,17.67,True,2026-07-29
SUP_001368,FR001400OJI4,BA000711,FR001400OJI4,DNCA Flexibonds C,OPCVM,France,FAIBLE,haute,False,324200,2603.8,124.510274,82.33,True,2026-07-10
SUP_001369,FR0010392225,BA000712,FR0010392225,Varenne Capital Partners,OPCVM,France,FAIBLE,haute,False,716800,6323.3,113.358605,100.0,False,2026-08-01
SUP_001370,FID_UBS,BA000713,FID_UBS,UBS Luxembourg FID Patrimoine,FID,Luxembourg,FAIBLE,faible,False,671400,5544.86,121.085008,100.0,True,2026-07-13
SUP_001371,FID_BNP,BA000714,FID_BNP,BNP Paribas Wealth FID,FID,Luxembourg,FAIBLE,faible,False,998000,9181.89,108.692245,100.0,True,2026-07-26
SUP_001372,PE_CAY_01,BA000715,PE_CAY_01,Cayman Growth Fund I,PE,Cayman Islands,ELEVE,très faible,True,207700,1534.82,135.325604,44.01,False,2026-08-03
SUP_001373,XS2428662824,BA000715,XS2428662824,BNP Paribas Certificat,OPCVM,Luxembourg,FAIBLE,moyenne,False,264200,1914.76,137.980945,55.99,False,2026-07-23
SUP_001374,FID_UBS,BA000716,FID_UBS,UBS Luxembourg FID Patrimoine,FID,Luxembourg,FAIBLE,faible,False,268800,2260.98,118.886442,100.0,True,2026-07-27
SUP_001375,FID_BNP,BA000717,FID_BNP,BNP Paribas Wealth FID,FID,Luxembourg,FAIBLE,faible,False,215400,1709.36,126.012443,67.31,True,2026-07-13
SUP_001376,FR001400OJI4,BA000717,FR001400OJI4,DNCA Flexibonds C,OPCVM,France,FAIBLE,haute,False,104600,777.58,134.520171,32.69,True,2026-07-14
SUP_001377,FID_UBS,BA000718,FID_UBS,UBS Luxembourg FID Patrimoine,FID,Luxembourg,FAIBLE,faible,False,270800,2177.59,124.357713,84.9,True,2026-07-28
SUP_001378,XS2428662824,BA000718,XS2428662824,BNP Paribas Certificat,OPCVM,Luxembourg,FAIBLE,moyenne,False,48200,550.95,87.486036,15.1,True,2026-08-01
SUP_001379,FAS_IND,BA000719,FAS_IND,Indosuez Wealth Management FAS,FAS,Luxembourg,FAIBLE,moyenne,False,907000,7350.85,123.38715,73.48,True,2026-08-03
SUP_001380,FR001400OJI4,BA000719,FR001400OJI4,DNCA Flexibonds C,OPCVM,France,FAIBLE,haute,False,139100,969.32,143.502086,11.27,True,2026-07-22
SUP_001381,FR0010392225,BA000719,FR0010392225,Varenne Capital Partners,OPCVM,France,FAIBLE,haute,False,188200,2152.75,87.423015,15.25,True,2026-07-16
SUP_001382,FID_BNP,BA000720,FID_BNP,BNP Paribas Wealth FID,FID,Luxembourg,FAIBLE,faible,False,15500,118.85,130.420487,4.93,True,2026-07-30
SUP_001383,LU0255977539,BA000720,LU0255977539,Pictet-Biotech R EUR,OPCVM,Luxembourg,FAIBLE,haute,False,30500,370.56,82.307773,9.73,True,2026-08-03
SUP_001384,XS2428662824,BA000720,XS2428662824,BNP Paribas Certificat,OPCVM,Luxembourg,FAIBLE,moyenne,False,187400,1310.15,143.036929,59.71,True,2026-08-04
SUP_001385,FR0010923383,BA000720,FR0010923383,H2O Multistrategies R,OPCVM,France,FAIBLE,haute,False,80500,583.73,137.90671,25.63,True,2026-07-25
SUP_001386,FAS_IND,BA000721,FAS_IND,Indosuez Wealth Management FAS,FAS,Luxembourg,FAIBLE,moyenne,False,837500,9025.85,92.789019,99.19,True,2026-07-16
SUP_001387,FR001400OJI4,BA000721,FR001400OJI4,DNCA Flexibonds C,OPCVM,France,FAIBLE,haute,False,6900,80.53,85.680513,0.81,True,2026-07-12
SUP_001388,FID_UBS,BA000722,FID_UBS,UBS Luxembourg FID Patrimoine,FID,Luxembourg,FAIBLE,faible,False,1030900,10743.77,95.953265,53.66,True,2026-07-07
SUP_001389,FR0010923383,BA000722,FR0010923383,H2O Multistrategies R,OPCVM,France,FAIBLE,haute,False,890100,8728.1,101.980939,46.34,True,2026-08-04
SUP_001390,FR0010923383,BA000723,FR0010923383,H2O Multistrategies R,OPCVM,France,FAIBLE,haute,False,28500,340.02,83.81799,12.81,False,2026-07-10
SUP_001391,LU0255977539,BA000723,LU0255977539,Pictet-Biotech R EUR,OPCVM,Luxembourg,FAIBLE,haute,False,194300,1722.85,112.778258,87.19,False,2026-08-02
SUP_001392,FAS_IND,BA000724,FAS_IND,Indosuez Wealth Management FAS,FAS,Luxembourg,FAIBLE,moyenne,False,145200,1295.22,112.104551,44.02,True,2026-07-23
SUP_001393,LU0255977539,BA000724,LU0255977539,Pictet-Biotech R EUR,OPCVM,Luxembourg,FAIBLE,haute,False,184700,1466.21,125.97112,55.98,True,2026-08-03
SUP_001394,FID_BNP,BA000725,FID_BNP,BNP Paribas Wealth FID,FID,Luxembourg,FAIBLE,faible,False,503700,4831.86,104.245572,100.0,True,2026-07-18
SUP_001395,FID_UBS,BA000726,FID_UBS,UBS Luxembourg FID Patrimoine,FID,Luxembourg,FAIBLE,faible,False,335200,2522.13,132.903314,45.57,True,2026-07-24
SUP_001396,FR0010392225,BA000726,FR0010392225,Varenne Capital Partners,OPCVM,France,FAIBLE,haute,False,400400,3148.69,127.163879,54.43,True,2026-07-22
SUP_001397,FAS_ROT,BA000727,FAS_ROT,Rothschild & Co Gestion FAS,FAS,Luxembourg,FAIBLE,moyenne,False,379100,2718.35,139.459348,100.0,True,2026-07-19
SUP_001398,FAS_ROT,BA000728,FAS_ROT,Rothschild & Co Gestion FAS,FAS,Luxembourg,FAIBLE,moyenne,False,209600,1617.6,129.574448,15.86,True,2026-07-22
SUP_001399,FR001400OJI4,BA000728,FR001400OJI4,DNCA Flexibonds C,OPCVM,France,FAIBLE,haute,False,1112400,8729.69,127.427164,84.14,True,2026-07-11
SUP_001400,FID_BNP,BA000729,FID_BNP,BNP Paribas Wealth FID,FID,Luxembourg,FAIBLE,faible,False,222900,1578.42,141.216912,39.27,True,2026-07-19
SUP_001401,FR001400OJI4,BA000729,FR001400OJI4,DNCA Flexibonds C,OPCVM,France,FAIBLE,haute,False,344600,2928.7,117.663264,60.73,True,2026-07-19
SUP_001402,FAS_ROT,BA000730,FAS_ROT,Rothschild & Co Gestion FAS,FAS,Luxembourg,FAIBLE,moyenne,False,181900,1398.09,130.10651,11.18,True,2026-07-15
SUP_001403,LU0255977539,BA000730,LU0255977539,Pictet-Biotech R EUR,OPCVM,Luxembourg,FAIBLE,haute,False,723800,5521.22,131.094269,44.48,True,2026-07-09
SUP_001404,XS2428662824,BA000730,XS2428662824,BNP Paribas Certificat,OPCVM,Luxembourg,FAIBLE,moyenne,False,721500,4866.88,148.24682,44.34,True,2026-07-24
SUP_001405,PE_CAY_01,BA000731,PE_CAY_01,Cayman Growth Fund I,PE,Cayman Islands,ELEVE,très faible,True,473600,3519.26,134.57382,16.01,False,2026-07-29
SUP_001406,LU0104884860,BA000731,LU0104884860,Pictet-Water P EUR,OPCVM,Luxembourg,FAIBLE,haute,False,2398200,18803.58,127.539543,81.07,False,2026-07-30
SUP_001407,LU0104884860,BA000731,LU0104884860,Pictet-Water P EUR,OPCVM,Luxembourg,FAIBLE,haute,False,86300,1070.18,80.64042,2.92,False,2026-07-21
SUP_001408,FAS_IND,BA000732,FAS_IND,Indosuez Wealth Management FAS,FAS,Luxembourg,FAIBLE,moyenne,False,305800,2480.16,123.298525,100.0,True,2026-07-13
SUP_001409,FAS_ROT,BA000733,FAS_ROT,Rothschild & Co Gestion FAS,FAS,Luxembourg,FAIBLE,moyenne,False,258700,1919.7,134.76038,47.18,True,2026-07-28
SUP_001410,LU0104884860,BA000733,LU0104884860,Pictet-Water P EUR,OPCVM,Luxembourg,FAIBLE,haute,False,289500,2876.21,100.653161,52.82,True,2026-08-04
SUP_001411,FID_BNP,BA000734,FID_BNP,BNP Paribas Wealth FID,FID,Luxembourg,FAIBLE,faible,False,333900,2633.14,126.806657,100.0,True,2026-07-23
SUP_001412,FID_UBS,BA000735,FID_UBS,UBS Luxembourg FID Patrimoine,FID,Luxembourg,FAIBLE,faible,False,776000,8957.17,86.634485,94.57,True,2026-07-31
SUP_001413,FR0010392225,BA000735,FR0010392225,Varenne Capital Partners,OPCVM,France,FAIBLE,haute,False,44500,313.07,142.140624,5.43,True,2026-07-09
SUP_001414,FAS_ROT,BA000736,FAS_ROT,Rothschild & Co Gestion FAS,FAS,Luxembourg,FAIBLE,moyenne,False,33500,294.26,113.843277,11.62,True,2026-08-04
SUP_001415,FR001400OJI4,BA000736,FR001400OJI4,DNCA Flexibonds C,OPCVM,France,FAIBLE,haute,False,143200,1228.9,116.527166,49.64,True,2026-08-04
SUP_001416,FR0010923383,BA000736,FR0010923383,H2O Multistrategies R,OPCVM,France,FAIBLE,haute,False,70500,719.4,97.997851,24.42,True,2026-07-25
SUP_001417,FR0010923383,BA000736,FR0010923383,H2O Multistrategies R,OPCVM,France,FAIBLE,haute,False,41300,416.58,99.139499,14.32,True,2026-07-13
SUP_001418,LU0255977539,BA000737,LU0255977539,Pictet-Biotech R EUR,OPCVM,Luxembourg,FAIBLE,haute,False,97700,1161.01,84.150588,24.96,False,2026-07-26
SUP_001419,FR0010392225,BA000737,FR0010392225,Varenne Capital Partners,OPCVM,France,FAIBLE,haute,False,300,3.06,98.113283,0.07,False,2026-07-13
SUP_001420,PE_CAY_01,BA000737,PE_CAY_01,Cayman Growth Fund I,PE,Cayman Islands,ELEVE,très faible,True,74900,632.59,118.402981,19.14,False,2026-07-17
SUP_001421,PE_LUX_01,BA000737,PE_LUX_01,Luxembourg PE SICAR,PE,Luxembourg,FAIBLE,très faible,False,218600,1936.2,112.901327,55.83,False,2026-07-27
SUP_001422,FID_UBS,BA000738,FID_UBS,UBS Luxembourg FID Patrimoine,FID,Luxembourg,FAIBLE,faible,False,242500,2748.72,88.222921,100.0,True,2026-07-25
SUP_001423,FAS_IND,BA000739,FAS_IND,Indosuez Wealth Management FAS,FAS,Luxembourg,FAIBLE,moyenne,False,403800,4164.9,96.953125,98.74,True,2026-08-05
SUP_001424,LU0255977539,BA000739,LU0255977539,Pictet-Biotech R EUR,OPCVM,Luxembourg,FAIBLE,haute,False,5100,49.59,102.840974,1.26,True,2026-07-24
SUP_001425,FID_BNP,BA000740,FID_BNP,BNP Paribas Wealth FID,FID,Luxembourg,FAIBLE,faible,False,104300,1089.99,95.68902,42.91,True,2026-07-30
SUP_001426,XS2428662824,BA000740,XS2428662824,BNP Paribas Certificat,OPCVM,Luxembourg,FAIBLE,moyenne,False,69700,524.73,132.830227,28.67,True,2026-07-16
SUP_001427,FR0010392225,BA000740,FR0010392225,Varenne Capital Partners,OPCVM,France,FAIBLE,haute,False,69100,614.49,112.450658,28.42,True,2026-07-12
SUP_001428,PE_CAY_01,BA000741,PE_CAY_01,Cayman Growth Fund I,PE,Cayman Islands,ELEVE,très faible,True,778500,6170.81,126.158492,100.0,False,2026-07-07
SUP_001429,FID_BNP,BA000742,FID_BNP,BNP Paribas Wealth FID,FID,Luxembourg,FAIBLE,faible,False,177800,1411.01,126.008797,54.2,True,2026-07-27
SUP_001430,FR001400OJI4,BA000742,FR001400OJI4,DNCA Flexibonds C,OPCVM,France,FAIBLE,haute,False,126400,1290.51,97.945693,38.54,True,2026-07-23
SUP_001431,FR0010923383,BA000742,FR0010923383,H2O Multistrategies R,OPCVM,France,FAIBLE,haute,False,23800,173.99,136.789988,7.26,True,2026-08-05
SUP_001432,FID_BNP,BA000743,FID_BNP,BNP Paribas Wealth FID,FID,Luxembourg,FAIBLE,faible,False,204600,1523.39,134.305912,47.78,True,2026-07-11
SUP_001433,XS2428662824,BA000743,XS2428662824,BNP Paribas Certificat,OPCVM,Luxembourg,FAIBLE,moyenne,False,223700,2276.73,98.254745,52.22,True,2026-07-12
SUP_001434,FID_BNP,BA000744,FID_BNP,BNP Paribas Wealth FID,FID,Luxembourg,FAIBLE,faible,False,41200,333.06,123.702935,24.16,True,2026-07-17
SUP_001435,LU0104884860,BA000744,LU0104884860,Pictet-Water P EUR,OPCVM,Luxembourg,FAIBLE,haute,False,85700,605.72,141.484531,50.23,True,2026-07-09
SUP_001436,FR0010923383,BA000744,FR0010923383,H2O Multistrategies R,OPCVM,France,FAIBLE,haute,False,40000,347.78,115.01478,23.44,True,2026-07-18
SUP_001437,FR0010923383,BA000744,FR0010923383,H2O Multistrategies R,OPCVM,France,FAIBLE,haute,False,3700,30.5,121.29226,2.17,True,2026-07-08
SUP_001438,FID_BNP,BA000745,FID_BNP,BNP Paribas Wealth FID,FID,Luxembourg,FAIBLE,faible,False,448600,3733.58,120.152726,100.0,True,2026-07-31
SUP_001439,FID_UBS,BA000746,FID_UBS,UBS Luxembourg FID Patrimoine,FID,Luxembourg,FAIBLE,faible,False,797800,5704.47,139.855119,100.0,True,2026-07-29
SUP_001440,FAS_ROT,BA000747,FAS_ROT,Rothschild & Co Gestion FAS,FAS,Luxembourg,FAIBLE,moyenne,False,368200,2885.44,127.606098,100.0,True,2026-07-31
SUP_001441,FR001400OJI4,BA000748,FR001400OJI4,DNCA Flexibonds C,OPCVM,France,FAIBLE,haute,False,291300,2178.0,133.746266,100.0,False,2026-07-30
SUP_001442,LU0255977539,BA000749,LU0255977539,Pictet-Biotech R EUR,OPCVM,Luxembourg,FAIBLE,haute,False,315700,3676.85,85.861649,100.0,False,2026-07-24
SUP_001443,FID_UBS,BA000750,FID_UBS,UBS Luxembourg FID Patrimoine,FID,Luxembourg,FAIBLE,faible,False,895000,8401.64,106.526881,100.0,True,2026-07-18
SUP_001444,FR001400OJI4,BA000751,FR001400OJI4,DNCA Flexibonds C,OPCVM,France,FAIBLE,haute,False,230500,2597.8,88.72889,100.0,False,2026-08-03
SUP_001445,FR001400OJI4,BA000752,FR001400OJI4,DNCA Flexibonds C,OPCVM,France,FAIBLE,haute,False,577500,5100.51,113.224068,64.06,False,2026-08-04
SUP_001446,PE_LUX_01,BA000752,PE_LUX_01,Luxembourg PE SICAR,PE,Luxembourg,FAIBLE,très faible,False,324000,3974.96,81.510176,35.94,False,2026-08-04
SUP_001447,PE_LUX_01,BA000753,PE_LUX_01,Luxembourg PE SICAR,PE,Luxembourg,FAIBLE,très faible,False,436700,3891.44,112.220591,100.0,False,2026-07-19
SUP_001448,FAS_IND,BA000754,FAS_IND,Indosuez Wealth Management FAS,FAS,Luxembourg,FAIBLE,moyenne,False,352700,3365.88,104.786981,100.0,True,2026-07-18
SUP_001449,FID_BNP,BA000755,FID_BNP,BNP Paribas Wealth FID,FID,Luxembourg,FAIBLE,faible,False,2263400,22471.92,100.721263,100.0,True,2026-07-30
SUP_001450,PE_CAY_01,BA000756,PE_CAY_01,Cayman Growth Fund I,PE,Cayman Islands,ELEVE,très faible,True,110900,1086.57,102.06417,36.11,False,2026-08-05
SUP_001451,PE_CAY_01,BA000756,PE_CAY_01,Cayman Growth Fund I,PE,Cayman Islands,ELEVE,très faible,True,63000,445.94,141.273745,20.51,False,2026-07-27
SUP_001452,FR0010392225,BA000756,FR0010392225,Varenne Capital Partners,OPCVM,France,FAIBLE,haute,False,11600,91.32,127.022773,3.78,False,2026-07-27
SUP_001453,FR0010923383,BA000756,FR0010923383,H2O Multistrategies R,OPCVM,France,FAIBLE,haute,False,121600,1288.34,94.385339,39.6,False,2026-07-12
SUP_001454,FID_UBS,BA000757,FID_UBS,UBS Luxembourg FID Patrimoine,FID,Luxembourg,FAIBLE,faible,False,650200,7418.53,87.645451,100.0,True,2026-07-12
SUP_001455,FR001400OJI4,BA000758,FR001400OJI4,DNCA Flexibonds C,OPCVM,France,FAIBLE,haute,False,326400,2260.22,144.410999,100.0,False,2026-07-22
SUP_001456,LU0255977539,BA000759,LU0255977539,Pictet-Biotech R EUR,OPCVM,Luxembourg,FAIBLE,haute,False,301900,2833.61,106.542656,100.0,False,2026-07-20
SUP_001457,LU0255977539,BA000760,LU0255977539,Pictet-Biotech R EUR,OPCVM,Luxembourg,FAIBLE,haute,False,175900,1455.96,120.814031,41.55,False,2026-08-05
SUP_001458,FR0010923383,BA000760,FR0010923383,H2O Multistrategies R,OPCVM,France,FAIBLE,haute,False,247400,2956.04,83.693065,58.45,False,2026-07-31
SUP_001459,FAS_IND,BA000761,FAS_IND,Indosuez Wealth Management FAS,FAS,Luxembourg,FAIBLE,moyenne,False,324700,3515.68,92.357535,100.0,True,2026-07-25
SUP_001460,FID_UBS,BA000762,FID_UBS,UBS Luxembourg FID Patrimoine,FID,Luxembourg,FAIBLE,faible,False,17700,131.22,134.892304,7.77,True,2026-08-03
SUP_001461,LU0255977539,BA000762,LU0255977539,Pictet-Biotech R EUR,OPCVM,Luxembourg,FAIBLE,haute,False,32700,295.55,110.641721,14.37,True,2026-07-25
SUP_001462,XS2428662824,BA000762,XS2428662824,BNP Paribas Certificat,OPCVM,Luxembourg,FAIBLE,moyenne,False,113700,762.87,149.043301,50.01,True,2026-07-19
SUP_001463,FR0010923383,BA000762,FR0010923383,H2O Multistrategies R,OPCVM,France,FAIBLE,haute,False,63300,651.88,97.104081,27.85,True,2026-07-12
SUP_001464,FAS_IND,BA000763,FAS_IND,Indosuez Wealth Management FAS,FAS,Luxembourg,FAIBLE,moyenne,False,112800,889.0,126.884231,27.75,True,2026-07-10
SUP_001465,FR001400OJI4,BA000763,FR001400OJI4,DNCA Flexibonds C,OPCVM,France,FAIBLE,haute,False,279800,2739.98,102.117405,68.85,True,2026-07-23
SUP_001466,FR0010392225,BA000763,FR0010392225,Varenne Capital Partners,OPCVM,France,FAIBLE,haute,False,13800,125.79,109.709407,3.4,True,2026-07-20
SUP_001467,FID_BNP,BA000764,FID_BNP,BNP Paribas Wealth FID,FID,Luxembourg,FAIBLE,faible,False,341200,2314.28,147.432446,100.0,True,2026-08-01
SUP_001468,FAS_IND,BA000765,FAS_IND,Indosuez Wealth Management FAS,FAS,Luxembourg,FAIBLE,moyenne,False,818000,6818.87,119.961279,100.0,True,2026-07-14
SUP_001469,FID_UBS,BA000766,FID_UBS,UBS Luxembourg FID Patrimoine,FID,Luxembourg,FAIBLE,faible,False,36000,330.53,108.916097,4.35,True,2026-07-22
SUP_001470,LU0255977539,BA000766,LU0255977539,Pictet-Biotech R EUR,OPCVM,Luxembourg,FAIBLE,haute,False,790600,6122.78,129.124355,95.65,True,2026-07-18
SUP_001471,FAS_IND,BA000767,FAS_IND,Indosuez Wealth Management FAS,FAS,Luxembourg,FAIBLE,moyenne,False,279300,2737.68,102.020849,73.15,True,2026-07-19
SUP_001472,FR0010392225,BA000767,FR0010392225,Varenne Capital Partners,OPCVM,France,FAIBLE,haute,False,102600,926.82,110.701183,26.85,True,2026-07-26
SUP_001473,FAS_IND,BA000768,FAS_IND,Indosuez Wealth Management FAS,FAS,Luxembourg,FAIBLE,moyenne,False,1676900,15512.01,108.103326,36.32,True,2026-07-07
SUP_001474,FR001400OJI4,BA000768,FR001400OJI4,DNCA Flexibonds C,OPCVM,France,FAIBLE,haute,False,2749000,30919.72,88.907668,59.53,True,2026-07-17
SUP_001475,LU0255977539,BA000768,LU0255977539,Pictet-Biotech R EUR,OPCVM,Luxembourg,FAIBLE,haute,False,191500,1533.46,124.880895,4.15,True,2026-07-29
SUP_001476,FID_BNP,BA000769,FID_BNP,BNP Paribas Wealth FID,FID,Luxembourg,FAIBLE,faible,False,231300,2339.2,98.879806,100.0,True,2026-07-24
SUP_001477,FAS_IND,BA000770,FAS_IND,Indosuez Wealth Management FAS,FAS,Luxembourg,FAIBLE,moyenne,False,573300,5633.5,101.766135,72.77,True,2026-07-18
SUP_001478,XS2428662824,BA000770,XS2428662824,BNP Paribas Certificat,OPCVM,Luxembourg,FAIBLE,moyenne,False,214500,2609.55,82.197961,27.23,True,2026-07-13
SUP_001479,LU0255977539,BA000771,LU0255977539,Pictet-Biotech R EUR,OPCVM,Luxembourg,FAIBLE,haute,False,1202900,12517.26,96.099291,56.38,False,2026-08-01
SUP_001480,FR0010392225,BA000771,FR0010392225,Varenne Capital Partners,OPCVM,France,FAIBLE,haute,False,862500,8265.7,104.346904,40.42,False,2026-07-15
SUP_001481,FR0010392225,BA000771,FR0010392225,Varenne Capital Partners,OPCVM,France,FAIBLE,haute,False,68300,813.9,83.917443,3.2,False,2026-07-28
SUP_001482,FID_BNP,BA000772,FID_BNP,BNP Paribas Wealth FID,FID,Luxembourg,FAIBLE,faible,False,1273500,8764.23,145.306545,100.0,True,2026-07-20
SUP_001483,FID_BNP,BA000773,FID_BNP,BNP Paribas Wealth FID,FID,Luxembourg,FAIBLE,faible,False,329700,2853.09,115.558839,100.0,True,2026-07-23
SUP_001484,FID_UBS,BA000774,FID_UBS,UBS Luxembourg FID Patrimoine,FID,Luxembourg,FAIBLE,faible,False,178800,1310.75,136.410552,100.0,True,2026-07-20
SUP_001485,FAS_IND,BA000775,FAS_IND,Indosuez Wealth Management FAS,FAS,Luxembourg,FAIBLE,moyenne,False,419600,3224.59,130.125001,100.0,True,2026-07-12
SUP_001486,FID_BNP,BA000776,FID_BNP,BNP Paribas Wealth FID,FID,Luxembourg,FAIBLE,faible,False,76600,557.13,137.489546,31.83,True,2026-07-28
SUP_001487,XS2428662824,BA000776,XS2428662824,BNP Paribas Certificat,OPCVM,Luxembourg,FAIBLE,moyenne,False,164100,1201.49,136.580665,68.17,True,2026-07-14
SUP_001488,PE_CAY_01,BA000777,PE_CAY_01,Cayman Growth Fund I,PE,Cayman Islands,ELEVE,très faible,True,240800,1750.37,137.571089,100.0,False,2026-07-27
SUP_001489,FR0010392225,BA000778,FR0010392225,Varenne Capital Partners,OPCVM,France,FAIBLE,haute,False,397400,3471.84,114.463846,35.38,False,2026-07-16
SUP_001490,FR0010392225,BA000778,FR0010392225,Varenne Capital Partners,OPCVM,France,FAIBLE,haute,False,57300,503.65,113.769657,5.1,False,2026-07-14
SUP_001491,XS2428662824,BA000778,XS2428662824,BNP Paribas Certificat,OPCVM,Luxembourg,FAIBLE,moyenne,False,668600,6688.06,99.969196,59.52,False,2026-07-17
SUP_001492,FID_BNP,BA000779,FID_BNP,BNP Paribas Wealth FID,FID,Luxembourg,FAIBLE,faible,False,24200,249.05,97.169742,2.58,True,2026-07-31
SUP_001493,FR0010392225,BA000779,FR0010392225,Varenne Capital Partners,OPCVM,France,FAIBLE,haute,False,334000,3292.97,101.42834,35.56,True,2026-07-16
SUP_001494,FR001400OJI4,BA000779,FR001400OJI4,DNCA Flexibonds C,OPCVM,France,FAIBLE,haute,False,581200,5825.88,99.761818,61.87,True,2026-07-29
SUP_001495,FID_BNP,BA000780,FID_BNP,BNP Paribas Wealth FID,FID,Luxembourg,FAIBLE,faible,False,647100,6044.43,107.057247,100.0,True,2026-07-27
SUP_001496,FR001400OJI4,BA000781,FR001400OJI4,DNCA Flexibonds C,OPCVM,France,FAIBLE,haute,False,197600,1959.63,100.835597,82.49,False,2026-08-04
SUP_001497,LU0255977539,BA000781,LU0255977539,Pictet-Biotech R EUR,OPCVM,Luxembourg,FAIBLE,haute,False,42000,380.41,110.407317,17.51,False,2026-07-22
SUP_001498,XS2428662824,BA000782,XS2428662824,BNP Paribas Certificat,OPCVM,Luxembourg,FAIBLE,moyenne,False,50700,451.13,112.384592,16.23,False,2026-07-17
SUP_001499,FR0010392225,BA000782,FR0010392225,Varenne Capital Partners,OPCVM,France,FAIBLE,haute,False,96900,1009.89,95.950896,31.03,False,2026-07-19
SUP_001500,FR0010392225,BA000782,FR0010392225,Varenne Capital Partners,OPCVM,France,FAIBLE,haute,False,151800,1068.88,142.017733,48.64,False,2026-08-05
SUP_001501,LU0255977539,BA000782,LU0255977539,Pictet-Biotech R EUR,OPCVM,Luxembourg,FAIBLE,haute,False,12800,85.43,149.827766,4.1,False,2026-07-24
SUP_001502,FID_BNP,BA000783,FID_BNP,BNP Paribas Wealth FID,FID,Luxembourg,FAIBLE,faible,False,343400,3423.12,100.317746,100.0,True,2026-07-12
SUP_001503,LU0104884860,BA000784,LU0104884860,Pictet-Water P EUR,OPCVM,Luxembourg,FAIBLE,haute,False,510800,3596.76,142.016708,69.01,False,2026-07-28
SUP_001504,LU0104884860,BA000784,LU0104884860,Pictet-Water P EUR,OPCVM,Luxembourg,FAIBLE,haute,False,27100,277.12,97.791459,3.66,False,2026-07-18
SUP_001505,LU0104884860,BA000784,LU0104884860,Pictet-Water P EUR,OPCVM,Luxembourg,FAIBLE,haute,False,202300,1794.31,112.745193,27.33,False,2026-07-10
SUP_001506,FID_UBS,BA000785,FID_UBS,UBS Luxembourg FID Patrimoine,FID,Luxembourg,FAIBLE,faible,False,125700,1339.11,93.868084,28.11,True,2026-07-19
SUP_001507,FR0010392225,BA000785,FR0010392225,Varenne Capital Partners,OPCVM,France,FAIBLE,haute,False,151700,1373.42,110.454472,33.91,True,2026-08-05
SUP_001508,XS2428662824,BA000785,XS2428662824,BNP Paribas Certificat,OPCVM,Luxembourg,FAIBLE,moyenne,False,169900,1964.6,86.48059,37.98,True,2026-08-05
SUP_001509,FID_BNP,BA000786,FID_BNP,BNP Paribas Wealth FID,FID,Luxembourg,FAIBLE,faible,False,37400,267.51,139.810406,16.3,True,2026-08-04
SUP_001510,FR001400OJI4,BA000786,FR001400OJI4,DNCA Flexibonds C,OPCVM,France,FAIBLE,haute,False,192100,1402.21,136.998154,83.7,True,2026-07-18
SUP_001511,FID_BNP,BA000787,FID_BNP,BNP Paribas Wealth FID,FID,Luxembourg,FAIBLE,faible,False,1809700,18522.83,97.701062,100.0,True,2026-07-13
SUP_001512,FID_BNP,BA000788,FID_BNP,BNP Paribas Wealth FID,FID,Luxembourg,FAIBLE,faible,False,5907500,54800.7,107.799723,100.0,True,2026-07-12
SUP_001513,FID_BNP,BA000789,FID_BNP,BNP Paribas Wealth FID,FID,Luxembourg,FAIBLE,faible,False,731200,5131.48,142.492907,100.0,True,2026-07-21
SUP_001514,FID_BNP,BA000790,FID_BNP,BNP Paribas Wealth FID,FID,Luxembourg,FAIBLE,faible,False,598600,6361.96,94.090428,100.0,True,2026-07-22
SUP_001515,FAS_IND,BA000791,FAS_IND,Indosuez Wealth Management FAS,FAS,Luxembourg,FAIBLE,moyenne,False,174100,1951.38,89.218736,21.73,True,2026-07-24
SUP_001516,LU0255977539,BA000791,LU0255977539,Pictet-Biotech R EUR,OPCVM,Luxembourg,FAIBLE,haute,False,627100,7455.69,84.110219,78.27,True,2026-07-08
SUP_001517,FID_BNP,BA000792,FID_BNP,BNP Paribas Wealth FID,FID,Luxembourg,FAIBLE,faible,False,207000,2053.57,100.800285,52.09,True,2026-07-28
SUP_001518,XS2428662824,BA000792,XS2428662824,BNP Paribas Certificat,OPCVM,Luxembourg,FAIBLE,moyenne,False,33500,263.41,127.179059,8.42,True,2026-07-19
SUP_001519,FR001400OJI4,BA000792,FR001400OJI4,DNCA Flexibonds C,OPCVM,France,FAIBLE,haute,False,156900,1287.92,121.824068,39.49,True,2026-07-23
SUP_001520,FID_UBS,BA000793,FID_UBS,UBS Luxembourg FID Patrimoine,FID,Luxembourg,FAIBLE,faible,False,326700,2745.91,118.976756,67.46,True,2026-07-18
SUP_001521,FR0010392225,BA000793,FR0010392225,Varenne Capital Partners,OPCVM,France,FAIBLE,haute,False,152900,1455.86,105.024131,31.56,True,2026-08-03
SUP_001522,LU0255977539,BA000793,LU0255977539,Pictet-Biotech R EUR,OPCVM,Luxembourg,FAIBLE,haute,False,2700,21.09,127.997534,0.56,True,2026-07-13
SUP_001523,FR0010923383,BA000793,FR0010923383,H2O Multistrategies R,OPCVM,France,FAIBLE,haute,False,2000,20.62,96.995841,0.41,True,2026-07-10
SUP_001524,FAS_IND,BA000794,FAS_IND,Indosuez Wealth Management FAS,FAS,Luxembourg,FAIBLE,moyenne,False,250900,2066.6,121.407124,100.0,True,2026-07-30
SUP_001525,FID_BNP,BA000795,FID_BNP,BNP Paribas Wealth FID,FID,Luxembourg,FAIBLE,faible,False,239000,2429.37,98.37944,100.0,True,2026-07-08
SUP_001526,FR0010392225,BA000796,FR0010392225,Varenne Capital Partners,OPCVM,France,FAIBLE,haute,False,23900,184.15,129.78781,17.12,False,2026-07-13
SUP_001527,XS2428662824,BA000796,XS2428662824,BNP Paribas Certificat,OPCVM,Luxembourg,FAIBLE,moyenne,False,92700,884.69,104.78274,66.33,False,2026-07-30
SUP_001528,PE_LUX_01,BA000796,PE_LUX_01,Luxembourg PE SICAR,PE,Luxembourg,FAIBLE,très faible,False,23100,206.34,111.949314,16.56,False,2026-07-12
SUP_001529,FID_UBS,BA000797,FID_UBS,UBS Luxembourg FID Patrimoine,FID,Luxembourg,FAIBLE,faible,False,42200,322.73,130.759559,17.08,True,2026-07-28
SUP_001530,FR0010923383,BA000797,FR0010923383,H2O Multistrategies R,OPCVM,France,FAIBLE,haute,False,204700,1565.04,130.795347,82.92,True,2026-07-13
SUP_001531,FAS_IND,BA000798,FAS_IND,Indosuez Wealth Management FAS,FAS,Luxembourg,FAIBLE,moyenne,False,831600,6350.44,130.951614,92.87,True,2026-07-24
SUP_001532,XS2428662824,BA000798,XS2428662824,BNP Paribas Certificat,OPCVM,Luxembourg,FAIBLE,moyenne,False,63900,506.69,126.112324,7.13,True,2026-07-28
SUP_001533,FID_BNP,BA000799,FID_BNP,BNP Paribas Wealth FID,FID,Luxembourg,FAIBLE,faible,False,697900,5963.13,117.035854,100.0,True,2026-07-07
SUP_001534,FID_UBS,BA000800,FID_UBS,UBS Luxembourg FID Patrimoine,FID,Luxembourg,FAIBLE,faible,False,514500,4026.0,127.794258,100.0,True,2026-08-02
SUP_001535,FID_UBS,BA000801,FID_UBS,UBS Luxembourg FID Patrimoine,FID,Luxembourg,FAIBLE,faible,False,84900,789.11,107.58968,35.1,True,2026-07-13
SUP_001536,FR001400OJI4,BA000801,FR001400OJI4,DNCA Flexibonds C,OPCVM,France,FAIBLE,haute,False,140700,1111.41,126.596236,58.14,True,2026-07-25
SUP_001537,LU0255977539,BA000801,LU0255977539,Pictet-Biotech R EUR,OPCVM,Luxembourg,FAIBLE,haute,False,16300,183.04,89.053923,6.75,True,2026-07-28
SUP_001538,FID_BNP,BA000802,FID_BNP,BNP Paribas Wealth FID,FID,Luxembourg,FAIBLE,faible,False,1561100,10820.79,144.268538,100.0,True,2026-07-17
SUP_001539,FID_UBS,BA000803,FID_UBS,UBS Luxembourg FID Patrimoine,FID,Luxembourg,FAIBLE,faible,False,1975900,15602.25,126.641994,100.0,True,2026-07-19
SUP_001540,FID_UBS,BA000804,FID_UBS,UBS Luxembourg FID Patrimoine,FID,Luxembourg,FAIBLE,faible,False,239500,2266.69,105.660819,28.01,True,2026-07-29
SUP_001541,FR0010923383,BA000804,FR0010923383,H2O Multistrategies R,OPCVM,France,FAIBLE,haute,False,475200,5547.91,85.653822,55.57,True,2026-07-17
SUP_001542,FR0010392225,BA000804,FR0010392225,Varenne Capital Partners,OPCVM,France,FAIBLE,haute,False,4400,37.08,118.670201,0.51,True,2026-08-03
SUP_001543,XS2428662824,BA000804,XS2428662824,BNP Paribas Certificat,OPCVM,Luxembourg,FAIBLE,moyenne,False,136100,1414.78,96.198439,15.91,True,2026-07-31
SUP_001544,FID_UBS,BA000805,FID_UBS,UBS Luxembourg FID Patrimoine,FID,Luxembourg,FAIBLE,faible,False,1073400,13233.3,81.113576,100.0,True,2026-07-07
SUP_001545,LU0255977539,BA000806,LU0255977539,Pictet-Biotech R EUR,OPCVM,Luxembourg,FAIBLE,haute,False,253700,1801.06,140.861411,100.0,False,2026-07-27
SUP_001546,FID_BNP,BA000807,FID_BNP,BNP Paribas Wealth FID,FID,Luxembourg,FAIBLE,faible,False,364600,3991.88,91.335468,100.0,True,2026-07-11
SUP_001547,FID_BNP,BA000808,FID_BNP,BNP Paribas Wealth FID,FID,Luxembourg,FAIBLE,faible,False,440400,3535.92,124.550164,45.4,True,2026-07-19
SUP_001548,XS2428662824,BA000808,XS2428662824,BNP Paribas Certificat,OPCVM,Luxembourg,FAIBLE,moyenne,False,529800,4373.58,121.136377,54.6,True,2026-08-01
SUP_001549,FAS_ROT,BA000809,FAS_ROT,Rothschild & Co Gestion FAS,FAS,Luxembourg,FAIBLE,moyenne,False,770300,6594.34,116.812214,100.0,True,2026-07-27
SUP_001550,FID_UBS,BA000810,FID_UBS,UBS Luxembourg FID Patrimoine,FID,Luxembourg,FAIBLE,faible,False,70900,620.16,114.32577,22.19,True,2026-07-26
SUP_001551,FR0010923383,BA000810,FR0010923383,H2O Multistrategies R,OPCVM,France,FAIBLE,haute,False,248600,1833.05,135.621264,77.81,True,2026-07-25
SUP_001552,FR001400OJI4,BA000811,FR001400OJI4,DNCA Flexibonds C,OPCVM,France,FAIBLE,haute,False,355800,3478.54,102.28419,100.0,False,2026-07-12
SUP_001553,FAS_ROT,BA000812,FAS_ROT,Rothschild & Co Gestion FAS,FAS,Luxembourg,FAIBLE,moyenne,False,319900,3330.68,96.046573,100.0,True,2026-07-30
SUP_001554,FAS_IND,BA000813,FAS_IND,Indosuez Wealth Management FAS,FAS,Luxembourg,FAIBLE,moyenne,False,114400,871.96,131.198626,29.35,True,2026-07-08
SUP_001555,LU0255977539,BA000813,LU0255977539,Pictet-Biotech R EUR,OPCVM,Luxembourg,FAIBLE,haute,False,275500,3084.29,89.323566,70.65,True,2026-08-05
SUP_001556,PE_LUX_01,BA000814,PE_LUX_01,Luxembourg PE SICAR,PE,Luxembourg,FAIBLE,très faible,False,732400,5470.51,133.881562,56.38,False,2026-07-31
SUP_001557,FR001400OJI4,BA000814,FR001400OJI4,DNCA Flexibonds C,OPCVM,France,FAIBLE,haute,False,566600,4702.36,120.49275,43.62,False,2026-07-08
SUP_001558,FAS_ROT,BA000815,FAS_ROT,Rothschild & Co Gestion FAS,FAS,Luxembourg,FAIBLE,moyenne,False,216800,2453.08,88.378559,100.0,True,2026-07-07
SUP_001559,FID_BNP,BA000816,FID_BNP,BNP Paribas Wealth FID,FID,Luxembourg,FAIBLE,faible,False,7635800,66816.48,114.280197,100.0,True,2026-07-13
SUP_001560,FID_UBS,BA000817,FID_UBS,UBS Luxembourg FID Patrimoine,FID,Luxembourg,FAIBLE,faible,False,809400,6534.54,123.864825,70.91,True,2026-07-14
SUP_001561,LU0255977539,BA000817,LU0255977539,Pictet-Biotech R EUR,OPCVM,Luxembourg,FAIBLE,haute,False,286500,1952.12,146.763153,25.1,True,2026-07-10
SUP_001562,XS2428662824,BA000817,XS2428662824,BNP Paribas Certificat,OPCVM,Luxembourg,FAIBLE,moyenne,False,45600,354.08,128.783573,3.99,True,2026-07-31
SUP_001563,FAS_IND,BA000818,FAS_IND,Indosuez Wealth Management FAS,FAS,Luxembourg,FAIBLE,moyenne,False,327100,2582.63,126.653806,100.0,True,2026-07-25
SUP_001564,FAS_IND,BA000819,FAS_IND,Indosuez Wealth Management FAS,FAS,Luxembourg,FAIBLE,moyenne,False,718000,5195.67,138.192104,100.0,True,2026-07-21
SUP_001565,FR0010923383,BA000820,FR0010923383,H2O Multistrategies R,OPCVM,France,FAIBLE,haute,False,406600,3861.96,105.283454,100.0,False,2026-07-16
SUP_001566,FID_UBS,BA000821,FID_UBS,UBS Luxembourg FID Patrimoine,FID,Luxembourg,FAIBLE,faible,False,370100,2502.85,147.871439,100.0,True,2026-07-11
SUP_001567,FID_UBS,BA000822,FID_UBS,UBS Luxembourg FID Patrimoine,FID,Luxembourg,FAIBLE,faible,False,2337400,19519.71,119.745634,100.0,True,2026-07-12
SUP_001568,FID_BNP,BA000823,FID_BNP,BNP Paribas Wealth FID,FID,Luxembourg,FAIBLE,faible,False,2611100,27330.29,95.538693,100.0,True,2026-07-31
SUP_001569,FID_BNP,BA000824,FID_BNP,BNP Paribas Wealth FID,FID,Luxembourg,FAIBLE,faible,False,160300,1916.96,83.621771,39.81,True,2026-07-30
SUP_001570,FR0010392225,BA000824,FR0010392225,Varenne Capital Partners,OPCVM,France,FAIBLE,haute,False,242400,1961.34,123.588775,60.19,True,2026-07-24
SUP_001571,FID_BNP,BA000825,FID_BNP,BNP Paribas Wealth FID,FID,Luxembourg,FAIBLE,faible,False,71400,479.94,148.768381,29.31,True,2026-07-27
SUP_001572,LU0255977539,BA000825,LU0255977539,Pictet-Biotech R EUR,OPCVM,Luxembourg,FAIBLE,haute,False,139600,1136.24,122.861054,57.31,True,2026-07-18
SUP_001573,LU0104884860,BA000825,LU0104884860,Pictet-Water P EUR,OPCVM,Luxembourg,FAIBLE,haute,False,32600,218.46,149.223283,13.38,True,2026-07-24
SUP_001574,FID_UBS,BA000826,FID_UBS,UBS Luxembourg FID Patrimoine,FID,Luxembourg,FAIBLE,faible,False,24100,236.75,101.793862,7.77,True,2026-07-11
SUP_001575,LU0104884860,BA000826,LU0104884860,Pictet-Water P EUR,OPCVM,Luxembourg,FAIBLE,haute,False,124200,1196.62,103.791985,40.04,True,2026-08-04
SUP_001576,XS2428662824,BA000826,XS2428662824,BNP Paribas Certificat,OPCVM,Luxembourg,FAIBLE,moyenne,False,161900,1135.66,142.560643,52.2,True,2026-07-31
SUP_001577,FID_BNP,BA000827,FID_BNP,BNP Paribas Wealth FID,FID,Luxembourg,FAIBLE,faible,False,116300,808.36,143.871426,52.0,True,2026-07-14
SUP_001578,FR0010923383,BA000827,FR0010923383,H2O Multistrategies R,OPCVM,France,FAIBLE,haute,False,28400,267.63,106.118281,12.67,True,2026-07-29
SUP_001579,XS2428662824,BA000827,XS2428662824,BNP Paribas Certificat,OPCVM,Luxembourg,FAIBLE,moyenne,False,79000,633.4,124.723081,35.33,True,2026-07-23
SUP_001580,FID_UBS,BA000828,FID_UBS,UBS Luxembourg FID Patrimoine,FID,Luxembourg,FAIBLE,faible,False,223500,1892.66,118.087747,41.36,True,2026-07-28
SUP_001581,LU0255977539,BA000828,LU0255977539,Pictet-Biotech R EUR,OPCVM,Luxembourg,FAIBLE,haute,False,237800,2925.06,81.297612,44.0,True,2026-07-30
SUP_001582,FR0010923383,BA000828,FR0010923383,H2O Multistrategies R,OPCVM,France,FAIBLE,haute,False,79100,645.58,122.524688,14.64,True,2026-07-14
SUP_001583,FID_UBS,BA000829,FID_UBS,UBS Luxembourg FID Patrimoine,FID,Luxembourg,FAIBLE,faible,False,4164100,33083.96,125.864623,81.28,True,2026-07-25
SUP_001584,FR001400OJI4,BA000829,FR001400OJI4,DNCA Flexibonds C,OPCVM,France,FAIBLE,haute,False,959000,8454.46,113.431236,18.72,True,2026-07-11
SUP_001585,FAS_ROT,BA000830,FAS_ROT,Rothschild & Co Gestion FAS,FAS,Luxembourg,FAIBLE,moyenne,False,111400,921.39,120.904026,15.7,True,2026-07-14
SUP_001586,LU0104884860,BA000830,LU0104884860,Pictet-Water P EUR,OPCVM,Luxembourg,FAIBLE,haute,False,534200,4026.2,132.680917,75.26,True,2026-07-18
SUP_001587,FR001400OJI4,BA000830,FR001400OJI4,DNCA Flexibonds C,OPCVM,France,FAIBLE,haute,False,64200,644.91,99.549363,9.04,True,2026-07-28
SUP_001588,FID_BNP,BA000831,FID_BNP,BNP Paribas Wealth FID,FID,Luxembourg,FAIBLE,faible,False,712900,5702.17,125.022634,100.0,True,2026-07-30
SUP_001589,FID_BNP,BA000832,FID_BNP,BNP Paribas Wealth FID,FID,Luxembourg,FAIBLE,faible,False,1334100,16142.31,82.646185,100.0,True,2026-07-19
SUP_001590,LU0104884860,BA000833,LU0104884860,Pictet-Water P EUR,OPCVM,Luxembourg,FAIBLE,haute,False,275300,2674.12,102.949676,100.0,False,2026-07-28
SUP_001591,FAS_IND,BA000834,FAS_IND,Indosuez Wealth Management FAS,FAS,Luxembourg,FAIBLE,moyenne,False,136200,1172.86,116.126606,57.31,True,2026-08-03
SUP_001592,FR001400OJI4,BA000834,FR001400OJI4,DNCA Flexibonds C,OPCVM,France,FAIBLE,haute,False,101500,902.07,112.51911,42.69,True,2026-07-24
SUP_001593,FID_BNP,BA000835,FID_BNP,BNP Paribas Wealth FID,FID,Luxembourg,FAIBLE,faible,False,587700,5285.85,111.183583,100.0,True,2026-07-12
SUP_001594,FID_UBS,BA000836,FID_UBS,UBS Luxembourg FID Patrimoine,FID,Luxembourg,FAIBLE,faible,False,414600,5120.84,80.963242,81.74,True,2026-07-19
SUP_001595,LU0255977539,BA000836,LU0255977539,Pictet-Biotech R EUR,OPCVM,Luxembourg,FAIBLE,haute,False,92700,637.04,145.516266,18.26,True,2026-07-10
SUP_001596,LU0104884860,BA000837,LU0104884860,Pictet-Water P EUR,OPCVM,Luxembourg,FAIBLE,haute,False,472900,5895.64,80.211766,44.51,False,2026-07-16
SUP_001597,FR0010923383,BA000837,FR0010923383,H2O Multistrategies R,OPCVM,France,FAIBLE,haute,False,589600,4818.94,122.350611,55.49,False,2026-07-24
SUP_001598,FID_BNP,BA000838,FID_BNP,BNP Paribas Wealth FID,FID,Luxembourg,FAIBLE,faible,False,219200,2201.3,99.577308,26.0,True,2026-07-10
SUP_001599,LU0104884860,BA000838,LU0104884860,Pictet-Water P EUR,OPCVM,Luxembourg,FAIBLE,haute,False,33900,231.75,146.277181,4.02,True,2026-07-13
SUP_001600,LU0255977539,BA000838,LU0255977539,Pictet-Biotech R EUR,OPCVM,Luxembourg,FAIBLE,haute,False,430200,2960.92,145.292855,51.03,True,2026-07-08
SUP_001601,XS2428662824,BA000838,XS2428662824,BNP Paribas Certificat,OPCVM,Luxembourg,FAIBLE,moyenne,False,159700,1917.27,83.295553,18.94,True,2026-07-13
SUP_001602,FID_BNP,BA000839,FID_BNP,BNP Paribas Wealth FID,FID,Luxembourg,FAIBLE,faible,False,127900,1019.34,125.473816,37.48,True,2026-07-21
SUP_001603,FR0010923383,BA000839,FR0010923383,H2O Multistrategies R,OPCVM,France,FAIBLE,haute,False,213300,1837.25,116.097204,62.52,True,2026-07-18
SUP_001604,FID_UBS,BA000840,FID_UBS,UBS Luxembourg FID Patrimoine,FID,Luxembourg,FAIBLE,faible,False,8300,80.06,103.665908,2.36,True,2026-07-29
SUP_001605,XS2428662824,BA000840,XS2428662824,BNP Paribas Certificat,OPCVM,Luxembourg,FAIBLE,moyenne,False,29800,199.51,149.362423,8.42,True,2026-07-13
SUP_001606,FR001400OJI4,BA000840,FR001400OJI4,DNCA Flexibonds C,OPCVM,France,FAIBLE,haute,False,316200,2610.22,121.139069,89.23,True,2026-07-20
SUP_001607,FID_UBS,BA000841,FID_UBS,UBS Luxembourg FID Patrimoine,FID,Luxembourg,FAIBLE,faible,False,100,1.2,83.016589,0.0,True,2026-07-28
SUP_001608,FR0010392225,BA000841,FR0010392225,Varenne Capital Partners,OPCVM,France,FAIBLE,haute,False,3232100,26212.68,123.30291,100.0,True,2026-07-29
SUP_001609,FID_UBS,BA000842,FID_UBS,UBS Luxembourg FID Patrimoine,FID,Luxembourg,FAIBLE,faible,False,60000,551.16,108.861104,16.76,True,2026-07-15
SUP_001610,LU0255977539,BA000842,LU0255977539,Pictet-Biotech R EUR,OPCVM,Luxembourg,FAIBLE,haute,False,4600,45.82,100.388739,1.27,True,2026-07-27
SUP_001611,FR0010923383,BA000842,FR0010923383,H2O Multistrategies R,OPCVM,France,FAIBLE,haute,False,293200,2726.57,107.534227,81.96,True,2026-07-26
SUP_001612,FR001400OJI4,BA000843,FR001400OJI4,DNCA Flexibonds C,OPCVM,France,FAIBLE,haute,False,136400,1562.31,87.30688,41.41,False,2026-07-17
SUP_001613,PE_LUX_01,BA000843,PE_LUX_01,Luxembourg PE SICAR,PE,Luxembourg,FAIBLE,très faible,False,193000,1342.24,143.789041,58.59,False,2026-07-28
SUP_001614,FID_BNP,BA000844,FID_BNP,BNP Paribas Wealth FID,FID,Luxembourg,FAIBLE,faible,False,462600,5589.98,82.755208,100.0,True,2026-08-05
SUP_001615,FAS_ROT,BA000845,FAS_ROT,Rothschild & Co Gestion FAS,FAS,Luxembourg,FAIBLE,moyenne,False,34900,352.78,98.927316,16.68,True,2026-07-29
SUP_001616,XS2428662824,BA000845,XS2428662824,BNP Paribas Certificat,OPCVM,Luxembourg,FAIBLE,moyenne,False,200,1.58,126.349098,0.09,True,2026-07-09
SUP_001617,FR001400OJI4,BA000845,FR001400OJI4,DNCA Flexibonds C,OPCVM,France,FAIBLE,haute,False,174400,1211.69,143.931318,83.23,True,2026-07-22
SUP_001618,FID_BNP,BA000846,FID_BNP,BNP Paribas Wealth FID,FID,Luxembourg,FAIBLE,faible,False,336400,3727.98,90.23656,93.06,True,2026-07-21
SUP_001619,FR0010923383,BA000846,FR0010923383,H2O Multistrategies R,OPCVM,France,FAIBLE,haute,False,25100,220.0,114.089576,6.94,True,2026-08-02
SUP_001620,XS2428662824,BA000847,XS2428662824,BNP Paribas Certificat,OPCVM,Luxembourg,FAIBLE,moyenne,False,254400,1754.06,145.034682,100.0,False,2026-07-24
SUP_001621,FID_UBS,BA000848,FID_UBS,UBS Luxembourg FID Patrimoine,FID,Luxembourg,FAIBLE,faible,False,103200,720.18,143.297627,41.79,True,2026-07-08
SUP_001622,FR001400OJI4,BA000848,FR001400OJI4,DNCA Flexibonds C,OPCVM,France,FAIBLE,haute,False,143700,1642.97,87.463343,58.21,True,2026-07-10
SUP_001623,FAS_ROT,BA000849,FAS_ROT,Rothschild & Co Gestion FAS,FAS,Luxembourg,FAIBLE,moyenne,False,477600,4285.74,111.439274,42.13,True,2026-08-05
SUP_001624,XS2428662824,BA000849,XS2428662824,BNP Paribas Certificat,OPCVM,Luxembourg,FAIBLE,moyenne,False,313800,2123.06,147.805645,27.68,True,2026-07-18
SUP_001625,FR0010923383,BA000849,FR0010923383,H2O Multistrategies R,OPCVM,France,FAIBLE,haute,False,342200,3085.29,110.913385,30.18,True,2026-07-26
SUP_001626,FID_BNP,BA000850,FID_BNP,BNP Paribas Wealth FID,FID,Luxembourg,FAIBLE,faible,False,1375100,11511.47,119.454788,39.66,True,2026-07-23
SUP_001627,XS2428662824,BA000850,XS2428662824,BNP Paribas Certificat,OPCVM,Luxembourg,FAIBLE,moyenne,False,1871400,14230.71,131.504309,53.97,True,2026-07-28
SUP_001628,FR0010923383,BA000850,FR0010923383,H2O Multistrategies R,OPCVM,France,FAIBLE,haute,False,221000,1572.48,140.542232,6.37,True,2026-07-22
SUP_001629,PE_CAY_01,BA000851,PE_CAY_01,Cayman Growth Fund I,PE,Cayman Islands,ELEVE,très faible,True,49100,481.25,102.026583,16.64,False,2026-07-13
SUP_001630,FR0010392225,BA000851,FR0010392225,Varenne Capital Partners,OPCVM,France,FAIBLE,haute,False,245700,2483.04,98.951315,83.36,False,2026-07-16
SUP_001631,FID_BNP,BA000852,FID_BNP,BNP Paribas Wealth FID,FID,Luxembourg,FAIBLE,faible,False,238300,2842.93,83.822097,100.0,True,2026-07-15
SUP_001632,PE_LUX_01,BA000853,PE_LUX_01,Luxembourg PE SICAR,PE,Luxembourg,FAIBLE,très faible,False,161400,1781.72,90.586534,74.91,False,2026-07-17
SUP_001633,FR0010923383,BA000853,FR0010923383,H2O Multistrategies R,OPCVM,France,FAIBLE,haute,False,54100,491.75,110.015403,25.09,False,2026-07-11
SUP_001634,FR001400OJI4,BA000854,FR001400OJI4,DNCA Flexibonds C,OPCVM,France,FAIBLE,haute,False,37500,305.42,122.780511,19.54,False,2026-07-12
SUP_001635,FR001400OJI4,BA000854,FR001400OJI4,DNCA Flexibonds C,OPCVM,France,FAIBLE,haute,False,67000,655.63,102.192177,34.94,False,2026-08-01
SUP_001636,XS2428662824,BA000854,XS2428662824,BNP Paribas Certificat,OPCVM,Luxembourg,FAIBLE,moyenne,False,81200,726.19,111.815985,42.32,False,2026-07-24
SUP_001637,FR0010923383,BA000854,FR0010923383,H2O Multistrategies R,OPCVM,France,FAIBLE,haute,False,6100,72.91,83.666943,3.2,False,2026-07-26
SUP_001638,FID_UBS,BA000855,FID_UBS,UBS Luxembourg FID Patrimoine,FID,Luxembourg,FAIBLE,faible,False,61700,468.0,131.837462,21.13,True,2026-07-20
SUP_001639,LU0255977539,BA000855,LU0255977539,Pictet-Biotech R EUR,OPCVM,Luxembourg,FAIBLE,haute,False,96900,923.33,104.946188,33.2,True,2026-07-13
SUP_001640,LU0104884860,BA000855,LU0104884860,Pictet-Water P EUR,OPCVM,Luxembourg,FAIBLE,haute,False,14400,113.48,126.899631,4.92,True,2026-07-30
SUP_001641,FR0010923383,BA000855,FR0010923383,H2O Multistrategies R,OPCVM,France,FAIBLE,haute,False,119000,1021.39,116.507592,40.76,True,2026-07-21
SUP_001642,FAS_ROT,BA000856,FAS_ROT,Rothschild & Co Gestion FAS,FAS,Luxembourg,FAIBLE,moyenne,False,180300,1212.08,148.752363,100.0,True,2026-07-15
SUP_001643,FID_BNP,BA000857,FID_BNP,BNP Paribas Wealth FID,FID,Luxembourg,FAIBLE,faible,False,164600,2052.57,80.192007,70.51,True,2026-07-12
SUP_001644,LU0104884860,BA000857,LU0104884860,Pictet-Water P EUR,OPCVM,Luxembourg,FAIBLE,haute,False,2300,27.79,82.749427,1.01,True,2026-07-08
SUP_001645,FR0010392225,BA000857,FR0010392225,Varenne Capital Partners,OPCVM,France,FAIBLE,haute,False,16700,134.7,123.978632,7.15,True,2026-07-31
SUP_001646,FR0010923383,BA000857,FR0010923383,H2O Multistrategies R,OPCVM,France,FAIBLE,haute,False,49800,529.43,94.063423,21.33,True,2026-07-14
SUP_001647,FAS_IND,BA000858,FAS_IND,Indosuez Wealth Management FAS,FAS,Luxembourg,FAIBLE,moyenne,False,285300,2057.55,138.660196,100.0,True,2026-08-04
SUP_001648,FAS_IND,BA000859,FAS_IND,Indosuez Wealth Management FAS,FAS,Luxembourg,FAIBLE,moyenne,False,309200,3343.05,92.490397,100.0,True,2026-07-08
SUP_001649,FID_BNP,BA000860,FID_BNP,BNP Paribas Wealth FID,FID,Luxembourg,FAIBLE,faible,False,777000,8655.52,89.769324,92.94,True,2026-07-08
SUP_001650,FR001400OJI4,BA000860,FR001400OJI4,DNCA Flexibonds C,OPCVM,France,FAIBLE,haute,False,59100,707.68,83.512195,7.06,True,2026-07-16
SUP_001651,FAS_IND,BA000861,FAS_IND,Indosuez Wealth Management FAS,FAS,Luxembourg,FAIBLE,moyenne,False,127700,1401.26,91.132481,15.7,True,2026-07-29
SUP_001652,LU0255977539,BA000861,LU0255977539,Pictet-Biotech R EUR,OPCVM,Luxembourg,FAIBLE,haute,False,125900,858.23,146.698043,15.47,True,2026-07-23
SUP_001653,XS2428662824,BA000861,XS2428662824,BNP Paribas Certificat,OPCVM,Luxembourg,FAIBLE,moyenne,False,81600,553.32,147.472997,10.03,True,2026-07-20
SUP_001654,XS2428662824,BA000861,XS2428662824,BNP Paribas Certificat,OPCVM,Luxembourg,FAIBLE,moyenne,False,478400,3561.06,134.342011,58.8,True,2026-07-13
SUP_001655,FR0010392225,BA000862,FR0010392225,Varenne Capital Partners,OPCVM,France,FAIBLE,haute,False,342200,2403.57,142.37181,100.0,False,2026-07-15
SUP_001656,FAS_ROT,BA000863,FAS_ROT,Rothschild & Co Gestion FAS,FAS,Luxembourg,FAIBLE,moyenne,False,49800,608.2,81.880475,21.31,True,2026-07-25
SUP_001657,LU0255977539,BA000863,LU0255977539,Pictet-Biotech R EUR,OPCVM,Luxembourg,FAIBLE,haute,False,52200,387.73,134.629994,22.35,True,2026-07-21
SUP_001658,LU0255977539,BA000863,LU0255977539,Pictet-Biotech R EUR,OPCVM,Luxembourg,FAIBLE,haute,False,25800,230.26,112.048437,11.05,True,2026-08-02
SUP_001659,LU0104884860,BA000863,LU0104884860,Pictet-Water P EUR,OPCVM,Luxembourg,FAIBLE,haute,False,105800,916.68,115.416321,45.28,True,2026-07-08
SUP_001660,FAS_IND,BA000864,FAS_IND,Indosuez Wealth Management FAS,FAS,Luxembourg,FAIBLE,moyenne,False,222400,2103.7,105.718713,47.6,True,2026-07-15
SUP_001661,LU0104884860,BA000864,LU0104884860,Pictet-Water P EUR,OPCVM,Luxembourg,FAIBLE,haute,False,244900,2723.22,89.930305,52.4,True,2026-07-23
SUP_001662,FID_UBS,BA000865,FID_UBS,UBS Luxembourg FID Patrimoine,FID,Luxembourg,FAIBLE,faible,False,1662300,15508.67,107.185198,100.0,True,2026-07-27
SUP_001663,FID_BNP,BA000866,FID_BNP,BNP Paribas Wealth FID,FID,Luxembourg,FAIBLE,faible,False,904100,6701.32,134.91363,100.0,True,2026-07-09
SUP_001664,PE_LUX_01,BA000867,PE_LUX_01,Luxembourg PE SICAR,PE,Luxembourg,FAIBLE,très faible,False,318100,2704.05,117.638472,71.97,False,2026-08-05
SUP_001665,FR0010392225,BA000867,FR0010392225,Varenne Capital Partners,OPCVM,France,FAIBLE,haute,False,42000,387.07,108.508506,9.5,False,2026-07-29
SUP_001666,FR0010923383,BA000867,FR0010923383,H2O Multistrategies R,OPCVM,France,FAIBLE,haute,False,81900,669.1,122.402426,18.53,False,2026-07-12
SUP_001667,FID_UBS,BA000868,FID_UBS,UBS Luxembourg FID Patrimoine,FID,Luxembourg,FAIBLE,faible,False,53400,373.08,143.131191,9.62,True,2026-07-29
SUP_001668,LU0255977539,BA000868,LU0255977539,Pictet-Biotech R EUR,OPCVM,Luxembourg,FAIBLE,haute,False,501700,5077.59,98.806744,90.38,True,2026-07-18
SUP_001669,FAS_ROT,BA000869,FAS_ROT,Rothschild & Co Gestion FAS,FAS,Luxembourg,FAIBLE,moyenne,False,195700,1887.42,103.686447,43.65,True,2026-07-17
SUP_001670,XS2428662824,BA000869,XS2428662824,BNP Paribas Certificat,OPCVM,Luxembourg,FAIBLE,moyenne,False,121800,1306.4,93.23337,27.16,True,2026-07-27
SUP_001671,FR0010923383,BA000869,FR0010923383,H2O Multistrategies R,OPCVM,France,FAIBLE,haute,False,130900,1080.2,121.181476,29.19,True,2026-08-03
SUP_001672,XS2428662824,BA000870,XS2428662824,BNP Paribas Certificat,OPCVM,Luxembourg,FAIBLE,moyenne,False,327600,2787.44,117.527386,100.0,False,2026-07-20
SUP_001673,FID_BNP,BA000871,FID_BNP,BNP Paribas Wealth FID,FID,Luxembourg,FAIBLE,faible,False,781800,5560.38,140.602,81.08,True,2026-07-29
SUP_001674,FR0010923383,BA000871,FR0010923383,H2O Multistrategies R,OPCVM,France,FAIBLE,haute,False,182400,1339.31,136.189079,18.92,True,2026-08-05
SUP_001675,FID_UBS,BA000872,FID_UBS,UBS Luxembourg FID Patrimoine,FID,Luxembourg,FAIBLE,faible,False,191500,1743.55,109.833314,21.77,True,2026-07-27
SUP_001676,FR0010923383,BA000872,FR0010923383,H2O Multistrategies R,OPCVM,France,FAIBLE,haute,False,71200,871.03,81.742579,8.09,True,2026-07-27
SUP_001677,LU0104884860,BA000872,LU0104884860,Pictet-Water P EUR,OPCVM,Luxembourg,FAIBLE,haute,False,616900,6227.23,99.064903,70.14,True,2026-07-09
SUP_001678,PE_CAY_01,BA000873,PE_CAY_01,Cayman Growth Fund I,PE,Cayman Islands,ELEVE,très faible,True,523600,3875.57,135.102563,100.0,False,2026-07-13
SUP_001679,FR0010923383,BA000874,FR0010923383,H2O Multistrategies R,OPCVM,France,FAIBLE,haute,False,2733200,18282.2,149.500607,100.0,False,2026-07-08
SUP_001680,FID_BNP,BA000875,FID_BNP,BNP Paribas Wealth FID,FID,Luxembourg,FAIBLE,faible,False,36700,260.77,140.737918,1.37,True,2026-07-29
SUP_001681,LU0104884860,BA000875,LU0104884860,Pictet-Water P EUR,OPCVM,Luxembourg,FAIBLE,haute,False,2625900,22999.09,114.174061,98.01,True,2026-07-12
SUP_001682,XS2428662824,BA000875,XS2428662824,BNP Paribas Certificat,OPCVM,Luxembourg,FAIBLE,moyenne,False,16500,162.37,101.621051,0.62,True,2026-07-17
SUP_001683,FID_UBS,BA000876,FID_UBS,UBS Luxembourg FID Patrimoine,FID,Luxembourg,FAIBLE,faible,False,240200,1902.99,126.222228,21.82,True,2026-07-25
SUP_001684,FR001400OJI4,BA000876,FR001400OJI4,DNCA Flexibonds C,OPCVM,France,FAIBLE,haute,False,694100,5571.29,124.58508,63.05,True,2026-07-27
SUP_001685,FR0010923383,BA000876,FR0010923383,H2O Multistrategies R,OPCVM,France,FAIBLE,haute,False,113700,816.04,139.331987,10.33,True,2026-07-10
SUP_001686,LU0104884860,BA000876,LU0104884860,Pictet-Water P EUR,OPCVM,Luxembourg,FAIBLE,haute,False,52900,495.73,106.710361,4.8,True,2026-08-03
SUP_001687,FID_BNP,BA000877,FID_BNP,BNP Paribas Wealth FID,FID,Luxembourg,FAIBLE,faible,False,268200,2882.26,93.052098,41.8,True,2026-07-26
SUP_001688,FR0010923383,BA000877,FR0010923383,H2O Multistrategies R,OPCVM,France,FAIBLE,haute,False,373300,4363.35,85.553504,58.2,True,2026-08-04
SUP_001689,FID_BNP,BA000878,FID_BNP,BNP Paribas Wealth FID,FID,Luxembourg,FAIBLE,faible,False,248500,2174.38,114.285493,100.0,True,2026-07-09
SUP_001690,FID_UBS,BA000879,FID_UBS,UBS Luxembourg FID Patrimoine,FID,Luxembourg,FAIBLE,faible,False,2259300,21987.81,102.752411,100.0,True,2026-07-18
SUP_001691,FAS_IND,BA000880,FAS_IND,Indosuez Wealth Management FAS,FAS,Luxembourg,FAIBLE,moyenne,False,12000,102.87,116.646611,1.32,True,2026-07-15
SUP_001692,FR0010923383,BA000880,FR0010923383,H2O Multistrategies R,OPCVM,France,FAIBLE,haute,False,158900,1583.73,100.332898,17.53,True,2026-07-30
SUP_001693,FR0010923383,BA000880,FR0010923383,H2O Multistrategies R,OPCVM,France,FAIBLE,haute,False,286600,2434.07,117.744972,31.62,True,2026-07-25
SUP_001694,LU0104884860,BA000880,LU0104884860,Pictet-Water P EUR,OPCVM,Luxembourg,FAIBLE,haute,False,448800,3903.86,114.963065,49.52,True,2026-08-03
SUP_001695,LU0255977539,BA000881,LU0255977539,Pictet-Biotech R EUR,OPCVM,Luxembourg,FAIBLE,haute,False,1145400,9924.33,115.413316,100.0,False,2026-07-09
SUP_001696,FID_BNP,BA000882,FID_BNP,BNP Paribas Wealth FID,FID,Luxembourg,FAIBLE,faible,False,241900,1849.31,130.80551,55.14,True,2026-07-27
SUP_001697,FR0010392225,BA000882,FR0010392225,Varenne Capital Partners,OPCVM,France,FAIBLE,haute,False,120900,988.51,122.305343,27.56,True,2026-08-02
SUP_001698,LU0104884860,BA000882,LU0104884860,Pictet-Water P EUR,OPCVM,Luxembourg,FAIBLE,haute,False,75900,659.77,115.039892,17.3,True,2026-07-15
SUP_001699,FID_UBS,BA000883,FID_UBS,UBS Luxembourg FID Patrimoine,FID,Luxembourg,FAIBLE,faible,False,959800,9786.22,98.076726,100.0,True,2026-07-08
SUP_001700,FID_UBS,BA000884,FID_UBS,UBS Luxembourg FID Patrimoine,FID,Luxembourg,FAIBLE,faible,False,242300,2705.91,89.544708,92.14,True,2026-07-18
SUP_001701,LU0255977539,BA000884,LU0255977539,Pictet-Biotech R EUR,OPCVM,Luxembourg,FAIBLE,haute,False,20700,159.28,129.962997,7.86,True,2026-07-21
SUP_001702,FID_BNP,BA000885,FID_BNP,BNP Paribas Wealth FID,FID,Luxembourg,FAIBLE,faible,False,272400,1907.65,142.79375,51.98,True,2026-07-24
SUP_001703,FR001400OJI4,BA000885,FR001400OJI4,DNCA Flexibonds C,OPCVM,France,FAIBLE,haute,False,251600,1833.78,137.203166,48.02,True,2026-07-07
SUP_001704,FR0010392225,BA000886,FR0010392225,Varenne Capital Partners,OPCVM,France,FAIBLE,haute,False,721100,5342.13,134.983633,100.0,False,2026-07-24
SUP_001705,FID_BNP,BA000887,FID_BNP,BNP Paribas Wealth FID,FID,Luxembourg,FAIBLE,faible,False,867900,9795.2,88.604654,100.0,True,2026-07-15
SUP_001706,FID_UBS,BA000888,FID_UBS,UBS Luxembourg FID Patrimoine,FID,Luxembourg,FAIBLE,faible,False,331400,3305.31,100.262783,55.66,True,2026-07-23
SUP_001707,XS2428662824,BA000888,XS2428662824,BNP Paribas Certificat,OPCVM,Luxembourg,FAIBLE,moyenne,False,60000,605.34,99.117306,10.07,True,2026-07-17
SUP_001708,LU0104884860,BA000888,LU0104884860,Pictet-Water P EUR,OPCVM,Luxembourg,FAIBLE,haute,False,204000,1761.63,115.801942,34.26,True,2026-07-17
SUP_001709,FID_UBS,BA000889,FID_UBS,UBS Luxembourg FID Patrimoine,FID,Luxembourg,FAIBLE,faible,False,164000,1929.98,84.974983,16.95,True,2026-07-29
SUP_001710,FR0010923383,BA000889,FR0010923383,H2O Multistrategies R,OPCVM,France,FAIBLE,haute,False,345800,2503.92,138.103341,35.76,True,2026-08-04
SUP_001711,FR0010923383,BA000889,FR0010923383,H2O Multistrategies R,OPCVM,France,FAIBLE,haute,False,457300,3610.09,126.672767,47.29,True,2026-07-27
SUP_001712,FAS_ROT,BA000890,FAS_ROT,Rothschild & Co Gestion FAS,FAS,Luxembourg,FAIBLE,moyenne,False,680800,5424.99,125.493246,100.0,True,2026-07-23
SUP_001713,FID_UBS,BA000891,FID_UBS,UBS Luxembourg FID Patrimoine,FID,Luxembourg,FAIBLE,faible,False,743900,7286.31,102.095551,100.0,True,2026-07-22
SUP_001714,FAS_IND,BA000892,FAS_IND,Indosuez Wealth Management FAS,FAS,Luxembourg,FAIBLE,moyenne,False,15600,181.57,85.916328,6.27,True,2026-07-19
SUP_001715,FR001400OJI4,BA000892,FR001400OJI4,DNCA Flexibonds C,OPCVM,France,FAIBLE,haute,False,233800,2690.1,86.91114,93.73,True,2026-07-26
SUP_001716,FID_BNP,BA000893,FID_BNP,BNP Paribas Wealth FID,FID,Luxembourg,FAIBLE,faible,False,140800,1270.62,110.811983,48.07,True,2026-07-26
SUP_001717,FR0010392225,BA000893,FR0010392225,Varenne Capital Partners,OPCVM,France,FAIBLE,haute,False,152200,1408.65,108.047013,51.93,True,2026-07-27
SUP_001718,FAS_IND,BA000894,FAS_IND,Indosuez Wealth Management FAS,FAS,Luxembourg,FAIBLE,moyenne,False,169700,1168.29,145.254937,24.01,True,2026-07-07
SUP_001719,FR0010923383,BA000894,FR0010923383,H2O Multistrategies R,OPCVM,France,FAIBLE,haute,False,378500,2759.76,137.149511,53.56,True,2026-08-03
SUP_001720,FR0010923383,BA000894,FR0010923383,H2O Multistrategies R,OPCVM,France,FAIBLE,haute,False,158500,1215.77,130.370368,22.43,True,2026-08-05
SUP_001721,FAS_IND,BA000895,FAS_IND,Indosuez Wealth Management FAS,FAS,Luxembourg,FAIBLE,moyenne,False,217500,1913.84,113.646055,100.0,True,2026-07-26
SUP_001722,FR001400OJI4,BA000896,FR001400OJI4,DNCA Flexibonds C,OPCVM,France,FAIBLE,haute,False,819200,9225.17,88.800559,100.0,False,2026-07-07
SUP_001723,FID_BNP,BA000897,FID_BNP,BNP Paribas Wealth FID,FID,Luxembourg,FAIBLE,faible,False,45200,324.04,139.490774,4.42,True,2026-07-20
SUP_001724,FR0010392225,BA000897,FR0010392225,Varenne Capital Partners,OPCVM,France,FAIBLE,haute,False,977100,10883.58,89.777482,95.58,True,2026-07-25
SUP_001725,FR0010392225,BA000898,FR0010392225,Varenne Capital Partners,OPCVM,France,FAIBLE,haute,False,97500,1048.92,92.953181,37.25,False,2026-07-18
SUP_001726,FR0010392225,BA000898,FR0010392225,Varenne Capital Partners,OPCVM,France,FAIBLE,haute,False,164300,1436.56,114.370801,62.75,False,2026-08-03
SUP_001727,FID_BNP,BA000899,FID_BNP,BNP Paribas Wealth FID,FID,Luxembourg,FAIBLE,faible,False,576900,4905.19,117.610043,100.0,True,2026-07-21
SUP_001728,FID_UBS,BA000900,FID_UBS,UBS Luxembourg FID Patrimoine,FID,Luxembourg,FAIBLE,faible,False,342000,2971.6,115.089547,87.4,True,2026-07-30
SUP_001729,FR001400OJI4,BA000900,FR001400OJI4,DNCA Flexibonds C,OPCVM,France,FAIBLE,haute,False,49300,329.27,149.724768,12.6,True,2026-08-03
SUP_001730,FID_UBS,BA000901,FID_UBS,UBS Luxembourg FID Patrimoine,FID,Luxembourg,FAIBLE,faible,False,70600,785.12,89.922023,13.94,True,2026-07-24
SUP_001731,FR0010392225,BA000901,FR0010392225,Varenne Capital Partners,OPCVM,France,FAIBLE,haute,False,435900,5425.27,80.346282,86.06,True,2026-07-20
SUP_001732,FID_BNP,BA000902,FID_BNP,BNP Paribas Wealth FID,FID,Luxembourg,FAIBLE,faible,False,1243800,11808.93,105.327076,100.0,True,2026-07-25
SUP_001733,FAS_ROT,BA000903,FAS_ROT,Rothschild & Co Gestion FAS,FAS,Luxembourg,FAIBLE,moyenne,False,174700,1900.74,91.91174,100.0,True,2026-08-02
SUP_001734,FID_BNP,BA000904,FID_BNP,BNP Paribas Wealth FID,FID,Luxembourg,FAIBLE,faible,False,146300,1168.77,125.174834,56.71,True,2026-07-15
SUP_001735,XS2428662824,BA000904,XS2428662824,BNP Paribas Certificat,OPCVM,Luxembourg,FAIBLE,moyenne,False,32400,293.94,110.225619,12.58,True,2026-07-09
SUP_001736,LU0255977539,BA000904,LU0255977539,Pictet-Biotech R EUR,OPCVM,Luxembourg,FAIBLE,haute,False,79200,618.8,127.989977,30.71,True,2026-07-13
SUP_001737,FID_BNP,BA000905,FID_BNP,BNP Paribas Wealth FID,FID,Luxembourg,FAIBLE,faible,False,419500,3695.17,113.526689,100.0,True,2026-07-25
SUP_001738,FAS_IND,BA000906,FAS_IND,Indosuez Wealth Management FAS,FAS,Luxembourg,FAIBLE,moyenne,False,367500,3334.08,110.22546,100.0,True,2026-07-07
SUP_001739,FID_UBS,BA000907,FID_UBS,UBS Luxembourg FID Patrimoine,FID,Luxembourg,FAIBLE,faible,False,153700,1568.59,97.986019,50.16,True,2026-07-23
SUP_001740,LU0104884860,BA000907,LU0104884860,Pictet-Water P EUR,OPCVM,Luxembourg,FAIBLE,haute,False,152700,1820.18,83.89268,49.84,True,2026-07-10
SUP_001741,FID_BNP,BA000908,FID_BNP,BNP Paribas Wealth FID,FID,Luxembourg,FAIBLE,faible,False,188100,1254.1,149.987723,100.0,True,2026-08-03
SUP_001742,FID_UBS,BA000909,FID_UBS,UBS Luxembourg FID Patrimoine,FID,Luxembourg,FAIBLE,faible,False,554200,6326.87,87.594596,83.07,True,2026-07-22
SUP_001743,LU0104884860,BA000909,LU0104884860,Pictet-Water P EUR,OPCVM,Luxembourg,FAIBLE,haute,False,9900,112.7,87.842681,1.48,True,2026-07-12
SUP_001744,LU0104884860,BA000909,LU0104884860,Pictet-Water P EUR,OPCVM,Luxembourg,FAIBLE,haute,False,103100,732.14,140.81988,15.45,True,2026-07-19
SUP_001745,FID_UBS,BA000910,FID_UBS,UBS Luxembourg FID Patrimoine,FID,Luxembourg,FAIBLE,faible,False,5921700,56529.09,104.754922,100.0,True,2026-07-18
SUP_001746,FID_UBS,BA000911,FID_UBS,UBS Luxembourg FID Patrimoine,FID,Luxembourg,FAIBLE,faible,False,447600,3896.56,114.870687,96.71,True,2026-07-14
SUP_001747,FR001400OJI4,BA000911,FR001400OJI4,DNCA Flexibonds C,OPCVM,France,FAIBLE,haute,False,15200,143.39,106.007147,3.29,True,2026-07-31
SUP_001748,FID_UBS,BA000912,FID_UBS,UBS Luxembourg FID Patrimoine,FID,Luxembourg,FAIBLE,faible,False,167700,1560.16,107.488677,27.85,True,2026-07-12
SUP_001749,FR001400OJI4,BA000912,FR001400OJI4,DNCA Flexibonds C,OPCVM,France,FAIBLE,haute,False,434500,4175.79,104.052196,72.15,True,2026-07-30
SUP_001750,FID_BNP,BA000913,FID_BNP,BNP Paribas Wealth FID,FID,Luxembourg,FAIBLE,faible,False,1336100,11927.11,112.022135,100.0,True,2026-07-07
SUP_001751,FID_BNP,BA000914,FID_BNP,BNP Paribas Wealth FID,FID,Luxembourg,FAIBLE,faible,False,396100,2698.98,146.758904,100.0,True,2026-07-07
SUP_001752,FID_UBS,BA000915,FID_UBS,UBS Luxembourg FID Patrimoine,FID,Luxembourg,FAIBLE,faible,False,332500,2976.33,111.714673,100.0,True,2026-07-30
SUP_001753,FID_BNP,BA000916,FID_BNP,BNP Paribas Wealth FID,FID,Luxembourg,FAIBLE,faible,False,142200,1235.27,115.116976,62.29,True,2026-07-08
SUP_001754,XS2428662824,BA000916,XS2428662824,BNP Paribas Certificat,OPCVM,Luxembourg,FAIBLE,moyenne,False,86100,662.9,129.883342,37.71,True,2026-07-20
SUP_001755,FID_UBS,BA000917,FID_UBS,UBS Luxembourg FID Patrimoine,FID,Luxembourg,FAIBLE,faible,False,302900,2900.32,104.436825,100.0,True,2026-07-29
SUP_001756,FID_BNP,BA000918,FID_BNP,BNP Paribas Wealth FID,FID,Luxembourg,FAIBLE,faible,False,265700,2156.06,123.233964,100.0,True,2026-08-01
SUP_001757,FID_UBS,BA000919,FID_UBS,UBS Luxembourg FID Patrimoine,FID,Luxembourg,FAIBLE,faible,False,13200,96.78,136.392971,6.04,True,2026-07-21
SUP_001758,LU0255977539,BA000919,LU0255977539,Pictet-Biotech R EUR,OPCVM,Luxembourg,FAIBLE,haute,False,14300,136.35,104.878086,6.54,True,2026-07-24
SUP_001759,FR001400OJI4,BA000919,FR001400OJI4,DNCA Flexibonds C,OPCVM,France,FAIBLE,haute,False,45100,317.68,141.9658,20.64,True,2026-07-20
SUP_001760,XS2428662824,BA000919,XS2428662824,BNP Paribas Certificat,OPCVM,Luxembourg,FAIBLE,moyenne,False,146000,1241.46,117.603875,66.78,True,2026-07-22
SUP_001761,LU0104884860,BA000920,LU0104884860,Pictet-Water P EUR,OPCVM,Luxembourg,FAIBLE,haute,False,991700,6856.35,144.639656,92.03,False,2026-07-11
SUP_001762,XS2428662824,BA000920,XS2428662824,BNP Paribas Certificat,OPCVM,Luxembourg,FAIBLE,moyenne,False,85800,833.89,102.891453,7.97,False,2026-07-26
SUP_001763,PE_LUX_01,BA000921,PE_LUX_01,Luxembourg PE SICAR,PE,Luxembourg,FAIBLE,très faible,False,10600,86.88,122.000408,2.53,False,2026-07-26
SUP_001764,XS2428662824,BA000921,XS2428662824,BNP Paribas Certificat,OPCVM,Luxembourg,FAIBLE,moyenne,False,407700,3077.03,132.49805,97.47,False,2026-07-17
SUP_001765,PE_CAY_01,BA000922,PE_CAY_01,Cayman Growth Fund I,PE,Cayman Islands,ELEVE,très faible,True,42900,391.0,109.719775,15.07,False,2026-07-14
SUP_001766,PE_LUX_01,BA000922,PE_LUX_01,Luxembourg PE SICAR,PE,Luxembourg,FAIBLE,très faible,False,11800,96.57,122.193011,4.13,False,2026-07-17
SUP_001767,FR0010923383,BA000922,FR0010923383,H2O Multistrategies R,OPCVM,France,FAIBLE,haute,False,111200,894.12,124.367442,39.05,False,2026-07-28
SUP_001768,FR0010392225,BA000922,FR0010392225,Varenne Capital Partners,OPCVM,France,FAIBLE,haute,False,118900,1086.21,109.463359,41.75,False,2026-07-13
SUP_001769,FID_BNP,BA000923,FID_BNP,BNP Paribas Wealth FID,FID,Luxembourg,FAIBLE,faible,False,101800,1019.25,99.877008,22.13,True,2026-07-08
SUP_001770,FR0010923383,BA000923,FR0010923383,H2O Multistrategies R,OPCVM,France,FAIBLE,haute,False,30300,274.92,110.212994,6.59,True,2026-07-27
SUP_001771,XS2428662824,BA000923,XS2428662824,BNP Paribas Certificat,OPCVM,Luxembourg,FAIBLE,moyenne,False,1500,10.7,140.200411,0.32,True,2026-08-04
SUP_001772,FR001400OJI4,BA000923,FR001400OJI4,DNCA Flexibonds C,OPCVM,France,FAIBLE,haute,False,326400,2355.73,138.555696,70.96,True,2026-07-25
SUP_001773,FR001400OJI4,BA000924,FR001400OJI4,DNCA Flexibonds C,OPCVM,France,FAIBLE,haute,False,112100,985.95,113.697054,20.4,False,2026-08-02
SUP_001774,LU0255977539,BA000924,LU0255977539,Pictet-Biotech R EUR,OPCVM,Luxembourg,FAIBLE,haute,False,437500,3342.71,130.882008,79.6,False,2026-07-17
SUP_001775,PE_LUX_01,BA000925,PE_LUX_01,Luxembourg PE SICAR,PE,Luxembourg,FAIBLE,très faible,False,626200,4427.29,141.440801,56.57,False,2026-08-02
SUP_001776,LU0104884860,BA000925,LU0104884860,Pictet-Water P EUR,OPCVM,Luxembourg,FAIBLE,haute,False,480900,5392.58,89.178133,43.43,False,2026-07-25
SUP_001777,FAS_IND,BA000926,FAS_IND,Indosuez Wealth Management FAS,FAS,Luxembourg,FAIBLE,moyenne,False,103100,774.43,133.130148,10.39,True,2026-08-03
SUP_001778,FR0010923383,BA000926,FR0010923383,H2O Multistrategies R,OPCVM,France,FAIBLE,haute,False,86900,681.16,127.577272,8.75,True,2026-07-16
SUP_001779,LU0104884860,BA000926,LU0104884860,Pictet-Water P EUR,OPCVM,Luxembourg,FAIBLE,haute,False,250100,1669.82,149.776563,25.2,True,2026-07-10
SUP_001780,FR001400OJI4,BA000926,FR001400OJI4,DNCA Flexibonds C,OPCVM,France,FAIBLE,haute,False,552300,5420.2,101.896563,55.66,True,2026-07-09
SUP_001781,FID_BNP,BA000927,FID_BNP,BNP Paribas Wealth FID,FID,Luxembourg,FAIBLE,faible,False,1662700,11999.17,138.567907,96.32,True,2026-07-08
SUP_001782,LU0255977539,BA000927,LU0255977539,Pictet-Biotech R EUR,OPCVM,Luxembourg,FAIBLE,haute,False,63500,681.69,93.15109,3.68,True,2026-07-18
SUP_001783,FID_BNP,BA000928,FID_BNP,BNP Paribas Wealth FID,FID,Luxembourg,FAIBLE,faible,False,7000,52.12,134.309189,2.57,True,2026-08-01
SUP_001784,LU0104884860,BA000928,LU0104884860,Pictet-Water P EUR,OPCVM,Luxembourg,FAIBLE,haute,False,120900,888.22,136.115598,44.25,True,2026-07-24
SUP_001785,LU0255977539,BA000928,LU0255977539,Pictet-Biotech R EUR,OPCVM,Luxembourg,FAIBLE,haute,False,55700,447.08,124.585921,20.39,True,2026-08-01
SUP_001786,LU0104884860,BA000928,LU0104884860,Pictet-Water P EUR,OPCVM,Luxembourg,FAIBLE,haute,False,89600,746.36,120.049183,32.79,True,2026-07-16
SUP_001787,FAS_ROT,BA000929,FAS_ROT,Rothschild & Co Gestion FAS,FAS,Luxembourg,FAIBLE,moyenne,False,113600,836.8,135.755681,20.36,True,2026-07-28
SUP_001788,XS2428662824,BA000929,XS2428662824,BNP Paribas Certificat,OPCVM,Luxembourg,FAIBLE,moyenne,False,444400,4830.09,92.006531,79.64,True,2026-07-16
SUP_001789,FAS_ROT,BA000930,FAS_ROT,Rothschild & Co Gestion FAS,FAS,Luxembourg,FAIBLE,moyenne,False,373600,3775.78,98.946336,100.0,True,2026-07-07
SUP_001790,FID_UBS,BA000931,FID_UBS,UBS Luxembourg FID Patrimoine,FID,Luxembourg,FAIBLE,faible,False,233200,2172.37,107.348025,68.48,True,2026-07-19
SUP_001791,LU0104884860,BA000931,LU0104884860,Pictet-Water P EUR,OPCVM,Luxembourg,FAIBLE,haute,False,107300,977.66,109.751604,31.52,True,2026-07-07
SUP_001792,PE_CAY_01,BA000932,PE_CAY_01,Cayman Growth Fund I,PE,Cayman Islands,ELEVE,très faible,True,390900,3201.11,122.113791,100.0,False,2026-07-29
SUP_001793,FR0010392225,BA000933,FR0010392225,Varenne Capital Partners,OPCVM,France,FAIBLE,haute,False,55300,517.65,106.82826,17.76,False,2026-07-20
SUP_001794,FR001400OJI4,BA000933,FR001400OJI4,DNCA Flexibonds C,OPCVM,France,FAIBLE,haute,False,18400,179.32,102.612284,5.93,False,2026-08-04
SUP_001795,FR0010392225,BA000933,FR0010392225,Varenne Capital Partners,OPCVM,France,FAIBLE,haute,False,37800,297.28,127.151763,12.15,False,2026-08-01
SUP_001796,XS2428662824,BA000933,XS2428662824,BNP Paribas Certificat,OPCVM,Luxembourg,FAIBLE,moyenne,False,199700,2311.5,86.394057,64.17,False,2026-07-26
SUP_001797,LU0255977539,BA000934,LU0255977539,Pictet-Biotech R EUR,OPCVM,Luxembourg,FAIBLE,haute,False,324300,2593.89,125.02435,100.0,False,2026-07-29
SUP_001798,PE_LUX_01,BA000935,PE_LUX_01,Luxembourg PE SICAR,PE,Luxembourg,FAIBLE,très faible,False,312000,2564.29,121.671015,100.0,False,2026-07-22
SUP_001799,FID_UBS,BA000936,FID_UBS,UBS Luxembourg FID Patrimoine,FID,Luxembourg,FAIBLE,faible,False,40800,411.47,99.155809,15.77,True,2026-07-14
SUP_001800,XS2428662824,BA000936,XS2428662824,BNP Paribas Certificat,OPCVM,Luxembourg,FAIBLE,moyenne,False,218000,2391.04,91.173748,84.23,True,2026-08-05
SUP_001801,FID_UBS,BA000937,FID_UBS,UBS Luxembourg FID Patrimoine,FID,Luxembourg,FAIBLE,faible,False,265600,2634.22,100.826805,100.0,True,2026-07-09
SUP_001802,FR0010392225,BA000938,FR0010392225,Varenne Capital Partners,OPCVM,France,FAIBLE,haute,False,29000,217.72,133.197682,15.71,False,2026-07-28
SUP_001803,FR0010923383,BA000938,FR0010923383,H2O Multistrategies R,OPCVM,France,FAIBLE,haute,False,2300,17.4,132.194086,1.22,False,2026-07-20
SUP_001804,FR0010392225,BA000938,FR0010392225,Varenne Capital Partners,OPCVM,France,FAIBLE,haute,False,153400,1617.03,94.865076,83.07,False,2026-07-28
SUP_001805,FAS_ROT,BA000939,FAS_ROT,Rothschild & Co Gestion FAS,FAS,Luxembourg,FAIBLE,moyenne,False,5000,35.75,139.847807,2.47,True,2026-07-10
SUP_001806,FR001400OJI4,BA000939,FR001400OJI4,DNCA Flexibonds C,OPCVM,France,FAIBLE,haute,False,70300,563.41,124.775572,35.05,True,2026-07-15
SUP_001807,LU0104884860,BA000939,LU0104884860,Pictet-Water P EUR,OPCVM,Luxembourg,FAIBLE,haute,False,125300,884.03,141.737959,62.48,True,2026-07-26
SUP_001808,FID_BNP,BA000940,FID_BNP,BNP Paribas Wealth FID,FID,Luxembourg,FAIBLE,faible,False,763400,7746.33,98.549874,65.53,True,2026-07-14
SUP_001809,LU0255977539,BA000940,LU0255977539,Pictet-Biotech R EUR,OPCVM,Luxembourg,FAIBLE,haute,False,401500,5001.64,80.273664,34.47,True,2026-07-31
SUP_001810,FID_UBS,BA000941,FID_UBS,UBS Luxembourg FID Patrimoine,FID,Luxembourg,FAIBLE,faible,False,80300,993.3,80.841725,30.57,True,2026-07-12
SUP_001811,LU0104884860,BA000941,LU0104884860,Pictet-Water P EUR,OPCVM,Luxembourg,FAIBLE,haute,False,181000,1589.18,113.895153,68.94,True,2026-07-11
SUP_001812,FR001400OJI4,BA000941,FR001400OJI4,DNCA Flexibonds C,OPCVM,France,FAIBLE,haute,False,1300,10.25,126.849224,0.49,True,2026-07-10
SUP_001813,FID_BNP,BA000942,FID_BNP,BNP Paribas Wealth FID,FID,Luxembourg,FAIBLE,faible,False,296900,2298.3,129.182299,100.0,True,2026-07-07
SUP_001814,FAS_ROT,BA000943,FAS_ROT,Rothschild & Co Gestion FAS,FAS,Luxembourg,FAIBLE,moyenne,False,184600,1388.45,132.954362,100.0,True,2026-07-12
SUP_001815,XS2428662824,BA000944,XS2428662824,BNP Paribas Certificat,OPCVM,Luxembourg,FAIBLE,moyenne,False,278400,2518.74,110.531562,78.56,False,2026-07-29
SUP_001816,LU0255977539,BA000944,LU0255977539,Pictet-Biotech R EUR,OPCVM,Luxembourg,FAIBLE,haute,False,76000,730.63,104.020328,21.44,False,2026-07-22
SUP_001817,LU0104884860,BA000945,LU0104884860,Pictet-Water P EUR,OPCVM,Luxembourg,FAIBLE,haute,False,748700,7131.31,104.987749,92.89,False,2026-07-23
SUP_001818,LU0255977539,BA000945,LU0255977539,Pictet-Biotech R EUR,OPCVM,Luxembourg,FAIBLE,haute,False,57300,391.69,146.290952,7.11,False,2026-07-20
SUP_001819,FID_UBS,BA000946,FID_UBS,UBS Luxembourg FID Patrimoine,FID,Luxembourg,FAIBLE,faible,False,316300,2183.3,144.872657,100.0,True,2026-07-19
SUP_001820,FAS_ROT,BA000947,FAS_ROT,Rothschild & Co Gestion FAS,FAS,Luxembourg,FAIBLE,moyenne,False,250900,2710.07,92.580713,100.0,True,2026-07-20
SUP_001821,FID_BNP,BA000948,FID_BNP,BNP Paribas Wealth FID,FID,Luxembourg,FAIBLE,faible,False,665400,6412.2,103.770995,100.0,True,2026-08-05
SUP_001822,FR001400OJI4,BA000949,FR001400OJI4,DNCA Flexibonds C,OPCVM,France,FAIBLE,haute,False,13200,109.64,120.397053,4.62,False,2026-08-01
SUP_001823,PE_CAY_01,BA000949,PE_CAY_01,Cayman Growth Fund I,PE,Cayman Islands,ELEVE,très faible,True,273200,1939.0,140.897323,95.38,False,2026-07-17
SUP_001824,FID_UBS,BA000950,FID_UBS,UBS Luxembourg FID Patrimoine,FID,Luxembourg,FAIBLE,faible,False,201300,2408.75,83.570301,43.31,True,2026-07-09
SUP_001825,XS2428662824,BA000950,XS2428662824,BNP Paribas Certificat,OPCVM,Luxembourg,FAIBLE,moyenne,False,263500,2936.96,89.718514,56.69,True,2026-07-29
SUP_001826,LU0104884860,BA000951,LU0104884860,Pictet-Water P EUR,OPCVM,Luxembourg,FAIBLE,haute,False,311300,2492.06,124.916783,100.0,False,2026-07-23
SUP_001827,FID_UBS,BA000952,FID_UBS,UBS Luxembourg FID Patrimoine,FID,Luxembourg,FAIBLE,faible,False,238800,1708.39,139.780564,100.0,True,2026-07-07
SUP_001828,FID_BNP,BA000953,FID_BNP,BNP Paribas Wealth FID,FID,Luxembourg,FAIBLE,faible,False,340000,3734.96,91.031825,31.76,True,2026-07-12
SUP_001829,FR0010923383,BA000953,FR0010923383,H2O Multistrategies R,OPCVM,France,FAIBLE,haute,False,730500,5924.04,123.311108,68.24,True,2026-07-20
SUP_001830,FAS_ROT,BA000954,FAS_ROT,Rothschild & Co Gestion FAS,FAS,Luxembourg,FAIBLE,moyenne,False,964300,6792.18,141.972067,45.51,True,2026-07-31
SUP_001831,XS2428662824,BA000954,XS2428662824,BNP Paribas Certificat,OPCVM,Luxembourg,FAIBLE,moyenne,False,1154600,10014.12,115.297256,54.49,True,2026-07-14
SUP_001832,FAS_IND,BA000955,FAS_IND,Indosuez Wealth Management FAS,FAS,Luxembourg,FAIBLE,moyenne,False,8200,86.26,95.065287,1.72,True,2026-07-11
SUP_001833,FR0010923383,BA000955,FR0010923383,H2O Multistrategies R,OPCVM,France,FAIBLE,haute,False,292400,2060.32,141.919584,61.33,True,2026-07-24
SUP_001834,LU0255977539,BA000955,LU0255977539,Pictet-Biotech R EUR,OPCVM,Luxembourg,FAIBLE,haute,False,176200,1473.88,119.548027,36.95,True,2026-07-29
SUP_001835,FID_BNP,BA000956,FID_BNP,BNP Paribas Wealth FID,FID,Luxembourg,FAIBLE,faible,False,708100,7416.73,95.473311,26.96,True,2026-08-02
SUP_001836,FR001400OJI4,BA000956,FR001400OJI4,DNCA Flexibonds C,OPCVM,France,FAIBLE,haute,False,749800,5195.14,144.327117,28.55,True,2026-07-29
SUP_001837,LU0104884860,BA000956,LU0104884860,Pictet-Water P EUR,OPCVM,Luxembourg,FAIBLE,haute,False,1168700,9115.8,128.205913,44.49,True,2026-07-30
SUP_001838,FAS_ROT,BA000957,FAS_ROT,Rothschild & Co Gestion FAS,FAS,Luxembourg,FAIBLE,moyenne,False,2782100,26683.07,104.264618,100.0,True,2026-07-16
SUP_001839,FID_BNP,BA000958,FID_BNP,BNP Paribas Wealth FID,FID,Luxembourg,FAIBLE,faible,False,391500,3714.98,105.384211,100.0,True,2026-07-12
SUP_001840,FAS_ROT,BA000959,FAS_ROT,Rothschild & Co Gestion FAS,FAS,Luxembourg,FAIBLE,moyenne,False,182500,1340.5,136.142883,41.39,True,2026-07-31
SUP_001841,FR0010392225,BA000959,FR0010392225,Varenne Capital Partners,OPCVM,France,FAIBLE,haute,False,258500,3009.34,85.899305,58.61,True,2026-07-25
SUP_001842,FID_BNP,BA000960,FID_BNP,BNP Paribas Wealth FID,FID,Luxembourg,FAIBLE,faible,False,176500,1896.05,93.088116,64.5,True,2026-07-29
SUP_001843,XS2428662824,BA000960,XS2428662824,BNP Paribas Certificat,OPCVM,Luxembourg,FAIBLE,moyenne,False,97100,1050.76,92.409273,35.5,True,2026-07-07
SUP_001844,FID_BNP,BA000961,FID_BNP,BNP Paribas Wealth FID,FID,Luxembourg,FAIBLE,faible,False,13700,107.78,127.108221,2.31,True,2026-07-09
SUP_001845,XS2428662824,BA000961,XS2428662824,BNP Paribas Certificat,OPCVM,Luxembourg,FAIBLE,moyenne,False,89700,736.07,121.862799,15.11,True,2026-07-13
SUP_001846,XS2428662824,BA000961,XS2428662824,BNP Paribas Certificat,OPCVM,Luxembourg,FAIBLE,moyenne,False,490400,5893.52,83.210071,82.58,True,2026-07-15
SUP_001847,FAS_IND,BA000962,FAS_IND,Indosuez Wealth Management FAS,FAS,Luxembourg,FAIBLE,moyenne,False,281700,2618.73,107.571183,53.19,True,2026-07-20
SUP_001848,LU0255977539,BA000962,LU0255977539,Pictet-Biotech R EUR,OPCVM,Luxembourg,FAIBLE,haute,False,247900,1753.7,141.358664,46.81,True,2026-07-28
SUP_001849,FID_UBS,BA000963,FID_UBS,UBS Luxembourg FID Patrimoine,FID,Luxembourg,FAIBLE,faible,False,339000,3579.02,94.718571,100.0,True,2026-08-02
SUP_001850,PE_CAY_01,BA000964,PE_CAY_01,Cayman Growth Fund I,PE,Cayman Islands,ELEVE,très faible,True,1671600,12238.49,136.585473,100.0,False,2026-07-22
SUP_001851,FID_UBS,BA000965,FID_UBS,UBS Luxembourg FID Patrimoine,FID,Luxembourg,FAIBLE,faible,False,200100,2200.31,90.941709,67.27,True,2026-07-08
SUP_001852,LU0255977539,BA000965,LU0255977539,Pictet-Biotech R EUR,OPCVM,Luxembourg,FAIBLE,haute,False,97300,730.42,133.210319,32.73,True,2026-07-13
SUP_001853,FID_UBS,BA000966,FID_UBS,UBS Luxembourg FID Patrimoine,FID,Luxembourg,FAIBLE,faible,False,177500,1430.9,124.047594,49.17,True,2026-07-11
SUP_001854,LU0104884860,BA000966,LU0104884860,Pictet-Water P EUR,OPCVM,Luxembourg,FAIBLE,haute,False,69400,757.97,91.5605,19.24,True,2026-07-13
SUP_001855,FR0010923383,BA000966,FR0010923383,H2O Multistrategies R,OPCVM,France,FAIBLE,haute,False,114100,802.15,142.24336,31.6,True,2026-07-24
SUP_001856,FID_BNP,BA000967,FID_BNP,BNP Paribas Wealth FID,FID,Luxembourg,FAIBLE,faible,False,56100,548.17,102.339808,18.94,True,2026-07-26
SUP_001857,LU0255977539,BA000967,LU0255977539,Pictet-Biotech R EUR,OPCVM,Luxembourg,FAIBLE,haute,False,240200,2138.4,112.32709,81.06,True,2026-07-10
SUP_001858,FID_BNP,BA000968,FID_BNP,BNP Paribas Wealth FID,FID,Luxembourg,FAIBLE,faible,False,303100,2117.03,143.172143,100.0,True,2026-08-02
SUP_001859,PE_LUX_01,BA000969,PE_LUX_01,Luxembourg PE SICAR,PE,Luxembourg,FAIBLE,très faible,False,37200,443.14,83.946475,13.33,False,2026-07-13
SUP_001860,FR0010392225,BA000969,FR0010392225,Varenne Capital Partners,OPCVM,France,FAIBLE,haute,False,66700,462.81,144.120125,23.89,False,2026-08-04
SUP_001861,FR0010923383,BA000969,FR0010923383,H2O Multistrategies R,OPCVM,France,FAIBLE,haute,False,175200,1880.13,93.184851,62.78,False,2026-07-17
SUP_001862,FID_UBS,BA000970,FID_UBS,UBS Luxembourg FID Patrimoine,FID,Luxembourg,FAIBLE,faible,False,27600,227.8,121.160111,3.07,True,2026-08-03
SUP_001863,LU0104884860,BA000970,LU0104884860,Pictet-Water P EUR,OPCVM,Luxembourg,FAIBLE,haute,False,727000,5085.13,142.965867,80.87,True,2026-08-02
SUP_001864,LU0104884860,BA000970,LU0104884860,Pictet-Water P EUR,OPCVM,Luxembourg,FAIBLE,haute,False,144400,1140.67,126.592104,16.06,True,2026-08-04
SUP_001865,PE_LUX_01,BA000971,PE_LUX_01,Luxembourg PE SICAR,PE,Luxembourg,FAIBLE,très faible,False,537700,5172.81,103.947454,100.0,False,2026-07-09
SUP_001866,FR0010923383,BA000972,FR0010923383,H2O Multistrategies R,OPCVM,France,FAIBLE,haute,False,22600,155.62,145.227906,5.83,False,2026-07-10
SUP_001867,PE_LUX_01,BA000972,PE_LUX_01,Luxembourg PE SICAR,PE,Luxembourg,FAIBLE,très faible,False,365100,2572.4,141.929616,94.17,False,2026-08-03
SUP_001868,FID_UBS,BA000973,FID_UBS,UBS Luxembourg FID Patrimoine,FID,Luxembourg,FAIBLE,faible,False,314600,2888.27,108.923151,100.0,True,2026-08-01
SUP_001869,FID_BNP,BA000974,FID_BNP,BNP Paribas Wealth FID,FID,Luxembourg,FAIBLE,faible,False,21200,143.75,147.47489,7.88,True,2026-08-03
SUP_001870,FR0010392225,BA000974,FR0010392225,Varenne Capital Partners,OPCVM,France,FAIBLE,haute,False,247200,1965.09,125.795576,92.12,True,2026-07-18
SUP_001871,FID_UBS,BA000975,FID_UBS,UBS Luxembourg FID Patrimoine,FID,Luxembourg,FAIBLE,faible,False,289600,2645.21,109.481017,100.0,True,2026-07-30
SUP_001872,LU0255977539,BA000976,LU0255977539,Pictet-Biotech R EUR,OPCVM,Luxembourg,FAIBLE,haute,False,344300,3439.8,100.092944,100.0,False,2026-07-16
SUP_001873,FID_BNP,BA000977,FID_BNP,BNP Paribas Wealth FID,FID,Luxembourg,FAIBLE,faible,False,1330100,8984.15,148.04968,100.0,True,2026-07-10
SUP_001874,FAS_IND,BA000978,FAS_IND,Indosuez Wealth Management FAS,FAS,Luxembourg,FAIBLE,moyenne,False,192300,1923.9,99.953198,33.11,True,2026-07-07
SUP_001875,FR001400OJI4,BA000978,FR001400OJI4,DNCA Flexibonds C,OPCVM,France,FAIBLE,haute,False,388500,2824.18,137.561924,66.89,True,2026-08-02
SUP_001876,FID_UBS,BA000979,FID_UBS,UBS Luxembourg FID Patrimoine,FID,Luxembourg,FAIBLE,faible,False,337700,3105.08,108.757299,100.0,True,2026-07-31
SUP_001877,FID_UBS,BA000980,FID_UBS,UBS Luxembourg FID Patrimoine,FID,Luxembourg,FAIBLE,faible,False,583800,5730.12,101.882606,100.0,True,2026-07-11
SUP_001878,FAS_ROT,BA000981,FAS_ROT,Rothschild & Co Gestion FAS,FAS,Luxembourg,FAIBLE,moyenne,False,535100,4025.1,132.940829,100.0,True,2026-07-12
SUP_001879,FR001400OJI4,BA000982,FR001400OJI4,DNCA Flexibonds C,OPCVM,France,FAIBLE,haute,False,29900,200.04,149.467579,5.34,False,2026-07-15
SUP_001880,LU0104884860,BA000982,LU0104884860,Pictet-Water P EUR,OPCVM,Luxembourg,FAIBLE,haute,False,83900,778.93,107.711831,14.99,False,2026-07-13
SUP_001881,XS2428662824,BA000982,XS2428662824,BNP Paribas Certificat,OPCVM,Luxembourg,FAIBLE,moyenne,False,445800,3504.07,127.223347,79.67,False,2026-07-31
SUP_001882,PE_CAY_01,BA000983,PE_CAY_01,Cayman Growth Fund I,PE,Cayman Islands,ELEVE,très faible,True,281200,2671.35,105.265149,100.0,False,2026-07-18
SUP_001883,FR0010392225,BA000984,FR0010392225,Varenne Capital Partners,OPCVM,France,FAIBLE,haute,False,576000,6946.1,82.924252,59.29,False,2026-07-18
SUP_001884,FR0010923383,BA000984,FR0010923383,H2O Multistrategies R,OPCVM,France,FAIBLE,haute,False,395600,2728.23,145.002694,40.71,False,2026-07-12
SUP_001885,FAS_ROT,BA000985,FAS_ROT,Rothschild & Co Gestion FAS,FAS,Luxembourg,FAIBLE,moyenne,False,63700,668.24,95.324954,14.11,True,2026-07-21
SUP_001886,LU0255977539,BA000985,LU0255977539,Pictet-Biotech R EUR,OPCVM,Luxembourg,FAIBLE,haute,False,185900,1407.51,132.07688,41.17,True,2026-07-21
SUP_001887,XS2428662824,BA000985,XS2428662824,BNP Paribas Certificat,OPCVM,Luxembourg,FAIBLE,moyenne,False,201900,2225.01,90.741235,44.72,True,2026-07-12
SUP_001888,FID_BNP,BA000986,FID_BNP,BNP Paribas Wealth FID,FID,Luxembourg,FAIBLE,faible,False,165600,1426.25,116.108596,28.44,True,2026-07-19
SUP_001889,FR0010392225,BA000986,FR0010392225,Varenne Capital Partners,OPCVM,France,FAIBLE,haute,False,416500,3342.16,124.619934,71.56,True,2026-07-28
SUP_001890,FID_BNP,BA000987,FID_BNP,BNP Paribas Wealth FID,FID,Luxembourg,FAIBLE,faible,False,287000,3089.98,92.880811,100.0,True,2026-07-24
SUP_001891,FID_UBS,BA000988,FID_UBS,UBS Luxembourg FID Patrimoine,FID,Luxembourg,FAIBLE,faible,False,257100,2479.37,103.695803,16.71,True,2026-07-13
SUP_001892,XS2428662824,BA000988,XS2428662824,BNP Paribas Certificat,OPCVM,Luxembourg,FAIBLE,moyenne,False,254300,2238.62,113.597001,16.53,True,2026-07-24
SUP_001893,FR0010392225,BA000988,FR0010392225,Varenne Capital Partners,OPCVM,France,FAIBLE,haute,False,1027200,8478.67,121.151142,66.76,True,2026-07-13
SUP_001894,FID_BNP,BA000989,FID_BNP,BNP Paribas Wealth FID,FID,Luxembourg,FAIBLE,faible,False,958100,8575.82,111.72114,100.0,True,2026-07-18
SUP_001895,FR0010923383,BA000990,FR0010923383,H2O Multistrategies R,OPCVM,France,FAIBLE,haute,False,304100,2791.83,108.92489,100.0,False,2026-07-25
SUP_001896,FID_UBS,BA000991,FID_UBS,UBS Luxembourg FID Patrimoine,FID,Luxembourg,FAIBLE,faible,False,715100,4914.78,145.499963,100.0,True,2026-07-21
SUP_001897,LU0104884860,BA000992,LU0104884860,Pictet-Water P EUR,OPCVM,Luxembourg,FAIBLE,haute,False,277100,2247.04,123.317931,100.0,False,2026-07-30
SUP_001898,FID_BNP,BA000993,FID_BNP,BNP Paribas Wealth FID,FID,Luxembourg,FAIBLE,faible,False,1055600,7801.62,135.305265,47.48,True,2026-07-09
SUP_001899,LU0255977539,BA000993,LU0255977539,Pictet-Biotech R EUR,OPCVM,Luxembourg,FAIBLE,haute,False,1167700,12850.52,90.867889,52.52,True,2026-07-13
SUP_001900,LU0255977539,BA000994,LU0255977539,Pictet-Biotech R EUR,OPCVM,Luxembourg,FAIBLE,haute,False,184300,1369.84,134.541425,19.92,False,2026-07-30
SUP_001901,LU0104884860,BA000994,LU0104884860,Pictet-Water P EUR,OPCVM,Luxembourg,FAIBLE,haute,False,741200,7037.65,105.319255,80.08,False,2026-07-19
SUP_001902,FR0010392225,BA000995,FR0010392225,Varenne Capital Partners,OPCVM,France,FAIBLE,haute,False,999600,11021.19,90.698032,77.49,False,2026-07-23
SUP_001903,PE_LUX_01,BA000995,PE_LUX_01,Luxembourg PE SICAR,PE,Luxembourg,FAIBLE,très faible,False,51800,422.81,122.514888,4.01,False,2026-08-04
SUP_001904,LU0255977539,BA000995,LU0255977539,Pictet-Biotech R EUR,OPCVM,Luxembourg,FAIBLE,haute,False,238500,2253.2,105.849647,18.49,False,2026-07-11
SUP_001905,FAS_ROT,BA000996,FAS_ROT,Rothschild & Co Gestion FAS,FAS,Luxembourg,FAIBLE,moyenne,False,538900,4253.58,126.693358,100.0,True,2026-07-13
SUP_001906,FID_BNP,BA000997,FID_BNP,BNP Paribas Wealth FID,FID,Luxembourg,FAIBLE,faible,False,369200,4513.98,81.790403,17.47,True,2026-07-16
SUP_001907,LU0255977539,BA000997,LU0255977539,Pictet-Biotech R EUR,OPCVM,Luxembourg,FAIBLE,haute,False,113800,834.51,136.368259,5.38,True,2026-07-15
SUP_001908,FR001400OJI4,BA000997,FR001400OJI4,DNCA Flexibonds C,OPCVM,France,FAIBLE,haute,False,1033400,8112.67,127.380975,48.91,True,2026-07-16
SUP_001909,FR0010392225,BA000997,FR0010392225,Varenne Capital Partners,OPCVM,France,FAIBLE,haute,False,596500,4706.74,126.733032,28.23,True,2026-07-15
SUP_001910,FID_UBS,BA000998,FID_UBS,UBS Luxembourg FID Patrimoine,FID,Luxembourg,FAIBLE,faible,False,821500,7286.12,112.74864,35.29,True,2026-07-18
SUP_001911,LU0104884860,BA000998,LU0104884860,Pictet-Water P EUR,OPCVM,Luxembourg,FAIBLE,haute,False,883700,6079.05,145.368228,37.96,True,2026-07-22
SUP_001912,FR001400OJI4,BA000998,FR001400OJI4,DNCA Flexibonds C,OPCVM,France,FAIBLE,haute,False,622900,4937.92,126.14616,26.76,True,2026-07-15
SUP_001913,FID_BNP,BA000999,FID_BNP,BNP Paribas Wealth FID,FID,Luxembourg,FAIBLE,faible,False,959200,8560.2,112.053513,38.02,True,2026-07-24
SUP_001914,FR0010923383,BA000999,FR0010923383,H2O Multistrategies R,OPCVM,France,FAIBLE,haute,False,1563900,12646.86,123.659162,61.98,True,2026-07-18
SUP_001915,FAS_ROT,BA001000,FAS_ROT,Rothschild & Co Gestion FAS,FAS,Luxembourg,FAIBLE,moyenne,False,272100,2357.79,115.40459,100.0,True,2026-07-20
SUP_001916,FID_BNP,BA001001,FID_BNP,BNP Paribas Wealth FID,FID,Luxembourg,FAIBLE,faible,False,234300,1576.31,148.637946,100.0,True,2026-07-15
SUP_001917,FID_UBS,BA001002,FID_UBS,UBS Luxembourg FID Patrimoine,FID,Luxembourg,FAIBLE,faible,False,325500,2727.49,119.340575,100.0,True,2026-07-26
SUP_001918,FID_BNP,BA001003,FID_BNP,BNP Paribas Wealth FID,FID,Luxembourg,FAIBLE,faible,False,178600,1399.68,127.60051,81.95,True,2026-08-03
SUP_001919,LU0104884860,BA001003,LU0104884860,Pictet-Water P EUR,OPCVM,Luxembourg,FAIBLE,haute,False,39300,328.72,119.554727,18.05,True,2026-07-11
SUP_001920,FR001400OJI4,BA001004,FR001400OJI4,DNCA Flexibonds C,OPCVM,France,FAIBLE,haute,False,265500,2300.91,115.389129,100.0,False,2026-07-21
SUP_001921,FID_BNP,BA001005,FID_BNP,BNP Paribas Wealth FID,FID,Luxembourg,FAIBLE,faible,False,32100,274.23,117.056426,12.45,True,2026-07-24
SUP_001922,XS2428662824,BA001005,XS2428662824,BNP Paribas Certificat,OPCVM,Luxembourg,FAIBLE,moyenne,False,400,3.87,103.477319,0.14,True,2026-07-25
SUP_001923,LU0104884860,BA001005,LU0104884860,Pictet-Water P EUR,OPCVM,Luxembourg,FAIBLE,haute,False,225400,2432.71,92.653727,87.41,True,2026-07-25
SUP_001924,FID_BNP,BA001006,FID_BNP,BNP Paribas Wealth FID,FID,Luxembourg,FAIBLE,faible,False,200400,1479.04,135.492984,59.44,True,2026-07-12
SUP_001925,FR001400OJI4,BA001006,FR001400OJI4,DNCA Flexibonds C,OPCVM,France,FAIBLE,haute,False,110000,1033.93,106.390252,32.62,True,2026-07-21
SUP_001926,FR0010923383,BA001006,FR0010923383,H2O Multistrategies R,OPCVM,France,FAIBLE,haute,False,26800,224.1,119.58958,7.94,True,2026-07-17
SUP_001927,FID_UBS,BA001007,FID_UBS,UBS Luxembourg FID Patrimoine,FID,Luxembourg,FAIBLE,faible,False,179900,1615.56,111.354813,30.32,True,2026-07-31
SUP_001928,LU0255977539,BA001007,LU0255977539,Pictet-Biotech R EUR,OPCVM,Luxembourg,FAIBLE,haute,False,39800,290.46,137.023235,6.71,True,2026-08-04
SUP_001929,FR0010392225,BA001007,FR0010392225,Varenne Capital Partners,OPCVM,France,FAIBLE,haute,False,373700,3273.79,114.148914,62.97,True,2026-07-29
SUP_001930,FID_UBS,BA001008,FID_UBS,UBS Luxembourg FID Patrimoine,FID,Luxembourg,FAIBLE,faible,False,273200,1890.31,144.526834,88.9,True,2026-08-03
SUP_001931,FR0010923383,BA001008,FR0010923383,H2O Multistrategies R,OPCVM,France,FAIBLE,haute,False,34100,248.18,137.402635,11.1,True,2026-08-05
SUP_001932,FID_UBS,BA001009,FID_UBS,UBS Luxembourg FID Patrimoine,FID,Luxembourg,FAIBLE,faible,False,878700,6710.92,130.935891,79.71,True,2026-07-12
SUP_001933,LU0104884860,BA001009,LU0104884860,Pictet-Water P EUR,OPCVM,Luxembourg,FAIBLE,haute,False,223700,2261.11,98.933735,20.29,True,2026-07-11
SUP_001934,PE_CAY_01,BA001010,PE_CAY_01,Cayman Growth Fund I,PE,Cayman Islands,ELEVE,très faible,True,379800,2976.59,127.5956,100.0,False,2026-08-04
SUP_001935,FID_UBS,BA001011,FID_UBS,UBS Luxembourg FID Patrimoine,FID,Luxembourg,FAIBLE,faible,False,1458000,10307.81,141.446122,100.0,True,2026-07-20
SUP_001936,FR0010923383,BA001012,FR0010923383,H2O Multistrategies R,OPCVM,France,FAIBLE,haute,False,574200,6599.31,87.009107,76.88,False,2026-07-20
SUP_001937,LU0104884860,BA001012,LU0104884860,Pictet-Water P EUR,OPCVM,Luxembourg,FAIBLE,haute,False,172700,1175.24,146.948982,23.12,False,2026-07-29
SUP_001938,FID_BNP,BA001013,FID_BNP,BNP Paribas Wealth FID,FID,Luxembourg,FAIBLE,faible,False,40800,344.95,118.279239,10.71,True,2026-07-31
SUP_001939,LU0104884860,BA001013,LU0104884860,Pictet-Water P EUR,OPCVM,Luxembourg,FAIBLE,haute,False,340400,2290.37,148.622436,89.29,True,2026-08-05
SUP_001940,FID_BNP,BA001014,FID_BNP,BNP Paribas Wealth FID,FID,Luxembourg,FAIBLE,faible,False,30200,282.17,107.027936,7.15,True,2026-07-15
SUP_001941,FR001400OJI4,BA001014,FR001400OJI4,DNCA Flexibonds C,OPCVM,France,FAIBLE,haute,False,28100,213.34,131.71761,6.65,True,2026-07-07
SUP_001942,FR001400OJI4,BA001014,FR001400OJI4,DNCA Flexibonds C,OPCVM,France,FAIBLE,haute,False,364300,3129.81,116.396741,86.2,True,2026-07-31
SUP_001943,FID_BNP,BA001015,FID_BNP,BNP Paribas Wealth FID,FID,Luxembourg,FAIBLE,faible,False,215400,1458.48,147.687835,54.06,True,2026-07-25
SUP_001944,FR001400OJI4,BA001015,FR001400OJI4,DNCA Flexibonds C,OPCVM,France,FAIBLE,haute,False,183100,1848.96,99.02874,45.94,True,2026-07-20
SUP_001945,PE_LUX_01,BA001016,PE_LUX_01,Luxembourg PE SICAR,PE,Luxembourg,FAIBLE,très faible,False,314500,3214.51,97.837516,100.0,False,2026-07-15
SUP_001946,FID_UBS,BA001017,FID_UBS,UBS Luxembourg FID Patrimoine,FID,Luxembourg,FAIBLE,faible,False,338100,2324.35,145.459869,100.0,True,2026-07-18
SUP_001947,FID_BNP,BA001018,FID_BNP,BNP Paribas Wealth FID,FID,Luxembourg,FAIBLE,faible,False,70800,824.82,85.836932,24.47,True,2026-07-13
SUP_001948,FR001400OJI4,BA001018,FR001400OJI4,DNCA Flexibonds C,OPCVM,France,FAIBLE,haute,False,108500,738.12,146.995347,37.47,True,2026-07-17
SUP_001949,FR0010392225,BA001018,FR0010392225,Varenne Capital Partners,OPCVM,France,FAIBLE,haute,False,110200,892.23,123.510822,38.07,True,2026-07-17
SUP_001950,FAS_IND,BA001019,FAS_IND,Indosuez Wealth Management FAS,FAS,Luxembourg,FAIBLE,moyenne,False,1435000,14937.28,96.068355,100.0,True,2026-07-11
SUP_001951,FID_UBS,BA001020,FID_UBS,UBS Luxembourg FID Patrimoine,FID,Luxembourg,FAIBLE,faible,False,790900,6629.44,119.301236,100.0,True,2026-07-08
SUP_001952,FID_BNP,BA001021,FID_BNP,BNP Paribas Wealth FID,FID,Luxembourg,FAIBLE,faible,False,134400,954.42,140.81789,20.62,True,2026-07-15
SUP_001953,LU0255977539,BA001021,LU0255977539,Pictet-Biotech R EUR,OPCVM,Luxembourg,FAIBLE,haute,False,517700,4383.11,118.112433,79.38,True,2026-08-02
SUP_001954,LU0104884860,BA001022,LU0104884860,Pictet-Water P EUR,OPCVM,Luxembourg,FAIBLE,haute,False,220300,2360.11,93.342979,56.76,False,2026-07-28
SUP_001955,FR001400OJI4,BA001022,FR001400OJI4,DNCA Flexibonds C,OPCVM,France,FAIBLE,haute,False,167800,1487.27,112.824119,43.24,False,2026-07-26
SUP_001956,FAS_IND,BA001023,FAS_IND,Indosuez Wealth Management FAS,FAS,Luxembourg,FAIBLE,moyenne,False,52100,376.77,138.28052,11.64,True,2026-07-08
SUP_001957,XS2428662824,BA001023,XS2428662824,BNP Paribas Certificat,OPCVM,Luxembourg,FAIBLE,moyenne,False,395400,2740.31,144.290205,88.36,True,2026-08-03
SUP_001958,FID_BNP,BA001024,FID_BNP,BNP Paribas Wealth FID,FID,Luxembourg,FAIBLE,faible,False,59100,475.79,124.214645,23.26,True,2026-07-17
SUP_001959,LU0255977539,BA001024,LU0255977539,Pictet-Biotech R EUR,OPCVM,Luxembourg,FAIBLE,haute,False,195200,1590.94,122.694493,76.74,True,2026-07-26
SUP_001960,FID_UBS,BA001025,FID_UBS,UBS Luxembourg FID Patrimoine,FID,Luxembourg,FAIBLE,faible,False,28500,312.51,91.196008,9.86,True,2026-08-02
SUP_001961,XS2428662824,BA001025,XS2428662824,BNP Paribas Certificat,OPCVM,Luxembourg,FAIBLE,moyenne,False,217900,1602.37,135.985898,75.36,True,2026-07-20
SUP_001962,LU0255977539,BA001025,LU0255977539,Pictet-Biotech R EUR,OPCVM,Luxembourg,FAIBLE,haute,False,42700,500.15,85.374521,14.78,True,2026-07-13
SUP_001963,FID_BNP,BA001026,FID_BNP,BNP Paribas Wealth FID,FID,Luxembourg,FAIBLE,faible,False,314900,2979.34,105.694449,100.0,True,2026-07-17
SUP_001964,FID_BNP,BA001027,FID_BNP,BNP Paribas Wealth FID,FID,Luxembourg,FAIBLE,faible,False,869000,8974.29,96.832219,100.0,True,2026-07-23
SUP_001965,FID_UBS,BA001028,FID_UBS,UBS Luxembourg FID Patrimoine,FID,Luxembourg,FAIBLE,faible,False,1191700,13999.62,85.123732,100.0,True,2026-07-31
SUP_001966,FAS_IND,BA001029,FAS_IND,Indosuez Wealth Management FAS,FAS,Luxembourg,FAIBLE,moyenne,False,576000,5350.75,107.648458,100.0,True,2026-07-16
SUP_001967,FID_UBS,BA001030,FID_UBS,UBS Luxembourg FID Patrimoine,FID,Luxembourg,FAIBLE,faible,False,124000,927.02,133.761632,25.45,True,2026-07-12
SUP_001968,LU0104884860,BA001030,LU0104884860,Pictet-Water P EUR,OPCVM,Luxembourg,FAIBLE,haute,False,4200,34.55,121.555295,0.86,True,2026-07-27
SUP_001969,FR0010392225,BA001030,FR0010392225,Varenne Capital Partners,OPCVM,France,FAIBLE,haute,False,359000,3884.43,92.420321,73.7,True,2026-08-04
SUP_001970,LU0104884860,BA001031,LU0104884860,Pictet-Water P EUR,OPCVM,Luxembourg,FAIBLE,haute,False,406800,4189.13,97.108439,100.0,False,2026-08-01
SUP_001971,FAS_ROT,BA001032,FAS_ROT,Rothschild & Co Gestion FAS,FAS,Luxembourg,FAIBLE,moyenne,False,376900,4047.86,93.110843,43.87,True,2026-07-07
SUP_001972,FR0010923383,BA001032,FR0010923383,H2O Multistrategies R,OPCVM,France,FAIBLE,haute,False,482100,3484.34,138.362069,56.13,True,2026-07-11
SUP_001973,FR0010392225,BA001033,FR0010392225,Varenne Capital Partners,OPCVM,France,FAIBLE,haute,False,6149900,75670.82,81.27175,100.0,False,2026-07-27
SUP_001974,FID_UBS,BA001034,FID_UBS,UBS Luxembourg FID Patrimoine,FID,Luxembourg,FAIBLE,faible,False,380700,3338.97,114.01705,79.43,True,2026-07-17
SUP_001975,XS2428662824,BA001034,XS2428662824,BNP Paribas Certificat,OPCVM,Luxembourg,FAIBLE,moyenne,False,95300,930.54,102.414008,19.88,True,2026-08-02
SUP_001976,FR0010923383,BA001034,FR0010923383,H2O Multistrategies R,OPCVM,France,FAIBLE,haute,False,3300,23.03,143.28341,0.68,True,2026-07-14
SUP_001977,FID_UBS,BA001035,FID_UBS,UBS Luxembourg FID Patrimoine,FID,Luxembourg,FAIBLE,faible,False,205200,2552.26,80.399222,62.62,True,2026-08-01
SUP_001978,XS2428662824,BA001035,XS2428662824,BNP Paribas Certificat,OPCVM,Luxembourg,FAIBLE,moyenne,False,122400,1401.04,87.36392,37.38,True,2026-07-16
SUP_001979,FAS_ROT,BA001036,FAS_ROT,Rothschild & Co Gestion FAS,FAS,Luxembourg,FAIBLE,moyenne,False,153900,1799.1,85.542773,51.22,True,2026-07-26
SUP_001980,XS2428662824,BA001036,XS2428662824,BNP Paribas Certificat,OPCVM,Luxembourg,FAIBLE,moyenne,False,146600,1304.22,112.403949,48.78,True,2026-07-28
SUP_001981,FAS_IND,BA001037,FAS_IND,Indosuez Wealth Management FAS,FAS,Luxembourg,FAIBLE,moyenne,False,359700,2468.25,145.730771,63.41,True,2026-08-04
SUP_001982,LU0255977539,BA001037,LU0255977539,Pictet-Biotech R EUR,OPCVM,Luxembourg,FAIBLE,haute,False,128800,923.33,139.495519,22.71,True,2026-07-24
SUP_001983,LU0255977539,BA001037,LU0255977539,Pictet-Biotech R EUR,OPCVM,Luxembourg,FAIBLE,haute,False,78800,673.09,117.071943,13.89,True,2026-07-30
SUP_001984,FID_UBS,BA001038,FID_UBS,UBS Luxembourg FID Patrimoine,FID,Luxembourg,FAIBLE,faible,False,338700,2411.18,140.470789,100.0,True,2026-07-23
SUP_001985,FID_BNP,BA001039,FID_BNP,BNP Paribas Wealth FID,FID,Luxembourg,FAIBLE,faible,False,92500,907.9,101.883131,21.96,True,2026-07-08
SUP_001986,FR0010392225,BA001039,FR0010392225,Varenne Capital Partners,OPCVM,France,FAIBLE,haute,False,31200,239.42,130.314787,7.41,True,2026-07-23
SUP_001987,LU0104884860,BA001039,LU0104884860,Pictet-Water P EUR,OPCVM,Luxembourg,FAIBLE,haute,False,297600,2937.49,101.311147,70.63,True,2026-07-25
SUP_001988,FID_UBS,BA001040,FID_UBS,UBS Luxembourg FID Patrimoine,FID,Luxembourg,FAIBLE,faible,False,227700,2707.47,84.100767,77.33,True,2026-07-26
SUP_001989,XS2428662824,BA001040,XS2428662824,BNP Paribas Certificat,OPCVM,Luxembourg,FAIBLE,moyenne,False,66800,513.5,130.0872,22.67,True,2026-08-03
SUP_001990,FID_UBS,BA001041,FID_UBS,UBS Luxembourg FID Patrimoine,FID,Luxembourg,FAIBLE,faible,False,661700,7364.97,89.844211,13.82,True,2026-07-21
SUP_001991,FR0010923383,BA001041,FR0010923383,H2O Multistrategies R,OPCVM,France,FAIBLE,haute,False,4124900,27924.65,147.715363,86.18,True,2026-07-09
SUP_001992,FAS_IND,BA001042,FAS_IND,Indosuez Wealth Management FAS,FAS,Luxembourg,FAIBLE,moyenne,False,126800,1025.66,123.62712,38.97,True,2026-08-01
SUP_001993,LU0104884860,BA001042,LU0104884860,Pictet-Water P EUR,OPCVM,Luxembourg,FAIBLE,haute,False,180800,1435.2,125.975215,55.58,True,2026-07-07
SUP_001994,LU0104884860,BA001042,LU0104884860,Pictet-Water P EUR,OPCVM,Luxembourg,FAIBLE,haute,False,17700,134.81,131.294323,5.45,True,2026-08-05
SUP_001995,FAS_IND,BA001043,FAS_IND,Indosuez Wealth Management FAS,FAS,Luxembourg,FAIBLE,moyenne,False,62200,428.03,145.31644,3.2,True,2026-07-07
SUP_001996,FR001400OJI4,BA001043,FR001400OJI4,DNCA Flexibonds C,OPCVM,France,FAIBLE,haute,False,1883500,20005.87,94.147383,96.8,True,2026-07-14
SUP_001997,FID_BNP,BA001044,FID_BNP,BNP Paribas Wealth FID,FID,Luxembourg,FAIBLE,faible,False,1379500,14911.82,92.510485,38.73,True,2026-07-23
SUP_001998,LU0104884860,BA001044,LU0104884860,Pictet-Water P EUR,OPCVM,Luxembourg,FAIBLE,haute,False,2182300,23131.63,94.342665,61.27,True,2026-07-30
SUP_001999,FID_BNP,BA001045,FID_BNP,BNP Paribas Wealth FID,FID,Luxembourg,FAIBLE,faible,False,1602500,19812.49,80.88332,100.0,True,2026-07-09
SUP_002000,FR001400OJI4,BA001046,FR001400OJI4,DNCA Flexibonds C,OPCVM,France,FAIBLE,haute,False,344500,2655.86,129.713215,100.0,False,2026-07-11
SUP_002001,FID_BNP,BA001047,FID_BNP,BNP Paribas Wealth FID,FID,Luxembourg,FAIBLE,faible,False,1038200,8779.93,118.246912,100.0,True,2026-07-28
SUP_002002,FID_BNP,BA001048,FID_BNP,BNP Paribas Wealth FID,FID,Luxembourg,FAIBLE,faible,False,251500,2406.21,104.521224,100.0,True,2026-08-04
SUP_002003,FID_BNP,BA001049,FID_BNP,BNP Paribas Wealth FID,FID,Luxembourg,FAIBLE,faible,False,78100,864.62,90.328881,22.42,True,2026-08-03
SUP_002004,FR0010392225,BA001049,FR0010392225,Varenne Capital Partners,OPCVM,France,FAIBLE,haute,False,270300,1919.39,140.826168,77.58,True,2026-07-26
SUP_002005,FID_UBS,BA001050,FID_UBS,UBS Luxembourg FID Patrimoine,FID,Luxembourg,FAIBLE,faible,False,79900,722.65,110.565707,7.83,True,2026-07-13
SUP_002006,LU0104884860,BA001050,LU0104884860,Pictet-Water P EUR,OPCVM,Luxembourg,FAIBLE,haute,False,826000,6913.29,119.479965,80.89,True,2026-07-15
SUP_002007,LU0104884860,BA001050,LU0104884860,Pictet-Water P EUR,OPCVM,Luxembourg,FAIBLE,haute,False,115200,880.81,130.788265,11.28,True,2026-07-11
SUP_002008,FAS_ROT,BA001051,FAS_ROT,Rothschild & Co Gestion FAS,FAS,Luxembourg,FAIBLE,moyenne,False,774600,5861.17,132.157889,100.0,True,2026-07-21
SUP_002009,FID_BNP,BA001052,FID_BNP,BNP Paribas Wealth FID,FID,Luxembourg,FAIBLE,faible,False,1746100,13686.92,127.574328,100.0,True,2026-07-10
SUP_002010,FID_BNP,BA001053,FID_BNP,BNP Paribas Wealth FID,FID,Luxembourg,FAIBLE,faible,False,615500,5695.78,108.062394,100.0,True,2026-07-13
SUP_002011,FID_UBS,BA001054,FID_UBS,UBS Luxembourg FID Patrimoine,FID,Luxembourg,FAIBLE,faible,False,170900,1146.17,149.105124,86.75,True,2026-08-05
SUP_002012,FR0010923383,BA001054,FR0010923383,H2O Multistrategies R,OPCVM,France,FAIBLE,haute,False,26100,231.42,112.779688,13.25,True,2026-07-19
SUP_002013,FID_BNP,BA001055,FID_BNP,BNP Paribas Wealth FID,FID,Luxembourg,FAIBLE,faible,False,106700,727.26,146.715947,19.48,True,2026-07-23
SUP_002014,XS2428662824,BA001055,XS2428662824,BNP Paribas Certificat,OPCVM,Luxembourg,FAIBLE,moyenne,False,144300,1792.68,80.494153,26.35,True,2026-07-15
SUP_002015,LU0255977539,BA001055,LU0255977539,Pictet-Biotech R EUR,OPCVM,Luxembourg,FAIBLE,haute,False,296600,2896.76,102.390104,54.17,True,2026-07-18
SUP_002016,FID_BNP,BA001056,FID_BNP,BNP Paribas Wealth FID,FID,Luxembourg,FAIBLE,faible,False,1045900,7405.8,141.227101,100.0,True,2026-07-31
SUP_002017,FID_BNP,BA001057,FID_BNP,BNP Paribas Wealth FID,FID,Luxembourg,FAIBLE,faible,False,489100,5319.53,91.944246,82.93,True,2026-07-31
SUP_002018,LU0255977539,BA001057,LU0255977539,Pictet-Biotech R EUR,OPCVM,Luxembourg,FAIBLE,haute,False,3300,39.83,82.855711,0.56,True,2026-07-26
SUP_002019,LU0104884860,BA001057,LU0104884860,Pictet-Water P EUR,OPCVM,Luxembourg,FAIBLE,haute,False,97300,809.92,120.136061,16.5,True,2026-07-29
SUP_002020,FID_BNP,BA001058,FID_BNP,BNP Paribas Wealth FID,FID,Luxembourg,FAIBLE,faible,False,325000,2238.68,145.174846,100.0,True,2026-07-23
SUP_002021,XS2428662824,BA001059,XS2428662824,BNP Paribas Certificat,OPCVM,Luxembourg,FAIBLE,moyenne,False,1904100,23328.58,81.620917,100.0,False,2026-07-23
SUP_002022,FID_UBS,BA001060,FID_UBS,UBS Luxembourg FID Patrimoine,FID,Luxembourg,FAIBLE,faible,False,600,5.15,116.533412,0.14,True,2026-08-03
SUP_002023,LU0255977539,BA001060,LU0255977539,Pictet-Biotech R EUR,OPCVM,Luxembourg,FAIBLE,haute,False,184500,1371.22,134.551443,41.7,True,2026-07-14
SUP_002024,LU0104884860,BA001060,LU0104884860,Pictet-Water P EUR,OPCVM,Luxembourg,FAIBLE,haute,False,167600,1989.43,84.245404,37.86,True,2026-07-10
SUP_002025,FR001400OJI4,BA001060,FR001400OJI4,DNCA Flexibonds C,OPCVM,France,FAIBLE,haute,False,89900,864.5,103.990229,20.31,True,2026-07-19
SUP_002026,FAS_IND,BA001061,FAS_IND,Indosuez Wealth Management FAS,FAS,Luxembourg,FAIBLE,moyenne,False,34000,290.76,116.933242,4.51,True,2026-07-09
SUP_002027,LU0104884860,BA001061,LU0104884860,Pictet-Water P EUR,OPCVM,Luxembourg,FAIBLE,haute,False,718500,6240.99,115.126041,95.49,True,2026-07-29
SUP_002028,FID_UBS,BA001062,FID_UBS,UBS Luxembourg FID Patrimoine,FID,Luxembourg,FAIBLE,faible,False,832200,5737.88,145.03608,100.0,True,2026-07-15
SUP_002029,FID_UBS,BA001063,FID_UBS,UBS Luxembourg FID Patrimoine,FID,Luxembourg,FAIBLE,faible,False,568800,4933.45,115.294534,52.22,True,2026-07-13
SUP_002030,FR0010923383,BA001063,FR0010923383,H2O Multistrategies R,OPCVM,France,FAIBLE,haute,False,520300,4707.26,110.531475,47.78,True,2026-07-11
SUP_002031,FID_UBS,BA001064,FID_UBS,UBS Luxembourg FID Patrimoine,FID,Luxembourg,FAIBLE,faible,False,180100,1511.68,119.139277,69.0,True,2026-07-27
SUP_002032,LU0104884860,BA001064,LU0104884860,Pictet-Water P EUR,OPCVM,Luxembourg,FAIBLE,haute,False,80900,618.38,130.825394,31.0,True,2026-07-10
SUP_002033,XS2428662824,BA001065,XS2428662824,BNP Paribas Certificat,OPCVM,Luxembourg,FAIBLE,moyenne,False,146600,1412.58,103.781975,4.21,False,2026-07-29
SUP_002034,FR0010923383,BA001065,FR0010923383,H2O Multistrategies R,OPCVM,France,FAIBLE,haute,False,1078400,9321.01,115.695584,31.0,False,2026-08-02
SUP_002035,XS2428662824,BA001065,XS2428662824,BNP Paribas Certificat,OPCVM,Luxembourg,FAIBLE,moyenne,False,939400,9161.74,102.535149,27.0,False,2026-07-10
SUP_002036,PE_CAY_01,BA001065,PE_CAY_01,Cayman Growth Fund I,PE,Cayman Islands,ELEVE,très faible,True,1314600,10092.74,130.252032,37.79,False,2026-08-03
SUP_002037,FR0010923383,BA001066,FR0010923383,H2O Multistrategies R,OPCVM,France,FAIBLE,haute,False,1001400,10951.51,91.43944,100.0,False,2026-08-03
SUP_002038,FID_BNP,BA001067,FID_BNP,BNP Paribas Wealth FID,FID,Luxembourg,FAIBLE,faible,False,1576200,10597.51,148.733061,100.0,True,2026-07-21
SUP_002039,FID_BNP,BA001068,FID_BNP,BNP Paribas Wealth FID,FID,Luxembourg,FAIBLE,faible,False,286700,2421.56,118.394853,100.0,True,2026-07-15
SUP_002040,FID_UBS,BA001069,FID_UBS,UBS Luxembourg FID Patrimoine,FID,Luxembourg,FAIBLE,faible,False,199100,1683.01,118.300045,36.72,True,2026-07-10
SUP_002041,XS2428662824,BA001069,XS2428662824,BNP Paribas Certificat,OPCVM,Luxembourg,FAIBLE,moyenne,False,343100,3554.04,96.538069,63.28,True,2026-07-17
SUP_002042,LU0104884860,BA001070,LU0104884860,Pictet-Water P EUR,OPCVM,Luxembourg,FAIBLE,haute,False,296700,2237.58,132.598454,100.0,False,2026-07-19
SUP_002043,FID_UBS,BA001071,FID_UBS,UBS Luxembourg FID Patrimoine,FID,Luxembourg,FAIBLE,faible,False,375900,4587.6,81.938187,100.0,True,2026-07-14
SUP_002044,FAS_IND,BA001072,FAS_IND,Indosuez Wealth Management FAS,FAS,Luxembourg,FAIBLE,moyenne,False,84400,991.66,85.10972,25.73,True,2026-07-13
SUP_002045,FR001400OJI4,BA001072,FR001400OJI4,DNCA Flexibonds C,OPCVM,France,FAIBLE,haute,False,174800,1418.18,123.256568,53.31,True,2026-07-09
SUP_002046,LU0104884860,BA001072,LU0104884860,Pictet-Water P EUR,OPCVM,Luxembourg,FAIBLE,haute,False,68700,830.03,82.767818,20.96,True,2026-07-19
SUP_002047,FID_UBS,BA001073,FID_UBS,UBS Luxembourg FID Patrimoine,FID,Luxembourg,FAIBLE,faible,False,710700,6575.31,108.086082,100.0,True,2026-07-17
SUP_002048,XS2428662824,BA001074,XS2428662824,BNP Paribas Certificat,OPCVM,Luxembourg,FAIBLE,moyenne,False,546800,4386.24,124.662579,100.0,False,2026-07-23
SUP_002049,FAS_IND,BA001075,FAS_IND,Indosuez Wealth Management FAS,FAS,Luxembourg,FAIBLE,moyenne,False,134600,1032.75,130.331066,28.95,True,2026-07-15
SUP_002050,FR0010923383,BA001075,FR0010923383,H2O Multistrategies R,OPCVM,France,FAIBLE,haute,False,264000,2351.64,112.26218,56.8,True,2026-07-10
SUP_002051,LU0104884860,BA001075,LU0104884860,Pictet-Water P EUR,OPCVM,Luxembourg,FAIBLE,haute,False,66200,522.16,126.780536,14.24,True,2026-07-30
SUP_002052,FID_UBS,BA001076,FID_UBS,UBS Luxembourg FID Patrimoine,FID,Luxembourg,FAIBLE,faible,False,1251200,9143.54,136.839768,100.0,True,2026-07-09
SUP_002053,FID_BNP,BA001077,FID_BNP,BNP Paribas Wealth FID,FID,Luxembourg,FAIBLE,faible,False,472900,3976.27,118.930546,57.67,True,2026-07-27
SUP_002054,FR001400OJI4,BA001077,FR001400OJI4,DNCA Flexibonds C,OPCVM,France,FAIBLE,haute,False,347000,2366.19,146.648999,42.33,True,2026-08-03
SUP_002055,LU0104884860,BA001078,LU0104884860,Pictet-Water P EUR,OPCVM,Luxembourg,FAIBLE,haute,False,85800,635.65,134.979982,30.43,False,2026-07-09
SUP_002056,PE_LUX_01,BA001078,PE_LUX_01,Luxembourg PE SICAR,PE,Luxembourg,FAIBLE,très faible,False,196200,2005.66,97.82315,69.57,False,2026-07-08
SUP_002057,FID_BNP,BA001079,FID_BNP,BNP Paribas Wealth FID,FID,Luxembourg,FAIBLE,faible,False,246500,2015.67,122.291548,100.0,True,2026-07-28
SUP_002058,FR0010392225,BA001080,FR0010392225,Varenne Capital Partners,OPCVM,France,FAIBLE,haute,False,224100,1751.71,127.931799,100.0,False,2026-07-14
SUP_002059,FID_BNP,BA001081,FID_BNP,BNP Paribas Wealth FID,FID,Luxembourg,FAIBLE,faible,False,84200,699.17,120.428447,10.61,True,2026-07-07
SUP_002060,XS2428662824,BA001081,XS2428662824,BNP Paribas Certificat,OPCVM,Luxembourg,FAIBLE,moyenne,False,32400,225.04,143.973979,4.08,True,2026-07-20
SUP_002061,FR001400OJI4,BA001081,FR001400OJI4,DNCA Flexibonds C,OPCVM,France,FAIBLE,haute,False,481600,5536.53,86.985891,60.71,True,2026-07-07
SUP_002062,LU0104884860,BA001081,LU0104884860,Pictet-Water P EUR,OPCVM,Luxembourg,FAIBLE,haute,False,195100,1470.07,132.714453,24.59,True,2026-07-07
SUP_002063,FAS_IND,BA001082,FAS_IND,Indosuez Wealth Management FAS,FAS,Luxembourg,FAIBLE,moyenne,False,192900,1778.19,108.481206,39.27,True,2026-07-17
SUP_002064,FR0010392225,BA001082,FR0010392225,Varenne Capital Partners,OPCVM,France,FAIBLE,haute,False,120500,887.98,135.700982,24.52,True,2026-07-13
SUP_002065,XS2428662824,BA001082,XS2428662824,BNP Paribas Certificat,OPCVM,Luxembourg,FAIBLE,moyenne,False,177900,1644.97,108.148197,36.21,True,2026-07-25
SUP_002066,FAS_ROT,BA001083,FAS_ROT,Rothschild & Co Gestion FAS,FAS,Luxembourg,FAIBLE,moyenne,False,88100,628.23,140.23582,21.21,True,2026-07-09
SUP_002067,FR001400OJI4,BA001083,FR001400OJI4,DNCA Flexibonds C,OPCVM,France,FAIBLE,haute,False,327000,3672.21,89.047241,78.79,True,2026-07-09
SUP_002068,XS2428662824,BA001084,XS2428662824,BNP Paribas Certificat,OPCVM,Luxembourg,FAIBLE,moyenne,False,15700,189.77,82.730738,9.88,False,2026-08-04
SUP_002069,LU0104884860,BA001084,LU0104884860,Pictet-Water P EUR,OPCVM,Luxembourg,FAIBLE,haute,False,143100,1577.22,90.729498,90.12,False,2026-07-09
SUP_002070,FID_BNP,BA001085,FID_BNP,BNP Paribas Wealth FID,FID,Luxembourg,FAIBLE,faible,False,1293800,12539.56,103.177432,100.0,True,2026-08-05
SUP_002071,FR0010923383,BA001086,FR0010923383,H2O Multistrategies R,OPCVM,France,FAIBLE,haute,False,66600,469.34,141.901703,18.64,False,2026-07-17
SUP_002072,PE_LUX_01,BA001086,PE_LUX_01,Luxembourg PE SICAR,PE,Luxembourg,FAIBLE,très faible,False,53300,421.07,126.583647,14.92,False,2026-07-21
SUP_002073,PE_CAY_01,BA001086,PE_CAY_01,Cayman Growth Fund I,PE,Cayman Islands,ELEVE,très faible,True,36000,302.88,118.858318,10.07,False,2026-07-12
SUP_002074,LU0104884860,BA001086,LU0104884860,Pictet-Water P EUR,OPCVM,Luxembourg,FAIBLE,haute,False,201500,2064.32,97.610779,56.37,False,2026-07-16
SUP_002075,FAS_ROT,BA001087,FAS_ROT,Rothschild & Co Gestion FAS,FAS,Luxembourg,FAIBLE,moyenne,False,28600,202.58,141.178293,9.7,True,2026-07-24
SUP_002076,FR0010392225,BA001087,FR0010392225,Varenne Capital Partners,OPCVM,France,FAIBLE,haute,False,104700,944.69,110.829951,35.57,True,2026-07-29
SUP_002077,FR0010923383,BA001087,FR0010923383,H2O Multistrategies R,OPCVM,France,FAIBLE,haute,False,35600,282.54,125.998298,12.09,True,2026-07-31
SUP_002078,FR001400OJI4,BA001087,FR001400OJI4,DNCA Flexibonds C,OPCVM,France,FAIBLE,haute,False,125500,1223.42,102.581672,42.64,True,2026-07-08
SUP_002079,LU0255977539,BA001088,LU0255977539,Pictet-Biotech R EUR,OPCVM,Luxembourg,FAIBLE,haute,False,597800,4851.93,123.208806,100.0,False,2026-07-21
SUP_002080,FID_BNP,BA001089,FID_BNP,BNP Paribas Wealth FID,FID,Luxembourg,FAIBLE,faible,False,268900,2096.19,128.280433,100.0,True,2026-07-31
SUP_002081,FID_BNP,BA001090,FID_BNP,BNP Paribas Wealth FID,FID,Luxembourg,FAIBLE,faible,False,316300,2794.14,113.201094,87.31,True,2026-07-24
SUP_002082,FR001400OJI4,BA001090,FR001400OJI4,DNCA Flexibonds C,OPCVM,France,FAIBLE,haute,False,46000,476.68,96.500429,12.69,True,2026-07-28
SUP_002083,FID_BNP,BA001091,FID_BNP,BNP Paribas Wealth FID,FID,Luxembourg,FAIBLE,faible,False,47800,325.14,147.012174,7.16,True,2026-07-13
SUP_002084,FR0010923383,BA001091,FR0010923383,H2O Multistrategies R,OPCVM,France,FAIBLE,haute,False,620300,5028.46,123.357941,92.84,True,2026-07-20
SUP_002085,FID_UBS,BA001092,FID_UBS,UBS Luxembourg FID Patrimoine,FID,Luxembourg,FAIBLE,faible,False,123900,1194.08,103.76152,43.45,True,2026-08-01
SUP_002086,XS2428662824,BA001092,XS2428662824,BNP Paribas Certificat,OPCVM,Luxembourg,FAIBLE,moyenne,False,152700,1350.35,113.081844,53.56,True,2026-07-08
SUP_002087,XS2428662824,BA001092,XS2428662824,BNP Paribas Certificat,OPCVM,Luxembourg,FAIBLE,moyenne,False,8500,66.45,127.912314,2.99,True,2026-08-05
SUP_002088,XS2428662824,BA001093,XS2428662824,BNP Paribas Certificat,OPCVM,Luxembourg,FAIBLE,moyenne,False,295400,3019.04,97.845524,100.0,False,2026-07-14
SUP_002089,FID_BNP,BA001094,FID_BNP,BNP Paribas Wealth FID,FID,Luxembourg,FAIBLE,faible,False,4200,38.87,108.061873,1.41,True,2026-07-08
SUP_002090,FR001400OJI4,BA001094,FR001400OJI4,DNCA Flexibonds C,OPCVM,France,FAIBLE,haute,False,259500,2366.44,109.658159,87.09,True,2026-07-26
SUP_002091,FR001400OJI4,BA001094,FR001400OJI4,DNCA Flexibonds C,OPCVM,France,FAIBLE,haute,False,34200,263.14,129.970718,11.49,True,2026-07-13
SUP_002092,FID_UBS,BA001095,FID_UBS,UBS Luxembourg FID Patrimoine,FID,Luxembourg,FAIBLE,faible,False,139100,1185.24,117.360083,41.71,True,2026-07-20
SUP_002093,FR0010923383,BA001095,FR0010923383,H2O Multistrategies R,OPCVM,France,FAIBLE,haute,False,6800,68.92,98.659699,2.03,True,2026-07-09
SUP_002094,FR0010392225,BA001095,FR0010392225,Varenne Capital Partners,OPCVM,France,FAIBLE,haute,False,187700,1473.16,127.413038,56.26,True,2026-07-21
SUP_002095,FID_BNP,BA001096,FID_BNP,BNP Paribas Wealth FID,FID,Luxembourg,FAIBLE,faible,False,452400,4420.7,102.336659,100.0,True,2026-08-02
SUP_002096,PE_CAY_01,BA001097,PE_CAY_01,Cayman Growth Fund I,PE,Cayman Islands,ELEVE,très faible,True,288500,2360.95,122.196736,46.9,False,2026-07-30
SUP_002097,FR0010392225,BA001097,FR0010392225,Varenne Capital Partners,OPCVM,France,FAIBLE,haute,False,276900,2332.47,118.715157,45.01,False,2026-07-27
SUP_002098,XS2428662824,BA001097,XS2428662824,BNP Paribas Certificat,OPCVM,Luxembourg,FAIBLE,moyenne,False,49700,418.7,118.699992,8.09,False,2026-07-25
SUP_002099,FID_BNP,BA001098,FID_BNP,BNP Paribas Wealth FID,FID,Luxembourg,FAIBLE,faible,False,96600,853.87,113.132481,29.37,True,2026-07-14
SUP_002100,LU0255977539,BA001098,LU0255977539,Pictet-Biotech R EUR,OPCVM,Luxembourg,FAIBLE,haute,False,232400,2248.79,103.344322,70.63,True,2026-07-19
SUP_002101,FID_UBS,BA001099,FID_UBS,UBS Luxembourg FID Patrimoine,FID,Luxembourg,FAIBLE,faible,False,132100,906.44,145.735364,36.71,True,2026-07-23
SUP_002102,LU0255977539,BA001099,LU0255977539,Pictet-Biotech R EUR,OPCVM,Luxembourg,FAIBLE,haute,False,141000,1135.69,124.15381,39.19,True,2026-07-30
SUP_002103,FR0010392225,BA001099,FR0010392225,Varenne Capital Partners,OPCVM,France,FAIBLE,haute,False,21700,258.47,83.956464,6.02,True,2026-07-17
SUP_002104,LU0104884860,BA001099,LU0104884860,Pictet-Water P EUR,OPCVM,Luxembourg,FAIBLE,haute,False,65100,745.66,87.305235,18.08,True,2026-07-24
SUP_002105,LU0255977539,BA001100,LU0255977539,Pictet-Biotech R EUR,OPCVM,Luxembourg,FAIBLE,haute,False,491900,5579.1,88.168363,41.11,False,2026-07-31
SUP_002106,PE_CAY_01,BA001100,PE_CAY_01,Cayman Growth Fund I,PE,Cayman Islands,ELEVE,très faible,True,704500,5487.57,128.380956,58.89,False,2026-07-29
SUP_002107,FID_UBS,BA001101,FID_UBS,UBS Luxembourg FID Patrimoine,FID,Luxembourg,FAIBLE,faible,False,272800,2126.6,128.27994,100.0,True,2026-07-22
SUP_002108,FID_BNP,BA001102,FID_BNP,BNP Paribas Wealth FID,FID,Luxembourg,FAIBLE,faible,False,340100,3269.07,104.0358,100.0,True,2026-07-29
SUP_002109,FID_BNP,BA001103,FID_BNP,BNP Paribas Wealth FID,FID,Luxembourg,FAIBLE,faible,False,176300,1481.98,118.962333,12.52,True,2026-07-08
SUP_002110,FR0010923383,BA001103,FR0010923383,H2O Multistrategies R,OPCVM,France,FAIBLE,haute,False,210100,2265.56,92.736317,14.91,True,2026-07-11
SUP_002111,LU0255977539,BA001103,LU0255977539,Pictet-Biotech R EUR,OPCVM,Luxembourg,FAIBLE,haute,False,249600,2621.84,95.20045,17.72,True,2026-07-10
SUP_002112,FR001400OJI4,BA001103,FR001400OJI4,DNCA Flexibonds C,OPCVM,France,FAIBLE,haute,False,772700,7323.44,105.510597,54.85,True,2026-07-08
SUP_002113,FID_UBS,BA001104,FID_UBS,UBS Luxembourg FID Patrimoine,FID,Luxembourg,FAIBLE,faible,False,1292400,12254.14,105.46644,100.0,True,2026-07-17
SUP_002114,FID_UBS,BA001105,FID_UBS,UBS Luxembourg FID Patrimoine,FID,Luxembourg,FAIBLE,faible,False,36600,388.38,94.237004,5.8,True,2026-07-30
SUP_002115,XS2428662824,BA001105,XS2428662824,BNP Paribas Certificat,OPCVM,Luxembourg,FAIBLE,moyenne,False,470100,3334.32,140.988396,74.58,True,2026-08-02
SUP_002116,FR0010392225,BA001105,FR0010392225,Varenne Capital Partners,OPCVM,France,FAIBLE,haute,False,123700,850.87,145.381073,19.62,True,2026-08-04
SUP_002117,FID_UBS,BA001106,FID_UBS,UBS Luxembourg FID Patrimoine,FID,Luxembourg,FAIBLE,faible,False,968000,9328.56,103.767377,100.0,True,2026-07-19
SUP_002118,FID_UBS,BA001107,FID_UBS,UBS Luxembourg FID Patrimoine,FID,Luxembourg,FAIBLE,faible,False,66300,584.33,113.463588,15.89,True,2026-07-24
SUP_002119,FR001400OJI4,BA001107,FR001400OJI4,DNCA Flexibonds C,OPCVM,France,FAIBLE,haute,False,227200,2267.07,100.217323,54.43,True,2026-07-29
SUP_002120,FR0010392225,BA001107,FR0010392225,Varenne Capital Partners,OPCVM,France,FAIBLE,haute,False,123900,927.59,133.571647,29.68,True,2026-07-27
SUP_002121,FID_BNP,BA001108,FID_BNP,BNP Paribas Wealth FID,FID,Luxembourg,FAIBLE,faible,False,324200,2488.08,130.3015,100.0,True,2026-07-14
SUP_002122,FID_BNP,BA001109,FID_BNP,BNP Paribas Wealth FID,FID,Luxembourg,FAIBLE,faible,False,2198400,21762.49,101.017839,100.0,True,2026-07-15
SUP_002123,LU0104884860,BA001110,LU0104884860,Pictet-Water P EUR,OPCVM,Luxembourg,FAIBLE,haute,False,646400,6115.65,105.696124,100.0,False,2026-07-19
SUP_002124,FID_UBS,BA001111,FID_UBS,UBS Luxembourg FID Patrimoine,FID,Luxembourg,FAIBLE,faible,False,369200,2486.04,148.509174,100.0,True,2026-07-29
SUP_002125,FID_BNP,BA001112,FID_BNP,BNP Paribas Wealth FID,FID,Luxembourg,FAIBLE,faible,False,285900,2329.47,122.731554,59.66,True,2026-07-20
SUP_002126,XS2428662824,BA001112,XS2428662824,BNP Paribas Certificat,OPCVM,Luxembourg,FAIBLE,moyenne,False,193400,1351.07,143.145282,40.34,True,2026-07-20
SUP_002127,FID_UBS,BA001113,FID_UBS,UBS Luxembourg FID Patrimoine,FID,Luxembourg,FAIBLE,faible,False,267900,2200.66,121.736231,97.31,True,2026-07-11
SUP_002128,FR001400OJI4,BA001113,FR001400OJI4,DNCA Flexibonds C,OPCVM,France,FAIBLE,haute,False,7400,64.3,115.077575,2.69,True,2026-07-13
SUP_002129,FID_UBS,BA001114,FID_UBS,UBS Luxembourg FID Patrimoine,FID,Luxembourg,FAIBLE,faible,False,306400,3249.18,94.300821,65.25,True,2026-08-05
SUP_002130,XS2428662824,BA001114,XS2428662824,BNP Paribas Certificat,OPCVM,Luxembourg,FAIBLE,moyenne,False,163100,1716.69,95.008537,34.75,True,2026-07-21
SUP_002131,FR001400OJI4,BA001115,FR001400OJI4,DNCA Flexibonds C,OPCVM,France,FAIBLE,haute,False,94200,752.63,125.160309,21.77,False,2026-07-11
SUP_002132,PE_LUX_01,BA001115,PE_LUX_01,Luxembourg PE SICAR,PE,Luxembourg,FAIBLE,très faible,False,111300,813.37,136.83875,25.74,False,2026-07-11
SUP_002133,FR0010392225,BA001115,FR0010392225,Varenne Capital Partners,OPCVM,France,FAIBLE,haute,False,227000,2157.6,105.209352,52.49,False,2026-07-09
SUP_002134,LU0104884860,BA001116,LU0104884860,Pictet-Water P EUR,OPCVM,Luxembourg,FAIBLE,haute,False,24900,235.35,105.800875,13.75,False,2026-07-21
SUP_002135,FR0010392225,BA001116,FR0010392225,Varenne Capital Partners,OPCVM,France,FAIBLE,haute,False,24500,167.73,146.070884,13.53,False,2026-07-27
SUP_002136,LU0104884860,BA001116,LU0104884860,Pictet-Water P EUR,OPCVM,Luxembourg,FAIBLE,haute,False,131900,1546.84,85.270608,72.72,False,2026-07-22
SUP_002137,FAS_IND,BA001117,FAS_IND,Indosuez Wealth Management FAS,FAS,Luxembourg,FAIBLE,moyenne,False,172300,1214.74,141.841032,70.77,True,2026-07-13
SUP_002138,FR0010923383,BA001117,FR0010923383,H2O Multistrategies R,OPCVM,France,FAIBLE,haute,False,71200,770.4,92.419552,29.23,True,2026-07-31
SUP_002139,FID_UBS,BA001118,FID_UBS,UBS Luxembourg FID Patrimoine,FID,Luxembourg,FAIBLE,faible,False,366900,2495.07,147.050245,71.37,True,2026-07-30
SUP_002140,FR0010392225,BA001118,FR0010392225,Varenne Capital Partners,OPCVM,France,FAIBLE,haute,False,147200,1075.29,136.893692,28.63,True,2026-07-18
SUP_002141,FID_UBS,BA001119,FID_UBS,UBS Luxembourg FID Patrimoine,FID,Luxembourg,FAIBLE,faible,False,197900,2110.71,93.759891,22.25,True,2026-07-08
SUP_002142,XS2428662824,BA001119,XS2428662824,BNP Paribas Certificat,OPCVM,Luxembourg,FAIBLE,moyenne,False,691700,8105.67,85.335377,77.75,True,2026-07-08
SUP_002143,LU0104884860,BA001120,LU0104884860,Pictet-Water P EUR,OPCVM,Luxembourg,FAIBLE,haute,False,481500,3240.71,148.578458,49.87,False,2026-07-25
SUP_002144,FR0010392225,BA001120,FR0010392225,Varenne Capital Partners,OPCVM,France,FAIBLE,haute,False,483900,3377.16,143.286233,50.13,False,2026-07-22
SUP_002145,FR0010923383,BA001121,FR0010923383,H2O Multistrategies R,OPCVM,France,FAIBLE,haute,False,315000,2524.11,124.796662,100.0,False,2026-07-16
SUP_002146,FID_BNP,BA001122,FID_BNP,BNP Paribas Wealth FID,FID,Luxembourg,FAIBLE,faible,False,26500,280.75,94.391167,11.68,True,2026-07-11
SUP_002147,LU0255977539,BA001122,LU0255977539,Pictet-Biotech R EUR,OPCVM,Luxembourg,FAIBLE,haute,False,8400,100.81,83.321208,3.7,True,2026-07-19
SUP_002148,FR0010392225,BA001122,FR0010392225,Varenne Capital Partners,OPCVM,France,FAIBLE,haute,False,191800,1397.37,137.257905,84.62,True,2026-07-22
SUP_002149,FID_UBS,BA001123,FID_UBS,UBS Luxembourg FID Patrimoine,FID,Luxembourg,FAIBLE,faible,False,292800,2683.69,109.103389,100.0,True,2026-07-30
SUP_002150,XS2428662824,BA001124,XS2428662824,BNP Paribas Certificat,OPCVM,Luxembourg,FAIBLE,moyenne,False,255200,2900.12,87.996232,39.12,False,2026-07-23
SUP_002151,FR001400OJI4,BA001124,FR001400OJI4,DNCA Flexibonds C,OPCVM,France,FAIBLE,haute,False,397200,4852.55,81.853947,60.88,False,2026-07-29
SUP_002152,FID_BNP,BA001125,FID_BNP,BNP Paribas Wealth FID,FID,Luxembourg,FAIBLE,faible,False,197900,1493.62,132.496607,56.82,True,2026-07-18
SUP_002153,FR0010923383,BA001125,FR0010923383,H2O Multistrategies R,OPCVM,France,FAIBLE,haute,False,141700,984.58,143.919428,40.7,True,2026-07-20
SUP_002154,LU0255977539,BA001125,LU0255977539,Pictet-Biotech R EUR,OPCVM,Luxembourg,FAIBLE,haute,False,8600,70.2,122.499515,2.48,True,2026-07-08
SUP_002155,FID_UBS,BA001126,FID_UBS,UBS Luxembourg FID Patrimoine,FID,Luxembourg,FAIBLE,faible,False,163600,1136.9,143.900315,21.2,True,2026-07-23
SUP_002156,LU0104884860,BA001126,LU0104884860,Pictet-Water P EUR,OPCVM,Luxembourg,FAIBLE,haute,False,303000,2486.86,121.84049,39.25,True,2026-07-29
SUP_002157,FR001400OJI4,BA001126,FR001400OJI4,DNCA Flexibonds C,OPCVM,France,FAIBLE,haute,False,305300,2366.6,129.003747,39.55,True,2026-08-04
SUP_002158,FID_UBS,BA001127,FID_UBS,UBS Luxembourg FID Patrimoine,FID,Luxembourg,FAIBLE,faible,False,303800,2768.57,109.731844,100.0,True,2026-08-01
SUP_002159,FR0010392225,BA001128,FR0010392225,Varenne Capital Partners,OPCVM,France,FAIBLE,haute,False,705800,8097.17,87.166267,76.42,False,2026-07-10
SUP_002160,LU0104884860,BA001128,LU0104884860,Pictet-Water P EUR,OPCVM,Luxembourg,FAIBLE,haute,False,45500,318.12,143.027434,4.92,False,2026-07-16
SUP_002161,FR001400OJI4,BA001128,FR001400OJI4,DNCA Flexibonds C,OPCVM,France,FAIBLE,haute,False,172300,1684.44,102.289477,18.66,False,2026-08-02
SUP_002162,FAS_ROT,BA001129,FAS_ROT,Rothschild & Co Gestion FAS,FAS,Luxembourg,FAIBLE,moyenne,False,500500,5840.29,85.697765,100.0,True,2026-07-18
SUP_002163,FAS_ROT,BA001130,FAS_ROT,Rothschild & Co Gestion FAS,FAS,Luxembourg,FAIBLE,moyenne,False,1728500,12966.23,133.307791,100.0,True,2026-07-09
SUP_002164,FAS_ROT,BA001131,FAS_ROT,Rothschild & Co Gestion FAS,FAS,Luxembourg,FAIBLE,moyenne,False,1872900,20456.77,91.554024,100.0,True,2026-07-27
SUP_002165,FID_BNP,BA001132,FID_BNP,BNP Paribas Wealth FID,FID,Luxembourg,FAIBLE,faible,False,341200,2315.82,147.334685,21.43,True,2026-08-01
SUP_002166,FR0010923383,BA001132,FR0010923383,H2O Multistrategies R,OPCVM,France,FAIBLE,haute,False,180000,1443.22,124.721019,11.31,True,2026-07-10
SUP_002167,FR001400OJI4,BA001132,FR001400OJI4,DNCA Flexibonds C,OPCVM,France,FAIBLE,haute,False,1070700,12181.25,87.897406,67.26,True,2026-07-19
SUP_002168,FID_BNP,BA001133,FID_BNP,BNP Paribas Wealth FID,FID,Luxembourg,FAIBLE,faible,False,328800,2312.24,142.199487,100.0,True,2026-07-18
SUP_002169,FID_BNP,BA001134,FID_BNP,BNP Paribas Wealth FID,FID,Luxembourg,FAIBLE,faible,False,415400,3509.64,118.359716,100.0,True,2026-07-14
SUP_002170,FID_UBS,BA001135,FID_UBS,UBS Luxembourg FID Patrimoine,FID,Luxembourg,FAIBLE,faible,False,520900,4636.55,112.346535,100.0,True,2026-07-31
SUP_002171,FID_BNP,BA001136,FID_BNP,BNP Paribas Wealth FID,FID,Luxembourg,FAIBLE,faible,False,1395900,11412.27,122.315762,100.0,True,2026-07-14
SUP_002172,FAS_ROT,BA001137,FAS_ROT,Rothschild & Co Gestion FAS,FAS,Luxembourg,FAIBLE,moyenne,False,361700,2560.59,141.256746,37.76,True,2026-08-02
SUP_002173,FR001400OJI4,BA001137,FR001400OJI4,DNCA Flexibonds C,OPCVM,France,FAIBLE,haute,False,596100,6516.54,91.474867,62.24,True,2026-07-09
SUP_002174,XS2428662824,BA001138,XS2428662824,BNP Paribas Certificat,OPCVM,Luxembourg,FAIBLE,moyenne,False,82300,839.65,98.017175,7.0,False,2026-07-19
SUP_002175,FR0010392225,BA001138,FR0010392225,Varenne Capital Partners,OPCVM,France,FAIBLE,haute,False,8600,106.21,80.968834,0.73,False,2026-07-17
SUP_002176,FR0010392225,BA001138,FR0010392225,Varenne Capital Partners,OPCVM,France,FAIBLE,haute,False,668100,5896.84,113.297994,56.85,False,2026-07-24
SUP_002177,FR0010392225,BA001138,FR0010392225,Varenne Capital Partners,OPCVM,France,FAIBLE,haute,False,416300,2995.97,138.953195,35.42,False,2026-07-19
SUP_002178,FID_BNP,BA001139,FID_BNP,BNP Paribas Wealth FID,FID,Luxembourg,FAIBLE,faible,False,317800,2708.64,117.328211,100.0,True,2026-08-04
SUP_002179,FID_BNP,BA001140,FID_BNP,BNP Paribas Wealth FID,FID,Luxembourg,FAIBLE,faible,False,789400,6550.11,120.517067,52.87,True,2026-07-30
SUP_002180,FR0010392225,BA001140,FR0010392225,Varenne Capital Partners,OPCVM,France,FAIBLE,haute,False,703700,7659.24,91.876004,47.13,True,2026-07-19
SUP_002181,PE_CAY_01,BA001141,PE_CAY_01,Cayman Growth Fund I,PE,Cayman Islands,ELEVE,très faible,True,1287900,9936.88,129.608138,80.85,False,2026-07-18
SUP_002182,XS2428662824,BA001141,XS2428662824,BNP Paribas Certificat,OPCVM,Luxembourg,FAIBLE,moyenne,False,305000,2500.54,121.973567,19.15,False,2026-07-12
SUP_002183,FID_UBS,BA001142,FID_UBS,UBS Luxembourg FID Patrimoine,FID,Luxembourg,FAIBLE,faible,False,162700,1262.93,128.82704,56.6,True,2026-08-04
SUP_002184,FR0010923383,BA001142,FR0010923383,H2O Multistrategies R,OPCVM,France,FAIBLE,haute,False,124700,1313.55,94.933806,43.4,True,2026-07-08
SUP_002185,FID_BNP,BA001143,FID_BNP,BNP Paribas Wealth FID,FID,Luxembourg,FAIBLE,faible,False,35100,381.81,91.930555,12.44,True,2026-07-31
SUP_002186,FR001400OJI4,BA001143,FR001400OJI4,DNCA Flexibonds C,OPCVM,France,FAIBLE,haute,False,178700,1860.03,96.073545,63.38,True,2026-07-20
SUP_002187,FR001400OJI4,BA001143,FR001400OJI4,DNCA Flexibonds C,OPCVM,France,FAIBLE,haute,False,68200,657.03,103.800996,24.18,True,2026-07-07
SUP_002188,FR001400OJI4,BA001144,FR001400OJI4,DNCA Flexibonds C,OPCVM,France,FAIBLE,haute,False,245700,2012.99,122.05729,74.39,False,2026-07-11
SUP_002189,XS2428662824,BA001144,XS2428662824,BNP Paribas Certificat,OPCVM,Luxembourg,FAIBLE,moyenne,False,84600,720.46,117.424951,25.61,False,2026-07-19
SUP_002190,FID_BNP,BA001145,FID_BNP,BNP Paribas Wealth FID,FID,Luxembourg,FAIBLE,faible,False,391500,3469.72,112.833251,64.63,True,2026-07-28
SUP_002191,FR0010923383,BA001145,FR0010923383,H2O Multistrategies R,OPCVM,France,FAIBLE,haute,False,191000,1464.81,130.392357,31.53,True,2026-07-26
SUP_002192,LU0104884860,BA001145,LU0104884860,Pictet-Water P EUR,OPCVM,Luxembourg,FAIBLE,haute,False,23300,267.88,86.97935,3.84,True,2026-07-12
SUP_002193,FID_UBS,BA001146,FID_UBS,UBS Luxembourg FID Patrimoine,FID,Luxembourg,FAIBLE,faible,False,358200,3615.2,99.081601,100.0,True,2026-07-31
SUP_002194,LU0104884860,BA001147,LU0104884860,Pictet-Water P EUR,OPCVM,Luxembourg,FAIBLE,haute,False,498100,4998.4,99.651899,86.17,False,2026-07-21
SUP_002195,LU0104884860,BA001147,LU0104884860,Pictet-Water P EUR,OPCVM,Luxembourg,FAIBLE,haute,False,79900,573.63,139.288277,13.83,False,2026-08-03
SUP_002196,FAS_ROT,BA001148,FAS_ROT,Rothschild & Co Gestion FAS,FAS,Luxembourg,FAIBLE,moyenne,False,88800,599.53,148.115917,30.49,True,2026-07-29
SUP_002197,FR0010392225,BA001148,FR0010392225,Varenne Capital Partners,OPCVM,France,FAIBLE,haute,False,202400,1834.07,110.355546,69.51,True,2026-07-14
SUP_002198,FID_UBS,BA001149,FID_UBS,UBS Luxembourg FID Patrimoine,FID,Luxembourg,FAIBLE,faible,False,338900,3231.02,104.889527,100.0,True,2026-08-02
SUP_002199,FID_BNP,BA001150,FID_BNP,BNP Paribas Wealth FID,FID,Luxembourg,FAIBLE,faible,False,353600,2397.81,147.468116,81.93,True,2026-07-16
SUP_002200,XS2428662824,BA001150,XS2428662824,BNP Paribas Certificat,OPCVM,Luxembourg,FAIBLE,moyenne,False,78000,710.46,109.787443,18.07,True,2026-08-03
SUP_002201,FID_BNP,BA001151,FID_BNP,BNP Paribas Wealth FID,FID,Luxembourg,FAIBLE,faible,False,285200,3008.33,94.803533,100.0,True,2026-07-31
SUP_002202,FR0010923383,BA001152,FR0010923383,H2O Multistrategies R,OPCVM,France,FAIBLE,haute,False,167000,1158.05,144.207444,100.0,False,2026-08-02
SUP_002203,FID_BNP,BA001153,FID_BNP,BNP Paribas Wealth FID,FID,Luxembourg,FAIBLE,faible,False,1164000,8363.98,139.168236,100.0,True,2026-07-25
SUP_002204,FID_UBS,BA001154,FID_UBS,UBS Luxembourg FID Patrimoine,FID,Luxembourg,FAIBLE,faible,False,969500,9659.5,100.367462,40.55,True,2026-07-23
SUP_002205,LU0104884860,BA001154,LU0104884860,Pictet-Water P EUR,OPCVM,Luxembourg,FAIBLE,haute,False,244800,2282.32,107.259392,10.24,True,2026-07-21
SUP_002206,FR001400OJI4,BA001154,FR001400OJI4,DNCA Flexibonds C,OPCVM,France,FAIBLE,haute,False,1176500,9305.55,126.429994,49.21,True,2026-07-09
SUP_002207,FAS_IND,BA001155,FAS_IND,Indosuez Wealth Management FAS,FAS,Luxembourg,FAIBLE,moyenne,False,1786000,17860.03,99.999857,100.0,True,2026-07-30
SUP_002208,FID_UBS,BA001156,FID_UBS,UBS Luxembourg FID Patrimoine,FID,Luxembourg,FAIBLE,faible,False,803600,5954.63,134.953841,100.0,True,2026-07-07
SUP_002209,FID_UBS,BA001157,FID_UBS,UBS Luxembourg FID Patrimoine,FID,Luxembourg,FAIBLE,faible,False,149500,1298.65,115.11965,33.1,True,2026-08-01
SUP_002210,FR0010392225,BA001157,FR0010392225,Varenne Capital Partners,OPCVM,France,FAIBLE,haute,False,64000,430.15,148.786729,14.17,True,2026-07-15
SUP_002211,LU0104884860,BA001157,LU0104884860,Pictet-Water P EUR,OPCVM,Luxembourg,FAIBLE,haute,False,238100,1944.34,122.45806,52.73,True,2026-08-03
SUP_002212,FID_BNP,BA001158,FID_BNP,BNP Paribas Wealth FID,FID,Luxembourg,FAIBLE,faible,False,618600,6388.64,96.828191,100.0,True,2026-07-27
SUP_002213,FID_UBS,BA001159,FID_UBS,UBS Luxembourg FID Patrimoine,FID,Luxembourg,FAIBLE,faible,False,439800,4529.72,97.092044,100.0,True,2026-07-21
SUP_002214,FAS_IND,BA001160,FAS_IND,Indosuez Wealth Management FAS,FAS,Luxembourg,FAIBLE,moyenne,False,27700,335.09,82.664714,11.88,True,2026-07-10
SUP_002215,FR001400OJI4,BA001160,FR001400OJI4,DNCA Flexibonds C,OPCVM,France,FAIBLE,haute,False,175700,1578.5,111.308357,75.32,True,2026-07-15
SUP_002216,FR0010392225,BA001160,FR0010392225,Varenne Capital Partners,OPCVM,France,FAIBLE,haute,False,29800,208.95,142.615661,12.79,True,2026-07-28
SUP_002217,FAS_ROT,BA001161,FAS_ROT,Rothschild & Co Gestion FAS,FAS,Luxembourg,FAIBLE,moyenne,False,122500,858.3,142.7236,50.62,True,2026-07-15
SUP_002218,FR0010392225,BA001161,FR0010392225,Varenne Capital Partners,OPCVM,France,FAIBLE,haute,False,56200,492.94,114.008849,23.21,True,2026-07-22
SUP_002219,FR0010923383,BA001161,FR0010923383,H2O Multistrategies R,OPCVM,France,FAIBLE,haute,False,63300,451.56,140.179985,26.17,True,2026-07-21
SUP_002220,FID_BNP,BA001162,FID_BNP,BNP Paribas Wealth FID,FID,Luxembourg,FAIBLE,faible,False,1021700,9759.91,104.683385,96.9,True,2026-08-02
SUP_002221,XS2428662824,BA001162,XS2428662824,BNP Paribas Certificat,OPCVM,Luxembourg,FAIBLE,moyenne,False,32700,226.4,144.433938,3.1,True,2026-07-10
SUP_002222,FID_UBS,BA001163,FID_UBS,UBS Luxembourg FID Patrimoine,FID,Luxembourg,FAIBLE,faible,False,447000,4862.01,91.937274,100.0,True,2026-07-08
SUP_002223,FAS_IND,BA001164,FAS_IND,Indosuez Wealth Management FAS,FAS,Luxembourg,FAIBLE,moyenne,False,160500,1353.78,118.556654,100.0,True,2026-07-11
SUP_002224,FID_BNP,BA001165,FID_BNP,BNP Paribas Wealth FID,FID,Luxembourg,FAIBLE,faible,False,515400,4242.66,121.480331,100.0,True,2026-07-17
SUP_002225,LU0104884860,BA001166,LU0104884860,Pictet-Water P EUR,OPCVM,Luxembourg,FAIBLE,haute,False,530500,5164.35,102.723456,29.15,False,2026-07-15
SUP_002226,FR0010923383,BA001166,FR0010923383,H2O Multistrategies R,OPCVM,France,FAIBLE,haute,False,1289400,14031.56,91.892821,70.85,False,2026-07-15
SUP_002227,FID_BNP,BA001167,FID_BNP,BNP Paribas Wealth FID,FID,Luxembourg,FAIBLE,faible,False,4576100,34509.01,132.60596,100.0,True,2026-07-30
SUP_002228,FR001400OJI4,BA001168,FR001400OJI4,DNCA Flexibonds C,OPCVM,France,FAIBLE,haute,False,107200,717.32,149.444568,23.7,False,2026-08-04
SUP_002229,FR001400OJI4,BA001168,FR001400OJI4,DNCA Flexibonds C,OPCVM,France,FAIBLE,haute,False,184600,1793.23,102.942873,40.82,False,2026-07-17
SUP_002230,PE_CAY_01,BA001168,PE_CAY_01,Cayman Growth Fund I,PE,Cayman Islands,ELEVE,très faible,True,160400,1755.93,91.347596,35.48,False,2026-07-17
SUP_002231,FID_BNP,BA001169,FID_BNP,BNP Paribas Wealth FID,FID,Luxembourg,FAIBLE,faible,False,123100,872.19,141.139736,42.66,True,2026-07-07
SUP_002232,FR0010392225,BA001169,FR0010392225,Varenne Capital Partners,OPCVM,France,FAIBLE,haute,False,48500,331.02,146.514615,16.81,True,2026-08-02
SUP_002233,XS2428662824,BA001169,XS2428662824,BNP Paribas Certificat,OPCVM,Luxembourg,FAIBLE,moyenne,False,116900,978.56,119.461772,40.53,True,2026-07-26
SUP_002234,LU0104884860,BA001170,LU0104884860,Pictet-Water P EUR,OPCVM,Luxembourg,FAIBLE,haute,False,798200,8341.96,95.684937,100.0,False,2026-07-11
SUP_002235,FID_UBS,BA001171,FID_UBS,UBS Luxembourg FID Patrimoine,FID,Luxembourg,FAIBLE,faible,False,194100,2424.3,80.064501,16.93,True,2026-07-16
SUP_002236,FR0010923383,BA001171,FR0010923383,H2O Multistrategies R,OPCVM,France,FAIBLE,haute,False,952400,7988.66,119.218945,83.07,True,2026-07-24
SUP_002237,FID_UBS,BA001172,FID_UBS,UBS Luxembourg FID Patrimoine,FID,Luxembourg,FAIBLE,faible,False,702700,4816.51,145.894139,38.89,True,2026-07-11
SUP_002238,XS2428662824,BA001172,XS2428662824,BNP Paribas Certificat,OPCVM,Luxembourg,FAIBLE,moyenne,False,633100,6343.64,99.800797,35.04,True,2026-07-14
SUP_002239,LU0104884860,BA001172,LU0104884860,Pictet-Water P EUR,OPCVM,Luxembourg,FAIBLE,haute,False,470900,4318.62,109.039547,26.06,True,2026-07-07
SUP_002240,FID_BNP,BA001173,FID_BNP,BNP Paribas Wealth FID,FID,Luxembourg,FAIBLE,faible,False,388200,4065.08,95.496332,31.91,True,2026-07-24
SUP_002241,FR0010392225,BA001173,FR0010392225,Varenne Capital Partners,OPCVM,France,FAIBLE,haute,False,828100,6437.79,128.631036,68.09,True,2026-08-04
SUP_002242,FID_BNP,BA001174,FID_BNP,BNP Paribas Wealth FID,FID,Luxembourg,FAIBLE,faible,False,1286900,13672.95,94.120144,100.0,True,2026-07-07
SUP_002243,PE_CAY_01,BA001175,PE_CAY_01,Cayman Growth Fund I,PE,Cayman Islands,ELEVE,très faible,True,108000,1081.05,99.902416,36.42,False,2026-07-27
SUP_002244,FR0010923383,BA001175,FR0010923383,H2O Multistrategies R,OPCVM,France,FAIBLE,haute,False,6200,73.01,84.922617,2.1,False,2026-07-07
SUP_002245,LU0255977539,BA001175,LU0255977539,Pictet-Biotech R EUR,OPCVM,Luxembourg,FAIBLE,haute,False,22800,255.72,89.158869,7.68,False,2026-07-17
SUP_002246,LU0255977539,BA001175,LU0255977539,Pictet-Biotech R EUR,OPCVM,Luxembourg,FAIBLE,haute,False,159500,1444.65,110.407031,53.8,False,2026-07-18
SUP_002247,FR0010392225,BA001176,FR0010392225,Varenne Capital Partners,OPCVM,France,FAIBLE,haute,False,537500,4642.48,115.778542,100.0,False,2026-08-01
SUP_002248,FID_BNP,BA001177,FID_BNP,BNP Paribas Wealth FID,FID,Luxembourg,FAIBLE,faible,False,235300,2420.17,97.224749,100.0,True,2026-07-09
SUP_002249,FID_BNP,BA001178,FID_BNP,BNP Paribas Wealth FID,FID,Luxembourg,FAIBLE,faible,False,287800,3392.81,84.826348,100.0,True,2026-07-11
SUP_002250,FID_BNP,BA001179,FID_BNP,BNP Paribas Wealth FID,FID,Luxembourg,FAIBLE,faible,False,185000,1660.42,111.41765,66.09,True,2026-07-27
SUP_002251,LU0255977539,BA001179,LU0255977539,Pictet-Biotech R EUR,OPCVM,Luxembourg,FAIBLE,haute,False,94900,814.67,116.489559,33.91,True,2026-07-25
SUP_002252,PE_LUX_01,BA001180,PE_LUX_01,Luxembourg PE SICAR,PE,Luxembourg,FAIBLE,très faible,False,479700,3365.91,142.517104,64.79,False,2026-07-09
SUP_002253,PE_LUX_01,BA001180,PE_LUX_01,Luxembourg PE SICAR,PE,Luxembourg,FAIBLE,très faible,False,260700,2797.16,93.201569,35.21,False,2026-07-25
SUP_002254,FID_BNP,BA001181,FID_BNP,BNP Paribas Wealth FID,FID,Luxembourg,FAIBLE,faible,False,670000,6694.65,100.079878,100.0,True,2026-07-31
SUP_002255,FR001400OJI4,BA001182,FR001400OJI4,DNCA Flexibonds C,OPCVM,France,FAIBLE,haute,False,780300,5724.39,136.311382,91.69,False,2026-07-21
SUP_002256,FR0010923383,BA001182,FR0010923383,H2O Multistrategies R,OPCVM,France,FAIBLE,haute,False,70700,518.41,136.37799,8.31,False,2026-07-30
SUP_002257,LU0255977539,BA001183,LU0255977539,Pictet-Biotech R EUR,OPCVM,Luxembourg,FAIBLE,haute,False,330000,2215.08,148.979101,100.0,False,2026-07-26
SUP_002258,FID_BNP,BA001184,FID_BNP,BNP Paribas Wealth FID,FID,Luxembourg,FAIBLE,faible,False,408500,3542.25,115.322237,81.91,True,2026-07-12
SUP_002259,LU0104884860,BA001184,LU0104884860,Pictet-Water P EUR,OPCVM,Luxembourg,FAIBLE,haute,False,90300,850.61,106.159327,18.09,True,2026-07-11
SUP_002260,FID_BNP,BA001185,FID_BNP,BNP Paribas Wealth FID,FID,Luxembourg,FAIBLE,faible,False,373900,3698.49,101.095329,100.0,True,2026-07-29
SUP_002261,FAS_IND,BA001186,FAS_IND,Indosuez Wealth Management FAS,FAS,Luxembourg,FAIBLE,moyenne,False,74000,883.1,83.795508,32.33,True,2026-07-12
SUP_002262,FR0010923383,BA001186,FR0010923383,H2O Multistrategies R,OPCVM,France,FAIBLE,haute,False,154800,1670.78,92.651405,67.67,True,2026-08-03
SUP_002263,FID_BNP,BA001187,FID_BNP,BNP Paribas Wealth FID,FID,Luxembourg,FAIBLE,faible,False,342400,3644.68,93.945157,100.0,True,2026-07-20
SUP_002264,FAS_ROT,BA001188,FAS_ROT,Rothschild & Co Gestion FAS,FAS,Luxembourg,FAIBLE,moyenne,False,311600,2644.71,117.820112,100.0,True,2026-07-07
SUP_002265,FID_BNP,BA001189,FID_BNP,BNP Paribas Wealth FID,FID,Luxembourg,FAIBLE,faible,False,57300,697.09,82.199057,17.48,True,2026-07-24
SUP_002266,LU0104884860,BA001189,LU0104884860,Pictet-Water P EUR,OPCVM,Luxembourg,FAIBLE,haute,False,270800,2796.92,96.820677,82.52,True,2026-07-14
SUP_002267,FID_BNP,BA001190,FID_BNP,BNP Paribas Wealth FID,FID,Luxembourg,FAIBLE,faible,False,347500,2392.82,145.226122,9.76,True,2026-07-07
SUP_002268,XS2428662824,BA001190,XS2428662824,BNP Paribas Certificat,OPCVM,Luxembourg,FAIBLE,moyenne,False,3212400,27956.53,114.906951,90.24,True,2026-07-22
SUP_002269,FID_BNP,BA001191,FID_BNP,BNP Paribas Wealth FID,FID,Luxembourg,FAIBLE,faible,False,217500,1556.55,139.731816,32.21,True,2026-07-23
SUP_002270,LU0255977539,BA001191,LU0255977539,Pictet-Biotech R EUR,OPCVM,Luxembourg,FAIBLE,haute,False,457800,4404.26,103.944765,67.79,True,2026-07-27
SUP_002271,FID_UBS,BA001192,FID_UBS,UBS Luxembourg FID Patrimoine,FID,Luxembourg,FAIBLE,faible,False,49800,482.76,103.157693,15.71,True,2026-07-28
SUP_002272,FR0010392225,BA001192,FR0010392225,Varenne Capital Partners,OPCVM,France,FAIBLE,haute,False,64200,452.13,141.993766,20.24,True,2026-07-15
SUP_002273,FR0010392225,BA001192,FR0010392225,Varenne Capital Partners,OPCVM,France,FAIBLE,haute,False,87600,926.38,94.561912,27.6,True,2026-07-24
SUP_002274,FR0010392225,BA001192,FR0010392225,Varenne Capital Partners,OPCVM,France,FAIBLE,haute,False,115700,809.28,142.966005,36.45,True,2026-07-19
SUP_002275,FID_BNP,BA001193,FID_BNP,BNP Paribas Wealth FID,FID,Luxembourg,FAIBLE,faible,False,88500,907.62,97.50828,32.79,True,2026-07-21
SUP_002276,XS2428662824,BA001193,XS2428662824,BNP Paribas Certificat,OPCVM,Luxembourg,FAIBLE,moyenne,False,181500,1727.32,105.075973,67.21,True,2026-07-22
SUP_002277,LU0104884860,BA001194,LU0104884860,Pictet-Water P EUR,OPCVM,Luxembourg,FAIBLE,haute,False,68700,765.21,89.779704,28.71,False,2026-07-22
SUP_002278,PE_LUX_01,BA001194,PE_LUX_01,Luxembourg PE SICAR,PE,Luxembourg,FAIBLE,très faible,False,170500,1378.35,123.698333,71.29,False,2026-07-26
SUP_002279,FID_UBS,BA001195,FID_UBS,UBS Luxembourg FID Patrimoine,FID,Luxembourg,FAIBLE,faible,False,468500,3405.27,137.580968,82.59,True,2026-08-04
SUP_002280,LU0255977539,BA001195,LU0255977539,Pictet-Biotech R EUR,OPCVM,Luxembourg,FAIBLE,haute,False,98800,840.03,117.614936,17.41,True,2026-07-20
SUP_002281,FID_UBS,BA001196,FID_UBS,UBS Luxembourg FID Patrimoine,FID,Luxembourg,FAIBLE,faible,False,88400,907.0,97.464229,24.42,True,2026-07-15
SUP_002282,XS2428662824,BA001196,XS2428662824,BNP Paribas Certificat,OPCVM,Luxembourg,FAIBLE,moyenne,False,273800,2178.27,125.69608,75.58,True,2026-08-02
SUP_002283,FID_UBS,BA001197,FID_UBS,UBS Luxembourg FID Patrimoine,FID,Luxembourg,FAIBLE,faible,False,1310500,8804.89,148.837817,50.28,True,2026-07-22
SUP_002284,XS2428662824,BA001197,XS2428662824,BNP Paribas Certificat,OPCVM,Luxembourg,FAIBLE,moyenne,False,656900,6453.3,101.792823,25.2,True,2026-07-20
SUP_002285,XS2428662824,BA001197,XS2428662824,BNP Paribas Certificat,OPCVM,Luxembourg,FAIBLE,moyenne,False,639200,5079.56,125.837765,24.52,True,2026-07-14
SUP_002286,FID_BNP,BA001198,FID_BNP,BNP Paribas Wealth FID,FID,Luxembourg,FAIBLE,faible,False,2334000,28465.35,81.994431,100.0,True,2026-07-15
SUP_002287,FID_UBS,BA001199,FID_UBS,UBS Luxembourg FID Patrimoine,FID,Luxembourg,FAIBLE,faible,False,3849600,47399.83,81.215477,100.0,True,2026-07-11
SUP_002288,FAS_IND,BA001200,FAS_IND,Indosuez Wealth Management FAS,FAS,Luxembourg,FAIBLE,moyenne,False,611400,7548.67,80.994402,100.0,True,2026-07-27
SUP_002289,FID_BNP,BA001201,FID_BNP,BNP Paribas Wealth FID,FID,Luxembourg,FAIBLE,faible,False,253000,2036.1,124.256941,56.76,True,2026-07-21
SUP_002290,FR0010392225,BA001201,FR0010392225,Varenne Capital Partners,OPCVM,France,FAIBLE,haute,False,192800,2175.32,88.630725,43.24,True,2026-07-09
SUP_002291,FID_UBS,BA001202,FID_UBS,UBS Luxembourg FID Patrimoine,FID,Luxembourg,FAIBLE,faible,False,92900,840.05,110.588561,27.79,True,2026-07-21
SUP_002292,FR001400OJI4,BA001202,FR001400OJI4,DNCA Flexibonds C,OPCVM,France,FAIBLE,haute,False,220600,2520.7,87.51537,66.02,True,2026-08-01
SUP_002293,FR0010923383,BA001202,FR0010923383,H2O Multistrategies R,OPCVM,France,FAIBLE,haute,False,20700,142.23,145.53828,6.19,True,2026-07-15
SUP_002294,PE_LUX_01,BA001203,PE_LUX_01,Luxembourg PE SICAR,PE,Luxembourg,FAIBLE,très faible,False,15200,120.38,126.263178,5.11,False,2026-08-04
SUP_002295,FR001400OJI4,BA001203,FR001400OJI4,DNCA Flexibonds C,OPCVM,France,FAIBLE,haute,False,209900,1878.78,111.721614,70.75,False,2026-08-03
SUP_002296,LU0255977539,BA001203,LU0255977539,Pictet-Biotech R EUR,OPCVM,Luxembourg,FAIBLE,haute,False,13400,94.69,141.512519,4.51,False,2026-07-30
SUP_002297,PE_LUX_01,BA001203,PE_LUX_01,Luxembourg PE SICAR,PE,Luxembourg,FAIBLE,très faible,False,58200,408.7,142.403436,19.62,False,2026-07-14
SUP_002298,FID_UBS,BA001204,FID_UBS,UBS Luxembourg FID Patrimoine,FID,Luxembourg,FAIBLE,faible,False,1356900,13605.58,99.731151,56.28,True,2026-08-04
SUP_002299,FR001400OJI4,BA001204,FR001400OJI4,DNCA Flexibonds C,OPCVM,France,FAIBLE,haute,False,1054000,9532.01,110.574759,43.72,True,2026-07-16
SUP_002300,FR0010923383,BA001205,FR0010923383,H2O Multistrategies R,OPCVM,France,FAIBLE,haute,False,1491500,16243.52,91.821239,100.0,False,2026-07-13
SUP_002301,LU0104884860,BA001206,LU0104884860,Pictet-Water P EUR,OPCVM,Luxembourg,FAIBLE,haute,False,1154300,12021.17,96.022286,100.0,False,2026-07-21
SUP_002302,PE_LUX_01,BA001207,PE_LUX_01,Luxembourg PE SICAR,PE,Luxembourg,FAIBLE,très faible,False,130700,1163.36,112.346789,34.18,False,2026-07-21
SUP_002303,FR001400OJI4,BA001207,FR001400OJI4,DNCA Flexibonds C,OPCVM,France,FAIBLE,haute,False,75600,860.89,87.815963,19.78,False,2026-07-11
SUP_002304,LU0255977539,BA001207,LU0255977539,Pictet-Biotech R EUR,OPCVM,Luxembourg,FAIBLE,haute,False,176000,1657.3,106.196762,46.04,False,2026-07-18
SUP_002305,FID_UBS,BA001208,FID_UBS,UBS Luxembourg FID Patrimoine,FID,Luxembourg,FAIBLE,faible,False,287900,1931.63,149.045475,100.0,True,2026-07-31
SUP_002306,FAS_ROT,BA001209,FAS_ROT,Rothschild & Co Gestion FAS,FAS,Luxembourg,FAIBLE,moyenne,False,711800,5609.46,126.892785,80.5,True,2026-07-09
SUP_002307,FR001400OJI4,BA001209,FR001400OJI4,DNCA Flexibonds C,OPCVM,France,FAIBLE,haute,False,172400,1250.11,137.907442,19.5,True,2026-07-16
SUP_002308,PE_LUX_01,BA001210,PE_LUX_01,Luxembourg PE SICAR,PE,Luxembourg,FAIBLE,très faible,False,382200,3637.35,105.076555,56.96,False,2026-07-25
SUP_002309,PE_CAY_01,BA001210,PE_CAY_01,Cayman Growth Fund I,PE,Cayman Islands,ELEVE,très faible,True,288800,3366.81,85.77851,43.04,False,2026-07-19
SUP_002310,FID_UBS,BA001211,FID_UBS,UBS Luxembourg FID Patrimoine,FID,Luxembourg,FAIBLE,faible,False,52600,620.98,84.705376,10.36,True,2026-07-09
SUP_002311,FR001400OJI4,BA001211,FR001400OJI4,DNCA Flexibonds C,OPCVM,France,FAIBLE,haute,False,455400,3517.12,129.480842,89.64,True,2026-07-18
SUP_002312,FID_UBS,BA001212,FID_UBS,UBS Luxembourg FID Patrimoine,FID,Luxembourg,FAIBLE,faible,False,103100,818.4,125.976794,11.38,True,2026-07-23
SUP_002313,FR0010923383,BA001212,FR0010923383,H2O Multistrategies R,OPCVM,France,FAIBLE,haute,False,802300,7981.15,100.524412,88.62,True,2026-08-05
SUP_002314,FID_UBS,BA001213,FID_UBS,UBS Luxembourg FID Patrimoine,FID,Luxembourg,FAIBLE,faible,False,2089100,20381.45,102.500079,100.0,True,2026-07-21
SUP_002315,FR001400OJI4,BA001214,FR001400OJI4,DNCA Flexibonds C,OPCVM,France,FAIBLE,haute,False,277000,3373.44,82.11206,100.0,False,2026-07-18
SUP_002316,FID_UBS,BA001215,FID_UBS,UBS Luxembourg FID Patrimoine,FID,Luxembourg,FAIBLE,faible,False,420700,4156.25,101.221131,100.0,True,2026-07-18
SUP_002317,PE_LUX_01,BA001216,PE_LUX_01,Luxembourg PE SICAR,PE,Luxembourg,FAIBLE,très faible,False,343300,2456.23,139.766994,100.0,False,2026-07-11
SUP_002318,FID_BNP,BA001217,FID_BNP,BNP Paribas Wealth FID,FID,Luxembourg,FAIBLE,faible,False,146600,1421.69,103.116361,77.73,True,2026-07-24
SUP_002319,FR0010392225,BA001217,FR0010392225,Varenne Capital Partners,OPCVM,France,FAIBLE,haute,False,42000,366.62,114.559735,22.27,True,2026-08-01
SUP_002320,FID_UBS,BA001218,FID_UBS,UBS Luxembourg FID Patrimoine,FID,Luxembourg,FAIBLE,faible,False,456000,3763.79,121.154571,100.0,True,2026-07-10
SUP_002321,FID_BNP,BA001219,FID_BNP,BNP Paribas Wealth FID,FID,Luxembourg,FAIBLE,faible,False,211500,2383.22,88.745452,19.06,True,2026-08-03
SUP_002322,FR0010392225,BA001219,FR0010392225,Varenne Capital Partners,OPCVM,France,FAIBLE,haute,False,484800,3789.28,127.939897,43.7,True,2026-08-03
SUP_002323,LU0104884860,BA001219,LU0104884860,Pictet-Water P EUR,OPCVM,Luxembourg,FAIBLE,haute,False,413100,3886.08,106.302537,37.24,True,2026-08-01
SUP_002324,FID_BNP,BA001220,FID_BNP,BNP Paribas Wealth FID,FID,Luxembourg,FAIBLE,faible,False,48700,444.16,109.646333,10.67,True,2026-08-03
SUP_002325,FR001400OJI4,BA001220,FR001400OJI4,DNCA Flexibonds C,OPCVM,France,FAIBLE,haute,False,282600,3139.03,90.027694,61.89,True,2026-07-10
SUP_002326,XS2428662824,BA001220,XS2428662824,BNP Paribas Certificat,OPCVM,Luxembourg,FAIBLE,moyenne,False,63000,504.33,124.917586,13.8,True,2026-07-18
SUP_002327,LU0255977539,BA001220,LU0255977539,Pictet-Biotech R EUR,OPCVM,Luxembourg,FAIBLE,haute,False,62300,598.69,104.059849,13.64,True,2026-07-15
SUP_002328,FID_UBS,BA001221,FID_UBS,UBS Luxembourg FID Patrimoine,FID,Luxembourg,FAIBLE,faible,False,1368800,11877.24,115.245599,100.0,True,2026-07-20
SUP_002329,PE_CAY_01,BA001222,PE_CAY_01,Cayman Growth Fund I,PE,Cayman Islands,ELEVE,très faible,True,408300,4015.89,101.67112,100.0,False,2026-08-01
SUP_002330,FID_BNP,BA001223,FID_BNP,BNP Paribas Wealth FID,FID,Luxembourg,FAIBLE,faible,False,410900,3166.23,129.775978,100.0,True,2026-07-07
SUP_002331,FID_BNP,BA001224,FID_BNP,BNP Paribas Wealth FID,FID,Luxembourg,FAIBLE,faible,False,100,0.72,139.543083,0.02,True,2026-07-24
SUP_002332,FR0010392225,BA001224,FR0010392225,Varenne Capital Partners,OPCVM,France,FAIBLE,haute,False,180200,2171.02,83.002504,56.52,True,2026-07-28
SUP_002333,XS2428662824,BA001224,XS2428662824,BNP Paribas Certificat,OPCVM,Luxembourg,FAIBLE,moyenne,False,138600,1423.39,97.373303,43.47,True,2026-07-24
SUP_002334,LU0255977539,BA001225,LU0255977539,Pictet-Biotech R EUR,OPCVM,Luxembourg,FAIBLE,haute,False,425600,3217.98,132.256903,41.57,False,2026-07-08
SUP_002335,FR0010392225,BA001225,FR0010392225,Varenne Capital Partners,OPCVM,France,FAIBLE,haute,False,598100,4938.14,121.118382,58.43,False,2026-07-18
SUP_002336,FID_BNP,BA001226,FID_BNP,BNP Paribas Wealth FID,FID,Luxembourg,FAIBLE,faible,False,530600,6159.3,86.146198,100.0,True,2026-07-26
SUP_002337,FR0010392225,BA001227,FR0010392225,Varenne Capital Partners,OPCVM,France,FAIBLE,haute,False,2621900,25169.01,104.171766,53.58,False,2026-07-20
SUP_002338,FR0010392225,BA001227,FR0010392225,Varenne Capital Partners,OPCVM,France,FAIBLE,haute,False,1850300,14763.21,125.331792,37.81,False,2026-07-25
SUP_002339,LU0255977539,BA001227,LU0255977539,Pictet-Biotech R EUR,OPCVM,Luxembourg,FAIBLE,haute,False,421100,3233.53,130.22904,8.61,False,2026-07-23
SUP_002340,XS2428662824,BA001228,XS2428662824,BNP Paribas Certificat,OPCVM,Luxembourg,FAIBLE,moyenne,False,120900,1361.71,88.785148,20.8,False,2026-07-16
SUP_002341,LU0255977539,BA001228,LU0255977539,Pictet-Biotech R EUR,OPCVM,Luxembourg,FAIBLE,haute,False,460100,3856.39,119.30839,79.2,False,2026-07-24
SUP_002342,XS2428662824,BA001229,XS2428662824,BNP Paribas Certificat,OPCVM,Luxembourg,FAIBLE,moyenne,False,472900,4106.87,115.148627,100.0,False,2026-08-02
SUP_002343,FAS_ROT,BA001230,FAS_ROT,Rothschild & Co Gestion FAS,FAS,Luxembourg,FAIBLE,moyenne,False,235500,2148.66,109.603348,40.58,True,2026-07-16
SUP_002344,XS2428662824,BA001230,XS2428662824,BNP Paribas Certificat,OPCVM,Luxembourg,FAIBLE,moyenne,False,159000,1120.38,141.91584,27.39,True,2026-07-22
SUP_002345,LU0104884860,BA001230,LU0104884860,Pictet-Water P EUR,OPCVM,Luxembourg,FAIBLE,haute,False,185900,1596.05,116.474805,32.03,True,2026-07-07
SUP_002346,FID_UBS,BA001231,FID_UBS,UBS Luxembourg FID Patrimoine,FID,Luxembourg,FAIBLE,faible,False,848400,7523.5,112.766722,79.11,True,2026-07-31
SUP_002347,XS2428662824,BA001231,XS2428662824,BNP Paribas Certificat,OPCVM,Luxembourg,FAIBLE,moyenne,False,224000,1743.46,128.479806,20.89,True,2026-07-22
SUP_002348,FID_BNP,BA001232,FID_BNP,BNP Paribas Wealth FID,FID,Luxembourg,FAIBLE,faible,False,941900,8629.57,109.148007,100.0,True,2026-08-02
SUP_002349,FR0010923383,BA001233,FR0010923383,H2O Multistrategies R,OPCVM,France,FAIBLE,haute,False,1966400,13230.64,148.624756,63.1,False,2026-07-22
SUP_002350,PE_LUX_01,BA001233,PE_LUX_01,Luxembourg PE SICAR,PE,Luxembourg,FAIBLE,très faible,False,230800,1929.81,119.597121,7.41,False,2026-07-12
SUP_002351,PE_LUX_01,BA001233,PE_LUX_01,Luxembourg PE SICAR,PE,Luxembourg,FAIBLE,très faible,False,918900,8396.35,109.440446,29.49,False,2026-07-09
SUP_002352,FID_BNP,BA001234,FID_BNP,BNP Paribas Wealth FID,FID,Luxembourg,FAIBLE,faible,False,100200,803.23,124.745866,38.22,True,2026-07-14
SUP_002353,FR0010923383,BA001234,FR0010923383,H2O Multistrategies R,OPCVM,France,FAIBLE,haute,False,161900,1558.01,103.914458,61.78,True,2026-07-22
SUP_002354,FID_UBS,BA001235,FID_UBS,UBS Luxembourg FID Patrimoine,FID,Luxembourg,FAIBLE,faible,False,818700,9286.56,88.159697,79.64,True,2026-07-27
SUP_002355,XS2428662824,BA001235,XS2428662824,BNP Paribas Certificat,OPCVM,Luxembourg,FAIBLE,moyenne,False,155500,1083.96,143.455873,15.13,True,2026-08-05
SUP_002356,FR0010923383,BA001235,FR0010923383,H2O Multistrategies R,OPCVM,France,FAIBLE,haute,False,53800,564.32,95.335848,5.23,True,2026-07-17
SUP_002357,FID_BNP,BA001236,FID_BNP,BNP Paribas Wealth FID,FID,Luxembourg,FAIBLE,faible,False,700900,7527.2,93.115589,90.38,True,2026-07-25
SUP_002358,LU0255977539,BA001236,LU0255977539,Pictet-Biotech R EUR,OPCVM,Luxembourg,FAIBLE,haute,False,74600,759.24,98.255937,9.62,True,2026-07-24
SUP_002359,FID_UBS,BA001237,FID_UBS,UBS Luxembourg FID Patrimoine,FID,Luxembourg,FAIBLE,faible,False,1864100,20620.27,90.401349,100.0,True,2026-07-19
SUP_002360,FID_BNP,BA001238,FID_BNP,BNP Paribas Wealth FID,FID,Luxembourg,FAIBLE,faible,False,871600,7171.18,121.542123,100.0,True,2026-07-09
SUP_002361,FID_UBS,BA001239,FID_UBS,UBS Luxembourg FID Patrimoine,FID,Luxembourg,FAIBLE,faible,False,1669600,12879.58,129.63159,100.0,True,2026-07-20
SUP_002362,FR0010923383,BA001240,FR0010923383,H2O Multistrategies R,OPCVM,France,FAIBLE,haute,False,190100,1369.94,138.765462,17.5,False,2026-07-13
SUP_002363,XS2428662824,BA001240,XS2428662824,BNP Paribas Certificat,OPCVM,Luxembourg,FAIBLE,moyenne,False,254000,1969.29,128.98032,23.38,False,2026-08-02
SUP_002364,FR0010392225,BA001240,FR0010392225,Varenne Capital Partners,OPCVM,France,FAIBLE,haute,False,642400,5995.43,107.148291,59.12,False,2026-08-05
SUP_002365,FID_UBS,BA001241,FID_UBS,UBS Luxembourg FID Patrimoine,FID,Luxembourg,FAIBLE,faible,False,132400,1103.57,119.974788,50.62,True,2026-07-30
SUP_002366,FR0010923383,BA001241,FR0010923383,H2O Multistrategies R,OPCVM,France,FAIBLE,haute,False,129200,936.85,137.909408,49.38,True,2026-07-28
SUP_002367,FAS_ROT,BA001242,FAS_ROT,Rothschild & Co Gestion FAS,FAS,Luxembourg,FAIBLE,moyenne,False,994600,10595.08,93.873785,59.19,True,2026-07-08
SUP_002368,XS2428662824,BA001242,XS2428662824,BNP Paribas Certificat,OPCVM,Luxembourg,FAIBLE,moyenne,False,685700,5713.42,120.015746,40.81,True,2026-07-21
SUP_002369,FID_UBS,BA001243,FID_UBS,UBS Luxembourg FID Patrimoine,FID,Luxembourg,FAIBLE,faible,False,621000,5012.58,123.888213,24.99,True,2026-07-12
SUP_002370,LU0255977539,BA001243,LU0255977539,Pictet-Biotech R EUR,OPCVM,Luxembourg,FAIBLE,haute,False,447000,4552.35,98.190954,17.99,True,2026-07-23
SUP_002371,FR0010923383,BA001243,FR0010923383,H2O Multistrategies R,OPCVM,France,FAIBLE,haute,False,1416700,15016.86,94.340599,57.02,True,2026-07-30
SUP_002372,FAS_IND,BA001244,FAS_IND,Indosuez Wealth Management FAS,FAS,Luxembourg,FAIBLE,moyenne,False,245800,2653.56,92.630165,87.38,True,2026-07-31
SUP_002373,LU0255977539,BA001244,LU0255977539,Pictet-Biotech R EUR,OPCVM,Luxembourg,FAIBLE,haute,False,35500,340.27,104.328124,12.62,True,2026-08-03
SUP_002374,FID_UBS,BA001245,FID_UBS,UBS Luxembourg FID Patrimoine,FID,Luxembourg,FAIBLE,faible,False,1063500,11906.59,89.320299,68.74,True,2026-07-11
SUP_002375,FR0010392225,BA001245,FR0010392225,Varenne Capital Partners,OPCVM,France,FAIBLE,haute,False,483700,6023.46,80.302707,31.26,True,2026-08-03
SUP_002376,FID_BNP,BA001246,FID_BNP,BNP Paribas Wealth FID,FID,Luxembourg,FAIBLE,faible,False,171000,1577.85,108.375656,100.0,True,2026-07-28
SUP_002377,FAS_IND,BA001247,FAS_IND,Indosuez Wealth Management FAS,FAS,Luxembourg,FAIBLE,moyenne,False,217100,2022.7,107.331717,54.99,True,2026-08-05
SUP_002378,LU0104884860,BA001247,LU0104884860,Pictet-Water P EUR,OPCVM,Luxembourg,FAIBLE,haute,False,19900,134.36,148.111861,5.05,True,2026-07-30
SUP_002379,FR0010923383,BA001247,FR0010923383,H2O Multistrategies R,OPCVM,France,FAIBLE,haute,False,157800,1188.97,132.720206,39.97,True,2026-07-11
SUP_002380,FAS_IND,BA001248,FAS_IND,Indosuez Wealth Management FAS,FAS,Luxembourg,FAIBLE,moyenne,False,421400,3002.32,140.358105,100.0,True,2026-07-18
SUP_002381,FAS_ROT,BA001249,FAS_ROT,Rothschild & Co Gestion FAS,FAS,Luxembourg,FAIBLE,moyenne,False,505200,4021.94,125.610992,100.0,True,2026-07-28
SUP_002382,FR0010392225,BA001250,FR0010392225,Varenne Capital Partners,OPCVM,France,FAIBLE,haute,False,218600,2721.95,80.31017,18.43,False,2026-07-30
SUP_002383,FR0010392225,BA001250,FR0010392225,Varenne Capital Partners,OPCVM,France,FAIBLE,haute,False,739800,5473.18,135.168177,62.37,False,2026-07-11
SUP_002384,PE_CAY_01,BA001250,PE_CAY_01,Cayman Growth Fund I,PE,Cayman Islands,ELEVE,très faible,True,227800,2471.67,92.164373,19.2,False,2026-07-31
SUP_002385,FID_UBS,BA001251,FID_UBS,UBS Luxembourg FID Patrimoine,FID,Luxembourg,FAIBLE,faible,False,1431400,13107.76,109.202512,100.0,True,2026-07-09
SUP_002386,XS2428662824,BA001252,XS2428662824,BNP Paribas Certificat,OPCVM,Luxembourg,FAIBLE,moyenne,False,1058400,9257.96,114.323247,100.0,False,2026-07-13
SUP_002387,FID_BNP,BA001253,FID_BNP,BNP Paribas Wealth FID,FID,Luxembourg,FAIBLE,faible,False,194100,1936.1,100.25319,100.0,True,2026-07-26
SUP_002388,FID_BNP,BA001254,FID_BNP,BNP Paribas Wealth FID,FID,Luxembourg,FAIBLE,faible,False,35800,263.34,135.948153,12.09,True,2026-07-11
SUP_002389,LU0104884860,BA001254,LU0104884860,Pictet-Water P EUR,OPCVM,Luxembourg,FAIBLE,haute,False,149600,1056.56,141.591078,50.6,True,2026-07-11
SUP_002390,LU0104884860,BA001254,LU0104884860,Pictet-Water P EUR,OPCVM,Luxembourg,FAIBLE,haute,False,110300,795.43,138.666715,37.31,True,2026-07-31
SUP_002391,FID_UBS,BA001255,FID_UBS,UBS Luxembourg FID Patrimoine,FID,Luxembourg,FAIBLE,faible,False,768100,8426.37,91.154308,84.38,True,2026-07-16
SUP_002392,XS2428662824,BA001255,XS2428662824,BNP Paribas Certificat,OPCVM,Luxembourg,FAIBLE,moyenne,False,142200,1509.13,94.226759,15.62,True,2026-07-07
SUP_002393,FID_UBS,BA001256,FID_UBS,UBS Luxembourg FID Patrimoine,FID,Luxembourg,FAIBLE,faible,False,3630400,27155.51,133.689261,100.0,True,2026-07-23
SUP_002394,FR0010923383,BA001257,FR0010923383,H2O Multistrategies R,OPCVM,France,FAIBLE,haute,False,278700,1983.05,140.541136,100.0,False,2026-07-30
SUP_002395,LU0255977539,BA001258,LU0255977539,Pictet-Biotech R EUR,OPCVM,Luxembourg,FAIBLE,haute,False,290000,2146.67,135.093257,41.19,False,2026-07-26
SUP_002396,PE_CAY_01,BA001258,PE_CAY_01,Cayman Growth Fund I,PE,Cayman Islands,ELEVE,très faible,True,123000,886.59,138.733694,17.47,False,2026-07-11
SUP_002397,LU0255977539,BA001258,LU0255977539,Pictet-Biotech R EUR,OPCVM,Luxembourg,FAIBLE,haute,False,246900,2882.31,85.660451,35.06,False,2026-08-04
SUP_002398,XS2428662824,BA001258,XS2428662824,BNP Paribas Certificat,OPCVM,Luxembourg,FAIBLE,moyenne,False,44200,371.51,118.975254,6.27,False,2026-07-22
SUP_002399,FID_UBS,BA001259,FID_UBS,UBS Luxembourg FID Patrimoine,FID,Luxembourg,FAIBLE,faible,False,231500,1672.25,138.436323,93.26,True,2026-07-28
SUP_002400,LU0255977539,BA001259,LU0255977539,Pictet-Biotech R EUR,OPCVM,Luxembourg,FAIBLE,haute,False,16700,141.76,117.802995,6.74,True,2026-07-29
SUP_002401,FID_BNP,BA001260,FID_BNP,BNP Paribas Wealth FID,FID,Luxembourg,FAIBLE,faible,False,323400,2502.13,129.249804,74.71,True,2026-07-18
SUP_002402,XS2428662824,BA001260,XS2428662824,BNP Paribas Certificat,OPCVM,Luxembourg,FAIBLE,moyenne,False,109500,906.54,120.788415,25.29,True,2026-08-03
SUP_002403,FAS_ROT,BA001261,FAS_ROT,Rothschild & Co Gestion FAS,FAS,Luxembourg,FAIBLE,moyenne,False,711400,5632.97,126.292144,89.76,True,2026-07-26
SUP_002404,LU0255977539,BA001261,LU0255977539,Pictet-Biotech R EUR,OPCVM,Luxembourg,FAIBLE,haute,False,81100,679.5,119.352739,10.24,True,2026-07-29
SUP_002405,FID_BNP,BA001262,FID_BNP,BNP Paribas Wealth FID,FID,Luxembourg,FAIBLE,faible,False,1555700,12295.71,126.523808,100.0,True,2026-07-19
SUP_002406,LU0104884860,BA001263,LU0104884860,Pictet-Water P EUR,OPCVM,Luxembourg,FAIBLE,haute,False,2087900,16582.44,125.910289,100.0,False,2026-07-18
SUP_002407,FAS_IND,BA001264,FAS_IND,Indosuez Wealth Management FAS,FAS,Luxembourg,FAIBLE,moyenne,False,1474000,13083.12,112.664291,100.0,True,2026-07-14
SUP_002408,FID_UBS,BA001265,FID_UBS,UBS Luxembourg FID Patrimoine,FID,Luxembourg,FAIBLE,faible,False,66500,619.23,107.391488,26.97,True,2026-07-15
SUP_002409,LU0255977539,BA001265,LU0255977539,Pictet-Biotech R EUR,OPCVM,Luxembourg,FAIBLE,haute,False,103800,970.59,106.945645,42.09,True,2026-07-10
SUP_002410,XS2428662824,BA001265,XS2428662824,BNP Paribas Certificat,OPCVM,Luxembourg,FAIBLE,moyenne,False,76300,794.81,95.997462,30.94,True,2026-07-23
SUP_002411,FAS_ROT,BA001266,FAS_ROT,Rothschild & Co Gestion FAS,FAS,Luxembourg,FAIBLE,moyenne,False,355200,3126.45,113.611296,80.52,True,2026-07-22
SUP_002412,FR0010392225,BA001266,FR0010392225,Varenne Capital Partners,OPCVM,France,FAIBLE,haute,False,85900,743.73,115.498277,19.48,True,2026-07-28
SUP_002413,FID_UBS,BA001267,FID_UBS,UBS Luxembourg FID Patrimoine,FID,Luxembourg,FAIBLE,faible,False,57000,472.22,120.705874,9.09,True,2026-07-27
SUP_002414,FR0010392225,BA001267,FR0010392225,Varenne Capital Partners,OPCVM,France,FAIBLE,haute,False,570000,5723.37,99.591676,90.91,True,2026-07-25
SUP_002415,FID_UBS,BA001268,FID_UBS,UBS Luxembourg FID Patrimoine,FID,Luxembourg,FAIBLE,faible,False,1525400,11929.23,127.870793,100.0,True,2026-07-14
SUP_002416,FID_BNP,BA001269,FID_BNP,BNP Paribas Wealth FID,FID,Luxembourg,FAIBLE,faible,False,241700,1910.95,126.481472,50.68,True,2026-08-01
SUP_002417,XS2428662824,BA001269,XS2428662824,BNP Paribas Certificat,OPCVM,Luxembourg,FAIBLE,moyenne,False,235200,2364.64,99.465554,49.32,True,2026-07-08
SUP_002418,FAS_IND,BA001270,FAS_IND,Indosuez Wealth Management FAS,FAS,Luxembourg,FAIBLE,moyenne,False,271300,2604.83,104.152531,15.28,True,2026-07-31
SUP_002419,FR0010923383,BA001270,FR0010923383,H2O Multistrategies R,OPCVM,France,FAIBLE,haute,False,1284700,10021.48,128.19466,72.35,True,2026-08-04
SUP_002420,FR0010392225,BA001270,FR0010392225,Varenne Capital Partners,OPCVM,France,FAIBLE,haute,False,104000,821.22,126.640627,5.86,True,2026-07-27
SUP_002421,LU0255977539,BA001270,LU0255977539,Pictet-Biotech R EUR,OPCVM,Luxembourg,FAIBLE,haute,False,115600,1320.6,87.535908,6.51,True,2026-07-22
SUP_002422,XS2428662824,BA001271,XS2428662824,BNP Paribas Certificat,OPCVM,Luxembourg,FAIBLE,moyenne,False,1184100,8985.79,131.77476,100.0,False,2026-07-09
SUP_002423,FID_BNP,BA001272,FID_BNP,BNP Paribas Wealth FID,FID,Luxembourg,FAIBLE,faible,False,4221300,28775.09,146.699791,100.0,True,2026-07-07
SUP_002424,FID_BNP,BA001273,FID_BNP,BNP Paribas Wealth FID,FID,Luxembourg,FAIBLE,faible,False,404800,4659.83,86.870056,100.0,True,2026-07-22
SUP_002425,FID_UBS,BA001274,FID_UBS,UBS Luxembourg FID Patrimoine,FID,Luxembourg,FAIBLE,faible,False,63800,654.58,97.466739,18.95,True,2026-07-28
SUP_002426,XS2428662824,BA001274,XS2428662824,BNP Paribas Certificat,OPCVM,Luxembourg,FAIBLE,moyenne,False,273100,2580.29,105.840752,81.05,True,2026-07-31
SUP_002427,FID_BNP,BA001275,FID_BNP,BNP Paribas Wealth FID,FID,Luxembourg,FAIBLE,faible,False,261500,1933.06,135.278046,93.03,True,2026-08-05
SUP_002428,FR0010923383,BA001275,FR0010923383,H2O Multistrategies R,OPCVM,France,FAIBLE,haute,False,19600,220.71,88.806117,6.97,True,2026-08-03
SUP_002429,FID_BNP,BA001276,FID_BNP,BNP Paribas Wealth FID,FID,Luxembourg,FAIBLE,faible,False,47700,342.07,139.445068,14.7,True,2026-07-15
SUP_002430,LU0255977539,BA001276,LU0255977539,Pictet-Biotech R EUR,OPCVM,Luxembourg,FAIBLE,haute,False,269900,2183.99,123.580972,83.28,True,2026-07-13
SUP_002431,FR0010392225,BA001276,FR0010392225,Varenne Capital Partners,OPCVM,France,FAIBLE,haute,False,6500,47.91,135.683823,2.01,True,2026-08-03
SUP_002432,FID_BNP,BA001277,FID_BNP,BNP Paribas Wealth FID,FID,Luxembourg,FAIBLE,faible,False,226200,1663.82,135.952567,35.29,True,2026-07-24
SUP_002433,LU0255977539,BA001277,LU0255977539,Pictet-Biotech R EUR,OPCVM,Luxembourg,FAIBLE,haute,False,414800,3401.18,121.957528,64.71,True,2026-08-03
SUP_002434,FID_BNP,BA001278,FID_BNP,BNP Paribas Wealth FID,FID,Luxembourg,FAIBLE,faible,False,637500,4437.79,143.652605,84.72,True,2026-07-16
SUP_002435,LU0255977539,BA001278,LU0255977539,Pictet-Biotech R EUR,OPCVM,Luxembourg,FAIBLE,haute,False,114900,800.78,143.48544,15.28,True,2026-07-22
SUP_002436,FID_UBS,BA001279,FID_UBS,UBS Luxembourg FID Patrimoine,FID,Luxembourg,FAIBLE,faible,False,1171500,9674.06,121.097094,100.0,True,2026-08-04
SUP_002437,FID_BNP,BA001280,FID_BNP,BNP Paribas Wealth FID,FID,Luxembourg,FAIBLE,faible,False,124100,1438.88,86.247755,45.95,True,2026-07-23
SUP_002438,FR001400OJI4,BA001280,FR001400OJI4,DNCA Flexibonds C,OPCVM,France,FAIBLE,haute,False,146000,1351.89,107.997111,54.05,True,2026-07-26
SUP_002439,FAS_IND,BA001281,FAS_IND,Indosuez Wealth Management FAS,FAS,Luxembourg,FAIBLE,moyenne,False,227700,2054.45,110.832442,100.0,True,2026-07-24
SUP_002440,FID_UBS,BA001282,FID_UBS,UBS Luxembourg FID Patrimoine,FID,Luxembourg,FAIBLE,faible,False,60100,465.1,129.219681,20.46,True,2026-07-21
SUP_002441,LU0255977539,BA001282,LU0255977539,Pictet-Biotech R EUR,OPCVM,Luxembourg,FAIBLE,haute,False,102400,751.03,136.34695,34.85,True,2026-07-16
SUP_002442,LU0255977539,BA001282,LU0255977539,Pictet-Biotech R EUR,OPCVM,Luxembourg,FAIBLE,haute,False,131400,1227.22,107.071033,44.7,True,2026-07-21
SUP_002443,FID_BNP,BA001283,FID_BNP,BNP Paribas Wealth FID,FID,Luxembourg,FAIBLE,faible,False,236000,1821.12,129.59042,30.4,True,2026-07-18
SUP_002444,XS2428662824,BA001283,XS2428662824,BNP Paribas Certificat,OPCVM,Luxembourg,FAIBLE,moyenne,False,145200,1215.58,119.448743,18.7,True,2026-07-15
SUP_002445,FR0010392225,BA001283,FR0010392225,Varenne Capital Partners,OPCVM,France,FAIBLE,haute,False,395100,2883.47,137.022344,50.9,True,2026-08-03
SUP_002446,FAS_ROT,BA001284,FAS_ROT,Rothschild & Co Gestion FAS,FAS,Luxembourg,FAIBLE,moyenne,False,189000,1583.8,119.332926,53.6,True,2026-07-10
SUP_002447,FR001400OJI4,BA001284,FR001400OJI4,DNCA Flexibonds C,OPCVM,France,FAIBLE,haute,False,157300,1597.8,98.447827,44.6,True,2026-08-03
SUP_002448,FR0010392225,BA001284,FR0010392225,Varenne Capital Partners,OPCVM,France,FAIBLE,haute,False,6400,47.58,134.508724,1.8,True,2026-07-26
SUP_002449,PE_CAY_01,BA001285,PE_CAY_01,Cayman Growth Fund I,PE,Cayman Islands,ELEVE,très faible,True,748200,5461.0,137.007855,100.0,False,2026-07-16
SUP_002450,FID_UBS,BA001286,FID_UBS,UBS Luxembourg FID Patrimoine,FID,Luxembourg,FAIBLE,faible,False,54800,396.08,138.355904,17.98,True,2026-07-30
SUP_002451,FR0010923383,BA001286,FR0010923383,H2O Multistrategies R,OPCVM,France,FAIBLE,haute,False,249800,1675.69,149.072652,82.02,True,2026-07-19
SUP_002452,FID_UBS,BA001287,FID_UBS,UBS Luxembourg FID Patrimoine,FID,Luxembourg,FAIBLE,faible,False,90000,765.8,117.523902,16.53,True,2026-07-16
SUP_002453,LU0255977539,BA001287,LU0255977539,Pictet-Biotech R EUR,OPCVM,Luxembourg,FAIBLE,haute,False,87400,790.34,110.585056,16.07,True,2026-07-08
SUP_002454,FR001400OJI4,BA001287,FR001400OJI4,DNCA Flexibonds C,OPCVM,France,FAIBLE,haute,False,366700,2962.67,123.773376,67.4,True,2026-07-16
SUP_002455,FID_BNP,BA001288,FID_BNP,BNP Paribas Wealth FID,FID,Luxembourg,FAIBLE,faible,False,1947000,13739.19,141.711388,100.0,True,2026-08-04
SUP_002456,PE_LUX_01,BA001289,PE_LUX_01,Luxembourg PE SICAR,PE,Luxembourg,FAIBLE,très faible,False,1208900,8662.41,139.55707,100.0,False,2026-07-17
SUP_002457,FID_BNP,BA001290,FID_BNP,BNP Paribas Wealth FID,FID,Luxembourg,FAIBLE,faible,False,255200,2362.54,108.019534,24.28,True,2026-07-11
SUP_002458,XS2428662824,BA001290,XS2428662824,BNP Paribas Certificat,OPCVM,Luxembourg,FAIBLE,moyenne,False,795800,7166.01,111.051997,75.72,True,2026-07-23
SUP_002459,FAS_ROT,BA001291,FAS_ROT,Rothschild & Co Gestion FAS,FAS,Luxembourg,FAIBLE,moyenne,False,228300,1910.42,119.502458,100.0,True,2026-08-04
SUP_002460,FID_BNP,BA001292,FID_BNP,BNP Paribas Wealth FID,FID,Luxembourg,FAIBLE,faible,False,176900,1202.18,147.149171,50.89,True,2026-07-12
SUP_002461,FR0010392225,BA001292,FR0010392225,Varenne Capital Partners,OPCVM,France,FAIBLE,haute,False,170800,1284.45,132.97549,49.11,True,2026-07-09
SUP_002462,FID_BNP,BA001293,FID_BNP,BNP Paribas Wealth FID,FID,Luxembourg,FAIBLE,faible,False,166500,1381.26,120.542141,15.18,True,2026-07-17
SUP_002463,LU0104884860,BA001293,LU0104884860,Pictet-Water P EUR,OPCVM,Luxembourg,FAIBLE,haute,False,223500,2236.47,99.934389,20.38,True,2026-07-07
SUP_002464,LU0104884860,BA001293,LU0104884860,Pictet-Water P EUR,OPCVM,Luxembourg,FAIBLE,haute,False,706900,7785.55,90.7964,64.44,True,2026-07-26
SUP_002465,FR0010923383,BA001294,FR0010923383,H2O Multistrategies R,OPCVM,France,FAIBLE,haute,False,25700,191.43,134.250085,8.77,False,2026-08-03
SUP_002466,LU0104884860,BA001294,LU0104884860,Pictet-Water P EUR,OPCVM,Luxembourg,FAIBLE,haute,False,267500,2106.38,126.994832,91.23,False,2026-07-16
SUP_002467,FID_BNP,BA001295,FID_BNP,BNP Paribas Wealth FID,FID,Luxembourg,FAIBLE,faible,False,477600,4066.63,117.44356,69.06,True,2026-07-18
SUP_002468,FR0010923383,BA001295,FR0010923383,H2O Multistrategies R,OPCVM,France,FAIBLE,haute,False,213900,1429.17,149.667213,30.94,True,2026-07-10
SUP_002469,LU0104884860,BA001296,LU0104884860,Pictet-Water P EUR,OPCVM,Luxembourg,FAIBLE,haute,False,951900,6648.89,143.16669,65.56,False,2026-07-30
SUP_002470,LU0255977539,BA001296,LU0255977539,Pictet-Biotech R EUR,OPCVM,Luxembourg,FAIBLE,haute,False,500000,3491.06,143.222806,34.44,False,2026-07-18
SUP_002471,FID_BNP,BA001297,FID_BNP,BNP Paribas Wealth FID,FID,Luxembourg,FAIBLE,faible,False,1216300,13978.23,87.013851,54.77,True,2026-07-21
SUP_002472,FR001400OJI4,BA001297,FR001400OJI4,DNCA Flexibonds C,OPCVM,France,FAIBLE,haute,False,763300,9015.17,84.668402,34.37,True,2026-07-15
SUP_002473,FR001400OJI4,BA001297,FR001400OJI4,DNCA Flexibonds C,OPCVM,France,FAIBLE,haute,False,241000,2982.73,80.798459,10.85,True,2026-07-28
SUP_002474,FR001400OJI4,BA001298,FR001400OJI4,DNCA Flexibonds C,OPCVM,France,FAIBLE,haute,False,42300,284.86,148.495112,3.82,False,2026-07-30
SUP_002475,FR0010923383,BA001298,FR0010923383,H2O Multistrategies R,OPCVM,France,FAIBLE,haute,False,270200,2434.21,111.001277,24.4,False,2026-07-30
SUP_002476,FR0010923383,BA001298,FR0010923383,H2O Multistrategies R,OPCVM,France,FAIBLE,haute,False,794800,5440.18,146.098067,71.77,False,2026-07-25
SUP_002477,FID_BNP,BA001299,FID_BNP,BNP Paribas Wealth FID,FID,Luxembourg,FAIBLE,faible,False,290600,2886.75,100.666666,100.0,True,2026-07-13
SUP_002478,FID_UBS,BA001300,FID_UBS,UBS Luxembourg FID Patrimoine,FID,Luxembourg,FAIBLE,faible,False,1342300,9405.97,142.707209,100.0,True,2026-07-24
SUP_002479,FID_BNP,BA001301,FID_BNP,BNP Paribas Wealth FID,FID,Luxembourg,FAIBLE,faible,False,420900,3751.34,112.200044,100.0,True,2026-07-28
SUP_002480,XS2428662824,BA001302,XS2428662824,BNP Paribas Certificat,OPCVM,Luxembourg,FAIBLE,moyenne,False,4099400,51130.19,80.175725,100.0,False,2026-08-05
SUP_002481,PE_CAY_01,BA001303,PE_CAY_01,Cayman Growth Fund I,PE,Cayman Islands,ELEVE,très faible,True,500500,5000.49,100.090166,67.29,False,2026-07-11
SUP_002482,FR0010923383,BA001303,FR0010923383,H2O Multistrategies R,OPCVM,France,FAIBLE,haute,False,243200,1732.95,140.338897,32.71,False,2026-07-26
SUP_002483,FID_BNP,BA001304,FID_BNP,BNP Paribas Wealth FID,FID,Luxembourg,FAIBLE,faible,False,1717900,15138.07,113.482134,100.0,True,2026-07-29
SUP_002484,FR0010923383,BA001305,FR0010923383,H2O Multistrategies R,OPCVM,France,FAIBLE,haute,False,676500,6065.01,111.541397,100.0,False,2026-08-04
SUP_002485,FID_UBS,BA001306,FID_UBS,UBS Luxembourg FID Patrimoine,FID,Luxembourg,FAIBLE,faible,False,243200,1859.24,130.806221,56.31,True,2026-07-30
SUP_002486,FR0010392225,BA001306,FR0010392225,Varenne Capital Partners,OPCVM,France,FAIBLE,haute,False,188600,2345.93,80.394631,43.69,True,2026-08-01
SUP_002487,PE_LUX_01,BA001307,PE_LUX_01,Luxembourg PE SICAR,PE,Luxembourg,FAIBLE,très faible,False,1400,11.94,117.2876,0.31,False,2026-08-02
SUP_002488,FR0010392225,BA001307,FR0010392225,Varenne Capital Partners,OPCVM,France,FAIBLE,haute,False,219300,1658.37,132.238466,50.23,False,2026-07-27
SUP_002489,FR0010923383,BA001307,FR0010923383,H2O Multistrategies R,OPCVM,France,FAIBLE,haute,False,202100,2086.17,96.876077,46.29,False,2026-07-11
SUP_002490,FR001400OJI4,BA001307,FR001400OJI4,DNCA Flexibonds C,OPCVM,France,FAIBLE,haute,False,13800,109.28,126.275697,3.16,False,2026-08-02
SUP_002491,FID_BNP,BA001308,FID_BNP,BNP Paribas Wealth FID,FID,Luxembourg,FAIBLE,faible,False,192900,1643.58,117.365988,53.42,True,2026-08-01
SUP_002492,FR001400OJI4,BA001308,FR001400OJI4,DNCA Flexibonds C,OPCVM,France,FAIBLE,haute,False,139900,1664.1,84.069332,38.73,True,2026-07-21
SUP_002493,FR0010923383,BA001308,FR0010923383,H2O Multistrategies R,OPCVM,France,FAIBLE,haute,False,28300,310.11,91.257959,7.85,True,2026-07-07
SUP_002494,LU0104884860,BA001309,LU0104884860,Pictet-Water P EUR,OPCVM,Luxembourg,FAIBLE,haute,False,489400,3312.74,147.732858,100.0,False,2026-07-16
SUP_002495,FID_BNP,BA001310,FID_BNP,BNP Paribas Wealth FID,FID,Luxembourg,FAIBLE,faible,False,137600,1347.22,102.136561,19.9,True,2026-07-16
SUP_002496,FR0010923383,BA001310,FR0010923383,H2O Multistrategies R,OPCVM,France,FAIBLE,haute,False,39600,265.93,148.910713,5.73,True,2026-07-08
SUP_002497,LU0255977539,BA001310,LU0255977539,Pictet-Biotech R EUR,OPCVM,Luxembourg,FAIBLE,haute,False,514500,3827.7,134.414856,74.38,True,2026-07-25
SUP_002498,XS2428662824,BA001311,XS2428662824,BNP Paribas Certificat,OPCVM,Luxembourg,FAIBLE,moyenne,False,978300,9646.99,101.409853,54.79,False,2026-07-29
SUP_002499,FR001400OJI4,BA001311,FR001400OJI4,DNCA Flexibonds C,OPCVM,France,FAIBLE,haute,False,24000,172.09,139.459126,1.35,False,2026-08-05
SUP_002500,FR001400OJI4,BA001311,FR001400OJI4,DNCA Flexibonds C,OPCVM,France,FAIBLE,haute,False,783300,5820.73,134.570635,43.87,False,2026-07-18
SUP_002501,FAS_IND,BA001312,FAS_IND,Indosuez Wealth Management FAS,FAS,Luxembourg,FAIBLE,moyenne,False,232800,1899.05,122.58775,100.0,True,2026-07-08
SUP_002502,FID_BNP,BA001313,FID_BNP,BNP Paribas Wealth FID,FID,Luxembourg,FAIBLE,faible,False,164200,2007.57,81.790277,36.53,True,2026-07-10
SUP_002503,LU0104884860,BA001313,LU0104884860,Pictet-Water P EUR,OPCVM,Luxembourg,FAIBLE,haute,False,285200,1978.56,144.145544,63.47,True,2026-07-13
SUP_002504,FAS_ROT,BA001314,FAS_ROT,Rothschild & Co Gestion FAS,FAS,Luxembourg,FAIBLE,moyenne,False,287600,2578.17,111.552128,70.48,True,2026-07-12
SUP_002505,LU0104884860,BA001314,LU0104884860,Pictet-Water P EUR,OPCVM,Luxembourg,FAIBLE,haute,False,120500,1035.81,116.333682,29.52,True,2026-07-21
SUP_002506,FR0010392225,BA001315,FR0010392225,Varenne Capital Partners,OPCVM,France,FAIBLE,haute,False,226400,2227.64,101.632113,31.29,False,2026-08-05
SUP_002507,FR0010923383,BA001315,FR0010923383,H2O Multistrategies R,OPCVM,France,FAIBLE,haute,False,138800,1209.79,114.730279,19.18,False,2026-07-21
SUP_002508,PE_CAY_01,BA001315,PE_CAY_01,Cayman Growth Fund I,PE,Cayman Islands,ELEVE,très faible,True,333900,3439.4,97.080812,46.15,False,2026-07-08
SUP_002509,LU0255977539,BA001315,LU0255977539,Pictet-Biotech R EUR,OPCVM,Luxembourg,FAIBLE,haute,False,24400,225.65,108.131941,3.38,False,2026-07-07
SUP_002510,FAS_IND,BA001316,FAS_IND,Indosuez Wealth Management FAS,FAS,Luxembourg,FAIBLE,moyenne,False,605700,4096.47,147.859174,86.11,True,2026-07-20
SUP_002511,XS2428662824,BA001316,XS2428662824,BNP Paribas Certificat,OPCVM,Luxembourg,FAIBLE,moyenne,False,97700,822.3,118.813056,13.89,True,2026-07-16
SUP_002512,FID_UBS,BA001317,FID_UBS,UBS Luxembourg FID Patrimoine,FID,Luxembourg,FAIBLE,faible,False,745200,6199.34,120.206396,100.0,True,2026-07-13
SUP_002513,FR001400OJI4,BA001318,FR001400OJI4,DNCA Flexibonds C,OPCVM,France,FAIBLE,haute,False,406400,3538.63,114.846759,100.0,False,2026-08-02
SUP_002514,LU0255977539,BA001319,LU0255977539,Pictet-Biotech R EUR,OPCVM,Luxembourg,FAIBLE,haute,False,27900,344.75,80.929063,4.4,False,2026-08-02
SUP_002515,LU0255977539,BA001319,LU0255977539,Pictet-Biotech R EUR,OPCVM,Luxembourg,FAIBLE,haute,False,605500,6020.95,100.565513,95.6,False,2026-07-21
SUP_002516,FR001400OJI4,BA001320,FR001400OJI4,DNCA Flexibonds C,OPCVM,France,FAIBLE,haute,False,467400,3765.77,124.11811,28.99,False,2026-07-10
SUP_002517,FR0010392225,BA001320,FR0010392225,Varenne Capital Partners,OPCVM,France,FAIBLE,haute,False,196100,2247.58,87.249522,12.16,False,2026-07-23
SUP_002518,PE_CAY_01,BA001320,PE_CAY_01,Cayman Growth Fund I,PE,Cayman Islands,ELEVE,très faible,True,726500,4920.31,147.653254,45.06,False,2026-07-15
SUP_002519,LU0255977539,BA001320,LU0255977539,Pictet-Biotech R EUR,OPCVM,Luxembourg,FAIBLE,haute,False,222500,1841.82,120.804722,13.8,False,2026-07-31
SUP_002520,FID_BNP,BA001321,FID_BNP,BNP Paribas Wealth FID,FID,Luxembourg,FAIBLE,faible,False,1331000,10902.56,122.08146,100.0,True,2026-07-11
SUP_002521,FID_UBS,BA001322,FID_UBS,UBS Luxembourg FID Patrimoine,FID,Luxembourg,FAIBLE,faible,False,168200,1331.45,126.328207,11.42,True,2026-07-07
SUP_002522,FR0010392225,BA001322,FR0010392225,Varenne Capital Partners,OPCVM,France,FAIBLE,haute,False,655700,6570.92,99.788099,44.5,True,2026-07-26
SUP_002523,LU0255977539,BA001322,LU0255977539,Pictet-Biotech R EUR,OPCVM,Luxembourg,FAIBLE,haute,False,649600,4714.13,137.79841,44.09,True,2026-08-02
SUP_002524,FID_BNP,BA001323,FID_BNP,BNP Paribas Wealth FID,FID,Luxembourg,FAIBLE,faible,False,1200400,9701.0,123.739878,100.0,True,2026-07-29
SUP_002525,FID_UBS,BA001324,FID_UBS,UBS Luxembourg FID Patrimoine,FID,Luxembourg,FAIBLE,faible,False,285000,2139.27,133.223285,17.14,True,2026-07-14
SUP_002526,XS2428662824,BA001324,XS2428662824,BNP Paribas Certificat,OPCVM,Luxembourg,FAIBLE,moyenne,False,297100,3309.7,89.766548,17.86,True,2026-07-18
SUP_002527,LU0255977539,BA001324,LU0255977539,Pictet-Biotech R EUR,OPCVM,Luxembourg,FAIBLE,haute,False,1081000,9080.41,119.047545,65.0,True,2026-08-05
SUP_002528,FID_BNP,BA001325,FID_BNP,BNP Paribas Wealth FID,FID,Luxembourg,FAIBLE,faible,False,665700,6207.39,107.243222,62.91,True,2026-07-19
SUP_002529,FR0010923383,BA001325,FR0010923383,H2O Multistrategies R,OPCVM,France,FAIBLE,haute,False,392500,3564.47,110.114416,37.09,True,2026-07-25
SUP_002530,FID_BNP,BA001326,FID_BNP,BNP Paribas Wealth FID,FID,Luxembourg,FAIBLE,faible,False,15300,127.07,120.406703,2.75,True,2026-07-22
SUP_002531,LU0255977539,BA001326,LU0255977539,Pictet-Biotech R EUR,OPCVM,Luxembourg,FAIBLE,haute,False,108500,1059.44,102.412686,19.56,True,2026-07-23
SUP_002532,XS2428662824,BA001326,XS2428662824,BNP Paribas Certificat,OPCVM,Luxembourg,FAIBLE,moyenne,False,113500,758.31,149.674745,20.48,True,2026-07-23
SUP_002533,FR001400OJI4,BA001326,FR001400OJI4,DNCA Flexibonds C,OPCVM,France,FAIBLE,haute,False,317200,3732.98,84.972357,57.21,True,2026-08-02
SUP_002534,FAS_ROT,BA001327,FAS_ROT,Rothschild & Co Gestion FAS,FAS,Luxembourg,FAIBLE,moyenne,False,252100,2479.3,101.681965,100.0,True,2026-07-21
SUP_002535,FR001400OJI4,BA001328,FR001400OJI4,DNCA Flexibonds C,OPCVM,France,FAIBLE,haute,False,69500,615.44,112.926923,22.5,False,2026-07-24
SUP_002536,PE_CAY_01,BA001328,PE_CAY_01,Cayman Growth Fund I,PE,Cayman Islands,ELEVE,très faible,True,239500,2514.42,95.250723,77.5,False,2026-08-04
SUP_002537,FID_UBS,BA001329,FID_UBS,UBS Luxembourg FID Patrimoine,FID,Luxembourg,FAIBLE,faible,False,246000,1957.46,125.673353,78.14,True,2026-07-22
SUP_002538,XS2428662824,BA001329,XS2428662824,BNP Paribas Certificat,OPCVM,Luxembourg,FAIBLE,moyenne,False,68800,844.23,81.494303,21.86,True,2026-07-10
SUP_002539,FID_UBS,BA001330,FID_UBS,UBS Luxembourg FID Patrimoine,FID,Luxembourg,FAIBLE,faible,False,3355700,34695.97,96.717279,100.0,True,2026-07-20
SUP_002540,FR001400OJI4,BA001331,FR001400OJI4,DNCA Flexibonds C,OPCVM,France,FAIBLE,haute,False,189600,1533.44,123.643921,11.82,False,2026-07-18
SUP_002541,LU0255977539,BA001331,LU0255977539,Pictet-Biotech R EUR,OPCVM,Luxembourg,FAIBLE,haute,False,1414900,11063.77,127.885854,88.18,False,2026-07-28
SUP_002542,FID_UBS,BA001332,FID_UBS,UBS Luxembourg FID Patrimoine,FID,Luxembourg,FAIBLE,faible,False,22700,171.13,132.647739,4.45,True,2026-07-10
SUP_002543,FR0010923383,BA001332,FR0010923383,H2O Multistrategies R,OPCVM,France,FAIBLE,haute,False,488900,5042.03,96.964909,95.55,True,2026-07-28
SUP_002544,LU0104884860,BA001333,LU0104884860,Pictet-Water P EUR,OPCVM,Luxembourg,FAIBLE,haute,False,580500,6554.24,88.568585,100.0,False,2026-07-18
SUP_002545,FID_BNP,BA001334,FID_BNP,BNP Paribas Wealth FID,FID,Luxembourg,FAIBLE,faible,False,312400,3268.73,95.572339,38.67,True,2026-07-17
SUP_002546,FR001400OJI4,BA001334,FR001400OJI4,DNCA Flexibonds C,OPCVM,France,FAIBLE,haute,False,13700,99.46,137.743223,1.69,True,2026-08-04
SUP_002547,FR0010392225,BA001334,FR0010392225,Varenne Capital Partners,OPCVM,France,FAIBLE,haute,False,265900,3043.0,87.380763,32.92,True,2026-07-08
SUP_002548,LU0104884860,BA001334,LU0104884860,Pictet-Water P EUR,OPCVM,Luxembourg,FAIBLE,haute,False,215800,1576.45,136.889561,26.71,True,2026-07-17
SUP_002549,LU0104884860,BA001335,LU0104884860,Pictet-Water P EUR,OPCVM,Luxembourg,FAIBLE,haute,False,39200,351.77,111.435346,14.13,False,2026-07-14
SUP_002550,FR0010923383,BA001335,FR0010923383,H2O Multistrategies R,OPCVM,France,FAIBLE,haute,False,238400,1715.66,138.955123,85.87,False,2026-07-21
SUP_002551,FID_BNP,BA001336,FID_BNP,BNP Paribas Wealth FID,FID,Luxembourg,FAIBLE,faible,False,466000,3458.09,134.75645,81.11,True,2026-07-30
SUP_002552,XS2428662824,BA001336,XS2428662824,BNP Paribas Certificat,OPCVM,Luxembourg,FAIBLE,moyenne,False,108600,793.31,136.895622,18.89,True,2026-07-07
SUP_002553,FID_BNP,BA001337,FID_BNP,BNP Paribas Wealth FID,FID,Luxembourg,FAIBLE,faible,False,129300,915.59,141.220037,94.65,True,2026-07-27
SUP_002554,LU0104884860,BA001337,LU0104884860,Pictet-Water P EUR,OPCVM,Luxembourg,FAIBLE,haute,False,7300,86.77,84.135286,5.35,True,2026-07-26
SUP_002555,PE_LUX_01,BA001338,PE_LUX_01,Luxembourg PE SICAR,PE,Luxembourg,FAIBLE,très faible,False,308800,2067.38,149.36805,100.0,False,2026-07-28
SUP_002556,FID_BNP,BA001339,FID_BNP,BNP Paribas Wealth FID,FID,Luxembourg,FAIBLE,faible,False,916100,11125.18,82.344752,100.0,True,2026-08-05
SUP_002557,FID_BNP,BA001340,FID_BNP,BNP Paribas Wealth FID,FID,Luxembourg,FAIBLE,faible,False,151700,1569.16,96.675896,25.39,True,2026-07-25
SUP_002558,LU0255977539,BA001340,LU0255977539,Pictet-Biotech R EUR,OPCVM,Luxembourg,FAIBLE,haute,False,445900,3219.09,138.517243,74.61,True,2026-08-05
SUP_002559,FID_UBS,BA001341,FID_UBS,UBS Luxembourg FID Patrimoine,FID,Luxembourg,FAIBLE,faible,False,357400,3229.9,110.653433,100.0,True,2026-07-08
SUP_002560,LU0104884860,BA001342,LU0104884860,Pictet-Water P EUR,OPCVM,Luxembourg,FAIBLE,haute,False,53300,580.09,91.882338,15.43,False,2026-07-20
SUP_002561,PE_CAY_01,BA001342,PE_CAY_01,Cayman Growth Fund I,PE,Cayman Islands,ELEVE,très faible,True,292100,2193.38,133.173595,84.57,False,2026-07-17
SUP_002562,FAS_ROT,BA001343,FAS_ROT,Rothschild & Co Gestion FAS,FAS,Luxembourg,FAIBLE,moyenne,False,104200,1015.06,102.654043,60.78,True,2026-07-09
SUP_002563,FR0010923383,BA001343,FR0010923383,H2O Multistrategies R,OPCVM,France,FAIBLE,haute,False,67200,507.0,132.545449,39.22,True,2026-07-17
SUP_002564,LU0255977539,BA001344,LU0255977539,Pictet-Biotech R EUR,OPCVM,Luxembourg,FAIBLE,haute,False,123700,1027.98,120.333133,51.55,False,2026-07-21
SUP_002565,FR0010923383,BA001344,FR0010923383,H2O Multistrategies R,OPCVM,France,FAIBLE,haute,False,116300,1067.03,108.9945,48.45,False,2026-07-21
SUP_002566,XS2428662824,BA001345,XS2428662824,BNP Paribas Certificat,OPCVM,Luxembourg,FAIBLE,moyenne,False,226300,2026.28,111.682528,51.98,False,2026-07-20
SUP_002567,LU0104884860,BA001345,LU0104884860,Pictet-Water P EUR,OPCVM,Luxembourg,FAIBLE,haute,False,111800,836.91,133.586222,25.68,False,2026-07-22
SUP_002568,XS2428662824,BA001345,XS2428662824,BNP Paribas Certificat,OPCVM,Luxembourg,FAIBLE,moyenne,False,70500,672.19,104.881085,16.19,False,2026-07-14
SUP_002569,FR0010392225,BA001345,FR0010392225,Varenne Capital Partners,OPCVM,France,FAIBLE,haute,False,26800,205.61,130.342323,6.15,False,2026-07-30
SUP_002570,FR0010392225,BA001346,FR0010392225,Varenne Capital Partners,OPCVM,France,FAIBLE,haute,False,440200,2958.0,148.816874,13.82,False,2026-07-30
SUP_002571,PE_CAY_01,BA001346,PE_CAY_01,Cayman Growth Fund I,PE,Cayman Islands,ELEVE,très faible,True,535300,5216.35,102.619724,16.81,False,2026-07-14
SUP_002572,PE_CAY_01,BA001346,PE_CAY_01,Cayman Growth Fund I,PE,Cayman Islands,ELEVE,très faible,True,1131300,8674.21,130.421048,35.52,False,2026-07-13
SUP_002573,FR001400OJI4,BA001346,FR001400OJI4,DNCA Flexibonds C,OPCVM,France,FAIBLE,haute,False,1078000,8567.21,125.828661,33.85,False,2026-07-29
SUP_002574,FID_BNP,BA001347,FID_BNP,BNP Paribas Wealth FID,FID,Luxembourg,FAIBLE,faible,False,86300,629.26,137.146039,7.68,True,2026-07-24
SUP_002575,LU0104884860,BA001347,LU0104884860,Pictet-Water P EUR,OPCVM,Luxembourg,FAIBLE,haute,False,597500,5659.7,105.571022,53.12,True,2026-08-03
SUP_002576,XS2428662824,BA001347,XS2428662824,BNP Paribas Certificat,OPCVM,Luxembourg,FAIBLE,moyenne,False,238300,2729.79,87.295991,21.19,True,2026-08-02
SUP_002577,LU0104884860,BA001347,LU0104884860,Pictet-Water P EUR,OPCVM,Luxembourg,FAIBLE,haute,False,202600,1399.32,144.784425,18.01,True,2026-07-09
SUP_002578,FID_UBS,BA001348,FID_UBS,UBS Luxembourg FID Patrimoine,FID,Luxembourg,FAIBLE,faible,False,310000,2175.12,142.520831,74.98,True,2026-07-21
SUP_002579,FR0010923383,BA001348,FR0010923383,H2O Multistrategies R,OPCVM,France,FAIBLE,haute,False,7600,56.25,135.114252,1.83,True,2026-07-25
SUP_002580,FR0010923383,BA001348,FR0010923383,H2O Multistrategies R,OPCVM,France,FAIBLE,haute,False,95900,812.43,118.041228,23.2,True,2026-07-27
SUP_002581,FID_UBS,BA001349,FID_UBS,UBS Luxembourg FID Patrimoine,FID,Luxembourg,FAIBLE,faible,False,171600,1560.74,109.947747,100.0,True,2026-07-12
SUP_002582,FR0010923383,BA001350,FR0010923383,H2O Multistrategies R,OPCVM,France,FAIBLE,haute,False,688600,6509.81,105.778853,72.2,False,2026-07-12
SUP_002583,LU0104884860,BA001350,LU0104884860,Pictet-Water P EUR,OPCVM,Luxembourg,FAIBLE,haute,False,265200,2100.24,126.271313,27.8,False,2026-07-18
