id_role,id_contrat,id_client,code_role,libelle_role
ROLE_000001,BA000001,CLI_0001,S,Souscripteur / Preneur
ROLE_000002,BA000001,CLI_0001,B,Bénéficiaire en cas de décès
ROLE_000003,BA000002,CLI_0001,S,Souscripteur / Preneur
ROLE_000004,BA000002,CLI_0001,A,Assuré
ROLE_000005,BA000002,CLI_0001,B,Bénéficiaire en cas de décès
ROLE_000006,BA000003,CLI_0002,S,Souscripteur / Preneur
ROLE_000007,BA000003,CLI_0002,A,Assuré
ROLE_000008,BA000003,CLI_0002,B,Bénéficiaire en cas de décès
ROLE_000009,BA000004,CLI_0003,S,Souscripteur / Preneur
ROLE_000010,BA000004,CLI_0003,A,Assuré
ROLE_000011,BA000004,CLI_0003,B,Bénéficiaire en cas de décès
ROLE_000012,BA000005,CLI_0004,S,Souscripteur / Preneur
ROLE_000013,BA000005,CLI_0004,A,Assuré
ROLE_000014,BA000005,CLI_0004,B,Bénéficiaire en cas de décès
ROLE_000015,BA000006,CLI_0004,S,Souscripteur / Preneur
ROLE_000016,BA000006,CLI_0004,A,Assuré
ROLE_000017,BA000006,CLI_0004,B,Bénéficiaire en cas de décès
ROLE_000018,BA000007,CLI_0004,S,Souscripteur / Preneur
ROLE_000019,BA000007,CLI_0004,A,Assuré
ROLE_000020,BA000007,CLI_0004,B,Bénéficiaire en cas de décès
ROLE_000021,BA000008,CLI_0005,S,Souscripteur / Preneur
ROLE_000022,BA000008,CLI_0005,A,Assuré
ROLE_000023,BA000008,CLI_0005,B,Bénéficiaire en cas de décès
ROLE_000024,BA000009,CLI_0006,S,Souscripteur / Preneur
ROLE_000025,BA000009,CLI_0006,A,Assuré
ROLE_000026,BA000009,CLI_0006,B,Bénéficiaire en cas de décès
ROLE_000027,BA000010,CLI_0007,S,Souscripteur / Preneur
ROLE_000028,BA000010,CLI_0007,A,Assuré
ROLE_000029,BA000010,CLI_0007,B,Bénéficiaire en cas de décès
ROLE_000030,BA000011,CLI_0008,S,Souscripteur / Preneur
ROLE_000031,BA000011,CLI_0008,A,Assuré
ROLE_000032,BA000011,CLI_0008,B,Bénéficiaire en cas de décès
ROLE_000033,BA000012,CLI_0009,S,Souscripteur / Preneur
ROLE_000034,BA000012,CLI_0009,A,Assuré
ROLE_000035,BA000012,CLI_0009,B,Bénéficiaire en cas de décès
ROLE_000036,BA000013,CLI_0010,S,Souscripteur / Preneur
ROLE_000037,BA000013,CLI_0010,A,Assuré
ROLE_000038,BA000013,CLI_0010,B,Bénéficiaire en cas de décès
ROLE_000039,BA000014,CLI_0011,S,Souscripteur / Preneur
ROLE_000040,BA000014,CLI_0011,A,Assuré
ROLE_000041,BA000014,CLI_0011,B,Bénéficiaire en cas de décès
ROLE_000042,BA000015,CLI_0011,S,Souscripteur / Preneur
ROLE_000043,BA000015,CLI_0011,A,Assuré
ROLE_000044,BA000015,CLI_0011,B,Bénéficiaire en cas de décès
ROLE_000045,BA000016,CLI_0012,S,Souscripteur / Preneur
ROLE_000046,BA000016,CLI_0012,A,Assuré
ROLE_000047,BA000016,CLI_0012,B,Bénéficiaire en cas de décès
ROLE_000048,BA000017,CLI_0012,S,Souscripteur / Preneur
ROLE_000049,BA000017,CLI_0012,A,Assuré
ROLE_000050,BA000017,CLI_0012,B,Bénéficiaire en cas de décès
ROLE_000051,BA000018,CLI_0013,S,Souscripteur / Preneur
ROLE_000052,BA000018,CLI_0013,A,Assuré
ROLE_000053,BA000018,CLI_0013,B,Bénéficiaire en cas de décès
ROLE_000054,BA000019,CLI_0013,S,Souscripteur / Preneur
ROLE_000055,BA000019,CLI_0013,A,Assuré
ROLE_000056,BA000019,CLI_0013,B,Bénéficiaire en cas de décès
ROLE_000057,BA000020,CLI_0013,S,Souscripteur / Preneur
ROLE_000058,BA000020,CLI_0013,A,Assuré
ROLE_000059,BA000020,CLI_0013,B,Bénéficiaire en cas de décès
ROLE_000060,BA000021,CLI_0014,S,Souscripteur / Preneur
ROLE_000061,BA000021,CLI_0014,A,Assuré
ROLE_000062,BA000021,CLI_0014,B,Bénéficiaire en cas de décès
ROLE_000063,BA000022,CLI_0014,S,Souscripteur / Preneur
ROLE_000064,BA000022,CLI_0014,B,Bénéficiaire en cas de décès
ROLE_000065,BA000023,CLI_0015,S,Souscripteur / Preneur
ROLE_000066,BA000023,CLI_0015,A,Assuré
ROLE_000067,BA000023,CLI_0015,B,Bénéficiaire en cas de décès
ROLE_000068,BA000024,CLI_0016,S,Souscripteur / Preneur
ROLE_000069,BA000024,CLI_0016,A,Assuré
ROLE_000070,BA000024,CLI_0016,B,Bénéficiaire en cas de décès
ROLE_000071,BA000025,CLI_0016,S,Souscripteur / Preneur
ROLE_000072,BA000025,CLI_0016,A,Assuré
ROLE_000073,BA000025,CLI_0016,B,Bénéficiaire en cas de décès
ROLE_000074,BA000026,CLI_0016,S,Souscripteur / Preneur
ROLE_000075,BA000026,CLI_0016,A,Assuré
ROLE_000076,BA000026,CLI_0016,B,Bénéficiaire en cas de décès
ROLE_000077,BA000027,CLI_0017,S,Souscripteur / Preneur
ROLE_000078,BA000027,CLI_0017,A,Assuré
ROLE_000079,BA000027,CLI_0017,B,Bénéficiaire en cas de décès
ROLE_000080,BA000028,CLI_0018,S,Souscripteur / Preneur
ROLE_000081,BA000028,CLI_0018,B,Bénéficiaire en cas de décès
ROLE_000082,BA000029,CLI_0019,S,Souscripteur / Preneur
ROLE_000083,BA000029,CLI_0019,A,Assuré
ROLE_000084,BA000029,CLI_0019,B,Bénéficiaire en cas de décès
ROLE_000085,BA000030,CLI_0020,S,Souscripteur / Preneur
ROLE_000086,BA000030,CLI_0020,A,Assuré
ROLE_000087,BA000030,CLI_0020,B,Bénéficiaire en cas de décès
ROLE_000088,BA000031,CLI_0021,S,Souscripteur / Preneur
ROLE_000089,BA000031,CLI_0021,B,Bénéficiaire en cas de décès
ROLE_000090,BA000032,CLI_0022,S,Souscripteur / Preneur
ROLE_000091,BA000032,CLI_0022,A,Assuré
ROLE_000092,BA000032,CLI_0022,B,Bénéficiaire en cas de décès
ROLE_000093,BA000033,CLI_0023,S,Souscripteur / Preneur
ROLE_000094,BA000033,CLI_0023,A,Assuré
ROLE_000095,BA000033,CLI_0023,B,Bénéficiaire en cas de décès
ROLE_000096,BA000034,CLI_0024,S,Souscripteur / Preneur
ROLE_000097,BA000034,CLI_0024,A,Assuré
ROLE_000098,BA000034,CLI_0024,B,Bénéficiaire en cas de décès
ROLE_000099,BA000035,CLI_0025,S,Souscripteur / Preneur
ROLE_000100,BA000035,CLI_0025,A,Assuré
ROLE_000101,BA000035,CLI_0025,B,Bénéficiaire en cas de décès
ROLE_000102,BA000036,CLI_0026,S,Souscripteur / Preneur
ROLE_000103,BA000036,CLI_0026,A,Assuré
ROLE_000104,BA000036,CLI_0026,B,Bénéficiaire en cas de décès
ROLE_000105,BA000037,CLI_0027,S,Souscripteur / Preneur
ROLE_000106,BA000037,CLI_0027,A,Assuré
ROLE_000107,BA000037,CLI_0027,B,Bénéficiaire en cas de décès
ROLE_000108,BA000038,CLI_0028,S,Souscripteur / Preneur
ROLE_000109,BA000038,CLI_0028,A,Assuré
ROLE_000110,BA000038,CLI_0028,B,Bénéficiaire en cas de décès
ROLE_000111,BA000039,CLI_0028,S,Souscripteur / Preneur
ROLE_000112,BA000039,CLI_0028,A,Assuré
ROLE_000113,BA000039,CLI_0028,B,Bénéficiaire en cas de décès
ROLE_000114,BA000040,CLI_0028,S,Souscripteur / Preneur
ROLE_000115,BA000040,CLI_0028,A,Assuré
ROLE_000116,BA000040,CLI_0028,B,Bénéficiaire en cas de décès
ROLE_000117,BA000041,CLI_0029,S,Souscripteur / Preneur
ROLE_000118,BA000041,CLI_0029,A,Assuré
ROLE_000119,BA000041,CLI_0029,B,Bénéficiaire en cas de décès
ROLE_000120,BA000042,CLI_0030,S,Souscripteur / Preneur
ROLE_000121,BA000042,CLI_0030,A,Assuré
ROLE_000122,BA000042,CLI_0030,B,Bénéficiaire en cas de décès
ROLE_000123,BA000043,CLI_0031,S,Souscripteur / Preneur
ROLE_000124,BA000043,CLI_0031,B,Bénéficiaire en cas de décès
ROLE_000125,BA000044,CLI_0032,S,Souscripteur / Preneur
ROLE_000126,BA000044,CLI_0032,A,Assuré
ROLE_000127,BA000044,CLI_0032,B,Bénéficiaire en cas de décès
ROLE_000128,BA000045,CLI_0033,S,Souscripteur / Preneur
ROLE_000129,BA000045,CLI_0033,B,Bénéficiaire en cas de décès
ROLE_000130,BA000046,CLI_0033,S,Souscripteur / Preneur
ROLE_000131,BA000046,CLI_0033,A,Assuré
ROLE_000132,BA000046,CLI_0033,B,Bénéficiaire en cas de décès
ROLE_000133,BA000047,CLI_0034,S,Souscripteur / Preneur
ROLE_000134,BA000047,CLI_0034,A,Assuré
ROLE_000135,BA000047,CLI_0034,B,Bénéficiaire en cas de décès
ROLE_000136,BA000048,CLI_0034,S,Souscripteur / Preneur
ROLE_000137,BA000048,CLI_0034,A,Assuré
ROLE_000138,BA000048,CLI_0034,B,Bénéficiaire en cas de décès
ROLE_000139,BA000049,CLI_0035,S,Souscripteur / Preneur
ROLE_000140,BA000049,CLI_0035,A,Assuré
ROLE_000141,BA000049,CLI_0035,B,Bénéficiaire en cas de décès
ROLE_000142,BA000050,CLI_0036,S,Souscripteur / Preneur
ROLE_000143,BA000050,CLI_0036,A,Assuré
ROLE_000144,BA000050,CLI_0036,B,Bénéficiaire en cas de décès
ROLE_000145,BA000051,CLI_0037,S,Souscripteur / Preneur
ROLE_000146,BA000051,CLI_0037,B,Bénéficiaire en cas de décès
ROLE_000147,BA000052,CLI_0038,S,Souscripteur / Preneur
ROLE_000148,BA000052,CLI_0038,A,Assuré
ROLE_000149,BA000052,CLI_0038,B,Bénéficiaire en cas de décès
ROLE_000150,BA000053,CLI_0039,S,Souscripteur / Preneur
ROLE_000151,BA000053,CLI_0039,B,Bénéficiaire en cas de décès
ROLE_000152,BA000054,CLI_0039,S,Souscripteur / Preneur
ROLE_000153,BA000054,CLI_0039,B,Bénéficiaire en cas de décès
ROLE_000154,BA000055,CLI_0039,S,Souscripteur / Preneur
ROLE_000155,BA000055,CLI_0039,A,Assuré
ROLE_000156,BA000055,CLI_0039,B,Bénéficiaire en cas de décès
ROLE_000157,BA000056,CLI_0040,S,Souscripteur / Preneur
ROLE_000158,BA000056,CLI_0040,A,Assuré
ROLE_000159,BA000056,CLI_0040,B,Bénéficiaire en cas de décès
ROLE_000160,BA000057,CLI_0041,S,Souscripteur / Preneur
ROLE_000161,BA000057,CLI_0041,A,Assuré
ROLE_000162,BA000057,CLI_0041,B,Bénéficiaire en cas de décès
ROLE_000163,BA000058,CLI_0042,S,Souscripteur / Preneur
ROLE_000164,BA000058,CLI_0042,B,Bénéficiaire en cas de décès
ROLE_000165,BA000059,CLI_0042,S,Souscripteur / Preneur
ROLE_000166,BA000059,CLI_0042,A,Assuré
ROLE_000167,BA000059,CLI_0042,B,Bénéficiaire en cas de décès
ROLE_000168,BA000060,CLI_0043,S,Souscripteur / Preneur
ROLE_000169,BA000060,CLI_0043,A,Assuré
ROLE_000170,BA000060,CLI_0043,B,Bénéficiaire en cas de décès
ROLE_000171,BA000061,CLI_0044,S,Souscripteur / Preneur
ROLE_000172,BA000061,CLI_0044,A,Assuré
ROLE_000173,BA000061,CLI_0044,B,Bénéficiaire en cas de décès
ROLE_000174,BA000062,CLI_0045,S,Souscripteur / Preneur
ROLE_000175,BA000062,CLI_0045,A,Assuré
ROLE_000176,BA000062,CLI_0045,B,Bénéficiaire en cas de décès
ROLE_000177,BA000063,CLI_0046,S,Souscripteur / Preneur
ROLE_000178,BA000063,CLI_0046,A,Assuré
ROLE_000179,BA000063,CLI_0046,B,Bénéficiaire en cas de décès
ROLE_000180,BA000064,CLI_0047,S,Souscripteur / Preneur
ROLE_000181,BA000064,CLI_0047,A,Assuré
ROLE_000182,BA000064,CLI_0047,B,Bénéficiaire en cas de décès
ROLE_000183,BA000065,CLI_0048,S,Souscripteur / Preneur
ROLE_000184,BA000065,CLI_0048,A,Assuré
ROLE_000185,BA000065,CLI_0048,B,Bénéficiaire en cas de décès
ROLE_000186,BA000066,CLI_0048,S,Souscripteur / Preneur
ROLE_000187,BA000066,CLI_0048,B,Bénéficiaire en cas de décès
ROLE_000188,BA000067,CLI_0049,S,Souscripteur / Preneur
ROLE_000189,BA000067,CLI_0049,A,Assuré
ROLE_000190,BA000067,CLI_0049,B,Bénéficiaire en cas de décès
ROLE_000191,BA000068,CLI_0050,S,Souscripteur / Preneur
ROLE_000192,BA000068,CLI_0050,A,Assuré
ROLE_000193,BA000068,CLI_0050,B,Bénéficiaire en cas de décès
ROLE_000194,BA000069,CLI_0050,S,Souscripteur / Preneur
ROLE_000195,BA000069,CLI_0050,A,Assuré
ROLE_000196,BA000069,CLI_0050,B,Bénéficiaire en cas de décès
ROLE_000197,BA000070,CLI_0050,S,Souscripteur / Preneur
ROLE_000198,BA000070,CLI_0050,A,Assuré
ROLE_000199,BA000070,CLI_0050,B,Bénéficiaire en cas de décès
ROLE_000200,BA000071,CLI_0051,S,Souscripteur / Preneur
ROLE_000201,BA000071,CLI_0051,A,Assuré
ROLE_000202,BA000071,CLI_0051,B,Bénéficiaire en cas de décès
ROLE_000203,BA000072,CLI_0052,S,Souscripteur / Preneur
ROLE_000204,BA000072,CLI_0052,A,Assuré
ROLE_000205,BA000072,CLI_0052,B,Bénéficiaire en cas de décès
ROLE_000206,BA000073,CLI_0053,S,Souscripteur / Preneur
ROLE_000207,BA000073,CLI_0053,A,Assuré
ROLE_000208,BA000073,CLI_0053,B,Bénéficiaire en cas de décès
ROLE_000209,BA000074,CLI_0053,S,Souscripteur / Preneur
ROLE_000210,BA000074,CLI_0053,A,Assuré
ROLE_000211,BA000074,CLI_0053,B,Bénéficiaire en cas de décès
ROLE_000212,BA000075,CLI_0054,S,Souscripteur / Preneur
ROLE_000213,BA000075,CLI_0054,A,Assuré
ROLE_000214,BA000075,CLI_0054,B,Bénéficiaire en cas de décès
ROLE_000215,BA000076,CLI_0055,S,Souscripteur / Preneur
ROLE_000216,BA000076,CLI_0055,A,Assuré
ROLE_000217,BA000076,CLI_0055,B,Bénéficiaire en cas de décès
ROLE_000218,BA000077,CLI_0056,S,Souscripteur / Preneur
ROLE_000219,BA000077,CLI_0056,A,Assuré
ROLE_000220,BA000077,CLI_0056,B,Bénéficiaire en cas de décès
ROLE_000221,BA000078,CLI_0056,S,Souscripteur / Preneur
ROLE_000222,BA000078,CLI_0056,A,Assuré
ROLE_000223,BA000078,CLI_0056,B,Bénéficiaire en cas de décès
ROLE_000224,BA000079,CLI_0056,S,Souscripteur / Preneur
ROLE_000225,BA000079,CLI_0056,A,Assuré
ROLE_000226,BA000079,CLI_0056,B,Bénéficiaire en cas de décès
ROLE_000227,BA000080,CLI_0057,S,Souscripteur / Preneur
ROLE_000228,BA000080,CLI_0057,A,Assuré
ROLE_000229,BA000080,CLI_0057,B,Bénéficiaire en cas de décès
ROLE_000230,BA000081,CLI_0058,S,Souscripteur / Preneur
ROLE_000231,BA000081,CLI_0058,A,Assuré
ROLE_000232,BA000081,CLI_0058,B,Bénéficiaire en cas de décès
ROLE_000233,BA000082,CLI_0059,S,Souscripteur / Preneur
ROLE_000234,BA000082,CLI_0059,A,Assuré
ROLE_000235,BA000082,CLI_0059,B,Bénéficiaire en cas de décès
ROLE_000236,BA000083,CLI_0059,S,Souscripteur / Preneur
ROLE_000237,BA000083,CLI_0059,A,Assuré
ROLE_000238,BA000083,CLI_0059,B,Bénéficiaire en cas de décès
ROLE_000239,BA000084,CLI_0060,S,Souscripteur / Preneur
ROLE_000240,BA000084,CLI_0060,A,Assuré
ROLE_000241,BA000084,CLI_0060,B,Bénéficiaire en cas de décès
ROLE_000242,BA000085,CLI_0061,S,Souscripteur / Preneur
ROLE_000243,BA000085,CLI_0061,A,Assuré
ROLE_000244,BA000085,CLI_0061,B,Bénéficiaire en cas de décès
ROLE_000245,BA000085,CLI_0061,UBO,Bénéficiaire effectif
ROLE_000246,BA000086,CLI_0062,S,Souscripteur / Preneur
ROLE_000247,BA000086,CLI_0062,A,Assuré
ROLE_000248,BA000086,CLI_0062,B,Bénéficiaire en cas de décès
ROLE_000249,BA000087,CLI_0063,S,Souscripteur / Preneur
ROLE_000250,BA000087,CLI_0063,A,Assuré
ROLE_000251,BA000087,CLI_0063,B,Bénéficiaire en cas de décès
ROLE_000252,BA000088,CLI_0063,S,Souscripteur / Preneur
ROLE_000253,BA000088,CLI_0063,A,Assuré
ROLE_000254,BA000088,CLI_0063,B,Bénéficiaire en cas de décès
ROLE_000255,BA000089,CLI_0064,S,Souscripteur / Preneur
ROLE_000256,BA000089,CLI_0064,A,Assuré
ROLE_000257,BA000089,CLI_0064,B,Bénéficiaire en cas de décès
ROLE_000258,BA000090,CLI_0065,S,Souscripteur / Preneur
ROLE_000259,BA000090,CLI_0065,A,Assuré
ROLE_000260,BA000090,CLI_0065,B,Bénéficiaire en cas de décès
ROLE_000261,BA000091,CLI_0065,S,Souscripteur / Preneur
ROLE_000262,BA000091,CLI_0065,A,Assuré
ROLE_000263,BA000091,CLI_0065,B,Bénéficiaire en cas de décès
ROLE_000264,BA000092,CLI_0066,S,Souscripteur / Preneur
ROLE_000265,BA000092,CLI_0066,A,Assuré
ROLE_000266,BA000092,CLI_0066,B,Bénéficiaire en cas de décès
ROLE_000267,BA000093,CLI_0067,S,Souscripteur / Preneur
ROLE_000268,BA000093,CLI_0067,A,Assuré
ROLE_000269,BA000093,CLI_0067,B,Bénéficiaire en cas de décès
ROLE_000270,BA000094,CLI_0067,S,Souscripteur / Preneur
ROLE_000271,BA000094,CLI_0067,A,Assuré
ROLE_000272,BA000094,CLI_0067,B,Bénéficiaire en cas de décès
ROLE_000273,BA000095,CLI_0068,S,Souscripteur / Preneur
ROLE_000274,BA000095,CLI_0068,A,Assuré
ROLE_000275,BA000095,CLI_0068,B,Bénéficiaire en cas de décès
ROLE_000276,BA000096,CLI_0068,S,Souscripteur / Preneur
ROLE_000277,BA000096,CLI_0068,A,Assuré
ROLE_000278,BA000096,CLI_0068,B,Bénéficiaire en cas de décès
ROLE_000279,BA000097,CLI_0068,S,Souscripteur / Preneur
ROLE_000280,BA000097,CLI_0068,A,Assuré
ROLE_000281,BA000097,CLI_0068,B,Bénéficiaire en cas de décès
ROLE_000282,BA000098,CLI_0069,S,Souscripteur / Preneur
ROLE_000283,BA000098,CLI_0069,A,Assuré
ROLE_000284,BA000098,CLI_0069,B,Bénéficiaire en cas de décès
ROLE_000285,BA000099,CLI_0069,S,Souscripteur / Preneur
ROLE_000286,BA000099,CLI_0069,A,Assuré
ROLE_000287,BA000099,CLI_0069,B,Bénéficiaire en cas de décès
ROLE_000288,BA000100,CLI_0070,S,Souscripteur / Preneur
ROLE_000289,BA000100,CLI_0070,B,Bénéficiaire en cas de décès
ROLE_000290,BA000101,CLI_0071,S,Souscripteur / Preneur
ROLE_000291,BA000101,CLI_0071,A,Assuré
ROLE_000292,BA000101,CLI_0071,B,Bénéficiaire en cas de décès
ROLE_000293,BA000102,CLI_0071,S,Souscripteur / Preneur
ROLE_000294,BA000102,CLI_0071,A,Assuré
ROLE_000295,BA000102,CLI_0071,B,Bénéficiaire en cas de décès
ROLE_000296,BA000103,CLI_0072,S,Souscripteur / Preneur
ROLE_000297,BA000103,CLI_0072,A,Assuré
ROLE_000298,BA000103,CLI_0072,B,Bénéficiaire en cas de décès
ROLE_000299,BA000104,CLI_0073,S,Souscripteur / Preneur
ROLE_000300,BA000104,CLI_0073,A,Assuré
ROLE_000301,BA000104,CLI_0073,B,Bénéficiaire en cas de décès
ROLE_000302,BA000105,CLI_0074,S,Souscripteur / Preneur
ROLE_000303,BA000105,CLI_0074,A,Assuré
ROLE_000304,BA000105,CLI_0074,B,Bénéficiaire en cas de décès
ROLE_000305,BA000106,CLI_0074,S,Souscripteur / Preneur
ROLE_000306,BA000106,CLI_0074,A,Assuré
ROLE_000307,BA000106,CLI_0074,B,Bénéficiaire en cas de décès
ROLE_000308,BA000107,CLI_0075,S,Souscripteur / Preneur
ROLE_000309,BA000107,CLI_0075,A,Assuré
ROLE_000310,BA000107,CLI_0075,B,Bénéficiaire en cas de décès
ROLE_000311,BA000108,CLI_0076,S,Souscripteur / Preneur
ROLE_000312,BA000108,CLI_0076,A,Assuré
ROLE_000313,BA000108,CLI_0076,B,Bénéficiaire en cas de décès
ROLE_000314,BA000109,CLI_0076,S,Souscripteur / Preneur
ROLE_000315,BA000109,CLI_0076,A,Assuré
ROLE_000316,BA000109,CLI_0076,B,Bénéficiaire en cas de décès
ROLE_000317,BA000110,CLI_0077,S,Souscripteur / Preneur
ROLE_000318,BA000110,CLI_0077,A,Assuré
ROLE_000319,BA000110,CLI_0077,B,Bénéficiaire en cas de décès
ROLE_000320,BA000111,CLI_0077,S,Souscripteur / Preneur
ROLE_000321,BA000111,CLI_0077,A,Assuré
ROLE_000322,BA000111,CLI_0077,B,Bénéficiaire en cas de décès
ROLE_000323,BA000112,CLI_0078,S,Souscripteur / Preneur
ROLE_000324,BA000112,CLI_0078,A,Assuré
ROLE_000325,BA000112,CLI_0078,B,Bénéficiaire en cas de décès
ROLE_000326,BA000113,CLI_0079,S,Souscripteur / Preneur
ROLE_000327,BA000113,CLI_0079,A,Assuré
ROLE_000328,BA000113,CLI_0079,B,Bénéficiaire en cas de décès
ROLE_000329,BA000114,CLI_0080,S,Souscripteur / Preneur
ROLE_000330,BA000114,CLI_0080,A,Assuré
ROLE_000331,BA000114,CLI_0080,B,Bénéficiaire en cas de décès
ROLE_000332,BA000115,CLI_0081,S,Souscripteur / Preneur
ROLE_000333,BA000115,CLI_0081,A,Assuré
ROLE_000334,BA000115,CLI_0081,B,Bénéficiaire en cas de décès
ROLE_000335,BA000116,CLI_0082,S,Souscripteur / Preneur
ROLE_000336,BA000116,CLI_0082,A,Assuré
ROLE_000337,BA000116,CLI_0082,B,Bénéficiaire en cas de décès
ROLE_000338,BA000117,CLI_0082,S,Souscripteur / Preneur
ROLE_000339,BA000117,CLI_0082,B,Bénéficiaire en cas de décès
ROLE_000340,BA000118,CLI_0082,S,Souscripteur / Preneur
ROLE_000341,BA000118,CLI_0082,A,Assuré
ROLE_000342,BA000118,CLI_0082,B,Bénéficiaire en cas de décès
ROLE_000343,BA000119,CLI_0083,S,Souscripteur / Preneur
ROLE_000344,BA000119,CLI_0083,A,Assuré
ROLE_000345,BA000119,CLI_0083,B,Bénéficiaire en cas de décès
ROLE_000346,BA000120,CLI_0084,S,Souscripteur / Preneur
ROLE_000347,BA000120,CLI_0084,A,Assuré
ROLE_000348,BA000120,CLI_0084,B,Bénéficiaire en cas de décès
ROLE_000349,BA000121,CLI_0085,S,Souscripteur / Preneur
ROLE_000350,BA000121,CLI_0085,A,Assuré
ROLE_000351,BA000121,CLI_0085,B,Bénéficiaire en cas de décès
ROLE_000352,BA000122,CLI_0086,S,Souscripteur / Preneur
ROLE_000353,BA000122,CLI_0086,A,Assuré
ROLE_000354,BA000122,CLI_0086,B,Bénéficiaire en cas de décès
ROLE_000355,BA000123,CLI_0086,S,Souscripteur / Preneur
ROLE_000356,BA000123,CLI_0086,B,Bénéficiaire en cas de décès
ROLE_000357,BA000124,CLI_0087,S,Souscripteur / Preneur
ROLE_000358,BA000124,CLI_0087,A,Assuré
ROLE_000359,BA000124,CLI_0087,B,Bénéficiaire en cas de décès
ROLE_000360,BA000125,CLI_0087,S,Souscripteur / Preneur
ROLE_000361,BA000125,CLI_0087,B,Bénéficiaire en cas de décès
ROLE_000362,BA000126,CLI_0088,S,Souscripteur / Preneur
ROLE_000363,BA000126,CLI_0088,A,Assuré
ROLE_000364,BA000126,CLI_0088,B,Bénéficiaire en cas de décès
ROLE_000365,BA000127,CLI_0089,S,Souscripteur / Preneur
ROLE_000366,BA000127,CLI_0089,A,Assuré
ROLE_000367,BA000127,CLI_0089,B,Bénéficiaire en cas de décès
ROLE_000368,BA000128,CLI_0090,S,Souscripteur / Preneur
ROLE_000369,BA000128,CLI_0090,A,Assuré
ROLE_000370,BA000128,CLI_0090,B,Bénéficiaire en cas de décès
ROLE_000371,BA000129,CLI_0090,S,Souscripteur / Preneur
ROLE_000372,BA000129,CLI_0090,A,Assuré
ROLE_000373,BA000129,CLI_0090,B,Bénéficiaire en cas de décès
ROLE_000374,BA000130,CLI_0091,S,Souscripteur / Preneur
ROLE_000375,BA000130,CLI_0091,A,Assuré
ROLE_000376,BA000130,CLI_0091,B,Bénéficiaire en cas de décès
ROLE_000377,BA000131,CLI_0091,S,Souscripteur / Preneur
ROLE_000378,BA000131,CLI_0091,B,Bénéficiaire en cas de décès
ROLE_000379,BA000132,CLI_0092,S,Souscripteur / Preneur
ROLE_000380,BA000132,CLI_0092,A,Assuré
ROLE_000381,BA000132,CLI_0092,B,Bénéficiaire en cas de décès
ROLE_000382,BA000133,CLI_0093,S,Souscripteur / Preneur
ROLE_000383,BA000133,CLI_0093,A,Assuré
ROLE_000384,BA000133,CLI_0093,B,Bénéficiaire en cas de décès
ROLE_000385,BA000134,CLI_0093,S,Souscripteur / Preneur
ROLE_000386,BA000134,CLI_0093,A,Assuré
ROLE_000387,BA000134,CLI_0093,B,Bénéficiaire en cas de décès
ROLE_000388,BA000135,CLI_0093,S,Souscripteur / Preneur
ROLE_000389,BA000135,CLI_0093,A,Assuré
ROLE_000390,BA000135,CLI_0093,B,Bénéficiaire en cas de décès
ROLE_000391,BA000136,CLI_0094,S,Souscripteur / Preneur
ROLE_000392,BA000136,CLI_0094,B,Bénéficiaire en cas de décès
ROLE_000393,BA000136,CLI_0094,UBO,Bénéficiaire effectif
ROLE_000394,BA000137,CLI_0095,S,Souscripteur / Preneur
ROLE_000395,BA000137,CLI_0095,A,Assuré
ROLE_000396,BA000137,CLI_0095,B,Bénéficiaire en cas de décès
ROLE_000397,BA000138,CLI_0095,S,Souscripteur / Preneur
ROLE_000398,BA000138,CLI_0095,A,Assuré
ROLE_000399,BA000138,CLI_0095,B,Bénéficiaire en cas de décès
ROLE_000400,BA000139,CLI_0096,S,Souscripteur / Preneur
ROLE_000401,BA000139,CLI_0096,A,Assuré
ROLE_000402,BA000139,CLI_0096,B,Bénéficiaire en cas de décès
ROLE_000403,BA000140,CLI_0097,S,Souscripteur / Preneur
ROLE_000404,BA000140,CLI_0097,A,Assuré
ROLE_000405,BA000140,CLI_0097,B,Bénéficiaire en cas de décès
ROLE_000406,BA000141,CLI_0098,S,Souscripteur / Preneur
ROLE_000407,BA000141,CLI_0098,A,Assuré
ROLE_000408,BA000141,CLI_0098,B,Bénéficiaire en cas de décès
ROLE_000409,BA000142,CLI_0098,S,Souscripteur / Preneur
ROLE_000410,BA000142,CLI_0098,A,Assuré
ROLE_000411,BA000142,CLI_0098,B,Bénéficiaire en cas de décès
ROLE_000412,BA000143,CLI_0099,S,Souscripteur / Preneur
ROLE_000413,BA000143,CLI_0099,A,Assuré
ROLE_000414,BA000143,CLI_0099,B,Bénéficiaire en cas de décès
ROLE_000415,BA000144,CLI_0100,S,Souscripteur / Preneur
ROLE_000416,BA000144,CLI_0100,A,Assuré
ROLE_000417,BA000144,CLI_0100,B,Bénéficiaire en cas de décès
ROLE_000418,BA000145,CLI_0100,S,Souscripteur / Preneur
ROLE_000419,BA000145,CLI_0100,A,Assuré
ROLE_000420,BA000145,CLI_0100,B,Bénéficiaire en cas de décès
ROLE_000421,BA000146,CLI_0101,S,Souscripteur / Preneur
ROLE_000422,BA000146,CLI_0101,A,Assuré
ROLE_000423,BA000146,CLI_0101,B,Bénéficiaire en cas de décès
ROLE_000424,BA000147,CLI_0101,S,Souscripteur / Preneur
ROLE_000425,BA000147,CLI_0101,A,Assuré
ROLE_000426,BA000147,CLI_0101,B,Bénéficiaire en cas de décès
ROLE_000427,BA000148,CLI_0102,S,Souscripteur / Preneur
ROLE_000428,BA000148,CLI_0102,B,Bénéficiaire en cas de décès
ROLE_000429,BA000149,CLI_0103,S,Souscripteur / Preneur
ROLE_000430,BA000149,CLI_0103,A,Assuré
ROLE_000431,BA000149,CLI_0103,B,Bénéficiaire en cas de décès
ROLE_000432,BA000150,CLI_0104,S,Souscripteur / Preneur
ROLE_000433,BA000150,CLI_0104,A,Assuré
ROLE_000434,BA000150,CLI_0104,B,Bénéficiaire en cas de décès
ROLE_000435,BA000150,CLI_0104,UBO,Bénéficiaire effectif
ROLE_000436,BA000151,CLI_0105,S,Souscripteur / Preneur
ROLE_000437,BA000151,CLI_0105,A,Assuré
ROLE_000438,BA000151,CLI_0105,B,Bénéficiaire en cas de décès
ROLE_000439,BA000152,CLI_0106,S,Souscripteur / Preneur
ROLE_000440,BA000152,CLI_0106,A,Assuré
ROLE_000441,BA000152,CLI_0106,B,Bénéficiaire en cas de décès
ROLE_000442,BA000153,CLI_0106,S,Souscripteur / Preneur
ROLE_000443,BA000153,CLI_0106,A,Assuré
ROLE_000444,BA000153,CLI_0106,B,Bénéficiaire en cas de décès
ROLE_000445,BA000154,CLI_0107,S,Souscripteur / Preneur
ROLE_000446,BA000154,CLI_0107,A,Assuré
ROLE_000447,BA000154,CLI_0107,B,Bénéficiaire en cas de décès
ROLE_000448,BA000155,CLI_0108,S,Souscripteur / Preneur
ROLE_000449,BA000155,CLI_0108,A,Assuré
ROLE_000450,BA000155,CLI_0108,B,Bénéficiaire en cas de décès
ROLE_000451,BA000156,CLI_0109,S,Souscripteur / Preneur
ROLE_000452,BA000156,CLI_0109,A,Assuré
ROLE_000453,BA000156,CLI_0109,B,Bénéficiaire en cas de décès
ROLE_000454,BA000157,CLI_0110,S,Souscripteur / Preneur
ROLE_000455,BA000157,CLI_0110,A,Assuré
ROLE_000456,BA000157,CLI_0110,B,Bénéficiaire en cas de décès
ROLE_000457,BA000158,CLI_0111,S,Souscripteur / Preneur
ROLE_000458,BA000158,CLI_0111,A,Assuré
ROLE_000459,BA000158,CLI_0111,B,Bénéficiaire en cas de décès
ROLE_000460,BA000159,CLI_0112,S,Souscripteur / Preneur
ROLE_000461,BA000159,CLI_0112,A,Assuré
ROLE_000462,BA000159,CLI_0112,B,Bénéficiaire en cas de décès
ROLE_000463,BA000160,CLI_0113,S,Souscripteur / Preneur
ROLE_000464,BA000160,CLI_0113,A,Assuré
ROLE_000465,BA000160,CLI_0113,B,Bénéficiaire en cas de décès
ROLE_000466,BA000161,CLI_0114,S,Souscripteur / Preneur
ROLE_000467,BA000161,CLI_0114,A,Assuré
ROLE_000468,BA000161,CLI_0114,B,Bénéficiaire en cas de décès
ROLE_000469,BA000162,CLI_0115,S,Souscripteur / Preneur
ROLE_000470,BA000162,CLI_0115,A,Assuré
ROLE_000471,BA000162,CLI_0115,B,Bénéficiaire en cas de décès
ROLE_000472,BA000162,CLI_0115,UBO,Bénéficiaire effectif
ROLE_000473,BA000163,CLI_0115,S,Souscripteur / Preneur
ROLE_000474,BA000163,CLI_0115,A,Assuré
ROLE_000475,BA000163,CLI_0115,B,Bénéficiaire en cas de décès
ROLE_000476,BA000163,CLI_0115,UBO,Bénéficiaire effectif
ROLE_000477,BA000164,CLI_0116,S,Souscripteur / Preneur
ROLE_000478,BA000164,CLI_0116,A,Assuré
ROLE_000479,BA000164,CLI_0116,B,Bénéficiaire en cas de décès
ROLE_000480,BA000165,CLI_0117,S,Souscripteur / Preneur
ROLE_000481,BA000165,CLI_0117,A,Assuré
ROLE_000482,BA000165,CLI_0117,B,Bénéficiaire en cas de décès
ROLE_000483,BA000166,CLI_0118,S,Souscripteur / Preneur
ROLE_000484,BA000166,CLI_0118,A,Assuré
ROLE_000485,BA000166,CLI_0118,B,Bénéficiaire en cas de décès
ROLE_000486,BA000167,CLI_0119,S,Souscripteur / Preneur
ROLE_000487,BA000167,CLI_0119,A,Assuré
ROLE_000488,BA000167,CLI_0119,B,Bénéficiaire en cas de décès
ROLE_000489,BA000168,CLI_0120,S,Souscripteur / Preneur
ROLE_000490,BA000168,CLI_0120,B,Bénéficiaire en cas de décès
ROLE_000491,BA000169,CLI_0120,S,Souscripteur / Preneur
ROLE_000492,BA000169,CLI_0120,B,Bénéficiaire en cas de décès
ROLE_000493,BA000170,CLI_0121,S,Souscripteur / Preneur
ROLE_000494,BA000170,CLI_0121,A,Assuré
ROLE_000495,BA000170,CLI_0121,B,Bénéficiaire en cas de décès
ROLE_000496,BA000171,CLI_0122,S,Souscripteur / Preneur
ROLE_000497,BA000171,CLI_0122,A,Assuré
ROLE_000498,BA000171,CLI_0122,B,Bénéficiaire en cas de décès
ROLE_000499,BA000172,CLI_0123,S,Souscripteur / Preneur
ROLE_000500,BA000172,CLI_0123,A,Assuré
ROLE_000501,BA000172,CLI_0123,B,Bénéficiaire en cas de décès
ROLE_000502,BA000173,CLI_0124,S,Souscripteur / Preneur
ROLE_000503,BA000173,CLI_0124,A,Assuré
ROLE_000504,BA000173,CLI_0124,B,Bénéficiaire en cas de décès
ROLE_000505,BA000174,CLI_0125,S,Souscripteur / Preneur
ROLE_000506,BA000174,CLI_0125,A,Assuré
ROLE_000507,BA000174,CLI_0125,B,Bénéficiaire en cas de décès
ROLE_000508,BA000175,CLI_0126,S,Souscripteur / Preneur
ROLE_000509,BA000175,CLI_0126,A,Assuré
ROLE_000510,BA000175,CLI_0126,B,Bénéficiaire en cas de décès
ROLE_000511,BA000176,CLI_0127,S,Souscripteur / Preneur
ROLE_000512,BA000176,CLI_0127,B,Bénéficiaire en cas de décès
ROLE_000513,BA000177,CLI_0127,S,Souscripteur / Preneur
ROLE_000514,BA000177,CLI_0127,A,Assuré
ROLE_000515,BA000177,CLI_0127,B,Bénéficiaire en cas de décès
ROLE_000516,BA000178,CLI_0128,S,Souscripteur / Preneur
ROLE_000517,BA000178,CLI_0128,A,Assuré
ROLE_000518,BA000178,CLI_0128,B,Bénéficiaire en cas de décès
ROLE_000519,BA000179,CLI_0129,S,Souscripteur / Preneur
ROLE_000520,BA000179,CLI_0129,A,Assuré
ROLE_000521,BA000179,CLI_0129,B,Bénéficiaire en cas de décès
ROLE_000522,BA000180,CLI_0129,S,Souscripteur / Preneur
ROLE_000523,BA000180,CLI_0129,A,Assuré
ROLE_000524,BA000180,CLI_0129,B,Bénéficiaire en cas de décès
ROLE_000525,BA000181,CLI_0130,S,Souscripteur / Preneur
ROLE_000526,BA000181,CLI_0130,A,Assuré
ROLE_000527,BA000181,CLI_0130,B,Bénéficiaire en cas de décès
ROLE_000528,BA000182,CLI_0130,S,Souscripteur / Preneur
ROLE_000529,BA000182,CLI_0130,A,Assuré
ROLE_000530,BA000182,CLI_0130,B,Bénéficiaire en cas de décès
ROLE_000531,BA000183,CLI_0130,S,Souscripteur / Preneur
ROLE_000532,BA000183,CLI_0130,A,Assuré
ROLE_000533,BA000183,CLI_0130,B,Bénéficiaire en cas de décès
ROLE_000534,BA000184,CLI_0131,S,Souscripteur / Preneur
ROLE_000535,BA000184,CLI_0131,A,Assuré
ROLE_000536,BA000184,CLI_0131,B,Bénéficiaire en cas de décès
ROLE_000537,BA000185,CLI_0132,S,Souscripteur / Preneur
ROLE_000538,BA000185,CLI_0132,A,Assuré
ROLE_000539,BA000185,CLI_0132,B,Bénéficiaire en cas de décès
ROLE_000540,BA000186,CLI_0133,S,Souscripteur / Preneur
ROLE_000541,BA000186,CLI_0133,A,Assuré
ROLE_000542,BA000186,CLI_0133,B,Bénéficiaire en cas de décès
ROLE_000543,BA000187,CLI_0133,S,Souscripteur / Preneur
ROLE_000544,BA000187,CLI_0133,A,Assuré
ROLE_000545,BA000187,CLI_0133,B,Bénéficiaire en cas de décès
ROLE_000546,BA000188,CLI_0133,S,Souscripteur / Preneur
ROLE_000547,BA000188,CLI_0133,B,Bénéficiaire en cas de décès
ROLE_000548,BA000189,CLI_0134,S,Souscripteur / Preneur
ROLE_000549,BA000189,CLI_0134,A,Assuré
ROLE_000550,BA000189,CLI_0134,B,Bénéficiaire en cas de décès
ROLE_000551,BA000190,CLI_0135,S,Souscripteur / Preneur
ROLE_000552,BA000190,CLI_0135,A,Assuré
ROLE_000553,BA000190,CLI_0135,B,Bénéficiaire en cas de décès
ROLE_000554,BA000191,CLI_0136,S,Souscripteur / Preneur
ROLE_000555,BA000191,CLI_0136,A,Assuré
ROLE_000556,BA000191,CLI_0136,B,Bénéficiaire en cas de décès
ROLE_000557,BA000192,CLI_0137,S,Souscripteur / Preneur
ROLE_000558,BA000192,CLI_0137,B,Bénéficiaire en cas de décès
ROLE_000559,BA000193,CLI_0138,S,Souscripteur / Preneur
ROLE_000560,BA000193,CLI_0138,A,Assuré
ROLE_000561,BA000193,CLI_0138,B,Bénéficiaire en cas de décès
ROLE_000562,BA000194,CLI_0139,S,Souscripteur / Preneur
ROLE_000563,BA000194,CLI_0139,A,Assuré
ROLE_000564,BA000194,CLI_0139,B,Bénéficiaire en cas de décès
ROLE_000565,BA000195,CLI_0140,S,Souscripteur / Preneur
ROLE_000566,BA000195,CLI_0140,A,Assuré
ROLE_000567,BA000195,CLI_0140,B,Bénéficiaire en cas de décès
ROLE_000568,BA000196,CLI_0140,S,Souscripteur / Preneur
ROLE_000569,BA000196,CLI_0140,A,Assuré
ROLE_000570,BA000196,CLI_0140,B,Bénéficiaire en cas de décès
ROLE_000571,BA000197,CLI_0141,S,Souscripteur / Preneur
ROLE_000572,BA000197,CLI_0141,A,Assuré
ROLE_000573,BA000197,CLI_0141,B,Bénéficiaire en cas de décès
ROLE_000574,BA000198,CLI_0142,S,Souscripteur / Preneur
ROLE_000575,BA000198,CLI_0142,A,Assuré
ROLE_000576,BA000198,CLI_0142,B,Bénéficiaire en cas de décès
ROLE_000577,BA000199,CLI_0143,S,Souscripteur / Preneur
ROLE_000578,BA000199,CLI_0143,A,Assuré
ROLE_000579,BA000199,CLI_0143,B,Bénéficiaire en cas de décès
ROLE_000580,BA000200,CLI_0144,S,Souscripteur / Preneur
ROLE_000581,BA000200,CLI_0144,A,Assuré
ROLE_000582,BA000200,CLI_0144,B,Bénéficiaire en cas de décès
ROLE_000583,BA000201,CLI_0145,S,Souscripteur / Preneur
ROLE_000584,BA000201,CLI_0145,A,Assuré
ROLE_000585,BA000201,CLI_0145,B,Bénéficiaire en cas de décès
ROLE_000586,BA000202,CLI_0146,S,Souscripteur / Preneur
ROLE_000587,BA000202,CLI_0146,A,Assuré
ROLE_000588,BA000202,CLI_0146,B,Bénéficiaire en cas de décès
ROLE_000589,BA000203,CLI_0147,S,Souscripteur / Preneur
ROLE_000590,BA000203,CLI_0147,A,Assuré
ROLE_000591,BA000203,CLI_0147,B,Bénéficiaire en cas de décès
ROLE_000592,BA000204,CLI_0148,S,Souscripteur / Preneur
ROLE_000593,BA000204,CLI_0148,A,Assuré
ROLE_000594,BA000204,CLI_0148,B,Bénéficiaire en cas de décès
ROLE_000595,BA000204,CLI_0148,UBO,Bénéficiaire effectif
ROLE_000596,BA000205,CLI_0149,S,Souscripteur / Preneur
ROLE_000597,BA000205,CLI_0149,A,Assuré
ROLE_000598,BA000205,CLI_0149,B,Bénéficiaire en cas de décès
ROLE_000599,BA000206,CLI_0150,S,Souscripteur / Preneur
ROLE_000600,BA000206,CLI_0150,B,Bénéficiaire en cas de décès
ROLE_000601,BA000207,CLI_0150,S,Souscripteur / Preneur
ROLE_000602,BA000207,CLI_0150,A,Assuré
ROLE_000603,BA000207,CLI_0150,B,Bénéficiaire en cas de décès
ROLE_000604,BA000208,CLI_0151,S,Souscripteur / Preneur
ROLE_000605,BA000208,CLI_0151,A,Assuré
ROLE_000606,BA000208,CLI_0151,B,Bénéficiaire en cas de décès
ROLE_000607,BA000209,CLI_0152,S,Souscripteur / Preneur
ROLE_000608,BA000209,CLI_0152,A,Assuré
ROLE_000609,BA000209,CLI_0152,B,Bénéficiaire en cas de décès
ROLE_000610,BA000210,CLI_0152,S,Souscripteur / Preneur
ROLE_000611,BA000210,CLI_0152,A,Assuré
ROLE_000612,BA000210,CLI_0152,B,Bénéficiaire en cas de décès
ROLE_000613,BA000211,CLI_0152,S,Souscripteur / Preneur
ROLE_000614,BA000211,CLI_0152,A,Assuré
ROLE_000615,BA000211,CLI_0152,B,Bénéficiaire en cas de décès
ROLE_000616,BA000212,CLI_0153,S,Souscripteur / Preneur
ROLE_000617,BA000212,CLI_0153,B,Bénéficiaire en cas de décès
ROLE_000618,BA000213,CLI_0154,S,Souscripteur / Preneur
ROLE_000619,BA000213,CLI_0154,A,Assuré
ROLE_000620,BA000213,CLI_0154,B,Bénéficiaire en cas de décès
ROLE_000621,BA000214,CLI_0155,S,Souscripteur / Preneur
ROLE_000622,BA000214,CLI_0155,A,Assuré
ROLE_000623,BA000214,CLI_0155,B,Bénéficiaire en cas de décès
ROLE_000624,BA000215,CLI_0155,S,Souscripteur / Preneur
ROLE_000625,BA000215,CLI_0155,A,Assuré
ROLE_000626,BA000215,CLI_0155,B,Bénéficiaire en cas de décès
ROLE_000627,BA000216,CLI_0156,S,Souscripteur / Preneur
ROLE_000628,BA000216,CLI_0156,A,Assuré
ROLE_000629,BA000216,CLI_0156,B,Bénéficiaire en cas de décès
ROLE_000630,BA000217,CLI_0157,S,Souscripteur / Preneur
ROLE_000631,BA000217,CLI_0157,A,Assuré
ROLE_000632,BA000217,CLI_0157,B,Bénéficiaire en cas de décès
ROLE_000633,BA000218,CLI_0158,S,Souscripteur / Preneur
ROLE_000634,BA000218,CLI_0158,B,Bénéficiaire en cas de décès
ROLE_000635,BA000219,CLI_0158,S,Souscripteur / Preneur
ROLE_000636,BA000219,CLI_0158,A,Assuré
ROLE_000637,BA000219,CLI_0158,B,Bénéficiaire en cas de décès
ROLE_000638,BA000220,CLI_0159,S,Souscripteur / Preneur
ROLE_000639,BA000220,CLI_0159,A,Assuré
ROLE_000640,BA000220,CLI_0159,B,Bénéficiaire en cas de décès
ROLE_000641,BA000221,CLI_0160,S,Souscripteur / Preneur
ROLE_000642,BA000221,CLI_0160,A,Assuré
ROLE_000643,BA000221,CLI_0160,B,Bénéficiaire en cas de décès
ROLE_000644,BA000222,CLI_0161,S,Souscripteur / Preneur
ROLE_000645,BA000222,CLI_0161,A,Assuré
ROLE_000646,BA000222,CLI_0161,B,Bénéficiaire en cas de décès
ROLE_000647,BA000223,CLI_0161,S,Souscripteur / Preneur
ROLE_000648,BA000223,CLI_0161,A,Assuré
ROLE_000649,BA000223,CLI_0161,B,Bénéficiaire en cas de décès
ROLE_000650,BA000224,CLI_0162,S,Souscripteur / Preneur
ROLE_000651,BA000224,CLI_0162,A,Assuré
ROLE_000652,BA000224,CLI_0162,B,Bénéficiaire en cas de décès
ROLE_000653,BA000225,CLI_0163,S,Souscripteur / Preneur
ROLE_000654,BA000225,CLI_0163,A,Assuré
ROLE_000655,BA000225,CLI_0163,B,Bénéficiaire en cas de décès
ROLE_000656,BA000226,CLI_0164,S,Souscripteur / Preneur
ROLE_000657,BA000226,CLI_0164,A,Assuré
ROLE_000658,BA000226,CLI_0164,B,Bénéficiaire en cas de décès
ROLE_000659,BA000227,CLI_0165,S,Souscripteur / Preneur
ROLE_000660,BA000227,CLI_0165,A,Assuré
ROLE_000661,BA000227,CLI_0165,B,Bénéficiaire en cas de décès
ROLE_000662,BA000228,CLI_0165,S,Souscripteur / Preneur
ROLE_000663,BA000228,CLI_0165,A,Assuré
ROLE_000664,BA000228,CLI_0165,B,Bénéficiaire en cas de décès
ROLE_000665,BA000229,CLI_0165,S,Souscripteur / Preneur
ROLE_000666,BA000229,CLI_0165,A,Assuré
ROLE_000667,BA000229,CLI_0165,B,Bénéficiaire en cas de décès
ROLE_000668,BA000230,CLI_0166,S,Souscripteur / Preneur
ROLE_000669,BA000230,CLI_0166,A,Assuré
ROLE_000670,BA000230,CLI_0166,B,Bénéficiaire en cas de décès
ROLE_000671,BA000231,CLI_0167,S,Souscripteur / Preneur
ROLE_000672,BA000231,CLI_0167,B,Bénéficiaire en cas de décès
ROLE_000673,BA000232,CLI_0168,S,Souscripteur / Preneur
ROLE_000674,BA000232,CLI_0168,A,Assuré
ROLE_000675,BA000232,CLI_0168,B,Bénéficiaire en cas de décès
ROLE_000676,BA000233,CLI_0169,S,Souscripteur / Preneur
ROLE_000677,BA000233,CLI_0169,A,Assuré
ROLE_000678,BA000233,CLI_0169,B,Bénéficiaire en cas de décès
ROLE_000679,BA000234,CLI_0169,S,Souscripteur / Preneur
ROLE_000680,BA000234,CLI_0169,A,Assuré
ROLE_000681,BA000234,CLI_0169,B,Bénéficiaire en cas de décès
ROLE_000682,BA000235,CLI_0169,S,Souscripteur / Preneur
ROLE_000683,BA000235,CLI_0169,A,Assuré
ROLE_000684,BA000235,CLI_0169,B,Bénéficiaire en cas de décès
ROLE_000685,BA000236,CLI_0170,S,Souscripteur / Preneur
ROLE_000686,BA000236,CLI_0170,A,Assuré
ROLE_000687,BA000236,CLI_0170,B,Bénéficiaire en cas de décès
ROLE_000688,BA000237,CLI_0171,S,Souscripteur / Preneur
ROLE_000689,BA000237,CLI_0171,A,Assuré
ROLE_000690,BA000237,CLI_0171,B,Bénéficiaire en cas de décès
ROLE_000691,BA000238,CLI_0172,S,Souscripteur / Preneur
ROLE_000692,BA000238,CLI_0172,A,Assuré
ROLE_000693,BA000238,CLI_0172,B,Bénéficiaire en cas de décès
ROLE_000694,BA000239,CLI_0172,S,Souscripteur / Preneur
ROLE_000695,BA000239,CLI_0172,A,Assuré
ROLE_000696,BA000239,CLI_0172,B,Bénéficiaire en cas de décès
ROLE_000697,BA000240,CLI_0173,S,Souscripteur / Preneur
ROLE_000698,BA000240,CLI_0173,A,Assuré
ROLE_000699,BA000240,CLI_0173,B,Bénéficiaire en cas de décès
ROLE_000700,BA000241,CLI_0174,S,Souscripteur / Preneur
ROLE_000701,BA000241,CLI_0174,A,Assuré
ROLE_000702,BA000241,CLI_0174,B,Bénéficiaire en cas de décès
ROLE_000703,BA000242,CLI_0175,S,Souscripteur / Preneur
ROLE_000704,BA000242,CLI_0175,A,Assuré
ROLE_000705,BA000242,CLI_0175,B,Bénéficiaire en cas de décès
ROLE_000706,BA000243,CLI_0176,S,Souscripteur / Preneur
ROLE_000707,BA000243,CLI_0176,A,Assuré
ROLE_000708,BA000243,CLI_0176,B,Bénéficiaire en cas de décès
ROLE_000709,BA000244,CLI_0176,S,Souscripteur / Preneur
ROLE_000710,BA000244,CLI_0176,A,Assuré
ROLE_000711,BA000244,CLI_0176,B,Bénéficiaire en cas de décès
ROLE_000712,BA000245,CLI_0177,S,Souscripteur / Preneur
ROLE_000713,BA000245,CLI_0177,A,Assuré
ROLE_000714,BA000245,CLI_0177,B,Bénéficiaire en cas de décès
ROLE_000715,BA000245,CLI_0177,UBO,Bénéficiaire effectif
ROLE_000716,BA000246,CLI_0178,S,Souscripteur / Preneur
ROLE_000717,BA000246,CLI_0178,A,Assuré
ROLE_000718,BA000246,CLI_0178,B,Bénéficiaire en cas de décès
ROLE_000719,BA000247,CLI_0179,S,Souscripteur / Preneur
ROLE_000720,BA000247,CLI_0179,B,Bénéficiaire en cas de décès
ROLE_000721,BA000248,CLI_0180,S,Souscripteur / Preneur
ROLE_000722,BA000248,CLI_0180,B,Bénéficiaire en cas de décès
ROLE_000723,BA000249,CLI_0180,S,Souscripteur / Preneur
ROLE_000724,BA000249,CLI_0180,A,Assuré
ROLE_000725,BA000249,CLI_0180,B,Bénéficiaire en cas de décès
ROLE_000726,BA000250,CLI_0181,S,Souscripteur / Preneur
ROLE_000727,BA000250,CLI_0181,B,Bénéficiaire en cas de décès
ROLE_000728,BA000251,CLI_0182,S,Souscripteur / Preneur
ROLE_000729,BA000251,CLI_0182,A,Assuré
ROLE_000730,BA000251,CLI_0182,B,Bénéficiaire en cas de décès
ROLE_000731,BA000252,CLI_0182,S,Souscripteur / Preneur
ROLE_000732,BA000252,CLI_0182,A,Assuré
ROLE_000733,BA000252,CLI_0182,B,Bénéficiaire en cas de décès
ROLE_000734,BA000253,CLI_0183,S,Souscripteur / Preneur
ROLE_000735,BA000253,CLI_0183,A,Assuré
ROLE_000736,BA000253,CLI_0183,B,Bénéficiaire en cas de décès
ROLE_000737,BA000254,CLI_0183,S,Souscripteur / Preneur
ROLE_000738,BA000254,CLI_0183,A,Assuré
ROLE_000739,BA000254,CLI_0183,B,Bénéficiaire en cas de décès
ROLE_000740,BA000255,CLI_0184,S,Souscripteur / Preneur
ROLE_000741,BA000255,CLI_0184,A,Assuré
ROLE_000742,BA000255,CLI_0184,B,Bénéficiaire en cas de décès
ROLE_000743,BA000256,CLI_0184,S,Souscripteur / Preneur
ROLE_000744,BA000256,CLI_0184,A,Assuré
ROLE_000745,BA000256,CLI_0184,B,Bénéficiaire en cas de décès
ROLE_000746,BA000257,CLI_0184,S,Souscripteur / Preneur
ROLE_000747,BA000257,CLI_0184,A,Assuré
ROLE_000748,BA000257,CLI_0184,B,Bénéficiaire en cas de décès
ROLE_000749,BA000258,CLI_0185,S,Souscripteur / Preneur
ROLE_000750,BA000258,CLI_0185,A,Assuré
ROLE_000751,BA000258,CLI_0185,B,Bénéficiaire en cas de décès
ROLE_000752,BA000258,CLI_0185,UBO,Bénéficiaire effectif
ROLE_000753,BA000259,CLI_0186,S,Souscripteur / Preneur
ROLE_000754,BA000259,CLI_0186,A,Assuré
ROLE_000755,BA000259,CLI_0186,B,Bénéficiaire en cas de décès
ROLE_000756,BA000260,CLI_0186,S,Souscripteur / Preneur
ROLE_000757,BA000260,CLI_0186,A,Assuré
ROLE_000758,BA000260,CLI_0186,B,Bénéficiaire en cas de décès
ROLE_000759,BA000261,CLI_0187,S,Souscripteur / Preneur
ROLE_000760,BA000261,CLI_0187,A,Assuré
ROLE_000761,BA000261,CLI_0187,B,Bénéficiaire en cas de décès
ROLE_000762,BA000262,CLI_0187,S,Souscripteur / Preneur
ROLE_000763,BA000262,CLI_0187,A,Assuré
ROLE_000764,BA000262,CLI_0187,B,Bénéficiaire en cas de décès
ROLE_000765,BA000263,CLI_0188,S,Souscripteur / Preneur
ROLE_000766,BA000263,CLI_0188,A,Assuré
ROLE_000767,BA000263,CLI_0188,B,Bénéficiaire en cas de décès
ROLE_000768,BA000264,CLI_0189,S,Souscripteur / Preneur
ROLE_000769,BA000264,CLI_0189,A,Assuré
ROLE_000770,BA000264,CLI_0189,B,Bénéficiaire en cas de décès
ROLE_000771,BA000265,CLI_0189,S,Souscripteur / Preneur
ROLE_000772,BA000265,CLI_0189,A,Assuré
ROLE_000773,BA000265,CLI_0189,B,Bénéficiaire en cas de décès
ROLE_000774,BA000266,CLI_0189,S,Souscripteur / Preneur
ROLE_000775,BA000266,CLI_0189,A,Assuré
ROLE_000776,BA000266,CLI_0189,B,Bénéficiaire en cas de décès
ROLE_000777,BA000267,CLI_0190,S,Souscripteur / Preneur
ROLE_000778,BA000267,CLI_0190,A,Assuré
ROLE_000779,BA000267,CLI_0190,B,Bénéficiaire en cas de décès
ROLE_000780,BA000268,CLI_0191,S,Souscripteur / Preneur
ROLE_000781,BA000268,CLI_0191,A,Assuré
ROLE_000782,BA000268,CLI_0191,B,Bénéficiaire en cas de décès
ROLE_000783,BA000269,CLI_0192,S,Souscripteur / Preneur
ROLE_000784,BA000269,CLI_0192,A,Assuré
ROLE_000785,BA000269,CLI_0192,B,Bénéficiaire en cas de décès
ROLE_000786,BA000270,CLI_0192,S,Souscripteur / Preneur
ROLE_000787,BA000270,CLI_0192,A,Assuré
ROLE_000788,BA000270,CLI_0192,B,Bénéficiaire en cas de décès
ROLE_000789,BA000271,CLI_0193,S,Souscripteur / Preneur
ROLE_000790,BA000271,CLI_0193,A,Assuré
ROLE_000791,BA000271,CLI_0193,B,Bénéficiaire en cas de décès
ROLE_000792,BA000272,CLI_0194,S,Souscripteur / Preneur
ROLE_000793,BA000272,CLI_0194,A,Assuré
ROLE_000794,BA000272,CLI_0194,B,Bénéficiaire en cas de décès
ROLE_000795,BA000273,CLI_0195,S,Souscripteur / Preneur
ROLE_000796,BA000273,CLI_0195,A,Assuré
ROLE_000797,BA000273,CLI_0195,B,Bénéficiaire en cas de décès
ROLE_000798,BA000274,CLI_0196,S,Souscripteur / Preneur
ROLE_000799,BA000274,CLI_0196,A,Assuré
ROLE_000800,BA000274,CLI_0196,B,Bénéficiaire en cas de décès
ROLE_000801,BA000275,CLI_0197,S,Souscripteur / Preneur
ROLE_000802,BA000275,CLI_0197,A,Assuré
ROLE_000803,BA000275,CLI_0197,B,Bénéficiaire en cas de décès
ROLE_000804,BA000276,CLI_0198,S,Souscripteur / Preneur
ROLE_000805,BA000276,CLI_0198,A,Assuré
ROLE_000806,BA000276,CLI_0198,B,Bénéficiaire en cas de décès
ROLE_000807,BA000277,CLI_0199,S,Souscripteur / Preneur
ROLE_000808,BA000277,CLI_0199,A,Assuré
ROLE_000809,BA000277,CLI_0199,B,Bénéficiaire en cas de décès
ROLE_000810,BA000278,CLI_0199,S,Souscripteur / Preneur
ROLE_000811,BA000278,CLI_0199,A,Assuré
ROLE_000812,BA000278,CLI_0199,B,Bénéficiaire en cas de décès
ROLE_000813,BA000279,CLI_0200,S,Souscripteur / Preneur
ROLE_000814,BA000279,CLI_0200,A,Assuré
ROLE_000815,BA000279,CLI_0200,B,Bénéficiaire en cas de décès
ROLE_000816,BA000280,CLI_0201,S,Souscripteur / Preneur
ROLE_000817,BA000280,CLI_0201,A,Assuré
ROLE_000818,BA000280,CLI_0201,B,Bénéficiaire en cas de décès
ROLE_000819,BA000281,CLI_0202,S,Souscripteur / Preneur
ROLE_000820,BA000281,CLI_0202,A,Assuré
ROLE_000821,BA000281,CLI_0202,B,Bénéficiaire en cas de décès
ROLE_000822,BA000282,CLI_0203,S,Souscripteur / Preneur
ROLE_000823,BA000282,CLI_0203,A,Assuré
ROLE_000824,BA000282,CLI_0203,B,Bénéficiaire en cas de décès
ROLE_000825,BA000283,CLI_0204,S,Souscripteur / Preneur
ROLE_000826,BA000283,CLI_0204,A,Assuré
ROLE_000827,BA000283,CLI_0204,B,Bénéficiaire en cas de décès
ROLE_000828,BA000284,CLI_0205,S,Souscripteur / Preneur
ROLE_000829,BA000284,CLI_0205,A,Assuré
ROLE_000830,BA000284,CLI_0205,B,Bénéficiaire en cas de décès
ROLE_000831,BA000285,CLI_0205,S,Souscripteur / Preneur
ROLE_000832,BA000285,CLI_0205,A,Assuré
ROLE_000833,BA000285,CLI_0205,B,Bénéficiaire en cas de décès
ROLE_000834,BA000286,CLI_0206,S,Souscripteur / Preneur
ROLE_000835,BA000286,CLI_0206,A,Assuré
ROLE_000836,BA000286,CLI_0206,B,Bénéficiaire en cas de décès
ROLE_000837,BA000287,CLI_0206,S,Souscripteur / Preneur
ROLE_000838,BA000287,CLI_0206,A,Assuré
ROLE_000839,BA000287,CLI_0206,B,Bénéficiaire en cas de décès
ROLE_000840,BA000288,CLI_0207,S,Souscripteur / Preneur
ROLE_000841,BA000288,CLI_0207,A,Assuré
ROLE_000842,BA000288,CLI_0207,B,Bénéficiaire en cas de décès
ROLE_000843,BA000289,CLI_0208,S,Souscripteur / Preneur
ROLE_000844,BA000289,CLI_0208,A,Assuré
ROLE_000845,BA000289,CLI_0208,B,Bénéficiaire en cas de décès
ROLE_000846,BA000290,CLI_0209,S,Souscripteur / Preneur
ROLE_000847,BA000290,CLI_0209,A,Assuré
ROLE_000848,BA000290,CLI_0209,B,Bénéficiaire en cas de décès
ROLE_000849,BA000291,CLI_0210,S,Souscripteur / Preneur
ROLE_000850,BA000291,CLI_0210,A,Assuré
ROLE_000851,BA000291,CLI_0210,B,Bénéficiaire en cas de décès
ROLE_000852,BA000292,CLI_0211,S,Souscripteur / Preneur
ROLE_000853,BA000292,CLI_0211,A,Assuré
ROLE_000854,BA000292,CLI_0211,B,Bénéficiaire en cas de décès
ROLE_000855,BA000293,CLI_0211,S,Souscripteur / Preneur
ROLE_000856,BA000293,CLI_0211,A,Assuré
ROLE_000857,BA000293,CLI_0211,B,Bénéficiaire en cas de décès
ROLE_000858,BA000294,CLI_0212,S,Souscripteur / Preneur
ROLE_000859,BA000294,CLI_0212,A,Assuré
ROLE_000860,BA000294,CLI_0212,B,Bénéficiaire en cas de décès
ROLE_000861,BA000295,CLI_0213,S,Souscripteur / Preneur
ROLE_000862,BA000295,CLI_0213,A,Assuré
ROLE_000863,BA000295,CLI_0213,B,Bénéficiaire en cas de décès
ROLE_000864,BA000296,CLI_0214,S,Souscripteur / Preneur
ROLE_000865,BA000296,CLI_0214,B,Bénéficiaire en cas de décès
ROLE_000866,BA000297,CLI_0215,S,Souscripteur / Preneur
ROLE_000867,BA000297,CLI_0215,A,Assuré
ROLE_000868,BA000297,CLI_0215,B,Bénéficiaire en cas de décès
ROLE_000869,BA000298,CLI_0216,S,Souscripteur / Preneur
ROLE_000870,BA000298,CLI_0216,A,Assuré
ROLE_000871,BA000298,CLI_0216,B,Bénéficiaire en cas de décès
ROLE_000872,BA000299,CLI_0217,S,Souscripteur / Preneur
ROLE_000873,BA000299,CLI_0217,B,Bénéficiaire en cas de décès
ROLE_000874,BA000300,CLI_0218,S,Souscripteur / Preneur
ROLE_000875,BA000300,CLI_0218,B,Bénéficiaire en cas de décès
ROLE_000876,BA000301,CLI_0219,S,Souscripteur / Preneur
ROLE_000877,BA000301,CLI_0219,A,Assuré
ROLE_000878,BA000301,CLI_0219,B,Bénéficiaire en cas de décès
ROLE_000879,BA000302,CLI_0220,S,Souscripteur / Preneur
ROLE_000880,BA000302,CLI_0220,A,Assuré
ROLE_000881,BA000302,CLI_0220,B,Bénéficiaire en cas de décès
ROLE_000882,BA000303,CLI_0221,S,Souscripteur / Preneur
ROLE_000883,BA000303,CLI_0221,A,Assuré
ROLE_000884,BA000303,CLI_0221,B,Bénéficiaire en cas de décès
ROLE_000885,BA000304,CLI_0221,S,Souscripteur / Preneur
ROLE_000886,BA000304,CLI_0221,A,Assuré
ROLE_000887,BA000304,CLI_0221,B,Bénéficiaire en cas de décès
ROLE_000888,BA000305,CLI_0221,S,Souscripteur / Preneur
ROLE_000889,BA000305,CLI_0221,A,Assuré
ROLE_000890,BA000305,CLI_0221,B,Bénéficiaire en cas de décès
ROLE_000891,BA000306,CLI_0222,S,Souscripteur / Preneur
ROLE_000892,BA000306,CLI_0222,B,Bénéficiaire en cas de décès
ROLE_000893,BA000306,CLI_0222,UBO,Bénéficiaire effectif
ROLE_000894,BA000307,CLI_0223,S,Souscripteur / Preneur
ROLE_000895,BA000307,CLI_0223,A,Assuré
ROLE_000896,BA000307,CLI_0223,B,Bénéficiaire en cas de décès
ROLE_000897,BA000308,CLI_0223,S,Souscripteur / Preneur
ROLE_000898,BA000308,CLI_0223,A,Assuré
ROLE_000899,BA000308,CLI_0223,B,Bénéficiaire en cas de décès
ROLE_000900,BA000309,CLI_0224,S,Souscripteur / Preneur
ROLE_000901,BA000309,CLI_0224,A,Assuré
ROLE_000902,BA000309,CLI_0224,B,Bénéficiaire en cas de décès
ROLE_000903,BA000310,CLI_0225,S,Souscripteur / Preneur
ROLE_000904,BA000310,CLI_0225,B,Bénéficiaire en cas de décès
ROLE_000905,BA000311,CLI_0225,S,Souscripteur / Preneur
ROLE_000906,BA000311,CLI_0225,B,Bénéficiaire en cas de décès
ROLE_000907,BA000312,CLI_0226,S,Souscripteur / Preneur
ROLE_000908,BA000312,CLI_0226,A,Assuré
ROLE_000909,BA000312,CLI_0226,B,Bénéficiaire en cas de décès
ROLE_000910,BA000313,CLI_0227,S,Souscripteur / Preneur
ROLE_000911,BA000313,CLI_0227,A,Assuré
ROLE_000912,BA000313,CLI_0227,B,Bénéficiaire en cas de décès
ROLE_000913,BA000314,CLI_0227,S,Souscripteur / Preneur
ROLE_000914,BA000314,CLI_0227,A,Assuré
ROLE_000915,BA000314,CLI_0227,B,Bénéficiaire en cas de décès
ROLE_000916,BA000315,CLI_0228,S,Souscripteur / Preneur
ROLE_000917,BA000315,CLI_0228,A,Assuré
ROLE_000918,BA000315,CLI_0228,B,Bénéficiaire en cas de décès
ROLE_000919,BA000316,CLI_0228,S,Souscripteur / Preneur
ROLE_000920,BA000316,CLI_0228,A,Assuré
ROLE_000921,BA000316,CLI_0228,B,Bénéficiaire en cas de décès
ROLE_000922,BA000317,CLI_0229,S,Souscripteur / Preneur
ROLE_000923,BA000317,CLI_0229,A,Assuré
ROLE_000924,BA000317,CLI_0229,B,Bénéficiaire en cas de décès
ROLE_000925,BA000318,CLI_0230,S,Souscripteur / Preneur
ROLE_000926,BA000318,CLI_0230,A,Assuré
ROLE_000927,BA000318,CLI_0230,B,Bénéficiaire en cas de décès
ROLE_000928,BA000319,CLI_0230,S,Souscripteur / Preneur
ROLE_000929,BA000319,CLI_0230,A,Assuré
ROLE_000930,BA000319,CLI_0230,B,Bénéficiaire en cas de décès
ROLE_000931,BA000320,CLI_0231,S,Souscripteur / Preneur
ROLE_000932,BA000320,CLI_0231,A,Assuré
ROLE_000933,BA000320,CLI_0231,B,Bénéficiaire en cas de décès
ROLE_000934,BA000321,CLI_0231,S,Souscripteur / Preneur
ROLE_000935,BA000321,CLI_0231,A,Assuré
ROLE_000936,BA000321,CLI_0231,B,Bénéficiaire en cas de décès
ROLE_000937,BA000322,CLI_0232,S,Souscripteur / Preneur
ROLE_000938,BA000322,CLI_0232,A,Assuré
ROLE_000939,BA000322,CLI_0232,B,Bénéficiaire en cas de décès
ROLE_000940,BA000323,CLI_0233,S,Souscripteur / Preneur
ROLE_000941,BA000323,CLI_0233,A,Assuré
ROLE_000942,BA000323,CLI_0233,B,Bénéficiaire en cas de décès
ROLE_000943,BA000324,CLI_0234,S,Souscripteur / Preneur
ROLE_000944,BA000324,CLI_0234,A,Assuré
ROLE_000945,BA000324,CLI_0234,B,Bénéficiaire en cas de décès
ROLE_000946,BA000325,CLI_0235,S,Souscripteur / Preneur
ROLE_000947,BA000325,CLI_0235,B,Bénéficiaire en cas de décès
ROLE_000948,BA000326,CLI_0236,S,Souscripteur / Preneur
ROLE_000949,BA000326,CLI_0236,A,Assuré
ROLE_000950,BA000326,CLI_0236,B,Bénéficiaire en cas de décès
ROLE_000951,BA000327,CLI_0236,S,Souscripteur / Preneur
ROLE_000952,BA000327,CLI_0236,A,Assuré
ROLE_000953,BA000327,CLI_0236,B,Bénéficiaire en cas de décès
ROLE_000954,BA000328,CLI_0236,S,Souscripteur / Preneur
ROLE_000955,BA000328,CLI_0236,A,Assuré
ROLE_000956,BA000328,CLI_0236,B,Bénéficiaire en cas de décès
ROLE_000957,BA000329,CLI_0237,S,Souscripteur / Preneur
ROLE_000958,BA000329,CLI_0237,A,Assuré
ROLE_000959,BA000329,CLI_0237,B,Bénéficiaire en cas de décès
ROLE_000960,BA000330,CLI_0238,S,Souscripteur / Preneur
ROLE_000961,BA000330,CLI_0238,A,Assuré
ROLE_000962,BA000330,CLI_0238,B,Bénéficiaire en cas de décès
ROLE_000963,BA000331,CLI_0238,S,Souscripteur / Preneur
ROLE_000964,BA000331,CLI_0238,B,Bénéficiaire en cas de décès
ROLE_000965,BA000332,CLI_0239,S,Souscripteur / Preneur
ROLE_000966,BA000332,CLI_0239,A,Assuré
ROLE_000967,BA000332,CLI_0239,B,Bénéficiaire en cas de décès
ROLE_000968,BA000333,CLI_0240,S,Souscripteur / Preneur
ROLE_000969,BA000333,CLI_0240,A,Assuré
ROLE_000970,BA000333,CLI_0240,B,Bénéficiaire en cas de décès
ROLE_000971,BA000334,CLI_0240,S,Souscripteur / Preneur
ROLE_000972,BA000334,CLI_0240,B,Bénéficiaire en cas de décès
ROLE_000973,BA000335,CLI_0240,S,Souscripteur / Preneur
ROLE_000974,BA000335,CLI_0240,A,Assuré
ROLE_000975,BA000335,CLI_0240,B,Bénéficiaire en cas de décès
ROLE_000976,BA000336,CLI_0241,S,Souscripteur / Preneur
ROLE_000977,BA000336,CLI_0241,A,Assuré
ROLE_000978,BA000336,CLI_0241,B,Bénéficiaire en cas de décès
ROLE_000979,BA000337,CLI_0242,S,Souscripteur / Preneur
ROLE_000980,BA000337,CLI_0242,B,Bénéficiaire en cas de décès
ROLE_000981,BA000338,CLI_0243,S,Souscripteur / Preneur
ROLE_000982,BA000338,CLI_0243,B,Bénéficiaire en cas de décès
ROLE_000983,BA000339,CLI_0244,S,Souscripteur / Preneur
ROLE_000984,BA000339,CLI_0244,A,Assuré
ROLE_000985,BA000339,CLI_0244,B,Bénéficiaire en cas de décès
ROLE_000986,BA000340,CLI_0245,S,Souscripteur / Preneur
ROLE_000987,BA000340,CLI_0245,A,Assuré
ROLE_000988,BA000340,CLI_0245,B,Bénéficiaire en cas de décès
ROLE_000989,BA000341,CLI_0246,S,Souscripteur / Preneur
ROLE_000990,BA000341,CLI_0246,A,Assuré
ROLE_000991,BA000341,CLI_0246,B,Bénéficiaire en cas de décès
ROLE_000992,BA000342,CLI_0247,S,Souscripteur / Preneur
ROLE_000993,BA000342,CLI_0247,A,Assuré
ROLE_000994,BA000342,CLI_0247,B,Bénéficiaire en cas de décès
ROLE_000995,BA000343,CLI_0248,S,Souscripteur / Preneur
ROLE_000996,BA000343,CLI_0248,A,Assuré
ROLE_000997,BA000343,CLI_0248,B,Bénéficiaire en cas de décès
ROLE_000998,BA000344,CLI_0249,S,Souscripteur / Preneur
ROLE_000999,BA000344,CLI_0249,A,Assuré
ROLE_001000,BA000344,CLI_0249,B,Bénéficiaire en cas de décès
ROLE_001001,BA000345,CLI_0250,S,Souscripteur / Preneur
ROLE_001002,BA000345,CLI_0250,A,Assuré
ROLE_001003,BA000345,CLI_0250,B,Bénéficiaire en cas de décès
ROLE_001004,BA000346,CLI_0251,S,Souscripteur / Preneur
ROLE_001005,BA000346,CLI_0251,A,Assuré
ROLE_001006,BA000346,CLI_0251,B,Bénéficiaire en cas de décès
ROLE_001007,BA000347,CLI_0252,S,Souscripteur / Preneur
ROLE_001008,BA000347,CLI_0252,A,Assuré
ROLE_001009,BA000347,CLI_0252,B,Bénéficiaire en cas de décès
ROLE_001010,BA000347,CLI_0252,UBO,Bénéficiaire effectif
ROLE_001011,BA000348,CLI_0252,S,Souscripteur / Preneur
ROLE_001012,BA000348,CLI_0252,A,Assuré
ROLE_001013,BA000348,CLI_0252,B,Bénéficiaire en cas de décès
ROLE_001014,BA000348,CLI_0252,UBO,Bénéficiaire effectif
ROLE_001015,BA000349,CLI_0253,S,Souscripteur / Preneur
ROLE_001016,BA000349,CLI_0253,A,Assuré
ROLE_001017,BA000349,CLI_0253,B,Bénéficiaire en cas de décès
ROLE_001018,BA000350,CLI_0254,S,Souscripteur / Preneur
ROLE_001019,BA000350,CLI_0254,A,Assuré
ROLE_001020,BA000350,CLI_0254,B,Bénéficiaire en cas de décès
ROLE_001021,BA000351,CLI_0254,S,Souscripteur / Preneur
ROLE_001022,BA000351,CLI_0254,A,Assuré
ROLE_001023,BA000351,CLI_0254,B,Bénéficiaire en cas de décès
ROLE_001024,BA000352,CLI_0255,S,Souscripteur / Preneur
ROLE_001025,BA000352,CLI_0255,A,Assuré
ROLE_001026,BA000352,CLI_0255,B,Bénéficiaire en cas de décès
ROLE_001027,BA000353,CLI_0256,S,Souscripteur / Preneur
ROLE_001028,BA000353,CLI_0256,A,Assuré
ROLE_001029,BA000353,CLI_0256,B,Bénéficiaire en cas de décès
ROLE_001030,BA000354,CLI_0257,S,Souscripteur / Preneur
ROLE_001031,BA000354,CLI_0257,A,Assuré
ROLE_001032,BA000354,CLI_0257,B,Bénéficiaire en cas de décès
ROLE_001033,BA000355,CLI_0258,S,Souscripteur / Preneur
ROLE_001034,BA000355,CLI_0258,A,Assuré
ROLE_001035,BA000355,CLI_0258,B,Bénéficiaire en cas de décès
ROLE_001036,BA000356,CLI_0259,S,Souscripteur / Preneur
ROLE_001037,BA000356,CLI_0259,A,Assuré
ROLE_001038,BA000356,CLI_0259,B,Bénéficiaire en cas de décès
ROLE_001039,BA000357,CLI_0259,S,Souscripteur / Preneur
ROLE_001040,BA000357,CLI_0259,A,Assuré
ROLE_001041,BA000357,CLI_0259,B,Bénéficiaire en cas de décès
ROLE_001042,BA000358,CLI_0260,S,Souscripteur / Preneur
ROLE_001043,BA000358,CLI_0260,A,Assuré
ROLE_001044,BA000358,CLI_0260,B,Bénéficiaire en cas de décès
ROLE_001045,BA000359,CLI_0261,S,Souscripteur / Preneur
ROLE_001046,BA000359,CLI_0261,B,Bénéficiaire en cas de décès
ROLE_001047,BA000360,CLI_0262,S,Souscripteur / Preneur
ROLE_001048,BA000360,CLI_0262,A,Assuré
ROLE_001049,BA000360,CLI_0262,B,Bénéficiaire en cas de décès
ROLE_001050,BA000361,CLI_0262,S,Souscripteur / Preneur
ROLE_001051,BA000361,CLI_0262,A,Assuré
ROLE_001052,BA000361,CLI_0262,B,Bénéficiaire en cas de décès
ROLE_001053,BA000362,CLI_0263,S,Souscripteur / Preneur
ROLE_001054,BA000362,CLI_0263,A,Assuré
ROLE_001055,BA000362,CLI_0263,B,Bénéficiaire en cas de décès
ROLE_001056,BA000363,CLI_0263,S,Souscripteur / Preneur
ROLE_001057,BA000363,CLI_0263,A,Assuré
ROLE_001058,BA000363,CLI_0263,B,Bénéficiaire en cas de décès
ROLE_001059,BA000364,CLI_0264,S,Souscripteur / Preneur
ROLE_001060,BA000364,CLI_0264,A,Assuré
ROLE_001061,BA000364,CLI_0264,B,Bénéficiaire en cas de décès
ROLE_001062,BA000365,CLI_0265,S,Souscripteur / Preneur
ROLE_001063,BA000365,CLI_0265,B,Bénéficiaire en cas de décès
ROLE_001064,BA000366,CLI_0266,S,Souscripteur / Preneur
ROLE_001065,BA000366,CLI_0266,A,Assuré
ROLE_001066,BA000366,CLI_0266,B,Bénéficiaire en cas de décès
ROLE_001067,BA000367,CLI_0267,S,Souscripteur / Preneur
ROLE_001068,BA000367,CLI_0267,A,Assuré
ROLE_001069,BA000367,CLI_0267,B,Bénéficiaire en cas de décès
ROLE_001070,BA000368,CLI_0268,S,Souscripteur / Preneur
ROLE_001071,BA000368,CLI_0268,A,Assuré
ROLE_001072,BA000368,CLI_0268,B,Bénéficiaire en cas de décès
ROLE_001073,BA000369,CLI_0269,S,Souscripteur / Preneur
ROLE_001074,BA000369,CLI_0269,A,Assuré
ROLE_001075,BA000369,CLI_0269,B,Bénéficiaire en cas de décès
ROLE_001076,BA000370,CLI_0269,S,Souscripteur / Preneur
ROLE_001077,BA000370,CLI_0269,A,Assuré
ROLE_001078,BA000370,CLI_0269,B,Bénéficiaire en cas de décès
ROLE_001079,BA000371,CLI_0270,S,Souscripteur / Preneur
ROLE_001080,BA000371,CLI_0270,B,Bénéficiaire en cas de décès
ROLE_001081,BA000372,CLI_0271,S,Souscripteur / Preneur
ROLE_001082,BA000372,CLI_0271,B,Bénéficiaire en cas de décès
ROLE_001083,BA000373,CLI_0271,S,Souscripteur / Preneur
ROLE_001084,BA000373,CLI_0271,A,Assuré
ROLE_001085,BA000373,CLI_0271,B,Bénéficiaire en cas de décès
ROLE_001086,BA000374,CLI_0272,S,Souscripteur / Preneur
ROLE_001087,BA000374,CLI_0272,A,Assuré
ROLE_001088,BA000374,CLI_0272,B,Bénéficiaire en cas de décès
ROLE_001089,BA000375,CLI_0273,S,Souscripteur / Preneur
ROLE_001090,BA000375,CLI_0273,A,Assuré
ROLE_001091,BA000375,CLI_0273,B,Bénéficiaire en cas de décès
ROLE_001092,BA000376,CLI_0274,S,Souscripteur / Preneur
ROLE_001093,BA000376,CLI_0274,A,Assuré
ROLE_001094,BA000376,CLI_0274,B,Bénéficiaire en cas de décès
ROLE_001095,BA000377,CLI_0275,S,Souscripteur / Preneur
ROLE_001096,BA000377,CLI_0275,A,Assuré
ROLE_001097,BA000377,CLI_0275,B,Bénéficiaire en cas de décès
ROLE_001098,BA000378,CLI_0275,S,Souscripteur / Preneur
ROLE_001099,BA000378,CLI_0275,A,Assuré
ROLE_001100,BA000378,CLI_0275,B,Bénéficiaire en cas de décès
ROLE_001101,BA000379,CLI_0276,S,Souscripteur / Preneur
ROLE_001102,BA000379,CLI_0276,A,Assuré
ROLE_001103,BA000379,CLI_0276,B,Bénéficiaire en cas de décès
ROLE_001104,BA000380,CLI_0276,S,Souscripteur / Preneur
ROLE_001105,BA000380,CLI_0276,A,Assuré
ROLE_001106,BA000380,CLI_0276,B,Bénéficiaire en cas de décès
ROLE_001107,BA000381,CLI_0276,S,Souscripteur / Preneur
ROLE_001108,BA000381,CLI_0276,A,Assuré
ROLE_001109,BA000381,CLI_0276,B,Bénéficiaire en cas de décès
ROLE_001110,BA000382,CLI_0277,S,Souscripteur / Preneur
ROLE_001111,BA000382,CLI_0277,A,Assuré
ROLE_001112,BA000382,CLI_0277,B,Bénéficiaire en cas de décès
ROLE_001113,BA000383,CLI_0278,S,Souscripteur / Preneur
ROLE_001114,BA000383,CLI_0278,A,Assuré
ROLE_001115,BA000383,CLI_0278,B,Bénéficiaire en cas de décès
ROLE_001116,BA000384,CLI_0279,S,Souscripteur / Preneur
ROLE_001117,BA000384,CLI_0279,A,Assuré
ROLE_001118,BA000384,CLI_0279,B,Bénéficiaire en cas de décès
ROLE_001119,BA000385,CLI_0280,S,Souscripteur / Preneur
ROLE_001120,BA000385,CLI_0280,A,Assuré
ROLE_001121,BA000385,CLI_0280,B,Bénéficiaire en cas de décès
ROLE_001122,BA000385,CLI_0280,UBO,Bénéficiaire effectif
ROLE_001123,BA000386,CLI_0281,S,Souscripteur / Preneur
ROLE_001124,BA000386,CLI_0281,A,Assuré
ROLE_001125,BA000386,CLI_0281,B,Bénéficiaire en cas de décès
ROLE_001126,BA000387,CLI_0282,S,Souscripteur / Preneur
ROLE_001127,BA000387,CLI_0282,A,Assuré
ROLE_001128,BA000387,CLI_0282,B,Bénéficiaire en cas de décès
ROLE_001129,BA000388,CLI_0283,S,Souscripteur / Preneur
ROLE_001130,BA000388,CLI_0283,A,Assuré
ROLE_001131,BA000388,CLI_0283,B,Bénéficiaire en cas de décès
ROLE_001132,BA000389,CLI_0284,S,Souscripteur / Preneur
ROLE_001133,BA000389,CLI_0284,A,Assuré
ROLE_001134,BA000389,CLI_0284,B,Bénéficiaire en cas de décès
ROLE_001135,BA000390,CLI_0285,S,Souscripteur / Preneur
ROLE_001136,BA000390,CLI_0285,A,Assuré
ROLE_001137,BA000390,CLI_0285,B,Bénéficiaire en cas de décès
ROLE_001138,BA000391,CLI_0285,S,Souscripteur / Preneur
ROLE_001139,BA000391,CLI_0285,A,Assuré
ROLE_001140,BA000391,CLI_0285,B,Bénéficiaire en cas de décès
ROLE_001141,BA000392,CLI_0286,S,Souscripteur / Preneur
ROLE_001142,BA000392,CLI_0286,B,Bénéficiaire en cas de décès
ROLE_001143,BA000393,CLI_0287,S,Souscripteur / Preneur
ROLE_001144,BA000393,CLI_0287,A,Assuré
ROLE_001145,BA000393,CLI_0287,B,Bénéficiaire en cas de décès
ROLE_001146,BA000394,CLI_0288,S,Souscripteur / Preneur
ROLE_001147,BA000394,CLI_0288,A,Assuré
ROLE_001148,BA000394,CLI_0288,B,Bénéficiaire en cas de décès
ROLE_001149,BA000395,CLI_0289,S,Souscripteur / Preneur
ROLE_001150,BA000395,CLI_0289,A,Assuré
ROLE_001151,BA000395,CLI_0289,B,Bénéficiaire en cas de décès
ROLE_001152,BA000396,CLI_0290,S,Souscripteur / Preneur
ROLE_001153,BA000396,CLI_0290,A,Assuré
ROLE_001154,BA000396,CLI_0290,B,Bénéficiaire en cas de décès
ROLE_001155,BA000397,CLI_0291,S,Souscripteur / Preneur
ROLE_001156,BA000397,CLI_0291,A,Assuré
ROLE_001157,BA000397,CLI_0291,B,Bénéficiaire en cas de décès
ROLE_001158,BA000398,CLI_0292,S,Souscripteur / Preneur
ROLE_001159,BA000398,CLI_0292,A,Assuré
ROLE_001160,BA000398,CLI_0292,B,Bénéficiaire en cas de décès
ROLE_001161,BA000398,CLI_0292,UBO,Bénéficiaire effectif
ROLE_001162,BA000399,CLI_0292,S,Souscripteur / Preneur
ROLE_001163,BA000399,CLI_0292,A,Assuré
ROLE_001164,BA000399,CLI_0292,B,Bénéficiaire en cas de décès
ROLE_001165,BA000399,CLI_0292,UBO,Bénéficiaire effectif
ROLE_001166,BA000400,CLI_0293,S,Souscripteur / Preneur
ROLE_001167,BA000400,CLI_0293,A,Assuré
ROLE_001168,BA000400,CLI_0293,B,Bénéficiaire en cas de décès
ROLE_001169,BA000401,CLI_0293,S,Souscripteur / Preneur
ROLE_001170,BA000401,CLI_0293,A,Assuré
ROLE_001171,BA000401,CLI_0293,B,Bénéficiaire en cas de décès
ROLE_001172,BA000402,CLI_0294,S,Souscripteur / Preneur
ROLE_001173,BA000402,CLI_0294,A,Assuré
ROLE_001174,BA000402,CLI_0294,B,Bénéficiaire en cas de décès
ROLE_001175,BA000403,CLI_0295,S,Souscripteur / Preneur
ROLE_001176,BA000403,CLI_0295,A,Assuré
ROLE_001177,BA000403,CLI_0295,B,Bénéficiaire en cas de décès
ROLE_001178,BA000404,CLI_0296,S,Souscripteur / Preneur
ROLE_001179,BA000404,CLI_0296,A,Assuré
ROLE_001180,BA000404,CLI_0296,B,Bénéficiaire en cas de décès
ROLE_001181,BA000405,CLI_0297,S,Souscripteur / Preneur
ROLE_001182,BA000405,CLI_0297,A,Assuré
ROLE_001183,BA000405,CLI_0297,B,Bénéficiaire en cas de décès
ROLE_001184,BA000406,CLI_0298,S,Souscripteur / Preneur
ROLE_001185,BA000406,CLI_0298,A,Assuré
ROLE_001186,BA000406,CLI_0298,B,Bénéficiaire en cas de décès
ROLE_001187,BA000407,CLI_0299,S,Souscripteur / Preneur
ROLE_001188,BA000407,CLI_0299,A,Assuré
ROLE_001189,BA000407,CLI_0299,B,Bénéficiaire en cas de décès
ROLE_001190,BA000408,CLI_0299,S,Souscripteur / Preneur
ROLE_001191,BA000408,CLI_0299,A,Assuré
ROLE_001192,BA000408,CLI_0299,B,Bénéficiaire en cas de décès
ROLE_001193,BA000409,CLI_0299,S,Souscripteur / Preneur
ROLE_001194,BA000409,CLI_0299,A,Assuré
ROLE_001195,BA000409,CLI_0299,B,Bénéficiaire en cas de décès
ROLE_001196,BA000410,CLI_0300,S,Souscripteur / Preneur
ROLE_001197,BA000410,CLI_0300,B,Bénéficiaire en cas de décès
ROLE_001198,BA000411,CLI_0301,S,Souscripteur / Preneur
ROLE_001199,BA000411,CLI_0301,A,Assuré
ROLE_001200,BA000411,CLI_0301,B,Bénéficiaire en cas de décès
ROLE_001201,BA000412,CLI_0301,S,Souscripteur / Preneur
ROLE_001202,BA000412,CLI_0301,B,Bénéficiaire en cas de décès
ROLE_001203,BA000413,CLI_0302,S,Souscripteur / Preneur
ROLE_001204,BA000413,CLI_0302,A,Assuré
ROLE_001205,BA000413,CLI_0302,B,Bénéficiaire en cas de décès
ROLE_001206,BA000414,CLI_0303,S,Souscripteur / Preneur
ROLE_001207,BA000414,CLI_0303,A,Assuré
ROLE_001208,BA000414,CLI_0303,B,Bénéficiaire en cas de décès
ROLE_001209,BA000415,CLI_0304,S,Souscripteur / Preneur
ROLE_001210,BA000415,CLI_0304,A,Assuré
ROLE_001211,BA000415,CLI_0304,B,Bénéficiaire en cas de décès
ROLE_001212,BA000416,CLI_0305,S,Souscripteur / Preneur
ROLE_001213,BA000416,CLI_0305,B,Bénéficiaire en cas de décès
ROLE_001214,BA000416,CLI_0305,UBO,Bénéficiaire effectif
ROLE_001215,BA000417,CLI_0305,S,Souscripteur / Preneur
ROLE_001216,BA000417,CLI_0305,A,Assuré
ROLE_001217,BA000417,CLI_0305,B,Bénéficiaire en cas de décès
ROLE_001218,BA000417,CLI_0305,UBO,Bénéficiaire effectif
ROLE_001219,BA000418,CLI_0306,S,Souscripteur / Preneur
ROLE_001220,BA000418,CLI_0306,B,Bénéficiaire en cas de décès
ROLE_001221,BA000419,CLI_0307,S,Souscripteur / Preneur
ROLE_001222,BA000419,CLI_0307,A,Assuré
ROLE_001223,BA000419,CLI_0307,B,Bénéficiaire en cas de décès
ROLE_001224,BA000420,CLI_0308,S,Souscripteur / Preneur
ROLE_001225,BA000420,CLI_0308,A,Assuré
ROLE_001226,BA000420,CLI_0308,B,Bénéficiaire en cas de décès
ROLE_001227,BA000421,CLI_0308,S,Souscripteur / Preneur
ROLE_001228,BA000421,CLI_0308,A,Assuré
ROLE_001229,BA000421,CLI_0308,B,Bénéficiaire en cas de décès
ROLE_001230,BA000422,CLI_0309,S,Souscripteur / Preneur
ROLE_001231,BA000422,CLI_0309,A,Assuré
ROLE_001232,BA000422,CLI_0309,B,Bénéficiaire en cas de décès
ROLE_001233,BA000423,CLI_0310,S,Souscripteur / Preneur
ROLE_001234,BA000423,CLI_0310,B,Bénéficiaire en cas de décès
ROLE_001235,BA000424,CLI_0311,S,Souscripteur / Preneur
ROLE_001236,BA000424,CLI_0311,A,Assuré
ROLE_001237,BA000424,CLI_0311,B,Bénéficiaire en cas de décès
ROLE_001238,BA000425,CLI_0312,S,Souscripteur / Preneur
ROLE_001239,BA000425,CLI_0312,A,Assuré
ROLE_001240,BA000425,CLI_0312,B,Bénéficiaire en cas de décès
ROLE_001241,BA000426,CLI_0313,S,Souscripteur / Preneur
ROLE_001242,BA000426,CLI_0313,A,Assuré
ROLE_001243,BA000426,CLI_0313,B,Bénéficiaire en cas de décès
ROLE_001244,BA000427,CLI_0314,S,Souscripteur / Preneur
ROLE_001245,BA000427,CLI_0314,A,Assuré
ROLE_001246,BA000427,CLI_0314,B,Bénéficiaire en cas de décès
ROLE_001247,BA000428,CLI_0315,S,Souscripteur / Preneur
ROLE_001248,BA000428,CLI_0315,A,Assuré
ROLE_001249,BA000428,CLI_0315,B,Bénéficiaire en cas de décès
ROLE_001250,BA000429,CLI_0316,S,Souscripteur / Preneur
ROLE_001251,BA000429,CLI_0316,A,Assuré
ROLE_001252,BA000429,CLI_0316,B,Bénéficiaire en cas de décès
ROLE_001253,BA000430,CLI_0317,S,Souscripteur / Preneur
ROLE_001254,BA000430,CLI_0317,A,Assuré
ROLE_001255,BA000430,CLI_0317,B,Bénéficiaire en cas de décès
ROLE_001256,BA000431,CLI_0318,S,Souscripteur / Preneur
ROLE_001257,BA000431,CLI_0318,A,Assuré
ROLE_001258,BA000431,CLI_0318,B,Bénéficiaire en cas de décès
ROLE_001259,BA000432,CLI_0319,S,Souscripteur / Preneur
ROLE_001260,BA000432,CLI_0319,A,Assuré
ROLE_001261,BA000432,CLI_0319,B,Bénéficiaire en cas de décès
ROLE_001262,BA000433,CLI_0319,S,Souscripteur / Preneur
ROLE_001263,BA000433,CLI_0319,A,Assuré
ROLE_001264,BA000433,CLI_0319,B,Bénéficiaire en cas de décès
ROLE_001265,BA000434,CLI_0319,S,Souscripteur / Preneur
ROLE_001266,BA000434,CLI_0319,A,Assuré
ROLE_001267,BA000434,CLI_0319,B,Bénéficiaire en cas de décès
ROLE_001268,BA000435,CLI_0320,S,Souscripteur / Preneur
ROLE_001269,BA000435,CLI_0320,A,Assuré
ROLE_001270,BA000435,CLI_0320,B,Bénéficiaire en cas de décès
ROLE_001271,BA000436,CLI_0320,S,Souscripteur / Preneur
ROLE_001272,BA000436,CLI_0320,A,Assuré
ROLE_001273,BA000436,CLI_0320,B,Bénéficiaire en cas de décès
ROLE_001274,BA000437,CLI_0320,S,Souscripteur / Preneur
ROLE_001275,BA000437,CLI_0320,A,Assuré
ROLE_001276,BA000437,CLI_0320,B,Bénéficiaire en cas de décès
ROLE_001277,BA000438,CLI_0321,S,Souscripteur / Preneur
ROLE_001278,BA000438,CLI_0321,A,Assuré
ROLE_001279,BA000438,CLI_0321,B,Bénéficiaire en cas de décès
ROLE_001280,BA000439,CLI_0322,S,Souscripteur / Preneur
ROLE_001281,BA000439,CLI_0322,A,Assuré
ROLE_001282,BA000439,CLI_0322,B,Bénéficiaire en cas de décès
ROLE_001283,BA000440,CLI_0323,S,Souscripteur / Preneur
ROLE_001284,BA000440,CLI_0323,A,Assuré
ROLE_001285,BA000440,CLI_0323,B,Bénéficiaire en cas de décès
ROLE_001286,BA000440,CLI_0323,UBO,Bénéficiaire effectif
ROLE_001287,BA000441,CLI_0324,S,Souscripteur / Preneur
ROLE_001288,BA000441,CLI_0324,A,Assuré
ROLE_001289,BA000441,CLI_0324,B,Bénéficiaire en cas de décès
ROLE_001290,BA000442,CLI_0324,S,Souscripteur / Preneur
ROLE_001291,BA000442,CLI_0324,A,Assuré
ROLE_001292,BA000442,CLI_0324,B,Bénéficiaire en cas de décès
ROLE_001293,BA000443,CLI_0325,S,Souscripteur / Preneur
ROLE_001294,BA000443,CLI_0325,A,Assuré
ROLE_001295,BA000443,CLI_0325,B,Bénéficiaire en cas de décès
ROLE_001296,BA000444,CLI_0325,S,Souscripteur / Preneur
ROLE_001297,BA000444,CLI_0325,A,Assuré
ROLE_001298,BA000444,CLI_0325,B,Bénéficiaire en cas de décès
ROLE_001299,BA000445,CLI_0325,S,Souscripteur / Preneur
ROLE_001300,BA000445,CLI_0325,A,Assuré
ROLE_001301,BA000445,CLI_0325,B,Bénéficiaire en cas de décès
ROLE_001302,BA000446,CLI_0326,S,Souscripteur / Preneur
ROLE_001303,BA000446,CLI_0326,A,Assuré
ROLE_001304,BA000446,CLI_0326,B,Bénéficiaire en cas de décès
ROLE_001305,BA000447,CLI_0327,S,Souscripteur / Preneur
ROLE_001306,BA000447,CLI_0327,A,Assuré
ROLE_001307,BA000447,CLI_0327,B,Bénéficiaire en cas de décès
ROLE_001308,BA000448,CLI_0327,S,Souscripteur / Preneur
ROLE_001309,BA000448,CLI_0327,A,Assuré
ROLE_001310,BA000448,CLI_0327,B,Bénéficiaire en cas de décès
ROLE_001311,BA000449,CLI_0328,S,Souscripteur / Preneur
ROLE_001312,BA000449,CLI_0328,B,Bénéficiaire en cas de décès
ROLE_001313,BA000450,CLI_0329,S,Souscripteur / Preneur
ROLE_001314,BA000450,CLI_0329,A,Assuré
ROLE_001315,BA000450,CLI_0329,B,Bénéficiaire en cas de décès
ROLE_001316,BA000451,CLI_0330,S,Souscripteur / Preneur
ROLE_001317,BA000451,CLI_0330,A,Assuré
ROLE_001318,BA000451,CLI_0330,B,Bénéficiaire en cas de décès
ROLE_001319,BA000452,CLI_0331,S,Souscripteur / Preneur
ROLE_001320,BA000452,CLI_0331,A,Assuré
ROLE_001321,BA000452,CLI_0331,B,Bénéficiaire en cas de décès
ROLE_001322,BA000453,CLI_0332,S,Souscripteur / Preneur
ROLE_001323,BA000453,CLI_0332,A,Assuré
ROLE_001324,BA000453,CLI_0332,B,Bénéficiaire en cas de décès
ROLE_001325,BA000454,CLI_0333,S,Souscripteur / Preneur
ROLE_001326,BA000454,CLI_0333,A,Assuré
ROLE_001327,BA000454,CLI_0333,B,Bénéficiaire en cas de décès
ROLE_001328,BA000455,CLI_0333,S,Souscripteur / Preneur
ROLE_001329,BA000455,CLI_0333,A,Assuré
ROLE_001330,BA000455,CLI_0333,B,Bénéficiaire en cas de décès
ROLE_001331,BA000456,CLI_0334,S,Souscripteur / Preneur
ROLE_001332,BA000456,CLI_0334,A,Assuré
ROLE_001333,BA000456,CLI_0334,B,Bénéficiaire en cas de décès
ROLE_001334,BA000457,CLI_0335,S,Souscripteur / Preneur
ROLE_001335,BA000457,CLI_0335,A,Assuré
ROLE_001336,BA000457,CLI_0335,B,Bénéficiaire en cas de décès
ROLE_001337,BA000458,CLI_0336,S,Souscripteur / Preneur
ROLE_001338,BA000458,CLI_0336,A,Assuré
ROLE_001339,BA000458,CLI_0336,B,Bénéficiaire en cas de décès
ROLE_001340,BA000459,CLI_0336,S,Souscripteur / Preneur
ROLE_001341,BA000459,CLI_0336,A,Assuré
ROLE_001342,BA000459,CLI_0336,B,Bénéficiaire en cas de décès
ROLE_001343,BA000460,CLI_0337,S,Souscripteur / Preneur
ROLE_001344,BA000460,CLI_0337,A,Assuré
ROLE_001345,BA000460,CLI_0337,B,Bénéficiaire en cas de décès
ROLE_001346,BA000461,CLI_0338,S,Souscripteur / Preneur
ROLE_001347,BA000461,CLI_0338,A,Assuré
ROLE_001348,BA000461,CLI_0338,B,Bénéficiaire en cas de décès
ROLE_001349,BA000462,CLI_0339,S,Souscripteur / Preneur
ROLE_001350,BA000462,CLI_0339,A,Assuré
ROLE_001351,BA000462,CLI_0339,B,Bénéficiaire en cas de décès
ROLE_001352,BA000463,CLI_0340,S,Souscripteur / Preneur
ROLE_001353,BA000463,CLI_0340,A,Assuré
ROLE_001354,BA000463,CLI_0340,B,Bénéficiaire en cas de décès
ROLE_001355,BA000464,CLI_0340,S,Souscripteur / Preneur
ROLE_001356,BA000464,CLI_0340,A,Assuré
ROLE_001357,BA000464,CLI_0340,B,Bénéficiaire en cas de décès
ROLE_001358,BA000465,CLI_0341,S,Souscripteur / Preneur
ROLE_001359,BA000465,CLI_0341,A,Assuré
ROLE_001360,BA000465,CLI_0341,B,Bénéficiaire en cas de décès
ROLE_001361,BA000465,CLI_0341,UBO,Bénéficiaire effectif
ROLE_001362,BA000466,CLI_0342,S,Souscripteur / Preneur
ROLE_001363,BA000466,CLI_0342,B,Bénéficiaire en cas de décès
ROLE_001364,BA000467,CLI_0342,S,Souscripteur / Preneur
ROLE_001365,BA000467,CLI_0342,A,Assuré
ROLE_001366,BA000467,CLI_0342,B,Bénéficiaire en cas de décès
ROLE_001367,BA000468,CLI_0343,S,Souscripteur / Preneur
ROLE_001368,BA000468,CLI_0343,A,Assuré
ROLE_001369,BA000468,CLI_0343,B,Bénéficiaire en cas de décès
ROLE_001370,BA000469,CLI_0343,S,Souscripteur / Preneur
ROLE_001371,BA000469,CLI_0343,A,Assuré
ROLE_001372,BA000469,CLI_0343,B,Bénéficiaire en cas de décès
ROLE_001373,BA000470,CLI_0344,S,Souscripteur / Preneur
ROLE_001374,BA000470,CLI_0344,A,Assuré
ROLE_001375,BA000470,CLI_0344,B,Bénéficiaire en cas de décès
ROLE_001376,BA000471,CLI_0345,S,Souscripteur / Preneur
ROLE_001377,BA000471,CLI_0345,A,Assuré
ROLE_001378,BA000471,CLI_0345,B,Bénéficiaire en cas de décès
ROLE_001379,BA000472,CLI_0346,S,Souscripteur / Preneur
ROLE_001380,BA000472,CLI_0346,A,Assuré
ROLE_001381,BA000472,CLI_0346,B,Bénéficiaire en cas de décès
ROLE_001382,BA000473,CLI_0347,S,Souscripteur / Preneur
ROLE_001383,BA000473,CLI_0347,A,Assuré
ROLE_001384,BA000473,CLI_0347,B,Bénéficiaire en cas de décès
ROLE_001385,BA000473,CLI_0347,UBO,Bénéficiaire effectif
ROLE_001386,BA000474,CLI_0348,S,Souscripteur / Preneur
ROLE_001387,BA000474,CLI_0348,A,Assuré
ROLE_001388,BA000474,CLI_0348,B,Bénéficiaire en cas de décès
ROLE_001389,BA000475,CLI_0349,S,Souscripteur / Preneur
ROLE_001390,BA000475,CLI_0349,A,Assuré
ROLE_001391,BA000475,CLI_0349,B,Bénéficiaire en cas de décès
ROLE_001392,BA000476,CLI_0350,S,Souscripteur / Preneur
ROLE_001393,BA000476,CLI_0350,A,Assuré
ROLE_001394,BA000476,CLI_0350,B,Bénéficiaire en cas de décès
ROLE_001395,BA000477,CLI_0351,S,Souscripteur / Preneur
ROLE_001396,BA000477,CLI_0351,B,Bénéficiaire en cas de décès
ROLE_001397,BA000478,CLI_0352,S,Souscripteur / Preneur
ROLE_001398,BA000478,CLI_0352,A,Assuré
ROLE_001399,BA000478,CLI_0352,B,Bénéficiaire en cas de décès
ROLE_001400,BA000479,CLI_0352,S,Souscripteur / Preneur
ROLE_001401,BA000479,CLI_0352,A,Assuré
ROLE_001402,BA000479,CLI_0352,B,Bénéficiaire en cas de décès
ROLE_001403,BA000480,CLI_0353,S,Souscripteur / Preneur
ROLE_001404,BA000480,CLI_0353,A,Assuré
ROLE_001405,BA000480,CLI_0353,B,Bénéficiaire en cas de décès
ROLE_001406,BA000481,CLI_0353,S,Souscripteur / Preneur
ROLE_001407,BA000481,CLI_0353,A,Assuré
ROLE_001408,BA000481,CLI_0353,B,Bénéficiaire en cas de décès
ROLE_001409,BA000482,CLI_0354,S,Souscripteur / Preneur
ROLE_001410,BA000482,CLI_0354,A,Assuré
ROLE_001411,BA000482,CLI_0354,B,Bénéficiaire en cas de décès
ROLE_001412,BA000483,CLI_0354,S,Souscripteur / Preneur
ROLE_001413,BA000483,CLI_0354,B,Bénéficiaire en cas de décès
ROLE_001414,BA000484,CLI_0355,S,Souscripteur / Preneur
ROLE_001415,BA000484,CLI_0355,A,Assuré
ROLE_001416,BA000484,CLI_0355,B,Bénéficiaire en cas de décès
ROLE_001417,BA000485,CLI_0356,S,Souscripteur / Preneur
ROLE_001418,BA000485,CLI_0356,A,Assuré
ROLE_001419,BA000485,CLI_0356,B,Bénéficiaire en cas de décès
ROLE_001420,BA000486,CLI_0357,S,Souscripteur / Preneur
ROLE_001421,BA000486,CLI_0357,A,Assuré
ROLE_001422,BA000486,CLI_0357,B,Bénéficiaire en cas de décès
ROLE_001423,BA000487,CLI_0357,S,Souscripteur / Preneur
ROLE_001424,BA000487,CLI_0357,A,Assuré
ROLE_001425,BA000487,CLI_0357,B,Bénéficiaire en cas de décès
ROLE_001426,BA000488,CLI_0358,S,Souscripteur / Preneur
ROLE_001427,BA000488,CLI_0358,A,Assuré
ROLE_001428,BA000488,CLI_0358,B,Bénéficiaire en cas de décès
ROLE_001429,BA000489,CLI_0359,S,Souscripteur / Preneur
ROLE_001430,BA000489,CLI_0359,A,Assuré
ROLE_001431,BA000489,CLI_0359,B,Bénéficiaire en cas de décès
ROLE_001432,BA000490,CLI_0360,S,Souscripteur / Preneur
ROLE_001433,BA000490,CLI_0360,A,Assuré
ROLE_001434,BA000490,CLI_0360,B,Bénéficiaire en cas de décès
ROLE_001435,BA000491,CLI_0361,S,Souscripteur / Preneur
ROLE_001436,BA000491,CLI_0361,B,Bénéficiaire en cas de décès
ROLE_001437,BA000492,CLI_0362,S,Souscripteur / Preneur
ROLE_001438,BA000492,CLI_0362,A,Assuré
ROLE_001439,BA000492,CLI_0362,B,Bénéficiaire en cas de décès
ROLE_001440,BA000493,CLI_0363,S,Souscripteur / Preneur
ROLE_001441,BA000493,CLI_0363,A,Assuré
ROLE_001442,BA000493,CLI_0363,B,Bénéficiaire en cas de décès
ROLE_001443,BA000494,CLI_0363,S,Souscripteur / Preneur
ROLE_001444,BA000494,CLI_0363,A,Assuré
ROLE_001445,BA000494,CLI_0363,B,Bénéficiaire en cas de décès
ROLE_001446,BA000495,CLI_0364,S,Souscripteur / Preneur
ROLE_001447,BA000495,CLI_0364,A,Assuré
ROLE_001448,BA000495,CLI_0364,B,Bénéficiaire en cas de décès
ROLE_001449,BA000496,CLI_0365,S,Souscripteur / Preneur
ROLE_001450,BA000496,CLI_0365,A,Assuré
ROLE_001451,BA000496,CLI_0365,B,Bénéficiaire en cas de décès
ROLE_001452,BA000497,CLI_0365,S,Souscripteur / Preneur
ROLE_001453,BA000497,CLI_0365,A,Assuré
ROLE_001454,BA000497,CLI_0365,B,Bénéficiaire en cas de décès
ROLE_001455,BA000498,CLI_0366,S,Souscripteur / Preneur
ROLE_001456,BA000498,CLI_0366,A,Assuré
ROLE_001457,BA000498,CLI_0366,B,Bénéficiaire en cas de décès
ROLE_001458,BA000499,CLI_0367,S,Souscripteur / Preneur
ROLE_001459,BA000499,CLI_0367,A,Assuré
ROLE_001460,BA000499,CLI_0367,B,Bénéficiaire en cas de décès
ROLE_001461,BA000500,CLI_0368,S,Souscripteur / Preneur
ROLE_001462,BA000500,CLI_0368,A,Assuré
ROLE_001463,BA000500,CLI_0368,B,Bénéficiaire en cas de décès
ROLE_001464,BA000501,CLI_0368,S,Souscripteur / Preneur
ROLE_001465,BA000501,CLI_0368,A,Assuré
ROLE_001466,BA000501,CLI_0368,B,Bénéficiaire en cas de décès
ROLE_001467,BA000502,CLI_0368,S,Souscripteur / Preneur
ROLE_001468,BA000502,CLI_0368,A,Assuré
ROLE_001469,BA000502,CLI_0368,B,Bénéficiaire en cas de décès
ROLE_001470,BA000503,CLI_0369,S,Souscripteur / Preneur
ROLE_001471,BA000503,CLI_0369,A,Assuré
ROLE_001472,BA000503,CLI_0369,B,Bénéficiaire en cas de décès
ROLE_001473,BA000504,CLI_0369,S,Souscripteur / Preneur
ROLE_001474,BA000504,CLI_0369,B,Bénéficiaire en cas de décès
ROLE_001475,BA000505,CLI_0369,S,Souscripteur / Preneur
ROLE_001476,BA000505,CLI_0369,A,Assuré
ROLE_001477,BA000505,CLI_0369,B,Bénéficiaire en cas de décès
ROLE_001478,BA000506,CLI_0370,S,Souscripteur / Preneur
ROLE_001479,BA000506,CLI_0370,B,Bénéficiaire en cas de décès
ROLE_001480,BA000507,CLI_0370,S,Souscripteur / Preneur
ROLE_001481,BA000507,CLI_0370,A,Assuré
ROLE_001482,BA000507,CLI_0370,B,Bénéficiaire en cas de décès
ROLE_001483,BA000508,CLI_0370,S,Souscripteur / Preneur
ROLE_001484,BA000508,CLI_0370,A,Assuré
ROLE_001485,BA000508,CLI_0370,B,Bénéficiaire en cas de décès
ROLE_001486,BA000509,CLI_0371,S,Souscripteur / Preneur
ROLE_001487,BA000509,CLI_0371,A,Assuré
ROLE_001488,BA000509,CLI_0371,B,Bénéficiaire en cas de décès
ROLE_001489,BA000510,CLI_0372,S,Souscripteur / Preneur
ROLE_001490,BA000510,CLI_0372,A,Assuré
ROLE_001491,BA000510,CLI_0372,B,Bénéficiaire en cas de décès
ROLE_001492,BA000511,CLI_0373,S,Souscripteur / Preneur
ROLE_001493,BA000511,CLI_0373,A,Assuré
ROLE_001494,BA000511,CLI_0373,B,Bénéficiaire en cas de décès
ROLE_001495,BA000512,CLI_0373,S,Souscripteur / Preneur
ROLE_001496,BA000512,CLI_0373,A,Assuré
ROLE_001497,BA000512,CLI_0373,B,Bénéficiaire en cas de décès
ROLE_001498,BA000513,CLI_0374,S,Souscripteur / Preneur
ROLE_001499,BA000513,CLI_0374,B,Bénéficiaire en cas de décès
ROLE_001500,BA000514,CLI_0374,S,Souscripteur / Preneur
ROLE_001501,BA000514,CLI_0374,A,Assuré
ROLE_001502,BA000514,CLI_0374,B,Bénéficiaire en cas de décès
ROLE_001503,BA000515,CLI_0375,S,Souscripteur / Preneur
ROLE_001504,BA000515,CLI_0375,A,Assuré
ROLE_001505,BA000515,CLI_0375,B,Bénéficiaire en cas de décès
ROLE_001506,BA000515,CLI_0375,UBO,Bénéficiaire effectif
ROLE_001507,BA000516,CLI_0375,S,Souscripteur / Preneur
ROLE_001508,BA000516,CLI_0375,A,Assuré
ROLE_001509,BA000516,CLI_0375,B,Bénéficiaire en cas de décès
ROLE_001510,BA000516,CLI_0375,UBO,Bénéficiaire effectif
ROLE_001511,BA000517,CLI_0376,S,Souscripteur / Preneur
ROLE_001512,BA000517,CLI_0376,A,Assuré
ROLE_001513,BA000517,CLI_0376,B,Bénéficiaire en cas de décès
ROLE_001514,BA000518,CLI_0376,S,Souscripteur / Preneur
ROLE_001515,BA000518,CLI_0376,A,Assuré
ROLE_001516,BA000518,CLI_0376,B,Bénéficiaire en cas de décès
ROLE_001517,BA000519,CLI_0377,S,Souscripteur / Preneur
ROLE_001518,BA000519,CLI_0377,B,Bénéficiaire en cas de décès
ROLE_001519,BA000520,CLI_0378,S,Souscripteur / Preneur
ROLE_001520,BA000520,CLI_0378,A,Assuré
ROLE_001521,BA000520,CLI_0378,B,Bénéficiaire en cas de décès
ROLE_001522,BA000521,CLI_0379,S,Souscripteur / Preneur
ROLE_001523,BA000521,CLI_0379,A,Assuré
ROLE_001524,BA000521,CLI_0379,B,Bénéficiaire en cas de décès
ROLE_001525,BA000522,CLI_0380,S,Souscripteur / Preneur
ROLE_001526,BA000522,CLI_0380,A,Assuré
ROLE_001527,BA000522,CLI_0380,B,Bénéficiaire en cas de décès
ROLE_001528,BA000523,CLI_0381,S,Souscripteur / Preneur
ROLE_001529,BA000523,CLI_0381,A,Assuré
ROLE_001530,BA000523,CLI_0381,B,Bénéficiaire en cas de décès
ROLE_001531,BA000524,CLI_0382,S,Souscripteur / Preneur
ROLE_001532,BA000524,CLI_0382,A,Assuré
ROLE_001533,BA000524,CLI_0382,B,Bénéficiaire en cas de décès
ROLE_001534,BA000524,CLI_0382,UBO,Bénéficiaire effectif
ROLE_001535,BA000525,CLI_0383,S,Souscripteur / Preneur
ROLE_001536,BA000525,CLI_0383,A,Assuré
ROLE_001537,BA000525,CLI_0383,B,Bénéficiaire en cas de décès
ROLE_001538,BA000526,CLI_0384,S,Souscripteur / Preneur
ROLE_001539,BA000526,CLI_0384,A,Assuré
ROLE_001540,BA000526,CLI_0384,B,Bénéficiaire en cas de décès
ROLE_001541,BA000527,CLI_0385,S,Souscripteur / Preneur
ROLE_001542,BA000527,CLI_0385,B,Bénéficiaire en cas de décès
ROLE_001543,BA000528,CLI_0386,S,Souscripteur / Preneur
ROLE_001544,BA000528,CLI_0386,A,Assuré
ROLE_001545,BA000528,CLI_0386,B,Bénéficiaire en cas de décès
ROLE_001546,BA000529,CLI_0387,S,Souscripteur / Preneur
ROLE_001547,BA000529,CLI_0387,B,Bénéficiaire en cas de décès
ROLE_001548,BA000530,CLI_0388,S,Souscripteur / Preneur
ROLE_001549,BA000530,CLI_0388,A,Assuré
ROLE_001550,BA000530,CLI_0388,B,Bénéficiaire en cas de décès
ROLE_001551,BA000531,CLI_0389,S,Souscripteur / Preneur
ROLE_001552,BA000531,CLI_0389,A,Assuré
ROLE_001553,BA000531,CLI_0389,B,Bénéficiaire en cas de décès
ROLE_001554,BA000532,CLI_0390,S,Souscripteur / Preneur
ROLE_001555,BA000532,CLI_0390,A,Assuré
ROLE_001556,BA000532,CLI_0390,B,Bénéficiaire en cas de décès
ROLE_001557,BA000533,CLI_0391,S,Souscripteur / Preneur
ROLE_001558,BA000533,CLI_0391,B,Bénéficiaire en cas de décès
ROLE_001559,BA000534,CLI_0392,S,Souscripteur / Preneur
ROLE_001560,BA000534,CLI_0392,A,Assuré
ROLE_001561,BA000534,CLI_0392,B,Bénéficiaire en cas de décès
ROLE_001562,BA000535,CLI_0393,S,Souscripteur / Preneur
ROLE_001563,BA000535,CLI_0393,A,Assuré
ROLE_001564,BA000535,CLI_0393,B,Bénéficiaire en cas de décès
ROLE_001565,BA000536,CLI_0394,S,Souscripteur / Preneur
ROLE_001566,BA000536,CLI_0394,A,Assuré
ROLE_001567,BA000536,CLI_0394,B,Bénéficiaire en cas de décès
ROLE_001568,BA000537,CLI_0395,S,Souscripteur / Preneur
ROLE_001569,BA000537,CLI_0395,A,Assuré
ROLE_001570,BA000537,CLI_0395,B,Bénéficiaire en cas de décès
ROLE_001571,BA000538,CLI_0395,S,Souscripteur / Preneur
ROLE_001572,BA000538,CLI_0395,A,Assuré
ROLE_001573,BA000538,CLI_0395,B,Bénéficiaire en cas de décès
ROLE_001574,BA000539,CLI_0396,S,Souscripteur / Preneur
ROLE_001575,BA000539,CLI_0396,B,Bénéficiaire en cas de décès
ROLE_001576,BA000540,CLI_0396,S,Souscripteur / Preneur
ROLE_001577,BA000540,CLI_0396,A,Assuré
ROLE_001578,BA000540,CLI_0396,B,Bénéficiaire en cas de décès
ROLE_001579,BA000541,CLI_0397,S,Souscripteur / Preneur
ROLE_001580,BA000541,CLI_0397,B,Bénéficiaire en cas de décès
ROLE_001581,BA000542,CLI_0397,S,Souscripteur / Preneur
ROLE_001582,BA000542,CLI_0397,A,Assuré
ROLE_001583,BA000542,CLI_0397,B,Bénéficiaire en cas de décès
ROLE_001584,BA000543,CLI_0398,S,Souscripteur / Preneur
ROLE_001585,BA000543,CLI_0398,B,Bénéficiaire en cas de décès
ROLE_001586,BA000544,CLI_0399,S,Souscripteur / Preneur
ROLE_001587,BA000544,CLI_0399,A,Assuré
ROLE_001588,BA000544,CLI_0399,B,Bénéficiaire en cas de décès
ROLE_001589,BA000545,CLI_0399,S,Souscripteur / Preneur
ROLE_001590,BA000545,CLI_0399,A,Assuré
ROLE_001591,BA000545,CLI_0399,B,Bénéficiaire en cas de décès
ROLE_001592,BA000546,CLI_0400,S,Souscripteur / Preneur
ROLE_001593,BA000546,CLI_0400,A,Assuré
ROLE_001594,BA000546,CLI_0400,B,Bénéficiaire en cas de décès
ROLE_001595,BA000547,CLI_0400,S,Souscripteur / Preneur
ROLE_001596,BA000547,CLI_0400,A,Assuré
ROLE_001597,BA000547,CLI_0400,B,Bénéficiaire en cas de décès
ROLE_001598,BA000548,CLI_0401,S,Souscripteur / Preneur
ROLE_001599,BA000548,CLI_0401,A,Assuré
ROLE_001600,BA000548,CLI_0401,B,Bénéficiaire en cas de décès
ROLE_001601,BA000549,CLI_0401,S,Souscripteur / Preneur
ROLE_001602,BA000549,CLI_0401,A,Assuré
ROLE_001603,BA000549,CLI_0401,B,Bénéficiaire en cas de décès
ROLE_001604,BA000550,CLI_0402,S,Souscripteur / Preneur
ROLE_001605,BA000550,CLI_0402,A,Assuré
ROLE_001606,BA000550,CLI_0402,B,Bénéficiaire en cas de décès
ROLE_001607,BA000551,CLI_0403,S,Souscripteur / Preneur
ROLE_001608,BA000551,CLI_0403,A,Assuré
ROLE_001609,BA000551,CLI_0403,B,Bénéficiaire en cas de décès
ROLE_001610,BA000552,CLI_0404,S,Souscripteur / Preneur
ROLE_001611,BA000552,CLI_0404,A,Assuré
ROLE_001612,BA000552,CLI_0404,B,Bénéficiaire en cas de décès
ROLE_001613,BA000553,CLI_0405,S,Souscripteur / Preneur
ROLE_001614,BA000553,CLI_0405,A,Assuré
ROLE_001615,BA000553,CLI_0405,B,Bénéficiaire en cas de décès
ROLE_001616,BA000554,CLI_0406,S,Souscripteur / Preneur
ROLE_001617,BA000554,CLI_0406,B,Bénéficiaire en cas de décès
ROLE_001618,BA000555,CLI_0407,S,Souscripteur / Preneur
ROLE_001619,BA000555,CLI_0407,A,Assuré
ROLE_001620,BA000555,CLI_0407,B,Bénéficiaire en cas de décès
ROLE_001621,BA000556,CLI_0407,S,Souscripteur / Preneur
ROLE_001622,BA000556,CLI_0407,A,Assuré
ROLE_001623,BA000556,CLI_0407,B,Bénéficiaire en cas de décès
ROLE_001624,BA000557,CLI_0407,S,Souscripteur / Preneur
ROLE_001625,BA000557,CLI_0407,A,Assuré
ROLE_001626,BA000557,CLI_0407,B,Bénéficiaire en cas de décès
ROLE_001627,BA000558,CLI_0408,S,Souscripteur / Preneur
ROLE_001628,BA000558,CLI_0408,A,Assuré
ROLE_001629,BA000558,CLI_0408,B,Bénéficiaire en cas de décès
ROLE_001630,BA000559,CLI_0409,S,Souscripteur / Preneur
ROLE_001631,BA000559,CLI_0409,A,Assuré
ROLE_001632,BA000559,CLI_0409,B,Bénéficiaire en cas de décès
ROLE_001633,BA000560,CLI_0409,S,Souscripteur / Preneur
ROLE_001634,BA000560,CLI_0409,A,Assuré
ROLE_001635,BA000560,CLI_0409,B,Bénéficiaire en cas de décès
ROLE_001636,BA000561,CLI_0410,S,Souscripteur / Preneur
ROLE_001637,BA000561,CLI_0410,A,Assuré
ROLE_001638,BA000561,CLI_0410,B,Bénéficiaire en cas de décès
ROLE_001639,BA000562,CLI_0411,S,Souscripteur / Preneur
ROLE_001640,BA000562,CLI_0411,B,Bénéficiaire en cas de décès
ROLE_001641,BA000563,CLI_0411,S,Souscripteur / Preneur
ROLE_001642,BA000563,CLI_0411,A,Assuré
ROLE_001643,BA000563,CLI_0411,B,Bénéficiaire en cas de décès
ROLE_001644,BA000564,CLI_0412,S,Souscripteur / Preneur
ROLE_001645,BA000564,CLI_0412,B,Bénéficiaire en cas de décès
ROLE_001646,BA000565,CLI_0413,S,Souscripteur / Preneur
ROLE_001647,BA000565,CLI_0413,A,Assuré
ROLE_001648,BA000565,CLI_0413,B,Bénéficiaire en cas de décès
ROLE_001649,BA000566,CLI_0414,S,Souscripteur / Preneur
ROLE_001650,BA000566,CLI_0414,A,Assuré
ROLE_001651,BA000566,CLI_0414,B,Bénéficiaire en cas de décès
ROLE_001652,BA000567,CLI_0415,S,Souscripteur / Preneur
ROLE_001653,BA000567,CLI_0415,A,Assuré
ROLE_001654,BA000567,CLI_0415,B,Bénéficiaire en cas de décès
ROLE_001655,BA000568,CLI_0416,S,Souscripteur / Preneur
ROLE_001656,BA000568,CLI_0416,A,Assuré
ROLE_001657,BA000568,CLI_0416,B,Bénéficiaire en cas de décès
ROLE_001658,BA000569,CLI_0417,S,Souscripteur / Preneur
ROLE_001659,BA000569,CLI_0417,A,Assuré
ROLE_001660,BA000569,CLI_0417,B,Bénéficiaire en cas de décès
ROLE_001661,BA000570,CLI_0418,S,Souscripteur / Preneur
ROLE_001662,BA000570,CLI_0418,B,Bénéficiaire en cas de décès
ROLE_001663,BA000571,CLI_0419,S,Souscripteur / Preneur
ROLE_001664,BA000571,CLI_0419,A,Assuré
ROLE_001665,BA000571,CLI_0419,B,Bénéficiaire en cas de décès
ROLE_001666,BA000572,CLI_0420,S,Souscripteur / Preneur
ROLE_001667,BA000572,CLI_0420,B,Bénéficiaire en cas de décès
ROLE_001668,BA000573,CLI_0420,S,Souscripteur / Preneur
ROLE_001669,BA000573,CLI_0420,A,Assuré
ROLE_001670,BA000573,CLI_0420,B,Bénéficiaire en cas de décès
ROLE_001671,BA000574,CLI_0421,S,Souscripteur / Preneur
ROLE_001672,BA000574,CLI_0421,A,Assuré
ROLE_001673,BA000574,CLI_0421,B,Bénéficiaire en cas de décès
ROLE_001674,BA000575,CLI_0422,S,Souscripteur / Preneur
ROLE_001675,BA000575,CLI_0422,A,Assuré
ROLE_001676,BA000575,CLI_0422,B,Bénéficiaire en cas de décès
ROLE_001677,BA000576,CLI_0423,S,Souscripteur / Preneur
ROLE_001678,BA000576,CLI_0423,A,Assuré
ROLE_001679,BA000576,CLI_0423,B,Bénéficiaire en cas de décès
ROLE_001680,BA000577,CLI_0424,S,Souscripteur / Preneur
ROLE_001681,BA000577,CLI_0424,B,Bénéficiaire en cas de décès
ROLE_001682,BA000578,CLI_0425,S,Souscripteur / Preneur
ROLE_001683,BA000578,CLI_0425,A,Assuré
ROLE_001684,BA000578,CLI_0425,B,Bénéficiaire en cas de décès
ROLE_001685,BA000579,CLI_0426,S,Souscripteur / Preneur
ROLE_001686,BA000579,CLI_0426,B,Bénéficiaire en cas de décès
ROLE_001687,BA000580,CLI_0427,S,Souscripteur / Preneur
ROLE_001688,BA000580,CLI_0427,A,Assuré
ROLE_001689,BA000580,CLI_0427,B,Bénéficiaire en cas de décès
ROLE_001690,BA000581,CLI_0428,S,Souscripteur / Preneur
ROLE_001691,BA000581,CLI_0428,A,Assuré
ROLE_001692,BA000581,CLI_0428,B,Bénéficiaire en cas de décès
ROLE_001693,BA000582,CLI_0429,S,Souscripteur / Preneur
ROLE_001694,BA000582,CLI_0429,A,Assuré
ROLE_001695,BA000582,CLI_0429,B,Bénéficiaire en cas de décès
ROLE_001696,BA000583,CLI_0430,S,Souscripteur / Preneur
ROLE_001697,BA000583,CLI_0430,A,Assuré
ROLE_001698,BA000583,CLI_0430,B,Bénéficiaire en cas de décès
ROLE_001699,BA000584,CLI_0430,S,Souscripteur / Preneur
ROLE_001700,BA000584,CLI_0430,A,Assuré
ROLE_001701,BA000584,CLI_0430,B,Bénéficiaire en cas de décès
ROLE_001702,BA000585,CLI_0431,S,Souscripteur / Preneur
ROLE_001703,BA000585,CLI_0431,A,Assuré
ROLE_001704,BA000585,CLI_0431,B,Bénéficiaire en cas de décès
ROLE_001705,BA000586,CLI_0432,S,Souscripteur / Preneur
ROLE_001706,BA000586,CLI_0432,A,Assuré
ROLE_001707,BA000586,CLI_0432,B,Bénéficiaire en cas de décès
ROLE_001708,BA000587,CLI_0433,S,Souscripteur / Preneur
ROLE_001709,BA000587,CLI_0433,A,Assuré
ROLE_001710,BA000587,CLI_0433,B,Bénéficiaire en cas de décès
ROLE_001711,BA000588,CLI_0434,S,Souscripteur / Preneur
ROLE_001712,BA000588,CLI_0434,B,Bénéficiaire en cas de décès
ROLE_001713,BA000589,CLI_0435,S,Souscripteur / Preneur
ROLE_001714,BA000589,CLI_0435,A,Assuré
ROLE_001715,BA000589,CLI_0435,B,Bénéficiaire en cas de décès
ROLE_001716,BA000590,CLI_0436,S,Souscripteur / Preneur
ROLE_001717,BA000590,CLI_0436,B,Bénéficiaire en cas de décès
ROLE_001718,BA000591,CLI_0437,S,Souscripteur / Preneur
ROLE_001719,BA000591,CLI_0437,A,Assuré
ROLE_001720,BA000591,CLI_0437,B,Bénéficiaire en cas de décès
ROLE_001721,BA000592,CLI_0438,S,Souscripteur / Preneur
ROLE_001722,BA000592,CLI_0438,B,Bénéficiaire en cas de décès
ROLE_001723,BA000593,CLI_0439,S,Souscripteur / Preneur
ROLE_001724,BA000593,CLI_0439,A,Assuré
ROLE_001725,BA000593,CLI_0439,B,Bénéficiaire en cas de décès
ROLE_001726,BA000594,CLI_0440,S,Souscripteur / Preneur
ROLE_001727,BA000594,CLI_0440,A,Assuré
ROLE_001728,BA000594,CLI_0440,B,Bénéficiaire en cas de décès
ROLE_001729,BA000595,CLI_0441,S,Souscripteur / Preneur
ROLE_001730,BA000595,CLI_0441,A,Assuré
ROLE_001731,BA000595,CLI_0441,B,Bénéficiaire en cas de décès
ROLE_001732,BA000596,CLI_0442,S,Souscripteur / Preneur
ROLE_001733,BA000596,CLI_0442,B,Bénéficiaire en cas de décès
ROLE_001734,BA000597,CLI_0442,S,Souscripteur / Preneur
ROLE_001735,BA000597,CLI_0442,A,Assuré
ROLE_001736,BA000597,CLI_0442,B,Bénéficiaire en cas de décès
ROLE_001737,BA000598,CLI_0443,S,Souscripteur / Preneur
ROLE_001738,BA000598,CLI_0443,A,Assuré
ROLE_001739,BA000598,CLI_0443,B,Bénéficiaire en cas de décès
ROLE_001740,BA000598,CLI_0443,UBO,Bénéficiaire effectif
ROLE_001741,BA000599,CLI_0444,S,Souscripteur / Preneur
ROLE_001742,BA000599,CLI_0444,A,Assuré
ROLE_001743,BA000599,CLI_0444,B,Bénéficiaire en cas de décès
ROLE_001744,BA000600,CLI_0444,S,Souscripteur / Preneur
ROLE_001745,BA000600,CLI_0444,A,Assuré
ROLE_001746,BA000600,CLI_0444,B,Bénéficiaire en cas de décès
ROLE_001747,BA000601,CLI_0445,S,Souscripteur / Preneur
ROLE_001748,BA000601,CLI_0445,A,Assuré
ROLE_001749,BA000601,CLI_0445,B,Bénéficiaire en cas de décès
ROLE_001750,BA000602,CLI_0446,S,Souscripteur / Preneur
ROLE_001751,BA000602,CLI_0446,A,Assuré
ROLE_001752,BA000602,CLI_0446,B,Bénéficiaire en cas de décès
ROLE_001753,BA000603,CLI_0446,S,Souscripteur / Preneur
ROLE_001754,BA000603,CLI_0446,A,Assuré
ROLE_001755,BA000603,CLI_0446,B,Bénéficiaire en cas de décès
ROLE_001756,BA000604,CLI_0447,S,Souscripteur / Preneur
ROLE_001757,BA000604,CLI_0447,A,Assuré
ROLE_001758,BA000604,CLI_0447,B,Bénéficiaire en cas de décès
ROLE_001759,BA000605,CLI_0448,S,Souscripteur / Preneur
ROLE_001760,BA000605,CLI_0448,A,Assuré
ROLE_001761,BA000605,CLI_0448,B,Bénéficiaire en cas de décès
ROLE_001762,BA000606,CLI_0449,S,Souscripteur / Preneur
ROLE_001763,BA000606,CLI_0449,A,Assuré
ROLE_001764,BA000606,CLI_0449,B,Bénéficiaire en cas de décès
ROLE_001765,BA000607,CLI_0450,S,Souscripteur / Preneur
ROLE_001766,BA000607,CLI_0450,A,Assuré
ROLE_001767,BA000607,CLI_0450,B,Bénéficiaire en cas de décès
ROLE_001768,BA000608,CLI_0451,S,Souscripteur / Preneur
ROLE_001769,BA000608,CLI_0451,A,Assuré
ROLE_001770,BA000608,CLI_0451,B,Bénéficiaire en cas de décès
ROLE_001771,BA000609,CLI_0451,S,Souscripteur / Preneur
ROLE_001772,BA000609,CLI_0451,B,Bénéficiaire en cas de décès
ROLE_001773,BA000610,CLI_0452,S,Souscripteur / Preneur
ROLE_001774,BA000610,CLI_0452,A,Assuré
ROLE_001775,BA000610,CLI_0452,B,Bénéficiaire en cas de décès
ROLE_001776,BA000611,CLI_0453,S,Souscripteur / Preneur
ROLE_001777,BA000611,CLI_0453,A,Assuré
ROLE_001778,BA000611,CLI_0453,B,Bénéficiaire en cas de décès
ROLE_001779,BA000612,CLI_0454,S,Souscripteur / Preneur
ROLE_001780,BA000612,CLI_0454,A,Assuré
ROLE_001781,BA000612,CLI_0454,B,Bénéficiaire en cas de décès
ROLE_001782,BA000613,CLI_0455,S,Souscripteur / Preneur
ROLE_001783,BA000613,CLI_0455,A,Assuré
ROLE_001784,BA000613,CLI_0455,B,Bénéficiaire en cas de décès
ROLE_001785,BA000613,CLI_0455,UBO,Bénéficiaire effectif
ROLE_001786,BA000614,CLI_0456,S,Souscripteur / Preneur
ROLE_001787,BA000614,CLI_0456,A,Assuré
ROLE_001788,BA000614,CLI_0456,B,Bénéficiaire en cas de décès
ROLE_001789,BA000615,CLI_0456,S,Souscripteur / Preneur
ROLE_001790,BA000615,CLI_0456,A,Assuré
ROLE_001791,BA000615,CLI_0456,B,Bénéficiaire en cas de décès
ROLE_001792,BA000616,CLI_0456,S,Souscripteur / Preneur
ROLE_001793,BA000616,CLI_0456,A,Assuré
ROLE_001794,BA000616,CLI_0456,B,Bénéficiaire en cas de décès
ROLE_001795,BA000617,CLI_0457,S,Souscripteur / Preneur
ROLE_001796,BA000617,CLI_0457,A,Assuré
ROLE_001797,BA000617,CLI_0457,B,Bénéficiaire en cas de décès
ROLE_001798,BA000617,CLI_0457,UBO,Bénéficiaire effectif
ROLE_001799,BA000618,CLI_0458,S,Souscripteur / Preneur
ROLE_001800,BA000618,CLI_0458,A,Assuré
ROLE_001801,BA000618,CLI_0458,B,Bénéficiaire en cas de décès
ROLE_001802,BA000619,CLI_0459,S,Souscripteur / Preneur
ROLE_001803,BA000619,CLI_0459,A,Assuré
ROLE_001804,BA000619,CLI_0459,B,Bénéficiaire en cas de décès
ROLE_001805,BA000620,CLI_0459,S,Souscripteur / Preneur
ROLE_001806,BA000620,CLI_0459,B,Bénéficiaire en cas de décès
ROLE_001807,BA000621,CLI_0460,S,Souscripteur / Preneur
ROLE_001808,BA000621,CLI_0460,A,Assuré
ROLE_001809,BA000621,CLI_0460,B,Bénéficiaire en cas de décès
ROLE_001810,BA000622,CLI_0461,S,Souscripteur / Preneur
ROLE_001811,BA000622,CLI_0461,A,Assuré
ROLE_001812,BA000622,CLI_0461,B,Bénéficiaire en cas de décès
ROLE_001813,BA000623,CLI_0461,S,Souscripteur / Preneur
ROLE_001814,BA000623,CLI_0461,A,Assuré
ROLE_001815,BA000623,CLI_0461,B,Bénéficiaire en cas de décès
ROLE_001816,BA000624,CLI_0461,S,Souscripteur / Preneur
ROLE_001817,BA000624,CLI_0461,A,Assuré
ROLE_001818,BA000624,CLI_0461,B,Bénéficiaire en cas de décès
ROLE_001819,BA000625,CLI_0462,S,Souscripteur / Preneur
ROLE_001820,BA000625,CLI_0462,A,Assuré
ROLE_001821,BA000625,CLI_0462,B,Bénéficiaire en cas de décès
ROLE_001822,BA000626,CLI_0463,S,Souscripteur / Preneur
ROLE_001823,BA000626,CLI_0463,B,Bénéficiaire en cas de décès
ROLE_001824,BA000627,CLI_0464,S,Souscripteur / Preneur
ROLE_001825,BA000627,CLI_0464,A,Assuré
ROLE_001826,BA000627,CLI_0464,B,Bénéficiaire en cas de décès
ROLE_001827,BA000627,CLI_0464,UBO,Bénéficiaire effectif
ROLE_001828,BA000628,CLI_0465,S,Souscripteur / Preneur
ROLE_001829,BA000628,CLI_0465,A,Assuré
ROLE_001830,BA000628,CLI_0465,B,Bénéficiaire en cas de décès
ROLE_001831,BA000629,CLI_0466,S,Souscripteur / Preneur
ROLE_001832,BA000629,CLI_0466,A,Assuré
ROLE_001833,BA000629,CLI_0466,B,Bénéficiaire en cas de décès
ROLE_001834,BA000630,CLI_0467,S,Souscripteur / Preneur
ROLE_001835,BA000630,CLI_0467,A,Assuré
ROLE_001836,BA000630,CLI_0467,B,Bénéficiaire en cas de décès
ROLE_001837,BA000631,CLI_0468,S,Souscripteur / Preneur
ROLE_001838,BA000631,CLI_0468,B,Bénéficiaire en cas de décès
ROLE_001839,BA000632,CLI_0469,S,Souscripteur / Preneur
ROLE_001840,BA000632,CLI_0469,A,Assuré
ROLE_001841,BA000632,CLI_0469,B,Bénéficiaire en cas de décès
ROLE_001842,BA000633,CLI_0469,S,Souscripteur / Preneur
ROLE_001843,BA000633,CLI_0469,A,Assuré
ROLE_001844,BA000633,CLI_0469,B,Bénéficiaire en cas de décès
ROLE_001845,BA000634,CLI_0470,S,Souscripteur / Preneur
ROLE_001846,BA000634,CLI_0470,B,Bénéficiaire en cas de décès
ROLE_001847,BA000635,CLI_0470,S,Souscripteur / Preneur
ROLE_001848,BA000635,CLI_0470,A,Assuré
ROLE_001849,BA000635,CLI_0470,B,Bénéficiaire en cas de décès
ROLE_001850,BA000636,CLI_0470,S,Souscripteur / Preneur
ROLE_001851,BA000636,CLI_0470,A,Assuré
ROLE_001852,BA000636,CLI_0470,B,Bénéficiaire en cas de décès
ROLE_001853,BA000637,CLI_0471,S,Souscripteur / Preneur
ROLE_001854,BA000637,CLI_0471,A,Assuré
ROLE_001855,BA000637,CLI_0471,B,Bénéficiaire en cas de décès
ROLE_001856,BA000638,CLI_0472,S,Souscripteur / Preneur
ROLE_001857,BA000638,CLI_0472,A,Assuré
ROLE_001858,BA000638,CLI_0472,B,Bénéficiaire en cas de décès
ROLE_001859,BA000639,CLI_0473,S,Souscripteur / Preneur
ROLE_001860,BA000639,CLI_0473,A,Assuré
ROLE_001861,BA000639,CLI_0473,B,Bénéficiaire en cas de décès
ROLE_001862,BA000639,CLI_0473,UBO,Bénéficiaire effectif
ROLE_001863,BA000640,CLI_0473,S,Souscripteur / Preneur
ROLE_001864,BA000640,CLI_0473,A,Assuré
ROLE_001865,BA000640,CLI_0473,B,Bénéficiaire en cas de décès
ROLE_001866,BA000640,CLI_0473,UBO,Bénéficiaire effectif
ROLE_001867,BA000641,CLI_0474,S,Souscripteur / Preneur
ROLE_001868,BA000641,CLI_0474,A,Assuré
ROLE_001869,BA000641,CLI_0474,B,Bénéficiaire en cas de décès
ROLE_001870,BA000642,CLI_0475,S,Souscripteur / Preneur
ROLE_001871,BA000642,CLI_0475,A,Assuré
ROLE_001872,BA000642,CLI_0475,B,Bénéficiaire en cas de décès
ROLE_001873,BA000643,CLI_0476,S,Souscripteur / Preneur
ROLE_001874,BA000643,CLI_0476,A,Assuré
ROLE_001875,BA000643,CLI_0476,B,Bénéficiaire en cas de décès
ROLE_001876,BA000644,CLI_0477,S,Souscripteur / Preneur
ROLE_001877,BA000644,CLI_0477,A,Assuré
ROLE_001878,BA000644,CLI_0477,B,Bénéficiaire en cas de décès
ROLE_001879,BA000645,CLI_0478,S,Souscripteur / Preneur
ROLE_001880,BA000645,CLI_0478,A,Assuré
ROLE_001881,BA000645,CLI_0478,B,Bénéficiaire en cas de décès
ROLE_001882,BA000646,CLI_0478,S,Souscripteur / Preneur
ROLE_001883,BA000646,CLI_0478,B,Bénéficiaire en cas de décès
ROLE_001884,BA000647,CLI_0479,S,Souscripteur / Preneur
ROLE_001885,BA000647,CLI_0479,B,Bénéficiaire en cas de décès
ROLE_001886,BA000648,CLI_0479,S,Souscripteur / Preneur
ROLE_001887,BA000648,CLI_0479,A,Assuré
ROLE_001888,BA000648,CLI_0479,B,Bénéficiaire en cas de décès
ROLE_001889,BA000649,CLI_0479,S,Souscripteur / Preneur
ROLE_001890,BA000649,CLI_0479,A,Assuré
ROLE_001891,BA000649,CLI_0479,B,Bénéficiaire en cas de décès
ROLE_001892,BA000650,CLI_0480,S,Souscripteur / Preneur
ROLE_001893,BA000650,CLI_0480,B,Bénéficiaire en cas de décès
ROLE_001894,BA000651,CLI_0481,S,Souscripteur / Preneur
ROLE_001895,BA000651,CLI_0481,A,Assuré
ROLE_001896,BA000651,CLI_0481,B,Bénéficiaire en cas de décès
ROLE_001897,BA000652,CLI_0481,S,Souscripteur / Preneur
ROLE_001898,BA000652,CLI_0481,A,Assuré
ROLE_001899,BA000652,CLI_0481,B,Bénéficiaire en cas de décès
ROLE_001900,BA000653,CLI_0482,S,Souscripteur / Preneur
ROLE_001901,BA000653,CLI_0482,A,Assuré
ROLE_001902,BA000653,CLI_0482,B,Bénéficiaire en cas de décès
ROLE_001903,BA000654,CLI_0483,S,Souscripteur / Preneur
ROLE_001904,BA000654,CLI_0483,A,Assuré
ROLE_001905,BA000654,CLI_0483,B,Bénéficiaire en cas de décès
ROLE_001906,BA000655,CLI_0483,S,Souscripteur / Preneur
ROLE_001907,BA000655,CLI_0483,A,Assuré
ROLE_001908,BA000655,CLI_0483,B,Bénéficiaire en cas de décès
ROLE_001909,BA000656,CLI_0484,S,Souscripteur / Preneur
ROLE_001910,BA000656,CLI_0484,A,Assuré
ROLE_001911,BA000656,CLI_0484,B,Bénéficiaire en cas de décès
ROLE_001912,BA000657,CLI_0485,S,Souscripteur / Preneur
ROLE_001913,BA000657,CLI_0485,A,Assuré
ROLE_001914,BA000657,CLI_0485,B,Bénéficiaire en cas de décès
ROLE_001915,BA000658,CLI_0486,S,Souscripteur / Preneur
ROLE_001916,BA000658,CLI_0486,B,Bénéficiaire en cas de décès
ROLE_001917,BA000659,CLI_0487,S,Souscripteur / Preneur
ROLE_001918,BA000659,CLI_0487,A,Assuré
ROLE_001919,BA000659,CLI_0487,B,Bénéficiaire en cas de décès
ROLE_001920,BA000660,CLI_0488,S,Souscripteur / Preneur
ROLE_001921,BA000660,CLI_0488,B,Bénéficiaire en cas de décès
ROLE_001922,BA000661,CLI_0489,S,Souscripteur / Preneur
ROLE_001923,BA000661,CLI_0489,A,Assuré
ROLE_001924,BA000661,CLI_0489,B,Bénéficiaire en cas de décès
ROLE_001925,BA000662,CLI_0490,S,Souscripteur / Preneur
ROLE_001926,BA000662,CLI_0490,B,Bénéficiaire en cas de décès
ROLE_001927,BA000663,CLI_0491,S,Souscripteur / Preneur
ROLE_001928,BA000663,CLI_0491,A,Assuré
ROLE_001929,BA000663,CLI_0491,B,Bénéficiaire en cas de décès
ROLE_001930,BA000664,CLI_0491,S,Souscripteur / Preneur
ROLE_001931,BA000664,CLI_0491,A,Assuré
ROLE_001932,BA000664,CLI_0491,B,Bénéficiaire en cas de décès
ROLE_001933,BA000665,CLI_0491,S,Souscripteur / Preneur
ROLE_001934,BA000665,CLI_0491,B,Bénéficiaire en cas de décès
ROLE_001935,BA000666,CLI_0492,S,Souscripteur / Preneur
ROLE_001936,BA000666,CLI_0492,B,Bénéficiaire en cas de décès
ROLE_001937,BA000667,CLI_0492,S,Souscripteur / Preneur
ROLE_001938,BA000667,CLI_0492,B,Bénéficiaire en cas de décès
ROLE_001939,BA000668,CLI_0493,S,Souscripteur / Preneur
ROLE_001940,BA000668,CLI_0493,A,Assuré
ROLE_001941,BA000668,CLI_0493,B,Bénéficiaire en cas de décès
ROLE_001942,BA000669,CLI_0494,S,Souscripteur / Preneur
ROLE_001943,BA000669,CLI_0494,A,Assuré
ROLE_001944,BA000669,CLI_0494,B,Bénéficiaire en cas de décès
ROLE_001945,BA000670,CLI_0494,S,Souscripteur / Preneur
ROLE_001946,BA000670,CLI_0494,A,Assuré
ROLE_001947,BA000670,CLI_0494,B,Bénéficiaire en cas de décès
ROLE_001948,BA000671,CLI_0494,S,Souscripteur / Preneur
ROLE_001949,BA000671,CLI_0494,A,Assuré
ROLE_001950,BA000671,CLI_0494,B,Bénéficiaire en cas de décès
ROLE_001951,BA000672,CLI_0495,S,Souscripteur / Preneur
ROLE_001952,BA000672,CLI_0495,A,Assuré
ROLE_001953,BA000672,CLI_0495,B,Bénéficiaire en cas de décès
ROLE_001954,BA000672,CLI_0495,UBO,Bénéficiaire effectif
ROLE_001955,BA000673,CLI_0496,S,Souscripteur / Preneur
ROLE_001956,BA000673,CLI_0496,B,Bénéficiaire en cas de décès
ROLE_001957,BA000674,CLI_0497,S,Souscripteur / Preneur
ROLE_001958,BA000674,CLI_0497,A,Assuré
ROLE_001959,BA000674,CLI_0497,B,Bénéficiaire en cas de décès
ROLE_001960,BA000675,CLI_0497,S,Souscripteur / Preneur
ROLE_001961,BA000675,CLI_0497,A,Assuré
ROLE_001962,BA000675,CLI_0497,B,Bénéficiaire en cas de décès
ROLE_001963,BA000676,CLI_0497,S,Souscripteur / Preneur
ROLE_001964,BA000676,CLI_0497,A,Assuré
ROLE_001965,BA000676,CLI_0497,B,Bénéficiaire en cas de décès
ROLE_001966,BA000677,CLI_0498,S,Souscripteur / Preneur
ROLE_001967,BA000677,CLI_0498,A,Assuré
ROLE_001968,BA000677,CLI_0498,B,Bénéficiaire en cas de décès
ROLE_001969,BA000678,CLI_0499,S,Souscripteur / Preneur
ROLE_001970,BA000678,CLI_0499,B,Bénéficiaire en cas de décès
ROLE_001971,BA000679,CLI_0500,S,Souscripteur / Preneur
ROLE_001972,BA000679,CLI_0500,A,Assuré
ROLE_001973,BA000679,CLI_0500,B,Bénéficiaire en cas de décès
ROLE_001974,BA000680,CLI_0501,S,Souscripteur / Preneur
ROLE_001975,BA000680,CLI_0501,A,Assuré
ROLE_001976,BA000680,CLI_0501,B,Bénéficiaire en cas de décès
ROLE_001977,BA000681,CLI_0502,S,Souscripteur / Preneur
ROLE_001978,BA000681,CLI_0502,A,Assuré
ROLE_001979,BA000681,CLI_0502,B,Bénéficiaire en cas de décès
ROLE_001980,BA000682,CLI_0503,S,Souscripteur / Preneur
ROLE_001981,BA000682,CLI_0503,A,Assuré
ROLE_001982,BA000682,CLI_0503,B,Bénéficiaire en cas de décès
ROLE_001983,BA000683,CLI_0503,S,Souscripteur / Preneur
ROLE_001984,BA000683,CLI_0503,A,Assuré
ROLE_001985,BA000683,CLI_0503,B,Bénéficiaire en cas de décès
ROLE_001986,BA000684,CLI_0504,S,Souscripteur / Preneur
ROLE_001987,BA000684,CLI_0504,B,Bénéficiaire en cas de décès
ROLE_001988,BA000685,CLI_0504,S,Souscripteur / Preneur
ROLE_001989,BA000685,CLI_0504,A,Assuré
ROLE_001990,BA000685,CLI_0504,B,Bénéficiaire en cas de décès
ROLE_001991,BA000686,CLI_0505,S,Souscripteur / Preneur
ROLE_001992,BA000686,CLI_0505,A,Assuré
ROLE_001993,BA000686,CLI_0505,B,Bénéficiaire en cas de décès
ROLE_001994,BA000687,CLI_0506,S,Souscripteur / Preneur
ROLE_001995,BA000687,CLI_0506,A,Assuré
ROLE_001996,BA000687,CLI_0506,B,Bénéficiaire en cas de décès
ROLE_001997,BA000688,CLI_0507,S,Souscripteur / Preneur
ROLE_001998,BA000688,CLI_0507,A,Assuré
ROLE_001999,BA000688,CLI_0507,B,Bénéficiaire en cas de décès
ROLE_002000,BA000689,CLI_0508,S,Souscripteur / Preneur
ROLE_002001,BA000689,CLI_0508,A,Assuré
ROLE_002002,BA000689,CLI_0508,B,Bénéficiaire en cas de décès
ROLE_002003,BA000690,CLI_0508,S,Souscripteur / Preneur
ROLE_002004,BA000690,CLI_0508,A,Assuré
ROLE_002005,BA000690,CLI_0508,B,Bénéficiaire en cas de décès
ROLE_002006,BA000691,CLI_0509,S,Souscripteur / Preneur
ROLE_002007,BA000691,CLI_0509,B,Bénéficiaire en cas de décès
ROLE_002008,BA000692,CLI_0510,S,Souscripteur / Preneur
ROLE_002009,BA000692,CLI_0510,B,Bénéficiaire en cas de décès
ROLE_002010,BA000693,CLI_0511,S,Souscripteur / Preneur
ROLE_002011,BA000693,CLI_0511,B,Bénéficiaire en cas de décès
ROLE_002012,BA000694,CLI_0512,S,Souscripteur / Preneur
ROLE_002013,BA000694,CLI_0512,A,Assuré
ROLE_002014,BA000694,CLI_0512,B,Bénéficiaire en cas de décès
ROLE_002015,BA000695,CLI_0513,S,Souscripteur / Preneur
ROLE_002016,BA000695,CLI_0513,A,Assuré
ROLE_002017,BA000695,CLI_0513,B,Bénéficiaire en cas de décès
ROLE_002018,BA000696,CLI_0514,S,Souscripteur / Preneur
ROLE_002019,BA000696,CLI_0514,A,Assuré
ROLE_002020,BA000696,CLI_0514,B,Bénéficiaire en cas de décès
ROLE_002021,BA000696,CLI_0514,UBO,Bénéficiaire effectif
ROLE_002022,BA000697,CLI_0515,S,Souscripteur / Preneur
ROLE_002023,BA000697,CLI_0515,A,Assuré
ROLE_002024,BA000697,CLI_0515,B,Bénéficiaire en cas de décès
ROLE_002025,BA000698,CLI_0516,S,Souscripteur / Preneur
ROLE_002026,BA000698,CLI_0516,A,Assuré
ROLE_002027,BA000698,CLI_0516,B,Bénéficiaire en cas de décès
ROLE_002028,BA000699,CLI_0517,S,Souscripteur / Preneur
ROLE_002029,BA000699,CLI_0517,A,Assuré
ROLE_002030,BA000699,CLI_0517,B,Bénéficiaire en cas de décès
ROLE_002031,BA000700,CLI_0518,S,Souscripteur / Preneur
ROLE_002032,BA000700,CLI_0518,A,Assuré
ROLE_002033,BA000700,CLI_0518,B,Bénéficiaire en cas de décès
ROLE_002034,BA000701,CLI_0519,S,Souscripteur / Preneur
ROLE_002035,BA000701,CLI_0519,A,Assuré
ROLE_002036,BA000701,CLI_0519,B,Bénéficiaire en cas de décès
ROLE_002037,BA000702,CLI_0520,S,Souscripteur / Preneur
ROLE_002038,BA000702,CLI_0520,B,Bénéficiaire en cas de décès
ROLE_002039,BA000702,CLI_0520,UBO,Bénéficiaire effectif
ROLE_002040,BA000703,CLI_0521,S,Souscripteur / Preneur
ROLE_002041,BA000703,CLI_0521,A,Assuré
ROLE_002042,BA000703,CLI_0521,B,Bénéficiaire en cas de décès
ROLE_002043,BA000704,CLI_0522,S,Souscripteur / Preneur
ROLE_002044,BA000704,CLI_0522,A,Assuré
ROLE_002045,BA000704,CLI_0522,B,Bénéficiaire en cas de décès
ROLE_002046,BA000705,CLI_0523,S,Souscripteur / Preneur
ROLE_002047,BA000705,CLI_0523,A,Assuré
ROLE_002048,BA000705,CLI_0523,B,Bénéficiaire en cas de décès
ROLE_002049,BA000706,CLI_0523,S,Souscripteur / Preneur
ROLE_002050,BA000706,CLI_0523,A,Assuré
ROLE_002051,BA000706,CLI_0523,B,Bénéficiaire en cas de décès
ROLE_002052,BA000707,CLI_0524,S,Souscripteur / Preneur
ROLE_002053,BA000707,CLI_0524,A,Assuré
ROLE_002054,BA000707,CLI_0524,B,Bénéficiaire en cas de décès
ROLE_002055,BA000708,CLI_0525,S,Souscripteur / Preneur
ROLE_002056,BA000708,CLI_0525,A,Assuré
ROLE_002057,BA000708,CLI_0525,B,Bénéficiaire en cas de décès
ROLE_002058,BA000709,CLI_0525,S,Souscripteur / Preneur
ROLE_002059,BA000709,CLI_0525,A,Assuré
ROLE_002060,BA000709,CLI_0525,B,Bénéficiaire en cas de décès
ROLE_002061,BA000710,CLI_0526,S,Souscripteur / Preneur
ROLE_002062,BA000710,CLI_0526,A,Assuré
ROLE_002063,BA000710,CLI_0526,B,Bénéficiaire en cas de décès
ROLE_002064,BA000711,CLI_0526,S,Souscripteur / Preneur
ROLE_002065,BA000711,CLI_0526,A,Assuré
ROLE_002066,BA000711,CLI_0526,B,Bénéficiaire en cas de décès
ROLE_002067,BA000712,CLI_0527,S,Souscripteur / Preneur
ROLE_002068,BA000712,CLI_0527,A,Assuré
ROLE_002069,BA000712,CLI_0527,B,Bénéficiaire en cas de décès
ROLE_002070,BA000713,CLI_0528,S,Souscripteur / Preneur
ROLE_002071,BA000713,CLI_0528,A,Assuré
ROLE_002072,BA000713,CLI_0528,B,Bénéficiaire en cas de décès
ROLE_002073,BA000714,CLI_0529,S,Souscripteur / Preneur
ROLE_002074,BA000714,CLI_0529,A,Assuré
ROLE_002075,BA000714,CLI_0529,B,Bénéficiaire en cas de décès
ROLE_002076,BA000715,CLI_0530,S,Souscripteur / Preneur
ROLE_002077,BA000715,CLI_0530,A,Assuré
ROLE_002078,BA000715,CLI_0530,B,Bénéficiaire en cas de décès
ROLE_002079,BA000716,CLI_0531,S,Souscripteur / Preneur
ROLE_002080,BA000716,CLI_0531,A,Assuré
ROLE_002081,BA000716,CLI_0531,B,Bénéficiaire en cas de décès
ROLE_002082,BA000716,CLI_0531,UBO,Bénéficiaire effectif
ROLE_002083,BA000717,CLI_0532,S,Souscripteur / Preneur
ROLE_002084,BA000717,CLI_0532,A,Assuré
ROLE_002085,BA000717,CLI_0532,B,Bénéficiaire en cas de décès
ROLE_002086,BA000718,CLI_0532,S,Souscripteur / Preneur
ROLE_002087,BA000718,CLI_0532,A,Assuré
ROLE_002088,BA000718,CLI_0532,B,Bénéficiaire en cas de décès
ROLE_002089,BA000719,CLI_0533,S,Souscripteur / Preneur
ROLE_002090,BA000719,CLI_0533,A,Assuré
ROLE_002091,BA000719,CLI_0533,B,Bénéficiaire en cas de décès
ROLE_002092,BA000720,CLI_0534,S,Souscripteur / Preneur
ROLE_002093,BA000720,CLI_0534,A,Assuré
ROLE_002094,BA000720,CLI_0534,B,Bénéficiaire en cas de décès
ROLE_002095,BA000721,CLI_0535,S,Souscripteur / Preneur
ROLE_002096,BA000721,CLI_0535,A,Assuré
ROLE_002097,BA000721,CLI_0535,B,Bénéficiaire en cas de décès
ROLE_002098,BA000722,CLI_0536,S,Souscripteur / Preneur
ROLE_002099,BA000722,CLI_0536,A,Assuré
ROLE_002100,BA000722,CLI_0536,B,Bénéficiaire en cas de décès
ROLE_002101,BA000722,CLI_0536,UBO,Bénéficiaire effectif
ROLE_002102,BA000723,CLI_0537,S,Souscripteur / Preneur
ROLE_002103,BA000723,CLI_0537,B,Bénéficiaire en cas de décès
ROLE_002104,BA000724,CLI_0537,S,Souscripteur / Preneur
ROLE_002105,BA000724,CLI_0537,A,Assuré
ROLE_002106,BA000724,CLI_0537,B,Bénéficiaire en cas de décès
ROLE_002107,BA000725,CLI_0538,S,Souscripteur / Preneur
ROLE_002108,BA000725,CLI_0538,A,Assuré
ROLE_002109,BA000725,CLI_0538,B,Bénéficiaire en cas de décès
ROLE_002110,BA000725,CLI_0538,UBO,Bénéficiaire effectif
ROLE_002111,BA000726,CLI_0539,S,Souscripteur / Preneur
ROLE_002112,BA000726,CLI_0539,A,Assuré
ROLE_002113,BA000726,CLI_0539,B,Bénéficiaire en cas de décès
ROLE_002114,BA000726,CLI_0539,UBO,Bénéficiaire effectif
ROLE_002115,BA000727,CLI_0540,S,Souscripteur / Preneur
ROLE_002116,BA000727,CLI_0540,A,Assuré
ROLE_002117,BA000727,CLI_0540,B,Bénéficiaire en cas de décès
ROLE_002118,BA000728,CLI_0541,S,Souscripteur / Preneur
ROLE_002119,BA000728,CLI_0541,B,Bénéficiaire en cas de décès
ROLE_002120,BA000729,CLI_0542,S,Souscripteur / Preneur
ROLE_002121,BA000729,CLI_0542,A,Assuré
ROLE_002122,BA000729,CLI_0542,B,Bénéficiaire en cas de décès
ROLE_002123,BA000730,CLI_0543,S,Souscripteur / Preneur
ROLE_002124,BA000730,CLI_0543,A,Assuré
ROLE_002125,BA000730,CLI_0543,B,Bénéficiaire en cas de décès
ROLE_002126,BA000731,CLI_0544,S,Souscripteur / Preneur
ROLE_002127,BA000731,CLI_0544,A,Assuré
ROLE_002128,BA000731,CLI_0544,B,Bénéficiaire en cas de décès
ROLE_002129,BA000732,CLI_0545,S,Souscripteur / Preneur
ROLE_002130,BA000732,CLI_0545,A,Assuré
ROLE_002131,BA000732,CLI_0545,B,Bénéficiaire en cas de décès
ROLE_002132,BA000733,CLI_0546,S,Souscripteur / Preneur
ROLE_002133,BA000733,CLI_0546,A,Assuré
ROLE_002134,BA000733,CLI_0546,B,Bénéficiaire en cas de décès
ROLE_002135,BA000734,CLI_0546,S,Souscripteur / Preneur
ROLE_002136,BA000734,CLI_0546,B,Bénéficiaire en cas de décès
ROLE_002137,BA000735,CLI_0547,S,Souscripteur / Preneur
ROLE_002138,BA000735,CLI_0547,A,Assuré
ROLE_002139,BA000735,CLI_0547,B,Bénéficiaire en cas de décès
ROLE_002140,BA000736,CLI_0548,S,Souscripteur / Preneur
ROLE_002141,BA000736,CLI_0548,A,Assuré
ROLE_002142,BA000736,CLI_0548,B,Bénéficiaire en cas de décès
ROLE_002143,BA000737,CLI_0549,S,Souscripteur / Preneur
ROLE_002144,BA000737,CLI_0549,A,Assuré
ROLE_002145,BA000737,CLI_0549,B,Bénéficiaire en cas de décès
ROLE_002146,BA000738,CLI_0549,S,Souscripteur / Preneur
ROLE_002147,BA000738,CLI_0549,A,Assuré
ROLE_002148,BA000738,CLI_0549,B,Bénéficiaire en cas de décès
ROLE_002149,BA000739,CLI_0550,S,Souscripteur / Preneur
ROLE_002150,BA000739,CLI_0550,A,Assuré
ROLE_002151,BA000739,CLI_0550,B,Bénéficiaire en cas de décès
ROLE_002152,BA000739,CLI_0550,UBO,Bénéficiaire effectif
ROLE_002153,BA000740,CLI_0551,S,Souscripteur / Preneur
ROLE_002154,BA000740,CLI_0551,B,Bénéficiaire en cas de décès
ROLE_002155,BA000741,CLI_0551,S,Souscripteur / Preneur
ROLE_002156,BA000741,CLI_0551,A,Assuré
ROLE_002157,BA000741,CLI_0551,B,Bénéficiaire en cas de décès
ROLE_002158,BA000742,CLI_0552,S,Souscripteur / Preneur
ROLE_002159,BA000742,CLI_0552,A,Assuré
ROLE_002160,BA000742,CLI_0552,B,Bénéficiaire en cas de décès
ROLE_002161,BA000743,CLI_0553,S,Souscripteur / Preneur
ROLE_002162,BA000743,CLI_0553,A,Assuré
ROLE_002163,BA000743,CLI_0553,B,Bénéficiaire en cas de décès
ROLE_002164,BA000744,CLI_0554,S,Souscripteur / Preneur
ROLE_002165,BA000744,CLI_0554,B,Bénéficiaire en cas de décès
ROLE_002166,BA000745,CLI_0555,S,Souscripteur / Preneur
ROLE_002167,BA000745,CLI_0555,A,Assuré
ROLE_002168,BA000745,CLI_0555,B,Bénéficiaire en cas de décès
ROLE_002169,BA000746,CLI_0556,S,Souscripteur / Preneur
ROLE_002170,BA000746,CLI_0556,A,Assuré
ROLE_002171,BA000746,CLI_0556,B,Bénéficiaire en cas de décès
ROLE_002172,BA000747,CLI_0557,S,Souscripteur / Preneur
ROLE_002173,BA000747,CLI_0557,B,Bénéficiaire en cas de décès
ROLE_002174,BA000748,CLI_0558,S,Souscripteur / Preneur
ROLE_002175,BA000748,CLI_0558,A,Assuré
ROLE_002176,BA000748,CLI_0558,B,Bénéficiaire en cas de décès
ROLE_002177,BA000749,CLI_0558,S,Souscripteur / Preneur
ROLE_002178,BA000749,CLI_0558,A,Assuré
ROLE_002179,BA000749,CLI_0558,B,Bénéficiaire en cas de décès
ROLE_002180,BA000750,CLI_0559,S,Souscripteur / Preneur
ROLE_002181,BA000750,CLI_0559,B,Bénéficiaire en cas de décès
ROLE_002182,BA000751,CLI_0560,S,Souscripteur / Preneur
ROLE_002183,BA000751,CLI_0560,A,Assuré
ROLE_002184,BA000751,CLI_0560,B,Bénéficiaire en cas de décès
ROLE_002185,BA000752,CLI_0561,S,Souscripteur / Preneur
ROLE_002186,BA000752,CLI_0561,A,Assuré
ROLE_002187,BA000752,CLI_0561,B,Bénéficiaire en cas de décès
ROLE_002188,BA000753,CLI_0562,S,Souscripteur / Preneur
ROLE_002189,BA000753,CLI_0562,A,Assuré
ROLE_002190,BA000753,CLI_0562,B,Bénéficiaire en cas de décès
ROLE_002191,BA000754,CLI_0562,S,Souscripteur / Preneur
ROLE_002192,BA000754,CLI_0562,A,Assuré
ROLE_002193,BA000754,CLI_0562,B,Bénéficiaire en cas de décès
ROLE_002194,BA000755,CLI_0563,S,Souscripteur / Preneur
ROLE_002195,BA000755,CLI_0563,A,Assuré
ROLE_002196,BA000755,CLI_0563,B,Bénéficiaire en cas de décès
ROLE_002197,BA000756,CLI_0564,S,Souscripteur / Preneur
ROLE_002198,BA000756,CLI_0564,A,Assuré
ROLE_002199,BA000756,CLI_0564,B,Bénéficiaire en cas de décès
ROLE_002200,BA000757,CLI_0565,S,Souscripteur / Preneur
ROLE_002201,BA000757,CLI_0565,A,Assuré
ROLE_002202,BA000757,CLI_0565,B,Bénéficiaire en cas de décès
ROLE_002203,BA000758,CLI_0566,S,Souscripteur / Preneur
ROLE_002204,BA000758,CLI_0566,B,Bénéficiaire en cas de décès
ROLE_002205,BA000759,CLI_0567,S,Souscripteur / Preneur
ROLE_002206,BA000759,CLI_0567,A,Assuré
ROLE_002207,BA000759,CLI_0567,B,Bénéficiaire en cas de décès
ROLE_002208,BA000760,CLI_0567,S,Souscripteur / Preneur
ROLE_002209,BA000760,CLI_0567,A,Assuré
ROLE_002210,BA000760,CLI_0567,B,Bénéficiaire en cas de décès
ROLE_002211,BA000761,CLI_0568,S,Souscripteur / Preneur
ROLE_002212,BA000761,CLI_0568,B,Bénéficiaire en cas de décès
ROLE_002213,BA000762,CLI_0569,S,Souscripteur / Preneur
ROLE_002214,BA000762,CLI_0569,A,Assuré
ROLE_002215,BA000762,CLI_0569,B,Bénéficiaire en cas de décès
ROLE_002216,BA000763,CLI_0569,S,Souscripteur / Preneur
ROLE_002217,BA000763,CLI_0569,A,Assuré
ROLE_002218,BA000763,CLI_0569,B,Bénéficiaire en cas de décès
ROLE_002219,BA000764,CLI_0570,S,Souscripteur / Preneur
ROLE_002220,BA000764,CLI_0570,A,Assuré
ROLE_002221,BA000764,CLI_0570,B,Bénéficiaire en cas de décès
ROLE_002222,BA000765,CLI_0571,S,Souscripteur / Preneur
ROLE_002223,BA000765,CLI_0571,A,Assuré
ROLE_002224,BA000765,CLI_0571,B,Bénéficiaire en cas de décès
ROLE_002225,BA000766,CLI_0571,S,Souscripteur / Preneur
ROLE_002226,BA000766,CLI_0571,A,Assuré
ROLE_002227,BA000766,CLI_0571,B,Bénéficiaire en cas de décès
ROLE_002228,BA000767,CLI_0571,S,Souscripteur / Preneur
ROLE_002229,BA000767,CLI_0571,A,Assuré
ROLE_002230,BA000767,CLI_0571,B,Bénéficiaire en cas de décès
ROLE_002231,BA000768,CLI_0572,S,Souscripteur / Preneur
ROLE_002232,BA000768,CLI_0572,A,Assuré
ROLE_002233,BA000768,CLI_0572,B,Bénéficiaire en cas de décès
ROLE_002234,BA000769,CLI_0573,S,Souscripteur / Preneur
ROLE_002235,BA000769,CLI_0573,A,Assuré
ROLE_002236,BA000769,CLI_0573,B,Bénéficiaire en cas de décès
ROLE_002237,BA000770,CLI_0574,S,Souscripteur / Preneur
ROLE_002238,BA000770,CLI_0574,A,Assuré
ROLE_002239,BA000770,CLI_0574,B,Bénéficiaire en cas de décès
ROLE_002240,BA000770,CLI_0574,UBO,Bénéficiaire effectif
ROLE_002241,BA000771,CLI_0575,S,Souscripteur / Preneur
ROLE_002242,BA000771,CLI_0575,A,Assuré
ROLE_002243,BA000771,CLI_0575,B,Bénéficiaire en cas de décès
ROLE_002244,BA000772,CLI_0575,S,Souscripteur / Preneur
ROLE_002245,BA000772,CLI_0575,A,Assuré
ROLE_002246,BA000772,CLI_0575,B,Bénéficiaire en cas de décès
ROLE_002247,BA000773,CLI_0576,S,Souscripteur / Preneur
ROLE_002248,BA000773,CLI_0576,B,Bénéficiaire en cas de décès
ROLE_002249,BA000774,CLI_0576,S,Souscripteur / Preneur
ROLE_002250,BA000774,CLI_0576,A,Assuré
ROLE_002251,BA000774,CLI_0576,B,Bénéficiaire en cas de décès
ROLE_002252,BA000775,CLI_0576,S,Souscripteur / Preneur
ROLE_002253,BA000775,CLI_0576,A,Assuré
ROLE_002254,BA000775,CLI_0576,B,Bénéficiaire en cas de décès
ROLE_002255,BA000776,CLI_0577,S,Souscripteur / Preneur
ROLE_002256,BA000776,CLI_0577,A,Assuré
ROLE_002257,BA000776,CLI_0577,B,Bénéficiaire en cas de décès
ROLE_002258,BA000777,CLI_0577,S,Souscripteur / Preneur
ROLE_002259,BA000777,CLI_0577,A,Assuré
ROLE_002260,BA000777,CLI_0577,B,Bénéficiaire en cas de décès
ROLE_002261,BA000778,CLI_0578,S,Souscripteur / Preneur
ROLE_002262,BA000778,CLI_0578,B,Bénéficiaire en cas de décès
ROLE_002263,BA000779,CLI_0578,S,Souscripteur / Preneur
ROLE_002264,BA000779,CLI_0578,A,Assuré
ROLE_002265,BA000779,CLI_0578,B,Bénéficiaire en cas de décès
ROLE_002266,BA000780,CLI_0579,S,Souscripteur / Preneur
ROLE_002267,BA000780,CLI_0579,B,Bénéficiaire en cas de décès
ROLE_002268,BA000781,CLI_0580,S,Souscripteur / Preneur
ROLE_002269,BA000781,CLI_0580,A,Assuré
ROLE_002270,BA000781,CLI_0580,B,Bénéficiaire en cas de décès
ROLE_002271,BA000782,CLI_0581,S,Souscripteur / Preneur
ROLE_002272,BA000782,CLI_0581,A,Assuré
ROLE_002273,BA000782,CLI_0581,B,Bénéficiaire en cas de décès
ROLE_002274,BA000783,CLI_0581,S,Souscripteur / Preneur
ROLE_002275,BA000783,CLI_0581,A,Assuré
ROLE_002276,BA000783,CLI_0581,B,Bénéficiaire en cas de décès
ROLE_002277,BA000784,CLI_0582,S,Souscripteur / Preneur
ROLE_002278,BA000784,CLI_0582,A,Assuré
ROLE_002279,BA000784,CLI_0582,B,Bénéficiaire en cas de décès
ROLE_002280,BA000785,CLI_0583,S,Souscripteur / Preneur
ROLE_002281,BA000785,CLI_0583,A,Assuré
ROLE_002282,BA000785,CLI_0583,B,Bénéficiaire en cas de décès
ROLE_002283,BA000786,CLI_0583,S,Souscripteur / Preneur
ROLE_002284,BA000786,CLI_0583,A,Assuré
ROLE_002285,BA000786,CLI_0583,B,Bénéficiaire en cas de décès
ROLE_002286,BA000787,CLI_0584,S,Souscripteur / Preneur
ROLE_002287,BA000787,CLI_0584,A,Assuré
ROLE_002288,BA000787,CLI_0584,B,Bénéficiaire en cas de décès
ROLE_002289,BA000788,CLI_0584,S,Souscripteur / Preneur
ROLE_002290,BA000788,CLI_0584,A,Assuré
ROLE_002291,BA000788,CLI_0584,B,Bénéficiaire en cas de décès
ROLE_002292,BA000789,CLI_0585,S,Souscripteur / Preneur
ROLE_002293,BA000789,CLI_0585,A,Assuré
ROLE_002294,BA000789,CLI_0585,B,Bénéficiaire en cas de décès
ROLE_002295,BA000790,CLI_0585,S,Souscripteur / Preneur
ROLE_002296,BA000790,CLI_0585,A,Assuré
ROLE_002297,BA000790,CLI_0585,B,Bénéficiaire en cas de décès
ROLE_002298,BA000791,CLI_0586,S,Souscripteur / Preneur
ROLE_002299,BA000791,CLI_0586,A,Assuré
ROLE_002300,BA000791,CLI_0586,B,Bénéficiaire en cas de décès
ROLE_002301,BA000792,CLI_0587,S,Souscripteur / Preneur
ROLE_002302,BA000792,CLI_0587,A,Assuré
ROLE_002303,BA000792,CLI_0587,B,Bénéficiaire en cas de décès
ROLE_002304,BA000793,CLI_0588,S,Souscripteur / Preneur
ROLE_002305,BA000793,CLI_0588,A,Assuré
ROLE_002306,BA000793,CLI_0588,B,Bénéficiaire en cas de décès
ROLE_002307,BA000794,CLI_0589,S,Souscripteur / Preneur
ROLE_002308,BA000794,CLI_0589,B,Bénéficiaire en cas de décès
ROLE_002309,BA000795,CLI_0590,S,Souscripteur / Preneur
ROLE_002310,BA000795,CLI_0590,A,Assuré
ROLE_002311,BA000795,CLI_0590,B,Bénéficiaire en cas de décès
ROLE_002312,BA000796,CLI_0591,S,Souscripteur / Preneur
ROLE_002313,BA000796,CLI_0591,B,Bénéficiaire en cas de décès
ROLE_002314,BA000797,CLI_0591,S,Souscripteur / Preneur
ROLE_002315,BA000797,CLI_0591,A,Assuré
ROLE_002316,BA000797,CLI_0591,B,Bénéficiaire en cas de décès
ROLE_002317,BA000798,CLI_0592,S,Souscripteur / Preneur
ROLE_002318,BA000798,CLI_0592,A,Assuré
ROLE_002319,BA000798,CLI_0592,B,Bénéficiaire en cas de décès
ROLE_002320,BA000799,CLI_0593,S,Souscripteur / Preneur
ROLE_002321,BA000799,CLI_0593,A,Assuré
ROLE_002322,BA000799,CLI_0593,B,Bénéficiaire en cas de décès
ROLE_002323,BA000800,CLI_0594,S,Souscripteur / Preneur
ROLE_002324,BA000800,CLI_0594,B,Bénéficiaire en cas de décès
ROLE_002325,BA000801,CLI_0594,S,Souscripteur / Preneur
ROLE_002326,BA000801,CLI_0594,A,Assuré
ROLE_002327,BA000801,CLI_0594,B,Bénéficiaire en cas de décès
ROLE_002328,BA000802,CLI_0595,S,Souscripteur / Preneur
ROLE_002329,BA000802,CLI_0595,A,Assuré
ROLE_002330,BA000802,CLI_0595,B,Bénéficiaire en cas de décès
ROLE_002331,BA000803,CLI_0595,S,Souscripteur / Preneur
ROLE_002332,BA000803,CLI_0595,A,Assuré
ROLE_002333,BA000803,CLI_0595,B,Bénéficiaire en cas de décès
ROLE_002334,BA000804,CLI_0596,S,Souscripteur / Preneur
ROLE_002335,BA000804,CLI_0596,A,Assuré
ROLE_002336,BA000804,CLI_0596,B,Bénéficiaire en cas de décès
ROLE_002337,BA000805,CLI_0597,S,Souscripteur / Preneur
ROLE_002338,BA000805,CLI_0597,A,Assuré
ROLE_002339,BA000805,CLI_0597,B,Bénéficiaire en cas de décès
ROLE_002340,BA000806,CLI_0598,S,Souscripteur / Preneur
ROLE_002341,BA000806,CLI_0598,A,Assuré
ROLE_002342,BA000806,CLI_0598,B,Bénéficiaire en cas de décès
ROLE_002343,BA000807,CLI_0599,S,Souscripteur / Preneur
ROLE_002344,BA000807,CLI_0599,B,Bénéficiaire en cas de décès
ROLE_002345,BA000808,CLI_0599,S,Souscripteur / Preneur
ROLE_002346,BA000808,CLI_0599,A,Assuré
ROLE_002347,BA000808,CLI_0599,B,Bénéficiaire en cas de décès
ROLE_002348,BA000809,CLI_0599,S,Souscripteur / Preneur
ROLE_002349,BA000809,CLI_0599,B,Bénéficiaire en cas de décès
ROLE_002350,BA000810,CLI_0600,S,Souscripteur / Preneur
ROLE_002351,BA000810,CLI_0600,A,Assuré
ROLE_002352,BA000810,CLI_0600,B,Bénéficiaire en cas de décès
ROLE_002353,BA000810,CLI_0600,UBO,Bénéficiaire effectif
ROLE_002354,BA000811,CLI_0601,S,Souscripteur / Preneur
ROLE_002355,BA000811,CLI_0601,B,Bénéficiaire en cas de décès
ROLE_002356,BA000812,CLI_0602,S,Souscripteur / Preneur
ROLE_002357,BA000812,CLI_0602,A,Assuré
ROLE_002358,BA000812,CLI_0602,B,Bénéficiaire en cas de décès
ROLE_002359,BA000813,CLI_0603,S,Souscripteur / Preneur
ROLE_002360,BA000813,CLI_0603,A,Assuré
ROLE_002361,BA000813,CLI_0603,B,Bénéficiaire en cas de décès
ROLE_002362,BA000814,CLI_0604,S,Souscripteur / Preneur
ROLE_002363,BA000814,CLI_0604,A,Assuré
ROLE_002364,BA000814,CLI_0604,B,Bénéficiaire en cas de décès
ROLE_002365,BA000815,CLI_0605,S,Souscripteur / Preneur
ROLE_002366,BA000815,CLI_0605,A,Assuré
ROLE_002367,BA000815,CLI_0605,B,Bénéficiaire en cas de décès
ROLE_002368,BA000816,CLI_0606,S,Souscripteur / Preneur
ROLE_002369,BA000816,CLI_0606,A,Assuré
ROLE_002370,BA000816,CLI_0606,B,Bénéficiaire en cas de décès
ROLE_002371,BA000816,CLI_0606,UBO,Bénéficiaire effectif
ROLE_002372,BA000817,CLI_0606,S,Souscripteur / Preneur
ROLE_002373,BA000817,CLI_0606,A,Assuré
ROLE_002374,BA000817,CLI_0606,B,Bénéficiaire en cas de décès
ROLE_002375,BA000817,CLI_0606,UBO,Bénéficiaire effectif
ROLE_002376,BA000818,CLI_0607,S,Souscripteur / Preneur
ROLE_002377,BA000818,CLI_0607,B,Bénéficiaire en cas de décès
ROLE_002378,BA000819,CLI_0608,S,Souscripteur / Preneur
ROLE_002379,BA000819,CLI_0608,A,Assuré
ROLE_002380,BA000819,CLI_0608,B,Bénéficiaire en cas de décès
ROLE_002381,BA000820,CLI_0609,S,Souscripteur / Preneur
ROLE_002382,BA000820,CLI_0609,B,Bénéficiaire en cas de décès
ROLE_002383,BA000821,CLI_0609,S,Souscripteur / Preneur
ROLE_002384,BA000821,CLI_0609,A,Assuré
ROLE_002385,BA000821,CLI_0609,B,Bénéficiaire en cas de décès
ROLE_002386,BA000822,CLI_0610,S,Souscripteur / Preneur
ROLE_002387,BA000822,CLI_0610,B,Bénéficiaire en cas de décès
ROLE_002388,BA000823,CLI_0611,S,Souscripteur / Preneur
ROLE_002389,BA000823,CLI_0611,A,Assuré
ROLE_002390,BA000823,CLI_0611,B,Bénéficiaire en cas de décès
ROLE_002391,BA000824,CLI_0612,S,Souscripteur / Preneur
ROLE_002392,BA000824,CLI_0612,A,Assuré
ROLE_002393,BA000824,CLI_0612,B,Bénéficiaire en cas de décès
ROLE_002394,BA000825,CLI_0612,S,Souscripteur / Preneur
ROLE_002395,BA000825,CLI_0612,A,Assuré
ROLE_002396,BA000825,CLI_0612,B,Bénéficiaire en cas de décès
ROLE_002397,BA000826,CLI_0612,S,Souscripteur / Preneur
ROLE_002398,BA000826,CLI_0612,B,Bénéficiaire en cas de décès
ROLE_002399,BA000827,CLI_0613,S,Souscripteur / Preneur
ROLE_002400,BA000827,CLI_0613,A,Assuré
ROLE_002401,BA000827,CLI_0613,B,Bénéficiaire en cas de décès
ROLE_002402,BA000827,CLI_0613,UBO,Bénéficiaire effectif
ROLE_002403,BA000828,CLI_0614,S,Souscripteur / Preneur
ROLE_002404,BA000828,CLI_0614,B,Bénéficiaire en cas de décès
ROLE_002405,BA000829,CLI_0615,S,Souscripteur / Preneur
ROLE_002406,BA000829,CLI_0615,A,Assuré
ROLE_002407,BA000829,CLI_0615,B,Bénéficiaire en cas de décès
ROLE_002408,BA000830,CLI_0616,S,Souscripteur / Preneur
ROLE_002409,BA000830,CLI_0616,A,Assuré
ROLE_002410,BA000830,CLI_0616,B,Bénéficiaire en cas de décès
ROLE_002411,BA000831,CLI_0617,S,Souscripteur / Preneur
ROLE_002412,BA000831,CLI_0617,A,Assuré
ROLE_002413,BA000831,CLI_0617,B,Bénéficiaire en cas de décès
ROLE_002414,BA000832,CLI_0618,S,Souscripteur / Preneur
ROLE_002415,BA000832,CLI_0618,A,Assuré
ROLE_002416,BA000832,CLI_0618,B,Bénéficiaire en cas de décès
ROLE_002417,BA000833,CLI_0619,S,Souscripteur / Preneur
ROLE_002418,BA000833,CLI_0619,A,Assuré
ROLE_002419,BA000833,CLI_0619,B,Bénéficiaire en cas de décès
ROLE_002420,BA000834,CLI_0620,S,Souscripteur / Preneur
ROLE_002421,BA000834,CLI_0620,A,Assuré
ROLE_002422,BA000834,CLI_0620,B,Bénéficiaire en cas de décès
ROLE_002423,BA000835,CLI_0621,S,Souscripteur / Preneur
ROLE_002424,BA000835,CLI_0621,A,Assuré
ROLE_002425,BA000835,CLI_0621,B,Bénéficiaire en cas de décès
ROLE_002426,BA000836,CLI_0622,S,Souscripteur / Preneur
ROLE_002427,BA000836,CLI_0622,A,Assuré
ROLE_002428,BA000836,CLI_0622,B,Bénéficiaire en cas de décès
ROLE_002429,BA000837,CLI_0622,S,Souscripteur / Preneur
ROLE_002430,BA000837,CLI_0622,A,Assuré
ROLE_002431,BA000837,CLI_0622,B,Bénéficiaire en cas de décès
ROLE_002432,BA000838,CLI_0623,S,Souscripteur / Preneur
ROLE_002433,BA000838,CLI_0623,A,Assuré
ROLE_002434,BA000838,CLI_0623,B,Bénéficiaire en cas de décès
ROLE_002435,BA000839,CLI_0623,S,Souscripteur / Preneur
ROLE_002436,BA000839,CLI_0623,A,Assuré
ROLE_002437,BA000839,CLI_0623,B,Bénéficiaire en cas de décès
ROLE_002438,BA000840,CLI_0624,S,Souscripteur / Preneur
ROLE_002439,BA000840,CLI_0624,B,Bénéficiaire en cas de décès
ROLE_002440,BA000841,CLI_0625,S,Souscripteur / Preneur
ROLE_002441,BA000841,CLI_0625,B,Bénéficiaire en cas de décès
ROLE_002442,BA000842,CLI_0626,S,Souscripteur / Preneur
ROLE_002443,BA000842,CLI_0626,A,Assuré
ROLE_002444,BA000842,CLI_0626,B,Bénéficiaire en cas de décès
ROLE_002445,BA000843,CLI_0627,S,Souscripteur / Preneur
ROLE_002446,BA000843,CLI_0627,A,Assuré
ROLE_002447,BA000843,CLI_0627,B,Bénéficiaire en cas de décès
ROLE_002448,BA000844,CLI_0627,S,Souscripteur / Preneur
ROLE_002449,BA000844,CLI_0627,B,Bénéficiaire en cas de décès
ROLE_002450,BA000845,CLI_0627,S,Souscripteur / Preneur
ROLE_002451,BA000845,CLI_0627,A,Assuré
ROLE_002452,BA000845,CLI_0627,B,Bénéficiaire en cas de décès
ROLE_002453,BA000846,CLI_0628,S,Souscripteur / Preneur
ROLE_002454,BA000846,CLI_0628,A,Assuré
ROLE_002455,BA000846,CLI_0628,B,Bénéficiaire en cas de décès
ROLE_002456,BA000847,CLI_0628,S,Souscripteur / Preneur
ROLE_002457,BA000847,CLI_0628,A,Assuré
ROLE_002458,BA000847,CLI_0628,B,Bénéficiaire en cas de décès
ROLE_002459,BA000848,CLI_0628,S,Souscripteur / Preneur
ROLE_002460,BA000848,CLI_0628,A,Assuré
ROLE_002461,BA000848,CLI_0628,B,Bénéficiaire en cas de décès
ROLE_002462,BA000849,CLI_0629,S,Souscripteur / Preneur
ROLE_002463,BA000849,CLI_0629,B,Bénéficiaire en cas de décès
ROLE_002464,BA000850,CLI_0630,S,Souscripteur / Preneur
ROLE_002465,BA000850,CLI_0630,A,Assuré
ROLE_002466,BA000850,CLI_0630,B,Bénéficiaire en cas de décès
ROLE_002467,BA000851,CLI_0631,S,Souscripteur / Preneur
ROLE_002468,BA000851,CLI_0631,A,Assuré
ROLE_002469,BA000851,CLI_0631,B,Bénéficiaire en cas de décès
ROLE_002470,BA000852,CLI_0631,S,Souscripteur / Preneur
ROLE_002471,BA000852,CLI_0631,A,Assuré
ROLE_002472,BA000852,CLI_0631,B,Bénéficiaire en cas de décès
ROLE_002473,BA000853,CLI_0632,S,Souscripteur / Preneur
ROLE_002474,BA000853,CLI_0632,A,Assuré
ROLE_002475,BA000853,CLI_0632,B,Bénéficiaire en cas de décès
ROLE_002476,BA000854,CLI_0633,S,Souscripteur / Preneur
ROLE_002477,BA000854,CLI_0633,A,Assuré
ROLE_002478,BA000854,CLI_0633,B,Bénéficiaire en cas de décès
ROLE_002479,BA000855,CLI_0633,S,Souscripteur / Preneur
ROLE_002480,BA000855,CLI_0633,A,Assuré
ROLE_002481,BA000855,CLI_0633,B,Bénéficiaire en cas de décès
ROLE_002482,BA000856,CLI_0634,S,Souscripteur / Preneur
ROLE_002483,BA000856,CLI_0634,A,Assuré
ROLE_002484,BA000856,CLI_0634,B,Bénéficiaire en cas de décès
ROLE_002485,BA000857,CLI_0635,S,Souscripteur / Preneur
ROLE_002486,BA000857,CLI_0635,A,Assuré
ROLE_002487,BA000857,CLI_0635,B,Bénéficiaire en cas de décès
ROLE_002488,BA000858,CLI_0636,S,Souscripteur / Preneur
ROLE_002489,BA000858,CLI_0636,B,Bénéficiaire en cas de décès
ROLE_002490,BA000859,CLI_0637,S,Souscripteur / Preneur
ROLE_002491,BA000859,CLI_0637,B,Bénéficiaire en cas de décès
ROLE_002492,BA000860,CLI_0638,S,Souscripteur / Preneur
ROLE_002493,BA000860,CLI_0638,B,Bénéficiaire en cas de décès
ROLE_002494,BA000861,CLI_0638,S,Souscripteur / Preneur
ROLE_002495,BA000861,CLI_0638,B,Bénéficiaire en cas de décès
ROLE_002496,BA000862,CLI_0639,S,Souscripteur / Preneur
ROLE_002497,BA000862,CLI_0639,A,Assuré
ROLE_002498,BA000862,CLI_0639,B,Bénéficiaire en cas de décès
ROLE_002499,BA000863,CLI_0640,S,Souscripteur / Preneur
ROLE_002500,BA000863,CLI_0640,A,Assuré
ROLE_002501,BA000863,CLI_0640,B,Bénéficiaire en cas de décès
ROLE_002502,BA000864,CLI_0641,S,Souscripteur / Preneur
ROLE_002503,BA000864,CLI_0641,A,Assuré
ROLE_002504,BA000864,CLI_0641,B,Bénéficiaire en cas de décès
ROLE_002505,BA000865,CLI_0642,S,Souscripteur / Preneur
ROLE_002506,BA000865,CLI_0642,A,Assuré
ROLE_002507,BA000865,CLI_0642,B,Bénéficiaire en cas de décès
ROLE_002508,BA000866,CLI_0643,S,Souscripteur / Preneur
ROLE_002509,BA000866,CLI_0643,B,Bénéficiaire en cas de décès
ROLE_002510,BA000867,CLI_0644,S,Souscripteur / Preneur
ROLE_002511,BA000867,CLI_0644,A,Assuré
ROLE_002512,BA000867,CLI_0644,B,Bénéficiaire en cas de décès
ROLE_002513,BA000868,CLI_0645,S,Souscripteur / Preneur
ROLE_002514,BA000868,CLI_0645,A,Assuré
ROLE_002515,BA000868,CLI_0645,B,Bénéficiaire en cas de décès
ROLE_002516,BA000868,CLI_0645,UBO,Bénéficiaire effectif
ROLE_002517,BA000869,CLI_0646,S,Souscripteur / Preneur
ROLE_002518,BA000869,CLI_0646,A,Assuré
ROLE_002519,BA000869,CLI_0646,B,Bénéficiaire en cas de décès
ROLE_002520,BA000870,CLI_0647,S,Souscripteur / Preneur
ROLE_002521,BA000870,CLI_0647,A,Assuré
ROLE_002522,BA000870,CLI_0647,B,Bénéficiaire en cas de décès
ROLE_002523,BA000871,CLI_0648,S,Souscripteur / Preneur
ROLE_002524,BA000871,CLI_0648,A,Assuré
ROLE_002525,BA000871,CLI_0648,B,Bénéficiaire en cas de décès
ROLE_002526,BA000871,CLI_0648,UBO,Bénéficiaire effectif
ROLE_002527,BA000872,CLI_0649,S,Souscripteur / Preneur
ROLE_002528,BA000872,CLI_0649,A,Assuré
ROLE_002529,BA000872,CLI_0649,B,Bénéficiaire en cas de décès
ROLE_002530,BA000873,CLI_0650,S,Souscripteur / Preneur
ROLE_002531,BA000873,CLI_0650,A,Assuré
ROLE_002532,BA000873,CLI_0650,B,Bénéficiaire en cas de décès
ROLE_002533,BA000874,CLI_0651,S,Souscripteur / Preneur
ROLE_002534,BA000874,CLI_0651,A,Assuré
ROLE_002535,BA000874,CLI_0651,B,Bénéficiaire en cas de décès
ROLE_002536,BA000875,CLI_0651,S,Souscripteur / Preneur
ROLE_002537,BA000875,CLI_0651,B,Bénéficiaire en cas de décès
ROLE_002538,BA000876,CLI_0652,S,Souscripteur / Preneur
ROLE_002539,BA000876,CLI_0652,A,Assuré
ROLE_002540,BA000876,CLI_0652,B,Bénéficiaire en cas de décès
ROLE_002541,BA000877,CLI_0653,S,Souscripteur / Preneur
ROLE_002542,BA000877,CLI_0653,B,Bénéficiaire en cas de décès
ROLE_002543,BA000878,CLI_0654,S,Souscripteur / Preneur
ROLE_002544,BA000878,CLI_0654,A,Assuré
ROLE_002545,BA000878,CLI_0654,B,Bénéficiaire en cas de décès
ROLE_002546,BA000879,CLI_0655,S,Souscripteur / Preneur
ROLE_002547,BA000879,CLI_0655,A,Assuré
ROLE_002548,BA000879,CLI_0655,B,Bénéficiaire en cas de décès
ROLE_002549,BA000880,CLI_0656,S,Souscripteur / Preneur
ROLE_002550,BA000880,CLI_0656,A,Assuré
ROLE_002551,BA000880,CLI_0656,B,Bénéficiaire en cas de décès
ROLE_002552,BA000881,CLI_0656,S,Souscripteur / Preneur
ROLE_002553,BA000881,CLI_0656,A,Assuré
ROLE_002554,BA000881,CLI_0656,B,Bénéficiaire en cas de décès
ROLE_002555,BA000882,CLI_0657,S,Souscripteur / Preneur
ROLE_002556,BA000882,CLI_0657,A,Assuré
ROLE_002557,BA000882,CLI_0657,B,Bénéficiaire en cas de décès
ROLE_002558,BA000883,CLI_0658,S,Souscripteur / Preneur
ROLE_002559,BA000883,CLI_0658,A,Assuré
ROLE_002560,BA000883,CLI_0658,B,Bénéficiaire en cas de décès
ROLE_002561,BA000884,CLI_0658,S,Souscripteur / Preneur
ROLE_002562,BA000884,CLI_0658,A,Assuré
ROLE_002563,BA000884,CLI_0658,B,Bénéficiaire en cas de décès
ROLE_002564,BA000885,CLI_0659,S,Souscripteur / Preneur
ROLE_002565,BA000885,CLI_0659,A,Assuré
ROLE_002566,BA000885,CLI_0659,B,Bénéficiaire en cas de décès
ROLE_002567,BA000886,CLI_0659,S,Souscripteur / Preneur
ROLE_002568,BA000886,CLI_0659,A,Assuré
ROLE_002569,BA000886,CLI_0659,B,Bénéficiaire en cas de décès
ROLE_002570,BA000887,CLI_0660,S,Souscripteur / Preneur
ROLE_002571,BA000887,CLI_0660,B,Bénéficiaire en cas de décès
ROLE_002572,BA000888,CLI_0661,S,Souscripteur / Preneur
ROLE_002573,BA000888,CLI_0661,A,Assuré
ROLE_002574,BA000888,CLI_0661,B,Bénéficiaire en cas de décès
ROLE_002575,BA000889,CLI_0662,S,Souscripteur / Preneur
ROLE_002576,BA000889,CLI_0662,A,Assuré
ROLE_002577,BA000889,CLI_0662,B,Bénéficiaire en cas de décès
ROLE_002578,BA000890,CLI_0662,S,Souscripteur / Preneur
ROLE_002579,BA000890,CLI_0662,A,Assuré
ROLE_002580,BA000890,CLI_0662,B,Bénéficiaire en cas de décès
ROLE_002581,BA000891,CLI_0663,S,Souscripteur / Preneur
ROLE_002582,BA000891,CLI_0663,A,Assuré
ROLE_002583,BA000891,CLI_0663,B,Bénéficiaire en cas de décès
ROLE_002584,BA000892,CLI_0663,S,Souscripteur / Preneur
ROLE_002585,BA000892,CLI_0663,A,Assuré
ROLE_002586,BA000892,CLI_0663,B,Bénéficiaire en cas de décès
ROLE_002587,BA000893,CLI_0664,S,Souscripteur / Preneur
ROLE_002588,BA000893,CLI_0664,A,Assuré
ROLE_002589,BA000893,CLI_0664,B,Bénéficiaire en cas de décès
ROLE_002590,BA000894,CLI_0665,S,Souscripteur / Preneur
ROLE_002591,BA000894,CLI_0665,A,Assuré
ROLE_002592,BA000894,CLI_0665,B,Bénéficiaire en cas de décès
ROLE_002593,BA000895,CLI_0666,S,Souscripteur / Preneur
ROLE_002594,BA000895,CLI_0666,B,Bénéficiaire en cas de décès
ROLE_002595,BA000896,CLI_0667,S,Souscripteur / Preneur
ROLE_002596,BA000896,CLI_0667,A,Assuré
ROLE_002597,BA000896,CLI_0667,B,Bénéficiaire en cas de décès
ROLE_002598,BA000897,CLI_0668,S,Souscripteur / Preneur
ROLE_002599,BA000897,CLI_0668,A,Assuré
ROLE_002600,BA000897,CLI_0668,B,Bénéficiaire en cas de décès
ROLE_002601,BA000898,CLI_0669,S,Souscripteur / Preneur
ROLE_002602,BA000898,CLI_0669,A,Assuré
ROLE_002603,BA000898,CLI_0669,B,Bénéficiaire en cas de décès
ROLE_002604,BA000899,CLI_0669,S,Souscripteur / Preneur
ROLE_002605,BA000899,CLI_0669,B,Bénéficiaire en cas de décès
ROLE_002606,BA000900,CLI_0669,S,Souscripteur / Preneur
ROLE_002607,BA000900,CLI_0669,A,Assuré
ROLE_002608,BA000900,CLI_0669,B,Bénéficiaire en cas de décès
ROLE_002609,BA000901,CLI_0670,S,Souscripteur / Preneur
ROLE_002610,BA000901,CLI_0670,A,Assuré
ROLE_002611,BA000901,CLI_0670,B,Bénéficiaire en cas de décès
ROLE_002612,BA000902,CLI_0671,S,Souscripteur / Preneur
ROLE_002613,BA000902,CLI_0671,B,Bénéficiaire en cas de décès
ROLE_002614,BA000903,CLI_0672,S,Souscripteur / Preneur
ROLE_002615,BA000903,CLI_0672,A,Assuré
ROLE_002616,BA000903,CLI_0672,B,Bénéficiaire en cas de décès
ROLE_002617,BA000904,CLI_0673,S,Souscripteur / Preneur
ROLE_002618,BA000904,CLI_0673,A,Assuré
ROLE_002619,BA000904,CLI_0673,B,Bénéficiaire en cas de décès
ROLE_002620,BA000905,CLI_0674,S,Souscripteur / Preneur
ROLE_002621,BA000905,CLI_0674,A,Assuré
ROLE_002622,BA000905,CLI_0674,B,Bénéficiaire en cas de décès
ROLE_002623,BA000906,CLI_0675,S,Souscripteur / Preneur
ROLE_002624,BA000906,CLI_0675,A,Assuré
ROLE_002625,BA000906,CLI_0675,B,Bénéficiaire en cas de décès
ROLE_002626,BA000907,CLI_0676,S,Souscripteur / Preneur
ROLE_002627,BA000907,CLI_0676,A,Assuré
ROLE_002628,BA000907,CLI_0676,B,Bénéficiaire en cas de décès
ROLE_002629,BA000908,CLI_0677,S,Souscripteur / Preneur
ROLE_002630,BA000908,CLI_0677,A,Assuré
ROLE_002631,BA000908,CLI_0677,B,Bénéficiaire en cas de décès
ROLE_002632,BA000909,CLI_0677,S,Souscripteur / Preneur
ROLE_002633,BA000909,CLI_0677,A,Assuré
ROLE_002634,BA000909,CLI_0677,B,Bénéficiaire en cas de décès
ROLE_002635,BA000910,CLI_0678,S,Souscripteur / Preneur
ROLE_002636,BA000910,CLI_0678,B,Bénéficiaire en cas de décès
ROLE_002637,BA000911,CLI_0679,S,Souscripteur / Preneur
ROLE_002638,BA000911,CLI_0679,A,Assuré
ROLE_002639,BA000911,CLI_0679,B,Bénéficiaire en cas de décès
ROLE_002640,BA000912,CLI_0679,S,Souscripteur / Preneur
ROLE_002641,BA000912,CLI_0679,A,Assuré
ROLE_002642,BA000912,CLI_0679,B,Bénéficiaire en cas de décès
ROLE_002643,BA000913,CLI_0679,S,Souscripteur / Preneur
ROLE_002644,BA000913,CLI_0679,A,Assuré
ROLE_002645,BA000913,CLI_0679,B,Bénéficiaire en cas de décès
ROLE_002646,BA000914,CLI_0680,S,Souscripteur / Preneur
ROLE_002647,BA000914,CLI_0680,A,Assuré
ROLE_002648,BA000914,CLI_0680,B,Bénéficiaire en cas de décès
ROLE_002649,BA000914,CLI_0680,UBO,Bénéficiaire effectif
ROLE_002650,BA000915,CLI_0680,S,Souscripteur / Preneur
ROLE_002651,BA000915,CLI_0680,A,Assuré
ROLE_002652,BA000915,CLI_0680,B,Bénéficiaire en cas de décès
ROLE_002653,BA000915,CLI_0680,UBO,Bénéficiaire effectif
ROLE_002654,BA000916,CLI_0681,S,Souscripteur / Preneur
ROLE_002655,BA000916,CLI_0681,A,Assuré
ROLE_002656,BA000916,CLI_0681,B,Bénéficiaire en cas de décès
ROLE_002657,BA000917,CLI_0681,S,Souscripteur / Preneur
ROLE_002658,BA000917,CLI_0681,B,Bénéficiaire en cas de décès
ROLE_002659,BA000918,CLI_0682,S,Souscripteur / Preneur
ROLE_002660,BA000918,CLI_0682,A,Assuré
ROLE_002661,BA000918,CLI_0682,B,Bénéficiaire en cas de décès
ROLE_002662,BA000919,CLI_0683,S,Souscripteur / Preneur
ROLE_002663,BA000919,CLI_0683,A,Assuré
ROLE_002664,BA000919,CLI_0683,B,Bénéficiaire en cas de décès
ROLE_002665,BA000920,CLI_0684,S,Souscripteur / Preneur
ROLE_002666,BA000920,CLI_0684,A,Assuré
ROLE_002667,BA000920,CLI_0684,B,Bénéficiaire en cas de décès
ROLE_002668,BA000921,CLI_0685,S,Souscripteur / Preneur
ROLE_002669,BA000921,CLI_0685,B,Bénéficiaire en cas de décès
ROLE_002670,BA000922,CLI_0686,S,Souscripteur / Preneur
ROLE_002671,BA000922,CLI_0686,A,Assuré
ROLE_002672,BA000922,CLI_0686,B,Bénéficiaire en cas de décès
ROLE_002673,BA000923,CLI_0686,S,Souscripteur / Preneur
ROLE_002674,BA000923,CLI_0686,A,Assuré
ROLE_002675,BA000923,CLI_0686,B,Bénéficiaire en cas de décès
ROLE_002676,BA000924,CLI_0687,S,Souscripteur / Preneur
ROLE_002677,BA000924,CLI_0687,A,Assuré
ROLE_002678,BA000924,CLI_0687,B,Bénéficiaire en cas de décès
ROLE_002679,BA000925,CLI_0688,S,Souscripteur / Preneur
ROLE_002680,BA000925,CLI_0688,A,Assuré
ROLE_002681,BA000925,CLI_0688,B,Bénéficiaire en cas de décès
ROLE_002682,BA000926,CLI_0689,S,Souscripteur / Preneur
ROLE_002683,BA000926,CLI_0689,A,Assuré
ROLE_002684,BA000926,CLI_0689,B,Bénéficiaire en cas de décès
ROLE_002685,BA000927,CLI_0689,S,Souscripteur / Preneur
ROLE_002686,BA000927,CLI_0689,A,Assuré
ROLE_002687,BA000927,CLI_0689,B,Bénéficiaire en cas de décès
ROLE_002688,BA000928,CLI_0690,S,Souscripteur / Preneur
ROLE_002689,BA000928,CLI_0690,A,Assuré
ROLE_002690,BA000928,CLI_0690,B,Bénéficiaire en cas de décès
ROLE_002691,BA000929,CLI_0691,S,Souscripteur / Preneur
ROLE_002692,BA000929,CLI_0691,A,Assuré
ROLE_002693,BA000929,CLI_0691,B,Bénéficiaire en cas de décès
ROLE_002694,BA000929,CLI_0691,UBO,Bénéficiaire effectif
ROLE_002695,BA000930,CLI_0692,S,Souscripteur / Preneur
ROLE_002696,BA000930,CLI_0692,A,Assuré
ROLE_002697,BA000930,CLI_0692,B,Bénéficiaire en cas de décès
ROLE_002698,BA000930,CLI_0692,UBO,Bénéficiaire effectif
ROLE_002699,BA000931,CLI_0693,S,Souscripteur / Preneur
ROLE_002700,BA000931,CLI_0693,A,Assuré
ROLE_002701,BA000931,CLI_0693,B,Bénéficiaire en cas de décès
ROLE_002702,BA000932,CLI_0694,S,Souscripteur / Preneur
ROLE_002703,BA000932,CLI_0694,A,Assuré
ROLE_002704,BA000932,CLI_0694,B,Bénéficiaire en cas de décès
ROLE_002705,BA000933,CLI_0694,S,Souscripteur / Preneur
ROLE_002706,BA000933,CLI_0694,A,Assuré
ROLE_002707,BA000933,CLI_0694,B,Bénéficiaire en cas de décès
ROLE_002708,BA000934,CLI_0695,S,Souscripteur / Preneur
ROLE_002709,BA000934,CLI_0695,A,Assuré
ROLE_002710,BA000934,CLI_0695,B,Bénéficiaire en cas de décès
ROLE_002711,BA000935,CLI_0695,S,Souscripteur / Preneur
ROLE_002712,BA000935,CLI_0695,A,Assuré
ROLE_002713,BA000935,CLI_0695,B,Bénéficiaire en cas de décès
ROLE_002714,BA000936,CLI_0695,S,Souscripteur / Preneur
ROLE_002715,BA000936,CLI_0695,A,Assuré
ROLE_002716,BA000936,CLI_0695,B,Bénéficiaire en cas de décès
ROLE_002717,BA000937,CLI_0696,S,Souscripteur / Preneur
ROLE_002718,BA000937,CLI_0696,A,Assuré
ROLE_002719,BA000937,CLI_0696,B,Bénéficiaire en cas de décès
ROLE_002720,BA000938,CLI_0697,S,Souscripteur / Preneur
ROLE_002721,BA000938,CLI_0697,A,Assuré
ROLE_002722,BA000938,CLI_0697,B,Bénéficiaire en cas de décès
ROLE_002723,BA000939,CLI_0698,S,Souscripteur / Preneur
ROLE_002724,BA000939,CLI_0698,A,Assuré
ROLE_002725,BA000939,CLI_0698,B,Bénéficiaire en cas de décès
ROLE_002726,BA000940,CLI_0699,S,Souscripteur / Preneur
ROLE_002727,BA000940,CLI_0699,A,Assuré
ROLE_002728,BA000940,CLI_0699,B,Bénéficiaire en cas de décès
ROLE_002729,BA000941,CLI_0700,S,Souscripteur / Preneur
ROLE_002730,BA000941,CLI_0700,A,Assuré
ROLE_002731,BA000941,CLI_0700,B,Bénéficiaire en cas de décès
ROLE_002732,BA000942,CLI_0701,S,Souscripteur / Preneur
ROLE_002733,BA000942,CLI_0701,A,Assuré
ROLE_002734,BA000942,CLI_0701,B,Bénéficiaire en cas de décès
ROLE_002735,BA000943,CLI_0702,S,Souscripteur / Preneur
ROLE_002736,BA000943,CLI_0702,B,Bénéficiaire en cas de décès
ROLE_002737,BA000944,CLI_0702,S,Souscripteur / Preneur
ROLE_002738,BA000944,CLI_0702,A,Assuré
ROLE_002739,BA000944,CLI_0702,B,Bénéficiaire en cas de décès
ROLE_002740,BA000945,CLI_0703,S,Souscripteur / Preneur
ROLE_002741,BA000945,CLI_0703,B,Bénéficiaire en cas de décès
ROLE_002742,BA000946,CLI_0704,S,Souscripteur / Preneur
ROLE_002743,BA000946,CLI_0704,A,Assuré
ROLE_002744,BA000946,CLI_0704,B,Bénéficiaire en cas de décès
ROLE_002745,BA000947,CLI_0704,S,Souscripteur / Preneur
ROLE_002746,BA000947,CLI_0704,A,Assuré
ROLE_002747,BA000947,CLI_0704,B,Bénéficiaire en cas de décès
ROLE_002748,BA000948,CLI_0705,S,Souscripteur / Preneur
ROLE_002749,BA000948,CLI_0705,A,Assuré
ROLE_002750,BA000948,CLI_0705,B,Bénéficiaire en cas de décès
ROLE_002751,BA000949,CLI_0705,S,Souscripteur / Preneur
ROLE_002752,BA000949,CLI_0705,A,Assuré
ROLE_002753,BA000949,CLI_0705,B,Bénéficiaire en cas de décès
ROLE_002754,BA000950,CLI_0705,S,Souscripteur / Preneur
ROLE_002755,BA000950,CLI_0705,A,Assuré
ROLE_002756,BA000950,CLI_0705,B,Bénéficiaire en cas de décès
ROLE_002757,BA000951,CLI_0706,S,Souscripteur / Preneur
ROLE_002758,BA000951,CLI_0706,A,Assuré
ROLE_002759,BA000951,CLI_0706,B,Bénéficiaire en cas de décès
ROLE_002760,BA000952,CLI_0707,S,Souscripteur / Preneur
ROLE_002761,BA000952,CLI_0707,A,Assuré
ROLE_002762,BA000952,CLI_0707,B,Bénéficiaire en cas de décès
ROLE_002763,BA000953,CLI_0708,S,Souscripteur / Preneur
ROLE_002764,BA000953,CLI_0708,A,Assuré
ROLE_002765,BA000953,CLI_0708,B,Bénéficiaire en cas de décès
ROLE_002766,BA000954,CLI_0708,S,Souscripteur / Preneur
ROLE_002767,BA000954,CLI_0708,A,Assuré
ROLE_002768,BA000954,CLI_0708,B,Bénéficiaire en cas de décès
ROLE_002769,BA000955,CLI_0709,S,Souscripteur / Preneur
ROLE_002770,BA000955,CLI_0709,B,Bénéficiaire en cas de décès
ROLE_002771,BA000956,CLI_0710,S,Souscripteur / Preneur
ROLE_002772,BA000956,CLI_0710,A,Assuré
ROLE_002773,BA000956,CLI_0710,B,Bénéficiaire en cas de décès
ROLE_002774,BA000957,CLI_0710,S,Souscripteur / Preneur
ROLE_002775,BA000957,CLI_0710,B,Bénéficiaire en cas de décès
ROLE_002776,BA000958,CLI_0711,S,Souscripteur / Preneur
ROLE_002777,BA000958,CLI_0711,A,Assuré
ROLE_002778,BA000958,CLI_0711,B,Bénéficiaire en cas de décès
ROLE_002779,BA000959,CLI_0712,S,Souscripteur / Preneur
ROLE_002780,BA000959,CLI_0712,A,Assuré
ROLE_002781,BA000959,CLI_0712,B,Bénéficiaire en cas de décès
ROLE_002782,BA000960,CLI_0712,S,Souscripteur / Preneur
ROLE_002783,BA000960,CLI_0712,A,Assuré
ROLE_002784,BA000960,CLI_0712,B,Bénéficiaire en cas de décès
ROLE_002785,BA000961,CLI_0713,S,Souscripteur / Preneur
ROLE_002786,BA000961,CLI_0713,A,Assuré
ROLE_002787,BA000961,CLI_0713,B,Bénéficiaire en cas de décès
ROLE_002788,BA000962,CLI_0714,S,Souscripteur / Preneur
ROLE_002789,BA000962,CLI_0714,A,Assuré
ROLE_002790,BA000962,CLI_0714,B,Bénéficiaire en cas de décès
ROLE_002791,BA000963,CLI_0715,S,Souscripteur / Preneur
ROLE_002792,BA000963,CLI_0715,A,Assuré
ROLE_002793,BA000963,CLI_0715,B,Bénéficiaire en cas de décès
ROLE_002794,BA000964,CLI_0716,S,Souscripteur / Preneur
ROLE_002795,BA000964,CLI_0716,A,Assuré
ROLE_002796,BA000964,CLI_0716,B,Bénéficiaire en cas de décès
ROLE_002797,BA000965,CLI_0717,S,Souscripteur / Preneur
ROLE_002798,BA000965,CLI_0717,A,Assuré
ROLE_002799,BA000965,CLI_0717,B,Bénéficiaire en cas de décès
ROLE_002800,BA000966,CLI_0718,S,Souscripteur / Preneur
ROLE_002801,BA000966,CLI_0718,A,Assuré
ROLE_002802,BA000966,CLI_0718,B,Bénéficiaire en cas de décès
ROLE_002803,BA000967,CLI_0719,S,Souscripteur / Preneur
ROLE_002804,BA000967,CLI_0719,A,Assuré
ROLE_002805,BA000967,CLI_0719,B,Bénéficiaire en cas de décès
ROLE_002806,BA000968,CLI_0720,S,Souscripteur / Preneur
ROLE_002807,BA000968,CLI_0720,A,Assuré
ROLE_002808,BA000968,CLI_0720,B,Bénéficiaire en cas de décès
ROLE_002809,BA000969,CLI_0720,S,Souscripteur / Preneur
ROLE_002810,BA000969,CLI_0720,A,Assuré
ROLE_002811,BA000969,CLI_0720,B,Bénéficiaire en cas de décès
ROLE_002812,BA000970,CLI_0721,S,Souscripteur / Preneur
ROLE_002813,BA000970,CLI_0721,A,Assuré
ROLE_002814,BA000970,CLI_0721,B,Bénéficiaire en cas de décès
ROLE_002815,BA000971,CLI_0722,S,Souscripteur / Preneur
ROLE_002816,BA000971,CLI_0722,B,Bénéficiaire en cas de décès
ROLE_002817,BA000972,CLI_0722,S,Souscripteur / Preneur
ROLE_002818,BA000972,CLI_0722,A,Assuré
ROLE_002819,BA000972,CLI_0722,B,Bénéficiaire en cas de décès
ROLE_002820,BA000973,CLI_0722,S,Souscripteur / Preneur
ROLE_002821,BA000973,CLI_0722,A,Assuré
ROLE_002822,BA000973,CLI_0722,B,Bénéficiaire en cas de décès
ROLE_002823,BA000974,CLI_0723,S,Souscripteur / Preneur
ROLE_002824,BA000974,CLI_0723,A,Assuré
ROLE_002825,BA000974,CLI_0723,B,Bénéficiaire en cas de décès
ROLE_002826,BA000975,CLI_0724,S,Souscripteur / Preneur
ROLE_002827,BA000975,CLI_0724,A,Assuré
ROLE_002828,BA000975,CLI_0724,B,Bénéficiaire en cas de décès
ROLE_002829,BA000976,CLI_0725,S,Souscripteur / Preneur
ROLE_002830,BA000976,CLI_0725,A,Assuré
ROLE_002831,BA000976,CLI_0725,B,Bénéficiaire en cas de décès
ROLE_002832,BA000977,CLI_0726,S,Souscripteur / Preneur
ROLE_002833,BA000977,CLI_0726,A,Assuré
ROLE_002834,BA000977,CLI_0726,B,Bénéficiaire en cas de décès
ROLE_002835,BA000977,CLI_0726,UBO,Bénéficiaire effectif
ROLE_002836,BA000978,CLI_0727,S,Souscripteur / Preneur
ROLE_002837,BA000978,CLI_0727,A,Assuré
ROLE_002838,BA000978,CLI_0727,B,Bénéficiaire en cas de décès
ROLE_002839,BA000979,CLI_0728,S,Souscripteur / Preneur
ROLE_002840,BA000979,CLI_0728,A,Assuré
ROLE_002841,BA000979,CLI_0728,B,Bénéficiaire en cas de décès
ROLE_002842,BA000980,CLI_0728,S,Souscripteur / Preneur
ROLE_002843,BA000980,CLI_0728,B,Bénéficiaire en cas de décès
ROLE_002844,BA000981,CLI_0729,S,Souscripteur / Preneur
ROLE_002845,BA000981,CLI_0729,A,Assuré
ROLE_002846,BA000981,CLI_0729,B,Bénéficiaire en cas de décès
ROLE_002847,BA000982,CLI_0729,S,Souscripteur / Preneur
ROLE_002848,BA000982,CLI_0729,A,Assuré
ROLE_002849,BA000982,CLI_0729,B,Bénéficiaire en cas de décès
ROLE_002850,BA000983,CLI_0730,S,Souscripteur / Preneur
ROLE_002851,BA000983,CLI_0730,B,Bénéficiaire en cas de décès
ROLE_002852,BA000984,CLI_0731,S,Souscripteur / Preneur
ROLE_002853,BA000984,CLI_0731,A,Assuré
ROLE_002854,BA000984,CLI_0731,B,Bénéficiaire en cas de décès
ROLE_002855,BA000985,CLI_0731,S,Souscripteur / Preneur
ROLE_002856,BA000985,CLI_0731,A,Assuré
ROLE_002857,BA000985,CLI_0731,B,Bénéficiaire en cas de décès
ROLE_002858,BA000986,CLI_0731,S,Souscripteur / Preneur
ROLE_002859,BA000986,CLI_0731,A,Assuré
ROLE_002860,BA000986,CLI_0731,B,Bénéficiaire en cas de décès
ROLE_002861,BA000987,CLI_0732,S,Souscripteur / Preneur
ROLE_002862,BA000987,CLI_0732,B,Bénéficiaire en cas de décès
ROLE_002863,BA000988,CLI_0733,S,Souscripteur / Preneur
ROLE_002864,BA000988,CLI_0733,A,Assuré
ROLE_002865,BA000988,CLI_0733,B,Bénéficiaire en cas de décès
ROLE_002866,BA000989,CLI_0733,S,Souscripteur / Preneur
ROLE_002867,BA000989,CLI_0733,A,Assuré
ROLE_002868,BA000989,CLI_0733,B,Bénéficiaire en cas de décès
ROLE_002869,BA000990,CLI_0734,S,Souscripteur / Preneur
ROLE_002870,BA000990,CLI_0734,A,Assuré
ROLE_002871,BA000990,CLI_0734,B,Bénéficiaire en cas de décès
ROLE_002872,BA000991,CLI_0734,S,Souscripteur / Preneur
ROLE_002873,BA000991,CLI_0734,A,Assuré
ROLE_002874,BA000991,CLI_0734,B,Bénéficiaire en cas de décès
ROLE_002875,BA000992,CLI_0734,S,Souscripteur / Preneur
ROLE_002876,BA000992,CLI_0734,A,Assuré
ROLE_002877,BA000992,CLI_0734,B,Bénéficiaire en cas de décès
ROLE_002878,BA000993,CLI_0735,S,Souscripteur / Preneur
ROLE_002879,BA000993,CLI_0735,A,Assuré
ROLE_002880,BA000993,CLI_0735,B,Bénéficiaire en cas de décès
ROLE_002881,BA000994,CLI_0736,S,Souscripteur / Preneur
ROLE_002882,BA000994,CLI_0736,A,Assuré
ROLE_002883,BA000994,CLI_0736,B,Bénéficiaire en cas de décès
ROLE_002884,BA000995,CLI_0736,S,Souscripteur / Preneur
ROLE_002885,BA000995,CLI_0736,B,Bénéficiaire en cas de décès
ROLE_002886,BA000996,CLI_0737,S,Souscripteur / Preneur
ROLE_002887,BA000996,CLI_0737,A,Assuré
ROLE_002888,BA000996,CLI_0737,B,Bénéficiaire en cas de décès
ROLE_002889,BA000997,CLI_0738,S,Souscripteur / Preneur
ROLE_002890,BA000997,CLI_0738,B,Bénéficiaire en cas de décès
ROLE_002891,BA000998,CLI_0738,S,Souscripteur / Preneur
ROLE_002892,BA000998,CLI_0738,A,Assuré
ROLE_002893,BA000998,CLI_0738,B,Bénéficiaire en cas de décès
ROLE_002894,BA000999,CLI_0739,S,Souscripteur / Preneur
ROLE_002895,BA000999,CLI_0739,A,Assuré
ROLE_002896,BA000999,CLI_0739,B,Bénéficiaire en cas de décès
ROLE_002897,BA001000,CLI_0740,S,Souscripteur / Preneur
ROLE_002898,BA001000,CLI_0740,A,Assuré
ROLE_002899,BA001000,CLI_0740,B,Bénéficiaire en cas de décès
ROLE_002900,BA001001,CLI_0741,S,Souscripteur / Preneur
ROLE_002901,BA001001,CLI_0741,A,Assuré
ROLE_002902,BA001001,CLI_0741,B,Bénéficiaire en cas de décès
ROLE_002903,BA001002,CLI_0742,S,Souscripteur / Preneur
ROLE_002904,BA001002,CLI_0742,B,Bénéficiaire en cas de décès
ROLE_002905,BA001003,CLI_0743,S,Souscripteur / Preneur
ROLE_002906,BA001003,CLI_0743,B,Bénéficiaire en cas de décès
ROLE_002907,BA001004,CLI_0744,S,Souscripteur / Preneur
ROLE_002908,BA001004,CLI_0744,A,Assuré
ROLE_002909,BA001004,CLI_0744,B,Bénéficiaire en cas de décès
ROLE_002910,BA001005,CLI_0745,S,Souscripteur / Preneur
ROLE_002911,BA001005,CLI_0745,A,Assuré
ROLE_002912,BA001005,CLI_0745,B,Bénéficiaire en cas de décès
ROLE_002913,BA001006,CLI_0746,S,Souscripteur / Preneur
ROLE_002914,BA001006,CLI_0746,A,Assuré
ROLE_002915,BA001006,CLI_0746,B,Bénéficiaire en cas de décès
ROLE_002916,BA001007,CLI_0746,S,Souscripteur / Preneur
ROLE_002917,BA001007,CLI_0746,B,Bénéficiaire en cas de décès
ROLE_002918,BA001008,CLI_0746,S,Souscripteur / Preneur
ROLE_002919,BA001008,CLI_0746,A,Assuré
ROLE_002920,BA001008,CLI_0746,B,Bénéficiaire en cas de décès
ROLE_002921,BA001009,CLI_0747,S,Souscripteur / Preneur
ROLE_002922,BA001009,CLI_0747,A,Assuré
ROLE_002923,BA001009,CLI_0747,B,Bénéficiaire en cas de décès
ROLE_002924,BA001010,CLI_0747,S,Souscripteur / Preneur
ROLE_002925,BA001010,CLI_0747,A,Assuré
ROLE_002926,BA001010,CLI_0747,B,Bénéficiaire en cas de décès
ROLE_002927,BA001011,CLI_0747,S,Souscripteur / Preneur
ROLE_002928,BA001011,CLI_0747,A,Assuré
ROLE_002929,BA001011,CLI_0747,B,Bénéficiaire en cas de décès
ROLE_002930,BA001012,CLI_0748,S,Souscripteur / Preneur
ROLE_002931,BA001012,CLI_0748,A,Assuré
ROLE_002932,BA001012,CLI_0748,B,Bénéficiaire en cas de décès
ROLE_002933,BA001013,CLI_0749,S,Souscripteur / Preneur
ROLE_002934,BA001013,CLI_0749,B,Bénéficiaire en cas de décès
ROLE_002935,BA001014,CLI_0750,S,Souscripteur / Preneur
ROLE_002936,BA001014,CLI_0750,A,Assuré
ROLE_002937,BA001014,CLI_0750,B,Bénéficiaire en cas de décès
ROLE_002938,BA001015,CLI_0751,S,Souscripteur / Preneur
ROLE_002939,BA001015,CLI_0751,A,Assuré
ROLE_002940,BA001015,CLI_0751,B,Bénéficiaire en cas de décès
ROLE_002941,BA001016,CLI_0752,S,Souscripteur / Preneur
ROLE_002942,BA001016,CLI_0752,A,Assuré
ROLE_002943,BA001016,CLI_0752,B,Bénéficiaire en cas de décès
ROLE_002944,BA001017,CLI_0753,S,Souscripteur / Preneur
ROLE_002945,BA001017,CLI_0753,A,Assuré
ROLE_002946,BA001017,CLI_0753,B,Bénéficiaire en cas de décès
ROLE_002947,BA001018,CLI_0753,S,Souscripteur / Preneur
ROLE_002948,BA001018,CLI_0753,A,Assuré
ROLE_002949,BA001018,CLI_0753,B,Bénéficiaire en cas de décès
ROLE_002950,BA001019,CLI_0754,S,Souscripteur / Preneur
ROLE_002951,BA001019,CLI_0754,A,Assuré
ROLE_002952,BA001019,CLI_0754,B,Bénéficiaire en cas de décès
ROLE_002953,BA001020,CLI_0755,S,Souscripteur / Preneur
ROLE_002954,BA001020,CLI_0755,B,Bénéficiaire en cas de décès
ROLE_002955,BA001021,CLI_0755,S,Souscripteur / Preneur
ROLE_002956,BA001021,CLI_0755,A,Assuré
ROLE_002957,BA001021,CLI_0755,B,Bénéficiaire en cas de décès
ROLE_002958,BA001022,CLI_0756,S,Souscripteur / Preneur
ROLE_002959,BA001022,CLI_0756,A,Assuré
ROLE_002960,BA001022,CLI_0756,B,Bénéficiaire en cas de décès
ROLE_002961,BA001023,CLI_0756,S,Souscripteur / Preneur
ROLE_002962,BA001023,CLI_0756,A,Assuré
ROLE_002963,BA001023,CLI_0756,B,Bénéficiaire en cas de décès
ROLE_002964,BA001024,CLI_0757,S,Souscripteur / Preneur
ROLE_002965,BA001024,CLI_0757,A,Assuré
ROLE_002966,BA001024,CLI_0757,B,Bénéficiaire en cas de décès
ROLE_002967,BA001025,CLI_0757,S,Souscripteur / Preneur
ROLE_002968,BA001025,CLI_0757,A,Assuré
ROLE_002969,BA001025,CLI_0757,B,Bénéficiaire en cas de décès
ROLE_002970,BA001026,CLI_0757,S,Souscripteur / Preneur
ROLE_002971,BA001026,CLI_0757,A,Assuré
ROLE_002972,BA001026,CLI_0757,B,Bénéficiaire en cas de décès
ROLE_002973,BA001027,CLI_0758,S,Souscripteur / Preneur
ROLE_002974,BA001027,CLI_0758,A,Assuré
ROLE_002975,BA001027,CLI_0758,B,Bénéficiaire en cas de décès
ROLE_002976,BA001027,CLI_0758,UBO,Bénéficiaire effectif
ROLE_002977,BA001028,CLI_0758,S,Souscripteur / Preneur
ROLE_002978,BA001028,CLI_0758,A,Assuré
ROLE_002979,BA001028,CLI_0758,B,Bénéficiaire en cas de décès
ROLE_002980,BA001028,CLI_0758,UBO,Bénéficiaire effectif
ROLE_002981,BA001029,CLI_0759,S,Souscripteur / Preneur
ROLE_002982,BA001029,CLI_0759,A,Assuré
ROLE_002983,BA001029,CLI_0759,B,Bénéficiaire en cas de décès
ROLE_002984,BA001029,CLI_0759,UBO,Bénéficiaire effectif
ROLE_002985,BA001030,CLI_0760,S,Souscripteur / Preneur
ROLE_002986,BA001030,CLI_0760,A,Assuré
ROLE_002987,BA001030,CLI_0760,B,Bénéficiaire en cas de décès
ROLE_002988,BA001031,CLI_0761,S,Souscripteur / Preneur
ROLE_002989,BA001031,CLI_0761,A,Assuré
ROLE_002990,BA001031,CLI_0761,B,Bénéficiaire en cas de décès
ROLE_002991,BA001032,CLI_0762,S,Souscripteur / Preneur
ROLE_002992,BA001032,CLI_0762,A,Assuré
ROLE_002993,BA001032,CLI_0762,B,Bénéficiaire en cas de décès
ROLE_002994,BA001033,CLI_0763,S,Souscripteur / Preneur
ROLE_002995,BA001033,CLI_0763,A,Assuré
ROLE_002996,BA001033,CLI_0763,B,Bénéficiaire en cas de décès
ROLE_002997,BA001034,CLI_0764,S,Souscripteur / Preneur
ROLE_002998,BA001034,CLI_0764,A,Assuré
ROLE_002999,BA001034,CLI_0764,B,Bénéficiaire en cas de décès
ROLE_003000,BA001035,CLI_0765,S,Souscripteur / Preneur
ROLE_003001,BA001035,CLI_0765,A,Assuré
ROLE_003002,BA001035,CLI_0765,B,Bénéficiaire en cas de décès
ROLE_003003,BA001036,CLI_0766,S,Souscripteur / Preneur
ROLE_003004,BA001036,CLI_0766,A,Assuré
ROLE_003005,BA001036,CLI_0766,B,Bénéficiaire en cas de décès
ROLE_003006,BA001037,CLI_0766,S,Souscripteur / Preneur
ROLE_003007,BA001037,CLI_0766,B,Bénéficiaire en cas de décès
ROLE_003008,BA001038,CLI_0767,S,Souscripteur / Preneur
ROLE_003009,BA001038,CLI_0767,A,Assuré
ROLE_003010,BA001038,CLI_0767,B,Bénéficiaire en cas de décès
ROLE_003011,BA001039,CLI_0767,S,Souscripteur / Preneur
ROLE_003012,BA001039,CLI_0767,B,Bénéficiaire en cas de décès
ROLE_003013,BA001040,CLI_0767,S,Souscripteur / Preneur
ROLE_003014,BA001040,CLI_0767,A,Assuré
ROLE_003015,BA001040,CLI_0767,B,Bénéficiaire en cas de décès
ROLE_003016,BA001041,CLI_0768,S,Souscripteur / Preneur
ROLE_003017,BA001041,CLI_0768,A,Assuré
ROLE_003018,BA001041,CLI_0768,B,Bénéficiaire en cas de décès
ROLE_003019,BA001042,CLI_0769,S,Souscripteur / Preneur
ROLE_003020,BA001042,CLI_0769,A,Assuré
ROLE_003021,BA001042,CLI_0769,B,Bénéficiaire en cas de décès
ROLE_003022,BA001043,CLI_0770,S,Souscripteur / Preneur
ROLE_003023,BA001043,CLI_0770,A,Assuré
ROLE_003024,BA001043,CLI_0770,B,Bénéficiaire en cas de décès
ROLE_003025,BA001043,CLI_0770,UBO,Bénéficiaire effectif
ROLE_003026,BA001044,CLI_0770,S,Souscripteur / Preneur
ROLE_003027,BA001044,CLI_0770,A,Assuré
ROLE_003028,BA001044,CLI_0770,B,Bénéficiaire en cas de décès
ROLE_003029,BA001044,CLI_0770,UBO,Bénéficiaire effectif
ROLE_003030,BA001045,CLI_0770,S,Souscripteur / Preneur
ROLE_003031,BA001045,CLI_0770,A,Assuré
ROLE_003032,BA001045,CLI_0770,B,Bénéficiaire en cas de décès
ROLE_003033,BA001045,CLI_0770,UBO,Bénéficiaire effectif
ROLE_003034,BA001046,CLI_0771,S,Souscripteur / Preneur
ROLE_003035,BA001046,CLI_0771,B,Bénéficiaire en cas de décès
ROLE_003036,BA001047,CLI_0772,S,Souscripteur / Preneur
ROLE_003037,BA001047,CLI_0772,A,Assuré
ROLE_003038,BA001047,CLI_0772,B,Bénéficiaire en cas de décès
ROLE_003039,BA001048,CLI_0773,S,Souscripteur / Preneur
ROLE_003040,BA001048,CLI_0773,A,Assuré
ROLE_003041,BA001048,CLI_0773,B,Bénéficiaire en cas de décès
ROLE_003042,BA001049,CLI_0773,S,Souscripteur / Preneur
ROLE_003043,BA001049,CLI_0773,A,Assuré
ROLE_003044,BA001049,CLI_0773,B,Bénéficiaire en cas de décès
ROLE_003045,BA001050,CLI_0774,S,Souscripteur / Preneur
ROLE_003046,BA001050,CLI_0774,A,Assuré
ROLE_003047,BA001050,CLI_0774,B,Bénéficiaire en cas de décès
ROLE_003048,BA001051,CLI_0774,S,Souscripteur / Preneur
ROLE_003049,BA001051,CLI_0774,A,Assuré
ROLE_003050,BA001051,CLI_0774,B,Bénéficiaire en cas de décès
ROLE_003051,BA001052,CLI_0775,S,Souscripteur / Preneur
ROLE_003052,BA001052,CLI_0775,A,Assuré
ROLE_003053,BA001052,CLI_0775,B,Bénéficiaire en cas de décès
ROLE_003054,BA001053,CLI_0776,S,Souscripteur / Preneur
ROLE_003055,BA001053,CLI_0776,A,Assuré
ROLE_003056,BA001053,CLI_0776,B,Bénéficiaire en cas de décès
ROLE_003057,BA001054,CLI_0777,S,Souscripteur / Preneur
ROLE_003058,BA001054,CLI_0777,A,Assuré
ROLE_003059,BA001054,CLI_0777,B,Bénéficiaire en cas de décès
ROLE_003060,BA001055,CLI_0778,S,Souscripteur / Preneur
ROLE_003061,BA001055,CLI_0778,A,Assuré
ROLE_003062,BA001055,CLI_0778,B,Bénéficiaire en cas de décès
ROLE_003063,BA001056,CLI_0778,S,Souscripteur / Preneur
ROLE_003064,BA001056,CLI_0778,A,Assuré
ROLE_003065,BA001056,CLI_0778,B,Bénéficiaire en cas de décès
ROLE_003066,BA001057,CLI_0779,S,Souscripteur / Preneur
ROLE_003067,BA001057,CLI_0779,A,Assuré
ROLE_003068,BA001057,CLI_0779,B,Bénéficiaire en cas de décès
ROLE_003069,BA001058,CLI_0780,S,Souscripteur / Preneur
ROLE_003070,BA001058,CLI_0780,A,Assuré
ROLE_003071,BA001058,CLI_0780,B,Bénéficiaire en cas de décès
ROLE_003072,BA001059,CLI_0781,S,Souscripteur / Preneur
ROLE_003073,BA001059,CLI_0781,A,Assuré
ROLE_003074,BA001059,CLI_0781,B,Bénéficiaire en cas de décès
ROLE_003075,BA001060,CLI_0782,S,Souscripteur / Preneur
ROLE_003076,BA001060,CLI_0782,A,Assuré
ROLE_003077,BA001060,CLI_0782,B,Bénéficiaire en cas de décès
ROLE_003078,BA001061,CLI_0783,S,Souscripteur / Preneur
ROLE_003079,BA001061,CLI_0783,A,Assuré
ROLE_003080,BA001061,CLI_0783,B,Bénéficiaire en cas de décès
ROLE_003081,BA001062,CLI_0784,S,Souscripteur / Preneur
ROLE_003082,BA001062,CLI_0784,A,Assuré
ROLE_003083,BA001062,CLI_0784,B,Bénéficiaire en cas de décès
ROLE_003084,BA001063,CLI_0784,S,Souscripteur / Preneur
ROLE_003085,BA001063,CLI_0784,A,Assuré
ROLE_003086,BA001063,CLI_0784,B,Bénéficiaire en cas de décès
ROLE_003087,BA001064,CLI_0785,S,Souscripteur / Preneur
ROLE_003088,BA001064,CLI_0785,A,Assuré
ROLE_003089,BA001064,CLI_0785,B,Bénéficiaire en cas de décès
ROLE_003090,BA001065,CLI_0786,S,Souscripteur / Preneur
ROLE_003091,BA001065,CLI_0786,A,Assuré
ROLE_003092,BA001065,CLI_0786,B,Bénéficiaire en cas de décès
ROLE_003093,BA001066,CLI_0786,S,Souscripteur / Preneur
ROLE_003094,BA001066,CLI_0786,A,Assuré
ROLE_003095,BA001066,CLI_0786,B,Bénéficiaire en cas de décès
ROLE_003096,BA001067,CLI_0787,S,Souscripteur / Preneur
ROLE_003097,BA001067,CLI_0787,B,Bénéficiaire en cas de décès
ROLE_003098,BA001068,CLI_0788,S,Souscripteur / Preneur
ROLE_003099,BA001068,CLI_0788,A,Assuré
ROLE_003100,BA001068,CLI_0788,B,Bénéficiaire en cas de décès
ROLE_003101,BA001069,CLI_0788,S,Souscripteur / Preneur
ROLE_003102,BA001069,CLI_0788,B,Bénéficiaire en cas de décès
ROLE_003103,BA001070,CLI_0788,S,Souscripteur / Preneur
ROLE_003104,BA001070,CLI_0788,A,Assuré
ROLE_003105,BA001070,CLI_0788,B,Bénéficiaire en cas de décès
ROLE_003106,BA001071,CLI_0789,S,Souscripteur / Preneur
ROLE_003107,BA001071,CLI_0789,A,Assuré
ROLE_003108,BA001071,CLI_0789,B,Bénéficiaire en cas de décès
ROLE_003109,BA001072,CLI_0790,S,Souscripteur / Preneur
ROLE_003110,BA001072,CLI_0790,A,Assuré
ROLE_003111,BA001072,CLI_0790,B,Bénéficiaire en cas de décès
ROLE_003112,BA001073,CLI_0791,S,Souscripteur / Preneur
ROLE_003113,BA001073,CLI_0791,B,Bénéficiaire en cas de décès
ROLE_003114,BA001074,CLI_0792,S,Souscripteur / Preneur
ROLE_003115,BA001074,CLI_0792,A,Assuré
ROLE_003116,BA001074,CLI_0792,B,Bénéficiaire en cas de décès
ROLE_003117,BA001075,CLI_0793,S,Souscripteur / Preneur
ROLE_003118,BA001075,CLI_0793,A,Assuré
ROLE_003119,BA001075,CLI_0793,B,Bénéficiaire en cas de décès
ROLE_003120,BA001076,CLI_0793,S,Souscripteur / Preneur
ROLE_003121,BA001076,CLI_0793,A,Assuré
ROLE_003122,BA001076,CLI_0793,B,Bénéficiaire en cas de décès
ROLE_003123,BA001077,CLI_0793,S,Souscripteur / Preneur
ROLE_003124,BA001077,CLI_0793,A,Assuré
ROLE_003125,BA001077,CLI_0793,B,Bénéficiaire en cas de décès
ROLE_003126,BA001078,CLI_0794,S,Souscripteur / Preneur
ROLE_003127,BA001078,CLI_0794,A,Assuré
ROLE_003128,BA001078,CLI_0794,B,Bénéficiaire en cas de décès
ROLE_003129,BA001079,CLI_0795,S,Souscripteur / Preneur
ROLE_003130,BA001079,CLI_0795,B,Bénéficiaire en cas de décès
ROLE_003131,BA001080,CLI_0796,S,Souscripteur / Preneur
ROLE_003132,BA001080,CLI_0796,A,Assuré
ROLE_003133,BA001080,CLI_0796,B,Bénéficiaire en cas de décès
ROLE_003134,BA001081,CLI_0797,S,Souscripteur / Preneur
ROLE_003135,BA001081,CLI_0797,A,Assuré
ROLE_003136,BA001081,CLI_0797,B,Bénéficiaire en cas de décès
ROLE_003137,BA001082,CLI_0798,S,Souscripteur / Preneur
ROLE_003138,BA001082,CLI_0798,A,Assuré
ROLE_003139,BA001082,CLI_0798,B,Bénéficiaire en cas de décès
ROLE_003140,BA001083,CLI_0799,S,Souscripteur / Preneur
ROLE_003141,BA001083,CLI_0799,A,Assuré
ROLE_003142,BA001083,CLI_0799,B,Bénéficiaire en cas de décès
ROLE_003143,BA001084,CLI_0799,S,Souscripteur / Preneur
ROLE_003144,BA001084,CLI_0799,A,Assuré
ROLE_003145,BA001084,CLI_0799,B,Bénéficiaire en cas de décès
ROLE_003146,BA001085,CLI_0800,S,Souscripteur / Preneur
ROLE_003147,BA001085,CLI_0800,A,Assuré
ROLE_003148,BA001085,CLI_0800,B,Bénéficiaire en cas de décès
ROLE_003149,BA001086,CLI_0801,S,Souscripteur / Preneur
ROLE_003150,BA001086,CLI_0801,B,Bénéficiaire en cas de décès
ROLE_003151,BA001087,CLI_0801,S,Souscripteur / Preneur
ROLE_003152,BA001087,CLI_0801,A,Assuré
ROLE_003153,BA001087,CLI_0801,B,Bénéficiaire en cas de décès
ROLE_003154,BA001088,CLI_0802,S,Souscripteur / Preneur
ROLE_003155,BA001088,CLI_0802,B,Bénéficiaire en cas de décès
ROLE_003156,BA001089,CLI_0803,S,Souscripteur / Preneur
ROLE_003157,BA001089,CLI_0803,A,Assuré
ROLE_003158,BA001089,CLI_0803,B,Bénéficiaire en cas de décès
ROLE_003159,BA001090,CLI_0804,S,Souscripteur / Preneur
ROLE_003160,BA001090,CLI_0804,A,Assuré
ROLE_003161,BA001090,CLI_0804,B,Bénéficiaire en cas de décès
ROLE_003162,BA001091,CLI_0805,S,Souscripteur / Preneur
ROLE_003163,BA001091,CLI_0805,A,Assuré
ROLE_003164,BA001091,CLI_0805,B,Bénéficiaire en cas de décès
ROLE_003165,BA001092,CLI_0806,S,Souscripteur / Preneur
ROLE_003166,BA001092,CLI_0806,A,Assuré
ROLE_003167,BA001092,CLI_0806,B,Bénéficiaire en cas de décès
ROLE_003168,BA001093,CLI_0807,S,Souscripteur / Preneur
ROLE_003169,BA001093,CLI_0807,A,Assuré
ROLE_003170,BA001093,CLI_0807,B,Bénéficiaire en cas de décès
ROLE_003171,BA001094,CLI_0808,S,Souscripteur / Preneur
ROLE_003172,BA001094,CLI_0808,A,Assuré
ROLE_003173,BA001094,CLI_0808,B,Bénéficiaire en cas de décès
ROLE_003174,BA001094,CLI_0808,UBO,Bénéficiaire effectif
ROLE_003175,BA001095,CLI_0808,S,Souscripteur / Preneur
ROLE_003176,BA001095,CLI_0808,B,Bénéficiaire en cas de décès
ROLE_003177,BA001095,CLI_0808,UBO,Bénéficiaire effectif
ROLE_003178,BA001096,CLI_0809,S,Souscripteur / Preneur
ROLE_003179,BA001096,CLI_0809,A,Assuré
ROLE_003180,BA001096,CLI_0809,B,Bénéficiaire en cas de décès
ROLE_003181,BA001097,CLI_0810,S,Souscripteur / Preneur
ROLE_003182,BA001097,CLI_0810,A,Assuré
ROLE_003183,BA001097,CLI_0810,B,Bénéficiaire en cas de décès
ROLE_003184,BA001098,CLI_0811,S,Souscripteur / Preneur
ROLE_003185,BA001098,CLI_0811,A,Assuré
ROLE_003186,BA001098,CLI_0811,B,Bénéficiaire en cas de décès
ROLE_003187,BA001099,CLI_0811,S,Souscripteur / Preneur
ROLE_003188,BA001099,CLI_0811,A,Assuré
ROLE_003189,BA001099,CLI_0811,B,Bénéficiaire en cas de décès
ROLE_003190,BA001100,CLI_0812,S,Souscripteur / Preneur
ROLE_003191,BA001100,CLI_0812,A,Assuré
ROLE_003192,BA001100,CLI_0812,B,Bénéficiaire en cas de décès
ROLE_003193,BA001101,CLI_0813,S,Souscripteur / Preneur
ROLE_003194,BA001101,CLI_0813,A,Assuré
ROLE_003195,BA001101,CLI_0813,B,Bénéficiaire en cas de décès
ROLE_003196,BA001102,CLI_0814,S,Souscripteur / Preneur
ROLE_003197,BA001102,CLI_0814,A,Assuré
ROLE_003198,BA001102,CLI_0814,B,Bénéficiaire en cas de décès
ROLE_003199,BA001103,CLI_0814,S,Souscripteur / Preneur
ROLE_003200,BA001103,CLI_0814,A,Assuré
ROLE_003201,BA001103,CLI_0814,B,Bénéficiaire en cas de décès
ROLE_003202,BA001104,CLI_0815,S,Souscripteur / Preneur
ROLE_003203,BA001104,CLI_0815,A,Assuré
ROLE_003204,BA001104,CLI_0815,B,Bénéficiaire en cas de décès
ROLE_003205,BA001105,CLI_0816,S,Souscripteur / Preneur
ROLE_003206,BA001105,CLI_0816,A,Assuré
ROLE_003207,BA001105,CLI_0816,B,Bénéficiaire en cas de décès
ROLE_003208,BA001106,CLI_0817,S,Souscripteur / Preneur
ROLE_003209,BA001106,CLI_0817,A,Assuré
ROLE_003210,BA001106,CLI_0817,B,Bénéficiaire en cas de décès
ROLE_003211,BA001107,CLI_0818,S,Souscripteur / Preneur
ROLE_003212,BA001107,CLI_0818,A,Assuré
ROLE_003213,BA001107,CLI_0818,B,Bénéficiaire en cas de décès
ROLE_003214,BA001108,CLI_0819,S,Souscripteur / Preneur
ROLE_003215,BA001108,CLI_0819,A,Assuré
ROLE_003216,BA001108,CLI_0819,B,Bénéficiaire en cas de décès
ROLE_003217,BA001109,CLI_0820,S,Souscripteur / Preneur
ROLE_003218,BA001109,CLI_0820,B,Bénéficiaire en cas de décès
ROLE_003219,BA001110,CLI_0821,S,Souscripteur / Preneur
ROLE_003220,BA001110,CLI_0821,B,Bénéficiaire en cas de décès
ROLE_003221,BA001111,CLI_0822,S,Souscripteur / Preneur
ROLE_003222,BA001111,CLI_0822,A,Assuré
ROLE_003223,BA001111,CLI_0822,B,Bénéficiaire en cas de décès
ROLE_003224,BA001112,CLI_0823,S,Souscripteur / Preneur
ROLE_003225,BA001112,CLI_0823,A,Assuré
ROLE_003226,BA001112,CLI_0823,B,Bénéficiaire en cas de décès
ROLE_003227,BA001113,CLI_0824,S,Souscripteur / Preneur
ROLE_003228,BA001113,CLI_0824,A,Assuré
ROLE_003229,BA001113,CLI_0824,B,Bénéficiaire en cas de décès
ROLE_003230,BA001114,CLI_0825,S,Souscripteur / Preneur
ROLE_003231,BA001114,CLI_0825,B,Bénéficiaire en cas de décès
ROLE_003232,BA001115,CLI_0826,S,Souscripteur / Preneur
ROLE_003233,BA001115,CLI_0826,A,Assuré
ROLE_003234,BA001115,CLI_0826,B,Bénéficiaire en cas de décès
ROLE_003235,BA001116,CLI_0826,S,Souscripteur / Preneur
ROLE_003236,BA001116,CLI_0826,A,Assuré
ROLE_003237,BA001116,CLI_0826,B,Bénéficiaire en cas de décès
ROLE_003238,BA001117,CLI_0827,S,Souscripteur / Preneur
ROLE_003239,BA001117,CLI_0827,B,Bénéficiaire en cas de décès
ROLE_003240,BA001117,CLI_0827,UBO,Bénéficiaire effectif
ROLE_003241,BA001118,CLI_0828,S,Souscripteur / Preneur
ROLE_003242,BA001118,CLI_0828,A,Assuré
ROLE_003243,BA001118,CLI_0828,B,Bénéficiaire en cas de décès
ROLE_003244,BA001119,CLI_0829,S,Souscripteur / Preneur
ROLE_003245,BA001119,CLI_0829,A,Assuré
ROLE_003246,BA001119,CLI_0829,B,Bénéficiaire en cas de décès
ROLE_003247,BA001120,CLI_0830,S,Souscripteur / Preneur
ROLE_003248,BA001120,CLI_0830,B,Bénéficiaire en cas de décès
ROLE_003249,BA001121,CLI_0831,S,Souscripteur / Preneur
ROLE_003250,BA001121,CLI_0831,A,Assuré
ROLE_003251,BA001121,CLI_0831,B,Bénéficiaire en cas de décès
ROLE_003252,BA001122,CLI_0831,S,Souscripteur / Preneur
ROLE_003253,BA001122,CLI_0831,A,Assuré
ROLE_003254,BA001122,CLI_0831,B,Bénéficiaire en cas de décès
ROLE_003255,BA001123,CLI_0832,S,Souscripteur / Preneur
ROLE_003256,BA001123,CLI_0832,A,Assuré
ROLE_003257,BA001123,CLI_0832,B,Bénéficiaire en cas de décès
ROLE_003258,BA001124,CLI_0833,S,Souscripteur / Preneur
ROLE_003259,BA001124,CLI_0833,A,Assuré
ROLE_003260,BA001124,CLI_0833,B,Bénéficiaire en cas de décès
ROLE_003261,BA001125,CLI_0834,S,Souscripteur / Preneur
ROLE_003262,BA001125,CLI_0834,A,Assuré
ROLE_003263,BA001125,CLI_0834,B,Bénéficiaire en cas de décès
ROLE_003264,BA001126,CLI_0834,S,Souscripteur / Preneur
ROLE_003265,BA001126,CLI_0834,A,Assuré
ROLE_003266,BA001126,CLI_0834,B,Bénéficiaire en cas de décès
ROLE_003267,BA001127,CLI_0834,S,Souscripteur / Preneur
ROLE_003268,BA001127,CLI_0834,A,Assuré
ROLE_003269,BA001127,CLI_0834,B,Bénéficiaire en cas de décès
ROLE_003270,BA001128,CLI_0835,S,Souscripteur / Preneur
ROLE_003271,BA001128,CLI_0835,A,Assuré
ROLE_003272,BA001128,CLI_0835,B,Bénéficiaire en cas de décès
ROLE_003273,BA001129,CLI_0836,S,Souscripteur / Preneur
ROLE_003274,BA001129,CLI_0836,A,Assuré
ROLE_003275,BA001129,CLI_0836,B,Bénéficiaire en cas de décès
ROLE_003276,BA001130,CLI_0837,S,Souscripteur / Preneur
ROLE_003277,BA001130,CLI_0837,A,Assuré
ROLE_003278,BA001130,CLI_0837,B,Bénéficiaire en cas de décès
ROLE_003279,BA001131,CLI_0837,S,Souscripteur / Preneur
ROLE_003280,BA001131,CLI_0837,A,Assuré
ROLE_003281,BA001131,CLI_0837,B,Bénéficiaire en cas de décès
ROLE_003282,BA001132,CLI_0837,S,Souscripteur / Preneur
ROLE_003283,BA001132,CLI_0837,A,Assuré
ROLE_003284,BA001132,CLI_0837,B,Bénéficiaire en cas de décès
ROLE_003285,BA001133,CLI_0838,S,Souscripteur / Preneur
ROLE_003286,BA001133,CLI_0838,A,Assuré
ROLE_003287,BA001133,CLI_0838,B,Bénéficiaire en cas de décès
ROLE_003288,BA001133,CLI_0838,UBO,Bénéficiaire effectif
ROLE_003289,BA001134,CLI_0838,S,Souscripteur / Preneur
ROLE_003290,BA001134,CLI_0838,A,Assuré
ROLE_003291,BA001134,CLI_0838,B,Bénéficiaire en cas de décès
ROLE_003292,BA001134,CLI_0838,UBO,Bénéficiaire effectif
ROLE_003293,BA001135,CLI_0839,S,Souscripteur / Preneur
ROLE_003294,BA001135,CLI_0839,A,Assuré
ROLE_003295,BA001135,CLI_0839,B,Bénéficiaire en cas de décès
ROLE_003296,BA001136,CLI_0840,S,Souscripteur / Preneur
ROLE_003297,BA001136,CLI_0840,A,Assuré
ROLE_003298,BA001136,CLI_0840,B,Bénéficiaire en cas de décès
ROLE_003299,BA001137,CLI_0841,S,Souscripteur / Preneur
ROLE_003300,BA001137,CLI_0841,B,Bénéficiaire en cas de décès
ROLE_003301,BA001138,CLI_0842,S,Souscripteur / Preneur
ROLE_003302,BA001138,CLI_0842,A,Assuré
ROLE_003303,BA001138,CLI_0842,B,Bénéficiaire en cas de décès
ROLE_003304,BA001139,CLI_0843,S,Souscripteur / Preneur
ROLE_003305,BA001139,CLI_0843,A,Assuré
ROLE_003306,BA001139,CLI_0843,B,Bénéficiaire en cas de décès
ROLE_003307,BA001139,CLI_0843,UBO,Bénéficiaire effectif
ROLE_003308,BA001140,CLI_0844,S,Souscripteur / Preneur
ROLE_003309,BA001140,CLI_0844,A,Assuré
ROLE_003310,BA001140,CLI_0844,B,Bénéficiaire en cas de décès
ROLE_003311,BA001141,CLI_0844,S,Souscripteur / Preneur
ROLE_003312,BA001141,CLI_0844,A,Assuré
ROLE_003313,BA001141,CLI_0844,B,Bénéficiaire en cas de décès
ROLE_003314,BA001142,CLI_0845,S,Souscripteur / Preneur
ROLE_003315,BA001142,CLI_0845,B,Bénéficiaire en cas de décès
ROLE_003316,BA001143,CLI_0846,S,Souscripteur / Preneur
ROLE_003317,BA001143,CLI_0846,A,Assuré
ROLE_003318,BA001143,CLI_0846,B,Bénéficiaire en cas de décès
ROLE_003319,BA001144,CLI_0847,S,Souscripteur / Preneur
ROLE_003320,BA001144,CLI_0847,A,Assuré
ROLE_003321,BA001144,CLI_0847,B,Bénéficiaire en cas de décès
ROLE_003322,BA001145,CLI_0848,S,Souscripteur / Preneur
ROLE_003323,BA001145,CLI_0848,A,Assuré
ROLE_003324,BA001145,CLI_0848,B,Bénéficiaire en cas de décès
ROLE_003325,BA001146,CLI_0848,S,Souscripteur / Preneur
ROLE_003326,BA001146,CLI_0848,A,Assuré
ROLE_003327,BA001146,CLI_0848,B,Bénéficiaire en cas de décès
ROLE_003328,BA001147,CLI_0848,S,Souscripteur / Preneur
ROLE_003329,BA001147,CLI_0848,A,Assuré
ROLE_003330,BA001147,CLI_0848,B,Bénéficiaire en cas de décès
ROLE_003331,BA001148,CLI_0849,S,Souscripteur / Preneur
ROLE_003332,BA001148,CLI_0849,A,Assuré
ROLE_003333,BA001148,CLI_0849,B,Bénéficiaire en cas de décès
ROLE_003334,BA001148,CLI_0849,UBO,Bénéficiaire effectif
ROLE_003335,BA001149,CLI_0850,S,Souscripteur / Preneur
ROLE_003336,BA001149,CLI_0850,A,Assuré
ROLE_003337,BA001149,CLI_0850,B,Bénéficiaire en cas de décès
ROLE_003338,BA001150,CLI_0850,S,Souscripteur / Preneur
ROLE_003339,BA001150,CLI_0850,A,Assuré
ROLE_003340,BA001150,CLI_0850,B,Bénéficiaire en cas de décès
ROLE_003341,BA001151,CLI_0851,S,Souscripteur / Preneur
ROLE_003342,BA001151,CLI_0851,A,Assuré
ROLE_003343,BA001151,CLI_0851,B,Bénéficiaire en cas de décès
ROLE_003344,BA001152,CLI_0852,S,Souscripteur / Preneur
ROLE_003345,BA001152,CLI_0852,A,Assuré
ROLE_003346,BA001152,CLI_0852,B,Bénéficiaire en cas de décès
ROLE_003347,BA001153,CLI_0853,S,Souscripteur / Preneur
ROLE_003348,BA001153,CLI_0853,A,Assuré
ROLE_003349,BA001153,CLI_0853,B,Bénéficiaire en cas de décès
ROLE_003350,BA001153,CLI_0853,UBO,Bénéficiaire effectif
ROLE_003351,BA001154,CLI_0854,S,Souscripteur / Preneur
ROLE_003352,BA001154,CLI_0854,A,Assuré
ROLE_003353,BA001154,CLI_0854,B,Bénéficiaire en cas de décès
ROLE_003354,BA001155,CLI_0855,S,Souscripteur / Preneur
ROLE_003355,BA001155,CLI_0855,A,Assuré
ROLE_003356,BA001155,CLI_0855,B,Bénéficiaire en cas de décès
ROLE_003357,BA001156,CLI_0856,S,Souscripteur / Preneur
ROLE_003358,BA001156,CLI_0856,B,Bénéficiaire en cas de décès
ROLE_003359,BA001157,CLI_0857,S,Souscripteur / Preneur
ROLE_003360,BA001157,CLI_0857,A,Assuré
ROLE_003361,BA001157,CLI_0857,B,Bénéficiaire en cas de décès
ROLE_003362,BA001158,CLI_0857,S,Souscripteur / Preneur
ROLE_003363,BA001158,CLI_0857,A,Assuré
ROLE_003364,BA001158,CLI_0857,B,Bénéficiaire en cas de décès
ROLE_003365,BA001159,CLI_0858,S,Souscripteur / Preneur
ROLE_003366,BA001159,CLI_0858,B,Bénéficiaire en cas de décès
ROLE_003367,BA001160,CLI_0859,S,Souscripteur / Preneur
ROLE_003368,BA001160,CLI_0859,B,Bénéficiaire en cas de décès
ROLE_003369,BA001161,CLI_0860,S,Souscripteur / Preneur
ROLE_003370,BA001161,CLI_0860,A,Assuré
ROLE_003371,BA001161,CLI_0860,B,Bénéficiaire en cas de décès
ROLE_003372,BA001162,CLI_0861,S,Souscripteur / Preneur
ROLE_003373,BA001162,CLI_0861,A,Assuré
ROLE_003374,BA001162,CLI_0861,B,Bénéficiaire en cas de décès
ROLE_003375,BA001162,CLI_0861,UBO,Bénéficiaire effectif
ROLE_003376,BA001163,CLI_0862,S,Souscripteur / Preneur
ROLE_003377,BA001163,CLI_0862,A,Assuré
ROLE_003378,BA001163,CLI_0862,B,Bénéficiaire en cas de décès
ROLE_003379,BA001164,CLI_0862,S,Souscripteur / Preneur
ROLE_003380,BA001164,CLI_0862,A,Assuré
ROLE_003381,BA001164,CLI_0862,B,Bénéficiaire en cas de décès
ROLE_003382,BA001165,CLI_0862,S,Souscripteur / Preneur
ROLE_003383,BA001165,CLI_0862,A,Assuré
ROLE_003384,BA001165,CLI_0862,B,Bénéficiaire en cas de décès
ROLE_003385,BA001166,CLI_0863,S,Souscripteur / Preneur
ROLE_003386,BA001166,CLI_0863,A,Assuré
ROLE_003387,BA001166,CLI_0863,B,Bénéficiaire en cas de décès
ROLE_003388,BA001167,CLI_0864,S,Souscripteur / Preneur
ROLE_003389,BA001167,CLI_0864,A,Assuré
ROLE_003390,BA001167,CLI_0864,B,Bénéficiaire en cas de décès
ROLE_003391,BA001168,CLI_0865,S,Souscripteur / Preneur
ROLE_003392,BA001168,CLI_0865,A,Assuré
ROLE_003393,BA001168,CLI_0865,B,Bénéficiaire en cas de décès
ROLE_003394,BA001169,CLI_0866,S,Souscripteur / Preneur
ROLE_003395,BA001169,CLI_0866,A,Assuré
ROLE_003396,BA001169,CLI_0866,B,Bénéficiaire en cas de décès
ROLE_003397,BA001170,CLI_0867,S,Souscripteur / Preneur
ROLE_003398,BA001170,CLI_0867,A,Assuré
ROLE_003399,BA001170,CLI_0867,B,Bénéficiaire en cas de décès
ROLE_003400,BA001171,CLI_0868,S,Souscripteur / Preneur
ROLE_003401,BA001171,CLI_0868,A,Assuré
ROLE_003402,BA001171,CLI_0868,B,Bénéficiaire en cas de décès
ROLE_003403,BA001172,CLI_0868,S,Souscripteur / Preneur
ROLE_003404,BA001172,CLI_0868,A,Assuré
ROLE_003405,BA001172,CLI_0868,B,Bénéficiaire en cas de décès
ROLE_003406,BA001173,CLI_0869,S,Souscripteur / Preneur
ROLE_003407,BA001173,CLI_0869,A,Assuré
ROLE_003408,BA001173,CLI_0869,B,Bénéficiaire en cas de décès
ROLE_003409,BA001174,CLI_0870,S,Souscripteur / Preneur
ROLE_003410,BA001174,CLI_0870,A,Assuré
ROLE_003411,BA001174,CLI_0870,B,Bénéficiaire en cas de décès
ROLE_003412,BA001174,CLI_0870,UBO,Bénéficiaire effectif
ROLE_003413,BA001175,CLI_0871,S,Souscripteur / Preneur
ROLE_003414,BA001175,CLI_0871,A,Assuré
ROLE_003415,BA001175,CLI_0871,B,Bénéficiaire en cas de décès
ROLE_003416,BA001176,CLI_0872,S,Souscripteur / Preneur
ROLE_003417,BA001176,CLI_0872,A,Assuré
ROLE_003418,BA001176,CLI_0872,B,Bénéficiaire en cas de décès
ROLE_003419,BA001177,CLI_0873,S,Souscripteur / Preneur
ROLE_003420,BA001177,CLI_0873,A,Assuré
ROLE_003421,BA001177,CLI_0873,B,Bénéficiaire en cas de décès
ROLE_003422,BA001178,CLI_0874,S,Souscripteur / Preneur
ROLE_003423,BA001178,CLI_0874,A,Assuré
ROLE_003424,BA001178,CLI_0874,B,Bénéficiaire en cas de décès
ROLE_003425,BA001179,CLI_0874,S,Souscripteur / Preneur
ROLE_003426,BA001179,CLI_0874,B,Bénéficiaire en cas de décès
ROLE_003427,BA001180,CLI_0874,S,Souscripteur / Preneur
ROLE_003428,BA001180,CLI_0874,A,Assuré
ROLE_003429,BA001180,CLI_0874,B,Bénéficiaire en cas de décès
ROLE_003430,BA001181,CLI_0875,S,Souscripteur / Preneur
ROLE_003431,BA001181,CLI_0875,A,Assuré
ROLE_003432,BA001181,CLI_0875,B,Bénéficiaire en cas de décès
ROLE_003433,BA001182,CLI_0875,S,Souscripteur / Preneur
ROLE_003434,BA001182,CLI_0875,A,Assuré
ROLE_003435,BA001182,CLI_0875,B,Bénéficiaire en cas de décès
ROLE_003436,BA001183,CLI_0876,S,Souscripteur / Preneur
ROLE_003437,BA001183,CLI_0876,A,Assuré
ROLE_003438,BA001183,CLI_0876,B,Bénéficiaire en cas de décès
ROLE_003439,BA001184,CLI_0876,S,Souscripteur / Preneur
ROLE_003440,BA001184,CLI_0876,B,Bénéficiaire en cas de décès
ROLE_003441,BA001185,CLI_0877,S,Souscripteur / Preneur
ROLE_003442,BA001185,CLI_0877,B,Bénéficiaire en cas de décès
ROLE_003443,BA001186,CLI_0877,S,Souscripteur / Preneur
ROLE_003444,BA001186,CLI_0877,A,Assuré
ROLE_003445,BA001186,CLI_0877,B,Bénéficiaire en cas de décès
ROLE_003446,BA001187,CLI_0878,S,Souscripteur / Preneur
ROLE_003447,BA001187,CLI_0878,A,Assuré
ROLE_003448,BA001187,CLI_0878,B,Bénéficiaire en cas de décès
ROLE_003449,BA001188,CLI_0878,S,Souscripteur / Preneur
ROLE_003450,BA001188,CLI_0878,A,Assuré
ROLE_003451,BA001188,CLI_0878,B,Bénéficiaire en cas de décès
ROLE_003452,BA001189,CLI_0879,S,Souscripteur / Preneur
ROLE_003453,BA001189,CLI_0879,A,Assuré
ROLE_003454,BA001189,CLI_0879,B,Bénéficiaire en cas de décès
ROLE_003455,BA001190,CLI_0880,S,Souscripteur / Preneur
ROLE_003456,BA001190,CLI_0880,A,Assuré
ROLE_003457,BA001190,CLI_0880,B,Bénéficiaire en cas de décès
ROLE_003458,BA001191,CLI_0881,S,Souscripteur / Preneur
ROLE_003459,BA001191,CLI_0881,A,Assuré
ROLE_003460,BA001191,CLI_0881,B,Bénéficiaire en cas de décès
ROLE_003461,BA001192,CLI_0881,S,Souscripteur / Preneur
ROLE_003462,BA001192,CLI_0881,B,Bénéficiaire en cas de décès
ROLE_003463,BA001193,CLI_0882,S,Souscripteur / Preneur
ROLE_003464,BA001193,CLI_0882,A,Assuré
ROLE_003465,BA001193,CLI_0882,B,Bénéficiaire en cas de décès
ROLE_003466,BA001194,CLI_0883,S,Souscripteur / Preneur
ROLE_003467,BA001194,CLI_0883,A,Assuré
ROLE_003468,BA001194,CLI_0883,B,Bénéficiaire en cas de décès
ROLE_003469,BA001195,CLI_0884,S,Souscripteur / Preneur
ROLE_003470,BA001195,CLI_0884,B,Bénéficiaire en cas de décès
ROLE_003471,BA001196,CLI_0885,S,Souscripteur / Preneur
ROLE_003472,BA001196,CLI_0885,B,Bénéficiaire en cas de décès
ROLE_003473,BA001197,CLI_0886,S,Souscripteur / Preneur
ROLE_003474,BA001197,CLI_0886,A,Assuré
ROLE_003475,BA001197,CLI_0886,B,Bénéficiaire en cas de décès
ROLE_003476,BA001198,CLI_0886,S,Souscripteur / Preneur
ROLE_003477,BA001198,CLI_0886,A,Assuré
ROLE_003478,BA001198,CLI_0886,B,Bénéficiaire en cas de décès
ROLE_003479,BA001199,CLI_0886,S,Souscripteur / Preneur
ROLE_003480,BA001199,CLI_0886,A,Assuré
ROLE_003481,BA001199,CLI_0886,B,Bénéficiaire en cas de décès
ROLE_003482,BA001200,CLI_0887,S,Souscripteur / Preneur
ROLE_003483,BA001200,CLI_0887,A,Assuré
ROLE_003484,BA001200,CLI_0887,B,Bénéficiaire en cas de décès
ROLE_003485,BA001201,CLI_0888,S,Souscripteur / Preneur
ROLE_003486,BA001201,CLI_0888,A,Assuré
ROLE_003487,BA001201,CLI_0888,B,Bénéficiaire en cas de décès
ROLE_003488,BA001202,CLI_0889,S,Souscripteur / Preneur
ROLE_003489,BA001202,CLI_0889,A,Assuré
ROLE_003490,BA001202,CLI_0889,B,Bénéficiaire en cas de décès
ROLE_003491,BA001203,CLI_0889,S,Souscripteur / Preneur
ROLE_003492,BA001203,CLI_0889,A,Assuré
ROLE_003493,BA001203,CLI_0889,B,Bénéficiaire en cas de décès
ROLE_003494,BA001204,CLI_0890,S,Souscripteur / Preneur
ROLE_003495,BA001204,CLI_0890,A,Assuré
ROLE_003496,BA001204,CLI_0890,B,Bénéficiaire en cas de décès
ROLE_003497,BA001205,CLI_0891,S,Souscripteur / Preneur
ROLE_003498,BA001205,CLI_0891,A,Assuré
ROLE_003499,BA001205,CLI_0891,B,Bénéficiaire en cas de décès
ROLE_003500,BA001206,CLI_0892,S,Souscripteur / Preneur
ROLE_003501,BA001206,CLI_0892,A,Assuré
ROLE_003502,BA001206,CLI_0892,B,Bénéficiaire en cas de décès
ROLE_003503,BA001207,CLI_0893,S,Souscripteur / Preneur
ROLE_003504,BA001207,CLI_0893,A,Assuré
ROLE_003505,BA001207,CLI_0893,B,Bénéficiaire en cas de décès
ROLE_003506,BA001208,CLI_0894,S,Souscripteur / Preneur
ROLE_003507,BA001208,CLI_0894,A,Assuré
ROLE_003508,BA001208,CLI_0894,B,Bénéficiaire en cas de décès
ROLE_003509,BA001208,CLI_0894,UBO,Bénéficiaire effectif
ROLE_003510,BA001209,CLI_0895,S,Souscripteur / Preneur
ROLE_003511,BA001209,CLI_0895,A,Assuré
ROLE_003512,BA001209,CLI_0895,B,Bénéficiaire en cas de décès
ROLE_003513,BA001210,CLI_0896,S,Souscripteur / Preneur
ROLE_003514,BA001210,CLI_0896,A,Assuré
ROLE_003515,BA001210,CLI_0896,B,Bénéficiaire en cas de décès
ROLE_003516,BA001211,CLI_0897,S,Souscripteur / Preneur
ROLE_003517,BA001211,CLI_0897,A,Assuré
ROLE_003518,BA001211,CLI_0897,B,Bénéficiaire en cas de décès
ROLE_003519,BA001212,CLI_0898,S,Souscripteur / Preneur
ROLE_003520,BA001212,CLI_0898,A,Assuré
ROLE_003521,BA001212,CLI_0898,B,Bénéficiaire en cas de décès
ROLE_003522,BA001213,CLI_0899,S,Souscripteur / Preneur
ROLE_003523,BA001213,CLI_0899,A,Assuré
ROLE_003524,BA001213,CLI_0899,B,Bénéficiaire en cas de décès
ROLE_003525,BA001214,CLI_0900,S,Souscripteur / Preneur
ROLE_003526,BA001214,CLI_0900,A,Assuré
ROLE_003527,BA001214,CLI_0900,B,Bénéficiaire en cas de décès
ROLE_003528,BA001215,CLI_0901,S,Souscripteur / Preneur
ROLE_003529,BA001215,CLI_0901,B,Bénéficiaire en cas de décès
ROLE_003530,BA001216,CLI_0902,S,Souscripteur / Preneur
ROLE_003531,BA001216,CLI_0902,A,Assuré
ROLE_003532,BA001216,CLI_0902,B,Bénéficiaire en cas de décès
ROLE_003533,BA001217,CLI_0903,S,Souscripteur / Preneur
ROLE_003534,BA001217,CLI_0903,B,Bénéficiaire en cas de décès
ROLE_003535,BA001218,CLI_0904,S,Souscripteur / Preneur
ROLE_003536,BA001218,CLI_0904,A,Assuré
ROLE_003537,BA001218,CLI_0904,B,Bénéficiaire en cas de décès
ROLE_003538,BA001219,CLI_0905,S,Souscripteur / Preneur
ROLE_003539,BA001219,CLI_0905,A,Assuré
ROLE_003540,BA001219,CLI_0905,B,Bénéficiaire en cas de décès
ROLE_003541,BA001220,CLI_0905,S,Souscripteur / Preneur
ROLE_003542,BA001220,CLI_0905,A,Assuré
ROLE_003543,BA001220,CLI_0905,B,Bénéficiaire en cas de décès
ROLE_003544,BA001221,CLI_0905,S,Souscripteur / Preneur
ROLE_003545,BA001221,CLI_0905,A,Assuré
ROLE_003546,BA001221,CLI_0905,B,Bénéficiaire en cas de décès
ROLE_003547,BA001222,CLI_0906,S,Souscripteur / Preneur
ROLE_003548,BA001222,CLI_0906,A,Assuré
ROLE_003549,BA001222,CLI_0906,B,Bénéficiaire en cas de décès
ROLE_003550,BA001223,CLI_0907,S,Souscripteur / Preneur
ROLE_003551,BA001223,CLI_0907,A,Assuré
ROLE_003552,BA001223,CLI_0907,B,Bénéficiaire en cas de décès
ROLE_003553,BA001224,CLI_0907,S,Souscripteur / Preneur
ROLE_003554,BA001224,CLI_0907,A,Assuré
ROLE_003555,BA001224,CLI_0907,B,Bénéficiaire en cas de décès
ROLE_003556,BA001225,CLI_0908,S,Souscripteur / Preneur
ROLE_003557,BA001225,CLI_0908,A,Assuré
ROLE_003558,BA001225,CLI_0908,B,Bénéficiaire en cas de décès
ROLE_003559,BA001226,CLI_0909,S,Souscripteur / Preneur
ROLE_003560,BA001226,CLI_0909,A,Assuré
ROLE_003561,BA001226,CLI_0909,B,Bénéficiaire en cas de décès
ROLE_003562,BA001227,CLI_0910,S,Souscripteur / Preneur
ROLE_003563,BA001227,CLI_0910,A,Assuré
ROLE_003564,BA001227,CLI_0910,B,Bénéficiaire en cas de décès
ROLE_003565,BA001228,CLI_0911,S,Souscripteur / Preneur
ROLE_003566,BA001228,CLI_0911,A,Assuré
ROLE_003567,BA001228,CLI_0911,B,Bénéficiaire en cas de décès
ROLE_003568,BA001229,CLI_0912,S,Souscripteur / Preneur
ROLE_003569,BA001229,CLI_0912,A,Assuré
ROLE_003570,BA001229,CLI_0912,B,Bénéficiaire en cas de décès
ROLE_003571,BA001230,CLI_0913,S,Souscripteur / Preneur
ROLE_003572,BA001230,CLI_0913,B,Bénéficiaire en cas de décès
ROLE_003573,BA001231,CLI_0913,S,Souscripteur / Preneur
ROLE_003574,BA001231,CLI_0913,A,Assuré
ROLE_003575,BA001231,CLI_0913,B,Bénéficiaire en cas de décès
ROLE_003576,BA001232,CLI_0913,S,Souscripteur / Preneur
ROLE_003577,BA001232,CLI_0913,A,Assuré
ROLE_003578,BA001232,CLI_0913,B,Bénéficiaire en cas de décès
ROLE_003579,BA001233,CLI_0914,S,Souscripteur / Preneur
ROLE_003580,BA001233,CLI_0914,B,Bénéficiaire en cas de décès
ROLE_003581,BA001234,CLI_0915,S,Souscripteur / Preneur
ROLE_003582,BA001234,CLI_0915,A,Assuré
ROLE_003583,BA001234,CLI_0915,B,Bénéficiaire en cas de décès
ROLE_003584,BA001235,CLI_0916,S,Souscripteur / Preneur
ROLE_003585,BA001235,CLI_0916,A,Assuré
ROLE_003586,BA001235,CLI_0916,B,Bénéficiaire en cas de décès
ROLE_003587,BA001236,CLI_0916,S,Souscripteur / Preneur
ROLE_003588,BA001236,CLI_0916,A,Assuré
ROLE_003589,BA001236,CLI_0916,B,Bénéficiaire en cas de décès
ROLE_003590,BA001237,CLI_0917,S,Souscripteur / Preneur
ROLE_003591,BA001237,CLI_0917,A,Assuré
ROLE_003592,BA001237,CLI_0917,B,Bénéficiaire en cas de décès
ROLE_003593,BA001237,CLI_0917,UBO,Bénéficiaire effectif
ROLE_003594,BA001238,CLI_0917,S,Souscripteur / Preneur
ROLE_003595,BA001238,CLI_0917,B,Bénéficiaire en cas de décès
ROLE_003596,BA001238,CLI_0917,UBO,Bénéficiaire effectif
ROLE_003597,BA001239,CLI_0917,S,Souscripteur / Preneur
ROLE_003598,BA001239,CLI_0917,A,Assuré
ROLE_003599,BA001239,CLI_0917,B,Bénéficiaire en cas de décès
ROLE_003600,BA001239,CLI_0917,UBO,Bénéficiaire effectif
ROLE_003601,BA001240,CLI_0918,S,Souscripteur / Preneur
ROLE_003602,BA001240,CLI_0918,A,Assuré
ROLE_003603,BA001240,CLI_0918,B,Bénéficiaire en cas de décès
ROLE_003604,BA001241,CLI_0919,S,Souscripteur / Preneur
ROLE_003605,BA001241,CLI_0919,A,Assuré
ROLE_003606,BA001241,CLI_0919,B,Bénéficiaire en cas de décès
ROLE_003607,BA001242,CLI_0920,S,Souscripteur / Preneur
ROLE_003608,BA001242,CLI_0920,A,Assuré
ROLE_003609,BA001242,CLI_0920,B,Bénéficiaire en cas de décès
ROLE_003610,BA001243,CLI_0921,S,Souscripteur / Preneur
ROLE_003611,BA001243,CLI_0921,A,Assuré
ROLE_003612,BA001243,CLI_0921,B,Bénéficiaire en cas de décès
ROLE_003613,BA001244,CLI_0922,S,Souscripteur / Preneur
ROLE_003614,BA001244,CLI_0922,B,Bénéficiaire en cas de décès
ROLE_003615,BA001245,CLI_0923,S,Souscripteur / Preneur
ROLE_003616,BA001245,CLI_0923,B,Bénéficiaire en cas de décès
ROLE_003617,BA001246,CLI_0924,S,Souscripteur / Preneur
ROLE_003618,BA001246,CLI_0924,A,Assuré
ROLE_003619,BA001246,CLI_0924,B,Bénéficiaire en cas de décès
ROLE_003620,BA001246,CLI_0924,UBO,Bénéficiaire effectif
ROLE_003621,BA001247,CLI_0925,S,Souscripteur / Preneur
ROLE_003622,BA001247,CLI_0925,A,Assuré
ROLE_003623,BA001247,CLI_0925,B,Bénéficiaire en cas de décès
ROLE_003624,BA001248,CLI_0926,S,Souscripteur / Preneur
ROLE_003625,BA001248,CLI_0926,B,Bénéficiaire en cas de décès
ROLE_003626,BA001249,CLI_0927,S,Souscripteur / Preneur
ROLE_003627,BA001249,CLI_0927,B,Bénéficiaire en cas de décès
ROLE_003628,BA001250,CLI_0928,S,Souscripteur / Preneur
ROLE_003629,BA001250,CLI_0928,A,Assuré
ROLE_003630,BA001250,CLI_0928,B,Bénéficiaire en cas de décès
ROLE_003631,BA001251,CLI_0929,S,Souscripteur / Preneur
ROLE_003632,BA001251,CLI_0929,A,Assuré
ROLE_003633,BA001251,CLI_0929,B,Bénéficiaire en cas de décès
ROLE_003634,BA001251,CLI_0929,UBO,Bénéficiaire effectif
ROLE_003635,BA001252,CLI_0930,S,Souscripteur / Preneur
ROLE_003636,BA001252,CLI_0930,B,Bénéficiaire en cas de décès
ROLE_003637,BA001253,CLI_0931,S,Souscripteur / Preneur
ROLE_003638,BA001253,CLI_0931,A,Assuré
ROLE_003639,BA001253,CLI_0931,B,Bénéficiaire en cas de décès
ROLE_003640,BA001254,CLI_0931,S,Souscripteur / Preneur
ROLE_003641,BA001254,CLI_0931,A,Assuré
ROLE_003642,BA001254,CLI_0931,B,Bénéficiaire en cas de décès
ROLE_003643,BA001255,CLI_0932,S,Souscripteur / Preneur
ROLE_003644,BA001255,CLI_0932,A,Assuré
ROLE_003645,BA001255,CLI_0932,B,Bénéficiaire en cas de décès
ROLE_003646,BA001256,CLI_0932,S,Souscripteur / Preneur
ROLE_003647,BA001256,CLI_0932,A,Assuré
ROLE_003648,BA001256,CLI_0932,B,Bénéficiaire en cas de décès
ROLE_003649,BA001257,CLI_0933,S,Souscripteur / Preneur
ROLE_003650,BA001257,CLI_0933,B,Bénéficiaire en cas de décès
ROLE_003651,BA001258,CLI_0934,S,Souscripteur / Preneur
ROLE_003652,BA001258,CLI_0934,A,Assuré
ROLE_003653,BA001258,CLI_0934,B,Bénéficiaire en cas de décès
ROLE_003654,BA001259,CLI_0935,S,Souscripteur / Preneur
ROLE_003655,BA001259,CLI_0935,A,Assuré
ROLE_003656,BA001259,CLI_0935,B,Bénéficiaire en cas de décès
ROLE_003657,BA001260,CLI_0936,S,Souscripteur / Preneur
ROLE_003658,BA001260,CLI_0936,B,Bénéficiaire en cas de décès
ROLE_003659,BA001261,CLI_0937,S,Souscripteur / Preneur
ROLE_003660,BA001261,CLI_0937,A,Assuré
ROLE_003661,BA001261,CLI_0937,B,Bénéficiaire en cas de décès
ROLE_003662,BA001262,CLI_0938,S,Souscripteur / Preneur
ROLE_003663,BA001262,CLI_0938,A,Assuré
ROLE_003664,BA001262,CLI_0938,B,Bénéficiaire en cas de décès
ROLE_003665,BA001263,CLI_0938,S,Souscripteur / Preneur
ROLE_003666,BA001263,CLI_0938,A,Assuré
ROLE_003667,BA001263,CLI_0938,B,Bénéficiaire en cas de décès
ROLE_003668,BA001264,CLI_0938,S,Souscripteur / Preneur
ROLE_003669,BA001264,CLI_0938,B,Bénéficiaire en cas de décès
ROLE_003670,BA001265,CLI_0939,S,Souscripteur / Preneur
ROLE_003671,BA001265,CLI_0939,A,Assuré
ROLE_003672,BA001265,CLI_0939,B,Bénéficiaire en cas de décès
ROLE_003673,BA001266,CLI_0940,S,Souscripteur / Preneur
ROLE_003674,BA001266,CLI_0940,A,Assuré
ROLE_003675,BA001266,CLI_0940,B,Bénéficiaire en cas de décès
ROLE_003676,BA001266,CLI_0940,UBO,Bénéficiaire effectif
ROLE_003677,BA001267,CLI_0941,S,Souscripteur / Preneur
ROLE_003678,BA001267,CLI_0941,B,Bénéficiaire en cas de décès
ROLE_003679,BA001268,CLI_0942,S,Souscripteur / Preneur
ROLE_003680,BA001268,CLI_0942,A,Assuré
ROLE_003681,BA001268,CLI_0942,B,Bénéficiaire en cas de décès
ROLE_003682,BA001269,CLI_0943,S,Souscripteur / Preneur
ROLE_003683,BA001269,CLI_0943,A,Assuré
ROLE_003684,BA001269,CLI_0943,B,Bénéficiaire en cas de décès
ROLE_003685,BA001270,CLI_0943,S,Souscripteur / Preneur
ROLE_003686,BA001270,CLI_0943,A,Assuré
ROLE_003687,BA001270,CLI_0943,B,Bénéficiaire en cas de décès
ROLE_003688,BA001271,CLI_0944,S,Souscripteur / Preneur
ROLE_003689,BA001271,CLI_0944,B,Bénéficiaire en cas de décès
ROLE_003690,BA001272,CLI_0945,S,Souscripteur / Preneur
ROLE_003691,BA001272,CLI_0945,A,Assuré
ROLE_003692,BA001272,CLI_0945,B,Bénéficiaire en cas de décès
ROLE_003693,BA001273,CLI_0946,S,Souscripteur / Preneur
ROLE_003694,BA001273,CLI_0946,A,Assuré
ROLE_003695,BA001273,CLI_0946,B,Bénéficiaire en cas de décès
ROLE_003696,BA001274,CLI_0946,S,Souscripteur / Preneur
ROLE_003697,BA001274,CLI_0946,A,Assuré
ROLE_003698,BA001274,CLI_0946,B,Bénéficiaire en cas de décès
ROLE_003699,BA001275,CLI_0946,S,Souscripteur / Preneur
ROLE_003700,BA001275,CLI_0946,A,Assuré
ROLE_003701,BA001275,CLI_0946,B,Bénéficiaire en cas de décès
ROLE_003702,BA001276,CLI_0947,S,Souscripteur / Preneur
ROLE_003703,BA001276,CLI_0947,B,Bénéficiaire en cas de décès
ROLE_003704,BA001277,CLI_0948,S,Souscripteur / Preneur
ROLE_003705,BA001277,CLI_0948,A,Assuré
ROLE_003706,BA001277,CLI_0948,B,Bénéficiaire en cas de décès
ROLE_003707,BA001278,CLI_0948,S,Souscripteur / Preneur
ROLE_003708,BA001278,CLI_0948,A,Assuré
ROLE_003709,BA001278,CLI_0948,B,Bénéficiaire en cas de décès
ROLE_003710,BA001279,CLI_0949,S,Souscripteur / Preneur
ROLE_003711,BA001279,CLI_0949,A,Assuré
ROLE_003712,BA001279,CLI_0949,B,Bénéficiaire en cas de décès
ROLE_003713,BA001280,CLI_0950,S,Souscripteur / Preneur
ROLE_003714,BA001280,CLI_0950,A,Assuré
ROLE_003715,BA001280,CLI_0950,B,Bénéficiaire en cas de décès
ROLE_003716,BA001281,CLI_0951,S,Souscripteur / Preneur
ROLE_003717,BA001281,CLI_0951,B,Bénéficiaire en cas de décès
ROLE_003718,BA001282,CLI_0951,S,Souscripteur / Preneur
ROLE_003719,BA001282,CLI_0951,A,Assuré
ROLE_003720,BA001282,CLI_0951,B,Bénéficiaire en cas de décès
ROLE_003721,BA001283,CLI_0952,S,Souscripteur / Preneur
ROLE_003722,BA001283,CLI_0952,A,Assuré
ROLE_003723,BA001283,CLI_0952,B,Bénéficiaire en cas de décès
ROLE_003724,BA001284,CLI_0953,S,Souscripteur / Preneur
ROLE_003725,BA001284,CLI_0953,B,Bénéficiaire en cas de décès
ROLE_003726,BA001285,CLI_0954,S,Souscripteur / Preneur
ROLE_003727,BA001285,CLI_0954,A,Assuré
ROLE_003728,BA001285,CLI_0954,B,Bénéficiaire en cas de décès
ROLE_003729,BA001286,CLI_0955,S,Souscripteur / Preneur
ROLE_003730,BA001286,CLI_0955,A,Assuré
ROLE_003731,BA001286,CLI_0955,B,Bénéficiaire en cas de décès
ROLE_003732,BA001287,CLI_0956,S,Souscripteur / Preneur
ROLE_003733,BA001287,CLI_0956,A,Assuré
ROLE_003734,BA001287,CLI_0956,B,Bénéficiaire en cas de décès
ROLE_003735,BA001287,CLI_0956,UBO,Bénéficiaire effectif
ROLE_003736,BA001288,CLI_0957,S,Souscripteur / Preneur
ROLE_003737,BA001288,CLI_0957,A,Assuré
ROLE_003738,BA001288,CLI_0957,B,Bénéficiaire en cas de décès
ROLE_003739,BA001289,CLI_0958,S,Souscripteur / Preneur
ROLE_003740,BA001289,CLI_0958,A,Assuré
ROLE_003741,BA001289,CLI_0958,B,Bénéficiaire en cas de décès
ROLE_003742,BA001290,CLI_0958,S,Souscripteur / Preneur
ROLE_003743,BA001290,CLI_0958,A,Assuré
ROLE_003744,BA001290,CLI_0958,B,Bénéficiaire en cas de décès
ROLE_003745,BA001291,CLI_0959,S,Souscripteur / Preneur
ROLE_003746,BA001291,CLI_0959,A,Assuré
ROLE_003747,BA001291,CLI_0959,B,Bénéficiaire en cas de décès
ROLE_003748,BA001292,CLI_0960,S,Souscripteur / Preneur
ROLE_003749,BA001292,CLI_0960,A,Assuré
ROLE_003750,BA001292,CLI_0960,B,Bénéficiaire en cas de décès
ROLE_003751,BA001293,CLI_0961,S,Souscripteur / Preneur
ROLE_003752,BA001293,CLI_0961,A,Assuré
ROLE_003753,BA001293,CLI_0961,B,Bénéficiaire en cas de décès
ROLE_003754,BA001294,CLI_0962,S,Souscripteur / Preneur
ROLE_003755,BA001294,CLI_0962,A,Assuré
ROLE_003756,BA001294,CLI_0962,B,Bénéficiaire en cas de décès
ROLE_003757,BA001295,CLI_0963,S,Souscripteur / Preneur
ROLE_003758,BA001295,CLI_0963,A,Assuré
ROLE_003759,BA001295,CLI_0963,B,Bénéficiaire en cas de décès
ROLE_003760,BA001296,CLI_0963,S,Souscripteur / Preneur
ROLE_003761,BA001296,CLI_0963,B,Bénéficiaire en cas de décès
ROLE_003762,BA001297,CLI_0964,S,Souscripteur / Preneur
ROLE_003763,BA001297,CLI_0964,A,Assuré
ROLE_003764,BA001297,CLI_0964,B,Bénéficiaire en cas de décès
ROLE_003765,BA001298,CLI_0964,S,Souscripteur / Preneur
ROLE_003766,BA001298,CLI_0964,A,Assuré
ROLE_003767,BA001298,CLI_0964,B,Bénéficiaire en cas de décès
ROLE_003768,BA001299,CLI_0965,S,Souscripteur / Preneur
ROLE_003769,BA001299,CLI_0965,A,Assuré
ROLE_003770,BA001299,CLI_0965,B,Bénéficiaire en cas de décès
ROLE_003771,BA001300,CLI_0966,S,Souscripteur / Preneur
ROLE_003772,BA001300,CLI_0966,A,Assuré
ROLE_003773,BA001300,CLI_0966,B,Bénéficiaire en cas de décès
ROLE_003774,BA001301,CLI_0967,S,Souscripteur / Preneur
ROLE_003775,BA001301,CLI_0967,A,Assuré
ROLE_003776,BA001301,CLI_0967,B,Bénéficiaire en cas de décès
ROLE_003777,BA001302,CLI_0968,S,Souscripteur / Preneur
ROLE_003778,BA001302,CLI_0968,A,Assuré
ROLE_003779,BA001302,CLI_0968,B,Bénéficiaire en cas de décès
ROLE_003780,BA001303,CLI_0969,S,Souscripteur / Preneur
ROLE_003781,BA001303,CLI_0969,A,Assuré
ROLE_003782,BA001303,CLI_0969,B,Bénéficiaire en cas de décès
ROLE_003783,BA001304,CLI_0969,S,Souscripteur / Preneur
ROLE_003784,BA001304,CLI_0969,A,Assuré
ROLE_003785,BA001304,CLI_0969,B,Bénéficiaire en cas de décès
ROLE_003786,BA001305,CLI_0970,S,Souscripteur / Preneur
ROLE_003787,BA001305,CLI_0970,A,Assuré
ROLE_003788,BA001305,CLI_0970,B,Bénéficiaire en cas de décès
ROLE_003789,BA001306,CLI_0970,S,Souscripteur / Preneur
ROLE_003790,BA001306,CLI_0970,A,Assuré
ROLE_003791,BA001306,CLI_0970,B,Bénéficiaire en cas de décès
ROLE_003792,BA001307,CLI_0970,S,Souscripteur / Preneur
ROLE_003793,BA001307,CLI_0970,A,Assuré
ROLE_003794,BA001307,CLI_0970,B,Bénéficiaire en cas de décès
ROLE_003795,BA001308,CLI_0971,S,Souscripteur / Preneur
ROLE_003796,BA001308,CLI_0971,A,Assuré
ROLE_003797,BA001308,CLI_0971,B,Bénéficiaire en cas de décès
ROLE_003798,BA001309,CLI_0972,S,Souscripteur / Preneur
ROLE_003799,BA001309,CLI_0972,A,Assuré
ROLE_003800,BA001309,CLI_0972,B,Bénéficiaire en cas de décès
ROLE_003801,BA001310,CLI_0972,S,Souscripteur / Preneur
ROLE_003802,BA001310,CLI_0972,A,Assuré
ROLE_003803,BA001310,CLI_0972,B,Bénéficiaire en cas de décès
ROLE_003804,BA001311,CLI_0973,S,Souscripteur / Preneur
ROLE_003805,BA001311,CLI_0973,A,Assuré
ROLE_003806,BA001311,CLI_0973,B,Bénéficiaire en cas de décès
ROLE_003807,BA001312,CLI_0974,S,Souscripteur / Preneur
ROLE_003808,BA001312,CLI_0974,B,Bénéficiaire en cas de décès
ROLE_003809,BA001313,CLI_0975,S,Souscripteur / Preneur
ROLE_003810,BA001313,CLI_0975,A,Assuré
ROLE_003811,BA001313,CLI_0975,B,Bénéficiaire en cas de décès
ROLE_003812,BA001314,CLI_0976,S,Souscripteur / Preneur
ROLE_003813,BA001314,CLI_0976,A,Assuré
ROLE_003814,BA001314,CLI_0976,B,Bénéficiaire en cas de décès
ROLE_003815,BA001315,CLI_0977,S,Souscripteur / Preneur
ROLE_003816,BA001315,CLI_0977,A,Assuré
ROLE_003817,BA001315,CLI_0977,B,Bénéficiaire en cas de décès
ROLE_003818,BA001316,CLI_0978,S,Souscripteur / Preneur
ROLE_003819,BA001316,CLI_0978,B,Bénéficiaire en cas de décès
ROLE_003820,BA001317,CLI_0979,S,Souscripteur / Preneur
ROLE_003821,BA001317,CLI_0979,A,Assuré
ROLE_003822,BA001317,CLI_0979,B,Bénéficiaire en cas de décès
ROLE_003823,BA001318,CLI_0979,S,Souscripteur / Preneur
ROLE_003824,BA001318,CLI_0979,A,Assuré
ROLE_003825,BA001318,CLI_0979,B,Bénéficiaire en cas de décès
ROLE_003826,BA001319,CLI_0980,S,Souscripteur / Preneur
ROLE_003827,BA001319,CLI_0980,A,Assuré
ROLE_003828,BA001319,CLI_0980,B,Bénéficiaire en cas de décès
ROLE_003829,BA001320,CLI_0980,S,Souscripteur / Preneur
ROLE_003830,BA001320,CLI_0980,A,Assuré
ROLE_003831,BA001320,CLI_0980,B,Bénéficiaire en cas de décès
ROLE_003832,BA001321,CLI_0980,S,Souscripteur / Preneur
ROLE_003833,BA001321,CLI_0980,A,Assuré
ROLE_003834,BA001321,CLI_0980,B,Bénéficiaire en cas de décès
ROLE_003835,BA001322,CLI_0981,S,Souscripteur / Preneur
ROLE_003836,BA001322,CLI_0981,A,Assuré
ROLE_003837,BA001322,CLI_0981,B,Bénéficiaire en cas de décès
ROLE_003838,BA001323,CLI_0981,S,Souscripteur / Preneur
ROLE_003839,BA001323,CLI_0981,A,Assuré
ROLE_003840,BA001323,CLI_0981,B,Bénéficiaire en cas de décès
ROLE_003841,BA001324,CLI_0981,S,Souscripteur / Preneur
ROLE_003842,BA001324,CLI_0981,A,Assuré
ROLE_003843,BA001324,CLI_0981,B,Bénéficiaire en cas de décès
ROLE_003844,BA001325,CLI_0982,S,Souscripteur / Preneur
ROLE_003845,BA001325,CLI_0982,A,Assuré
ROLE_003846,BA001325,CLI_0982,B,Bénéficiaire en cas de décès
ROLE_003847,BA001326,CLI_0983,S,Souscripteur / Preneur
ROLE_003848,BA001326,CLI_0983,A,Assuré
ROLE_003849,BA001326,CLI_0983,B,Bénéficiaire en cas de décès
ROLE_003850,BA001327,CLI_0984,S,Souscripteur / Preneur
ROLE_003851,BA001327,CLI_0984,A,Assuré
ROLE_003852,BA001327,CLI_0984,B,Bénéficiaire en cas de décès
ROLE_003853,BA001328,CLI_0985,S,Souscripteur / Preneur
ROLE_003854,BA001328,CLI_0985,A,Assuré
ROLE_003855,BA001328,CLI_0985,B,Bénéficiaire en cas de décès
ROLE_003856,BA001329,CLI_0986,S,Souscripteur / Preneur
ROLE_003857,BA001329,CLI_0986,B,Bénéficiaire en cas de décès
ROLE_003858,BA001330,CLI_0987,S,Souscripteur / Preneur
ROLE_003859,BA001330,CLI_0987,A,Assuré
ROLE_003860,BA001330,CLI_0987,B,Bénéficiaire en cas de décès
ROLE_003861,BA001331,CLI_0988,S,Souscripteur / Preneur
ROLE_003862,BA001331,CLI_0988,A,Assuré
ROLE_003863,BA001331,CLI_0988,B,Bénéficiaire en cas de décès
ROLE_003864,BA001332,CLI_0989,S,Souscripteur / Preneur
ROLE_003865,BA001332,CLI_0989,A,Assuré
ROLE_003866,BA001332,CLI_0989,B,Bénéficiaire en cas de décès
ROLE_003867,BA001333,CLI_0990,S,Souscripteur / Preneur
ROLE_003868,BA001333,CLI_0990,B,Bénéficiaire en cas de décès
ROLE_003869,BA001334,CLI_0991,S,Souscripteur / Preneur
ROLE_003870,BA001334,CLI_0991,A,Assuré
ROLE_003871,BA001334,CLI_0991,B,Bénéficiaire en cas de décès
ROLE_003872,BA001335,CLI_0992,S,Souscripteur / Preneur
ROLE_003873,BA001335,CLI_0992,A,Assuré
ROLE_003874,BA001335,CLI_0992,B,Bénéficiaire en cas de décès
ROLE_003875,BA001336,CLI_0992,S,Souscripteur / Preneur
ROLE_003876,BA001336,CLI_0992,A,Assuré
ROLE_003877,BA001336,CLI_0992,B,Bénéficiaire en cas de décès
ROLE_003878,BA001337,CLI_0992,S,Souscripteur / Preneur
ROLE_003879,BA001337,CLI_0992,A,Assuré
ROLE_003880,BA001337,CLI_0992,B,Bénéficiaire en cas de décès
ROLE_003881,BA001338,CLI_0993,S,Souscripteur / Preneur
ROLE_003882,BA001338,CLI_0993,A,Assuré
ROLE_003883,BA001338,CLI_0993,B,Bénéficiaire en cas de décès
ROLE_003884,BA001339,CLI_0993,S,Souscripteur / Preneur
ROLE_003885,BA001339,CLI_0993,A,Assuré
ROLE_003886,BA001339,CLI_0993,B,Bénéficiaire en cas de décès
ROLE_003887,BA001340,CLI_0994,S,Souscripteur / Preneur
ROLE_003888,BA001340,CLI_0994,A,Assuré
ROLE_003889,BA001340,CLI_0994,B,Bénéficiaire en cas de décès
ROLE_003890,BA001341,CLI_0994,S,Souscripteur / Preneur
ROLE_003891,BA001341,CLI_0994,A,Assuré
ROLE_003892,BA001341,CLI_0994,B,Bénéficiaire en cas de décès
ROLE_003893,BA001342,CLI_0995,S,Souscripteur / Preneur
ROLE_003894,BA001342,CLI_0995,A,Assuré
ROLE_003895,BA001342,CLI_0995,B,Bénéficiaire en cas de décès
ROLE_003896,BA001343,CLI_0995,S,Souscripteur / Preneur
ROLE_003897,BA001343,CLI_0995,B,Bénéficiaire en cas de décès
ROLE_003898,BA001344,CLI_0996,S,Souscripteur / Preneur
ROLE_003899,BA001344,CLI_0996,A,Assuré
ROLE_003900,BA001344,CLI_0996,B,Bénéficiaire en cas de décès
ROLE_003901,BA001345,CLI_0996,S,Souscripteur / Preneur
ROLE_003902,BA001345,CLI_0996,A,Assuré
ROLE_003903,BA001345,CLI_0996,B,Bénéficiaire en cas de décès
ROLE_003904,BA001346,CLI_0997,S,Souscripteur / Preneur
ROLE_003905,BA001346,CLI_0997,A,Assuré
ROLE_003906,BA001346,CLI_0997,B,Bénéficiaire en cas de décès
ROLE_003907,BA001347,CLI_0997,S,Souscripteur / Preneur
ROLE_003908,BA001347,CLI_0997,A,Assuré
ROLE_003909,BA001347,CLI_0997,B,Bénéficiaire en cas de décès
ROLE_003910,BA001348,CLI_0998,S,Souscripteur / Preneur
ROLE_003911,BA001348,CLI_0998,B,Bénéficiaire en cas de décès
ROLE_003912,BA001349,CLI_0999,S,Souscripteur / Preneur
ROLE_003913,BA001349,CLI_0999,A,Assuré
ROLE_003914,BA001349,CLI_0999,B,Bénéficiaire en cas de décès
ROLE_003915,BA001350,CLI_1000,S,Souscripteur / Preneur
ROLE_003916,BA001350,CLI_1000,A,Assuré
ROLE_003917,BA001350,CLI_1000,B,Bénéficiaire en cas de décès
