id_transaction,id_contrat,code_type_evt,libelle_evt,code_statut_evt,date_effet,date_execution,montant_total_brut,montant_total_net,montant_frais,plus_value_taxable,devise,pays_banque_origine,pays_banque_dest,est_tiers_payeur,perte_acceptee,montant_penalite,flag_atypique,fonds_source,fonds_cible,est_suspect
EVT_000001,BA000001,OUV,Ouverture / Souscription,VAL,2022-02-03,2022-02-03,250000.0,250000.0,0.0,0.0,EUR,Belgium,,False,False,0.0,False,,,False
EVT_000002,BA000001,VLC,Versement libre complémentaire,VAL,2025-07-26,2025-07-26,16000.0,16000.0,0.0,0.0,EUR,Belgium,,True,False,0.0,False,,,False
EVT_000003,BA000001,VLC,Versement libre complémentaire,VAL,2025-12-30,2025-12-30,16000.0,16000.0,0.0,0.0,EUR,Belgium,,False,False,0.0,False,,,False
EVT_000004,BA000001,RAP,Rachat partiel,VAL,2022-12-18,2022-12-18,-84000.0,-84000.0,0.0,4118.87,EUR,Belgium,Belgium,False,False,0.0,False,,,False
EVT_000005,BA000002,OUV,Ouverture / Souscription,VAL,2024-02-19,2024-02-19,250000.0,250000.0,0.0,0.0,EUR,Belgium,,False,False,0.0,False,,,False
EVT_000006,BA000002,ARB,Arbitrage entre fonds,VAL,2027-03-27,2027-03-27,30000.0,30000.0,0.0,0.0,EUR,,,False,False,0.0,False,FR0010392225,FAS_ROT,False
EVT_000007,BA000002,RAP,Rachat partiel,VAL,2026-07-22,2026-07-22,-10000.0,-10000.0,0.0,1094.6,EUR,Belgium,Belgium,False,False,0.0,False,,,False
EVT_000008,BA000002,RAP,Rachat partiel,VAL,2028-12-26,2028-12-26,-10000.0,-10000.0,0.0,395.95,EUR,Belgium,Belgium,False,False,0.0,False,,,False
EVT_000009,BA000003,OUV,Ouverture / Souscription,VAL,2024-05-02,2024-05-02,787000.0,787000.0,0.0,0.0,EUR,France,,False,False,0.0,False,,,False
EVT_000010,BA000004,OUV,Ouverture / Souscription,VAL,2025-11-05,2025-11-05,719000.0,719000.0,0.0,0.0,EUR,Belgium,,False,False,0.0,False,,,False
EVT_000011,BA000004,VLC,Versement libre complémentaire,VAL,2026-08-21,2026-08-21,151000.0,151000.0,0.0,0.0,EUR,Belgium,,False,False,0.0,False,,,False
EVT_000012,BA000005,OUV,Ouverture / Souscription,VAL,2019-07-05,2019-07-05,250000.0,250000.0,0.0,0.0,EUR,France,,False,False,0.0,False,,,False
EVT_000013,BA000005,RAP,Rachat partiel,VAL,2021-11-21,2021-11-21,-13000.0,-13000.0,0.0,1701.96,EUR,France,France,False,False,0.0,False,,,False
EVT_000014,BA000005,RAP,Rachat partiel,VAL,2023-07-30,2023-07-30,-13000.0,-13000.0,0.0,585.12,EUR,France,France,False,False,0.0,False,,,False
EVT_000015,BA000006,OUV,Ouverture / Souscription,VAL,2022-02-25,2022-02-25,250000.0,250000.0,0.0,0.0,EUR,France,,False,False,0.0,False,,,False
EVT_000016,BA000006,VLC,Versement libre complémentaire,VAL,2023-07-30,2023-07-30,57000.0,57000.0,0.0,0.0,EUR,France,,False,False,0.0,False,,,False
EVT_000017,BA000007,OUV,Ouverture / Souscription,VAL,2020-02-16,2020-02-16,287000.0,287000.0,0.0,0.0,EUR,France,,False,False,0.0,False,,,False
EVT_000018,BA000007,VLC,Versement libre complémentaire,VAL,2021-06-07,2021-06-07,13000.0,13000.0,0.0,0.0,EUR,France,,False,False,0.0,False,,,False
EVT_000019,BA000007,VLC,Versement libre complémentaire,VAL,2022-09-26,2022-09-26,13000.0,13000.0,0.0,0.0,EUR,France,,False,False,0.0,False,,,False
EVT_000020,BA000008,OUV,Ouverture / Souscription,VAL,2019-10-01,2019-10-01,250000.0,250000.0,0.0,0.0,EUR,France,,False,False,0.0,False,,,False
EVT_000021,BA000008,RAP,Rachat partiel,VAL,2024-04-01,2024-04-01,-20000.0,-20000.0,0.0,1729.25,EUR,France,France,False,False,0.0,False,,,False
EVT_000022,BA000008,RAP,Rachat partiel,VAL,2023-06-29,2023-06-29,-20000.0,-20000.0,0.0,2892.32,EUR,France,France,False,False,0.0,False,,,False
EVT_000023,BA000009,OUV,Ouverture / Souscription,VAL,2024-03-15,2024-03-15,672000.0,672000.0,0.0,0.0,EUR,Portugal,,False,False,0.0,False,,,False
EVT_000024,BA000010,OUV,Ouverture / Souscription,VAL,2022-09-01,2022-09-01,437000.0,437000.0,0.0,0.0,EUR,Belgium,,False,False,0.0,False,,,False
EVT_000025,BA000010,VLC,Versement libre complémentaire,VAL,2026-09-15,2026-09-15,60000.0,60000.0,0.0,0.0,EUR,Belgium,,False,False,0.0,False,,,False
EVT_000026,BA000010,VLC,Versement libre complémentaire,VAL,2024-05-01,2024-05-01,60000.0,60000.0,0.0,0.0,EUR,Belgium,,False,False,0.0,False,,,False
EVT_000027,BA000010,VLC,Versement libre complémentaire,VAL,2025-02-02,2025-02-02,60000.0,60000.0,0.0,0.0,EUR,Belgium,,False,False,0.0,False,,,False
EVT_000028,BA000011,OUV,Ouverture / Souscription,VAL,2021-05-26,2021-05-26,1452000.0,1452000.0,0.0,0.0,EUR,France,,False,False,0.0,False,,,False
EVT_000029,BA000012,OUV,Ouverture / Souscription,VAL,2019-07-08,2019-07-08,354000.0,354000.0,0.0,0.0,EUR,France,,False,False,0.0,False,,,False
EVT_000030,BA000012,VLC,Versement libre complémentaire,VAL,2021-01-17,2021-01-17,68000.0,68000.0,0.0,0.0,EUR,France,,False,False,0.0,False,,,False
EVT_000031,BA000012,VLC,Versement libre complémentaire,VAL,2020-07-18,2020-07-18,68000.0,68000.0,0.0,0.0,EUR,France,,False,False,0.0,False,,,False
EVT_000032,BA000012,RAP,Rachat partiel,VAL,2024-06-22,2024-06-22,-32000.0,-32000.0,0.0,1384.03,EUR,France,France,False,False,0.0,False,,,False
EVT_000033,BA000012,RAP,Rachat partiel,VAL,2021-07-31,2021-07-31,-32000.0,-32000.0,0.0,3943.81,EUR,France,France,False,False,0.0,False,,,False
EVT_000034,BA000013,OUV,Ouverture / Souscription,VAL,2021-02-25,2021-02-25,302000.0,302000.0,0.0,0.0,EUR,France,,False,False,0.0,False,,,False
EVT_000035,BA000013,VLC,Versement libre complémentaire,VAL,2022-06-05,2022-06-05,22000.0,22000.0,0.0,0.0,EUR,France,,False,False,0.0,False,,,False
EVT_000036,BA000013,VLC,Versement libre complémentaire,VAL,2025-07-21,2025-07-21,22000.0,22000.0,0.0,0.0,EUR,France,,True,False,0.0,False,,,False
EVT_000037,BA000014,OUV,Ouverture / Souscription,VAL,2018-08-28,2018-08-28,250000.0,250000.0,0.0,0.0,EUR,France,,False,False,0.0,False,,,False
EVT_000038,BA000014,VLC,Versement libre complémentaire,VAL,2021-02-06,2021-02-06,59000.0,59000.0,0.0,0.0,EUR,France,,False,False,0.0,False,,,False
EVT_000039,BA000014,RAP,Rachat partiel,VAL,2019-09-06,2019-09-06,-14000.0,-14000.0,0.0,936.17,EUR,France,France,False,False,0.0,False,,,False
EVT_000040,BA000014,RAP,Rachat partiel,VAL,2020-09-15,2020-09-15,-14000.0,-13580.0,420.0,0.0,EUR,France,France,False,True,420.0,False,,,False
EVT_000041,BA000015,OUV,Ouverture / Souscription,VAL,2022-06-30,2022-06-30,250000.0,250000.0,0.0,0.0,EUR,France,,False,False,0.0,False,,,False
EVT_000042,BA000015,VLC,Versement libre complémentaire,VAL,2025-12-16,2025-12-16,60000.0,60000.0,0.0,0.0,EUR,France,,False,False,0.0,False,,,False
EVT_000043,BA000016,OUV,Ouverture / Souscription,VAL,2026-03-07,2026-03-07,250000.0,250000.0,0.0,0.0,EUR,France,,False,False,0.0,False,,,False
EVT_000044,BA000016,RAP,Rachat partiel,VAL,2026-12-16,2026-12-16,-34000.0,-34000.0,0.0,2214.43,EUR,France,France,False,False,0.0,False,,,False
EVT_000045,BA000016,RAP,Rachat partiel,VAL,2027-10-23,2027-10-23,-34000.0,-34000.0,0.0,1380.63,EUR,France,France,False,False,0.0,False,,,False
EVT_000046,BA000017,OUV,Ouverture / Souscription,VAL,2026-05-31,2026-05-31,250000.0,250000.0,0.0,0.0,EUR,France,,False,False,0.0,False,,,False
EVT_000047,BA000017,VLC,Versement libre complémentaire,VAL,2028-08-08,2028-08-08,39000.0,39000.0,0.0,0.0,EUR,France,,False,False,0.0,False,,,False
EVT_000048,BA000018,OUV,Ouverture / Souscription,VAL,2019-01-18,2019-01-18,1025000.0,1025000.0,0.0,0.0,EUR,France,,True,False,0.0,False,,,False
EVT_000049,BA000018,VLC,Versement libre complémentaire,VAL,2022-10-15,2022-10-15,38000.0,38000.0,0.0,0.0,EUR,France,,False,False,0.0,False,,,False
EVT_000050,BA000018,VLC,Versement libre complémentaire,VAL,2022-08-09,2022-08-09,38000.0,38000.0,0.0,0.0,EUR,France,,False,False,0.0,False,,,False
EVT_000051,BA000018,VLC,Versement libre complémentaire,VAL,2021-07-23,2021-07-23,38000.0,38000.0,0.0,0.0,EUR,France,,False,False,0.0,False,,,False
EVT_000052,BA000019,OUV,Ouverture / Souscription,VAL,2025-02-02,2025-02-02,972000.0,972000.0,0.0,0.0,EUR,France,,False,False,0.0,False,,,False
EVT_000053,BA000020,OUV,Ouverture / Souscription,VAL,2023-12-22,2023-12-22,803000.0,803000.0,0.0,0.0,EUR,France,,False,False,0.0,False,,,False
EVT_000054,BA000021,OUV,Ouverture / Souscription,VAL,2022-08-23,2022-08-23,250000.0,250000.0,0.0,0.0,EUR,Italy,,False,False,0.0,False,,,False
EVT_000055,BA000021,ARB,Arbitrage entre fonds,VAL,2024-12-10,2024-12-10,26000.0,26000.0,0.0,0.0,EUR,,,False,False,0.0,False,FID_UBS,FR0010392225,False
EVT_000056,BA000021,ARB,Arbitrage entre fonds,VAL,2025-11-23,2025-11-23,34000.0,34000.0,0.0,0.0,EUR,,,False,False,0.0,False,FR0010392225,FID_UBS,False
EVT_000057,BA000021,RAP,Rachat partiel,VAL,2025-04-20,2025-04-20,-31000.0,-30070.0,930.0,0.0,EUR,Italy,Italy,False,True,930.0,False,,,False
EVT_000058,BA000022,OUV,Ouverture / Souscription,VAL,2018-08-29,2018-08-29,416000.0,416000.0,0.0,0.0,EUR,Italy,,False,False,0.0,False,,,False
EVT_000059,BA000022,VLC,Versement libre complémentaire,VAL,2020-02-18,2020-02-18,31000.0,31000.0,0.0,0.0,EUR,Italy,,False,False,0.0,False,,,False
EVT_000060,BA000022,VLC,Versement libre complémentaire,VAL,2022-05-20,2022-05-20,31000.0,31000.0,0.0,0.0,EUR,Italy,,False,False,0.0,False,,,False
EVT_000061,BA000022,VLC,Versement libre complémentaire,VAL,2021-03-06,2021-03-06,31000.0,31000.0,0.0,0.0,EUR,Italy,,False,False,0.0,False,,,False
EVT_000062,BA000022,ARB,Arbitrage entre fonds,VAL,2022-07-22,2022-07-22,73000.0,73000.0,0.0,0.0,EUR,,,False,False,0.0,False,LU0104884860,FID_BNP,False
EVT_000063,BA000022,RAP,Rachat partiel,VAL,2020-04-28,2020-04-28,-98000.0,-98000.0,0.0,4538.03,EUR,Italy,Italy,True,False,0.0,False,,,False
EVT_000064,BA000023,OUV,Ouverture / Souscription,VAL,2024-08-29,2024-08-29,429000.0,429000.0,0.0,0.0,EUR,Belgium,,False,False,0.0,False,,,False
EVT_000065,BA000023,RAP,Rachat partiel,VAL,2025-09-24,2025-09-24,-149000.0,-149000.0,0.0,17395.54,EUR,Belgium,Belgium,False,False,0.0,False,,,False
EVT_000066,BA000024,OUV,Ouverture / Souscription,VAL,2019-11-01,2019-11-01,250000.0,250000.0,0.0,0.0,EUR,Belgium,,False,False,0.0,False,,,False
EVT_000067,BA000025,OUV,Ouverture / Souscription,VAL,2025-07-20,2025-07-20,250000.0,250000.0,0.0,0.0,EUR,Belgium,,False,False,0.0,False,,,False
EVT_000068,BA000025,VLC,Versement libre complémentaire,VAL,2028-04-24,2028-04-24,15000.0,15000.0,0.0,0.0,EUR,Belgium,,False,False,0.0,False,,,False
EVT_000069,BA000025,ARB,Arbitrage entre fonds,VAL,2027-05-22,2027-05-22,32000.0,32000.0,0.0,0.0,EUR,,,False,False,0.0,False,XS2428662824,FID_BNP,False
EVT_000070,BA000025,ARB,Arbitrage entre fonds,VAL,2028-03-23,2028-03-23,43000.0,43000.0,0.0,0.0,EUR,,,False,False,0.0,False,FID_BNP,XS2428662824,False
EVT_000071,BA000025,RAP,Rachat partiel,VAL,2029-11-08,2029-11-08,-46000.0,-44620.0,1380.0,0.0,EUR,Belgium,Belgium,False,True,1380.0,False,,,False
EVT_000072,BA000025,RAP,Rachat partiel,VAL,2026-05-21,2026-05-21,-46000.0,-46000.0,0.0,5044.25,EUR,Belgium,Belgium,False,False,0.0,False,,,False
EVT_000073,BA000026,OUV,Ouverture / Souscription,VAL,2019-03-08,2019-03-08,250000.0,250000.0,0.0,0.0,EUR,Belgium,,False,False,0.0,False,,,False
EVT_000074,BA000026,VLC,Versement libre complémentaire,VAL,2020-09-04,2020-09-04,83000.0,83000.0,0.0,0.0,EUR,Belgium,,False,False,0.0,False,,,False
EVT_000075,BA000026,RAP,Rachat partiel,VAL,2021-09-16,2021-09-16,-71000.0,-71000.0,0.0,4244.63,EUR,Belgium,Belgium,False,False,0.0,False,,,False
EVT_000076,BA000027,OUV,Ouverture / Souscription,VAL,2020-06-10,2020-06-10,418000.0,418000.0,0.0,0.0,EUR,France,,True,False,0.0,False,,,False
EVT_000077,BA000027,VLC,Versement libre complémentaire,VAL,2023-06-24,2023-06-24,29000.0,29000.0,0.0,0.0,EUR,France,,False,False,0.0,False,,,False
EVT_000078,BA000027,RAP,Rachat partiel,VAL,2021-10-14,2021-10-14,-50000.0,-50000.0,0.0,4737.09,EUR,France,France,False,False,0.0,False,,,False
EVT_000079,BA000027,RAP,Rachat partiel,VAL,2025-08-18,2025-08-18,-50000.0,-50000.0,0.0,1011.91,EUR,France,France,False,False,0.0,False,,,False
EVT_000080,BA000027,RAP,Rachat partiel,VAL,2023-04-30,2023-04-30,-50000.0,-50000.0,0.0,3487.22,EUR,France,France,False,False,0.0,False,,,False
EVT_000081,BA000028,OUV,Ouverture / Souscription,VAL,2025-06-11,2025-06-11,250000.0,250000.0,0.0,0.0,EUR,Portugal,,False,False,0.0,False,,,False
EVT_000082,BA000028,VLC,Versement libre complémentaire,VAL,2029-08-20,2029-08-20,51000.0,51000.0,0.0,0.0,EUR,Portugal,,False,False,0.0,False,,,False
EVT_000083,BA000029,OUV,Ouverture / Souscription,VAL,2021-02-14,2021-02-14,250000.0,250000.0,0.0,0.0,EUR,France,,False,False,0.0,False,,,False
EVT_000084,BA000030,OUV,Ouverture / Souscription,VAL,2025-02-24,2025-02-24,463000.0,463000.0,0.0,0.0,EUR,Portugal,,False,False,0.0,False,,,False
EVT_000085,BA000031,OUV,Ouverture / Souscription,VAL,2025-08-26,2025-08-26,2473000.0,2473000.0,0.0,0.0,EUR,France,,False,False,0.0,False,,,False
EVT_000086,BA000031,ARB,Arbitrage entre fonds,VAL,2027-01-06,2027-01-06,566000.0,566000.0,2830.0,0.0,EUR,,,False,False,0.0,False,FID_BNP,LU0255977539,False
EVT_000087,BA000031,RAP,Rachat partiel,VAL,2026-07-20,2026-07-20,-778000.0,-778000.0,0.0,57676.03,EUR,France,France,False,False,0.0,False,,,False
EVT_000088,BA000032,OUV,Ouverture / Souscription,VAL,2019-08-18,2019-08-18,574000.0,574000.0,0.0,0.0,EUR,Portugal,,False,False,0.0,False,,,False
EVT_000089,BA000032,ARB,Arbitrage entre fonds,VAL,2021-02-10,2021-02-10,87000.0,87000.0,435.0,0.0,EUR,,,False,False,0.0,False,LU0104884860,XS2428662824,False
EVT_000090,BA000032,ARB,Arbitrage entre fonds,VAL,2020-11-13,2020-11-13,49000.0,49000.0,245.0,0.0,EUR,,,False,False,0.0,False,LU0255977539,XS2428662824,False
EVT_000091,BA000032,ARB,Arbitrage entre fonds,VAL,2022-10-25,2022-10-25,76000.0,76000.0,0.0,0.0,EUR,,,False,False,0.0,False,LU0255977539,LU0104884860,False
EVT_000092,BA000033,OUV,Ouverture / Souscription,VAL,2024-08-11,2024-08-11,471000.0,471000.0,0.0,0.0,EUR,Finland,,False,False,0.0,False,,,False
EVT_000093,BA000033,ARB,Arbitrage entre fonds,VAL,2025-03-27,2025-03-27,123000.0,123000.0,0.0,0.0,EUR,,,False,False,0.0,False,FAS_IND,LU0104884860,False
EVT_000094,BA000034,OUV,Ouverture / Souscription,VAL,2024-08-05,2024-08-05,261000.0,261000.0,0.0,0.0,EUR,France,,False,False,0.0,False,,,False
EVT_000095,BA000034,ARB,Arbitrage entre fonds,VAL,2024-12-25,2024-12-25,92000.0,92000.0,460.0,0.0,EUR,,,False,False,0.0,False,XS2428662824,FR0010923383,False
EVT_000096,BA000035,OUV,Ouverture / Souscription,VAL,2020-01-18,2020-01-18,398000.0,398000.0,0.0,0.0,EUR,Belgium,,False,False,0.0,False,,,False
EVT_000097,BA000036,OUV,Ouverture / Souscription,VAL,2018-11-20,2018-11-20,356000.0,356000.0,0.0,0.0,EUR,Portugal,,False,False,0.0,False,,,False
EVT_000098,BA000036,VLC,Versement libre complémentaire,VAL,2020-08-16,2020-08-16,189000.0,189000.0,0.0,0.0,EUR,Portugal,,False,False,0.0,False,,,False
EVT_000099,BA000037,OUV,Ouverture / Souscription,VAL,2020-09-25,2020-09-25,534000.0,534000.0,0.0,0.0,EUR,France,,False,False,0.0,False,,,False
EVT_000100,BA000037,VLC,Versement libre complémentaire,VAL,2023-10-12,2023-10-12,88000.0,88000.0,0.0,0.0,EUR,France,,False,False,0.0,False,,,False
EVT_000101,BA000038,OUV,Ouverture / Souscription,VAL,2020-04-28,2020-04-28,250000.0,250000.0,0.0,0.0,EUR,France,,False,False,0.0,False,,,False
EVT_000102,BA000038,VLC,Versement libre complémentaire,VAL,2025-05-11,2025-05-11,43000.0,43000.0,0.0,0.0,EUR,France,,False,False,0.0,False,,,False
EVT_000103,BA000039,OUV,Ouverture / Souscription,VAL,2019-09-25,2019-09-25,250000.0,250000.0,0.0,0.0,EUR,France,,False,False,0.0,False,,,False
EVT_000104,BA000040,OUV,Ouverture / Souscription,VAL,2026-04-19,2026-04-19,267000.0,267000.0,0.0,0.0,EUR,France,,False,False,0.0,False,,,False
EVT_000105,BA000041,OUV,Ouverture / Souscription,VAL,2021-02-12,2021-02-12,500000.0,500000.0,0.0,0.0,EUR,France,,False,False,0.0,False,,,False
EVT_000106,BA000041,VLC,Versement libre complémentaire,VAL,2026-03-18,2026-03-18,60000.0,60000.0,0.0,0.0,EUR,France,,False,False,0.0,False,,,False
EVT_000107,BA000041,RAP,Rachat partiel,VAL,2024-09-08,2024-09-08,-222000.0,-222000.0,0.0,27127.95,EUR,France,France,False,False,0.0,False,,,False
EVT_000108,BA000042,OUV,Ouverture / Souscription,VAL,2025-05-26,2025-05-26,250000.0,250000.0,0.0,0.0,EUR,Italy,,False,False,0.0,False,,,False
EVT_000109,BA000043,OUV,Ouverture / Souscription,VAL,2023-03-22,2023-03-22,711000.0,711000.0,0.0,0.0,EUR,Luxembourg,,False,False,0.0,False,,,False
EVT_000110,BA000043,VLC,Versement libre complémentaire,VAL,2024-06-28,2024-06-28,30000.0,30000.0,0.0,0.0,EUR,Luxembourg,,False,False,0.0,False,,,False
EVT_000111,BA000043,VLC,Versement libre complémentaire,VAL,2026-03-08,2026-03-08,30000.0,30000.0,0.0,0.0,EUR,Luxembourg,,False,False,0.0,False,,,False
EVT_000112,BA000043,RAP,Rachat partiel,VAL,2028-04-13,2028-04-13,-261000.0,-261000.0,0.0,25824.92,EUR,Luxembourg,Luxembourg,False,False,0.0,False,,,False
EVT_000113,BA000044,OUV,Ouverture / Souscription,VAL,2023-09-20,2023-09-20,2364000.0,2364000.0,0.0,0.0,EUR,Finland,,False,False,0.0,False,,,False
EVT_000114,BA000044,RAP,Rachat partiel,VAL,2026-11-20,2026-11-20,-271000.0,-271000.0,0.0,40186.79,EUR,Finland,Finland,False,False,0.0,False,,,False
EVT_000115,BA000044,RAP,Rachat partiel,VAL,2028-05-31,2028-05-31,-271000.0,-271000.0,0.0,7652.01,EUR,Finland,Finland,False,False,0.0,False,,,False
EVT_000116,BA000045,OUV,Ouverture / Souscription,VAL,2024-01-08,2024-01-08,250000.0,250000.0,0.0,0.0,EUR,Italy,,False,False,0.0,False,,,False
EVT_000117,BA000046,OUV,Ouverture / Souscription,VAL,2024-09-02,2024-09-02,250000.0,250000.0,0.0,0.0,EUR,Italy,,False,False,0.0,False,,,False
EVT_000118,BA000046,RAP,Rachat partiel,VAL,2026-02-09,2026-02-09,-73000.0,-73000.0,0.0,8500.34,EUR,Italy,Italy,False,False,0.0,False,,,False
EVT_000119,BA000047,OUV,Ouverture / Souscription,VAL,2025-06-20,2025-06-20,266000.0,266000.0,0.0,0.0,EUR,Belgium,,False,False,0.0,False,,,False
EVT_000120,BA000047,VLC,Versement libre complémentaire,VAL,2026-10-24,2026-10-24,86000.0,86000.0,0.0,0.0,EUR,Belgium,,False,False,0.0,False,,,False
EVT_000121,BA000047,ARB,Arbitrage entre fonds,VAL,2027-04-17,2027-04-17,90000.0,90000.0,0.0,0.0,EUR,,,False,False,0.0,False,LU0255977539,PE_LUX_01,False
EVT_000122,BA000048,OUV,Ouverture / Souscription,VAL,2024-09-04,2024-09-04,538000.0,538000.0,0.0,0.0,EUR,Belgium,,False,False,0.0,False,,,False
EVT_000123,BA000048,RAP,Rachat partiel,VAL,2028-10-08,2028-10-08,-163000.0,-163000.0,0.0,8703.51,EUR,Belgium,Belgium,False,False,0.0,False,,,False
EVT_000124,BA000049,OUV,Ouverture / Souscription,VAL,2024-06-23,2024-06-23,250000.0,250000.0,0.0,0.0,EUR,Norway,,False,False,0.0,False,,,False
EVT_000125,BA000049,ARB,Arbitrage entre fonds,VAL,2026-09-20,2026-09-20,15000.0,15000.0,0.0,0.0,EUR,,,False,False,0.0,False,XS2428662824,FID_BNP,False
EVT_000126,BA000049,ARB,Arbitrage entre fonds,VAL,2027-08-27,2027-08-27,40000.0,40000.0,200.0,0.0,EUR,,,False,False,0.0,False,FR0010923383,XS2428662824,False
EVT_000127,BA000049,RAP,Rachat partiel,VAL,2026-05-07,2026-05-07,-86000.0,-86000.0,0.0,8324.95,EUR,Norway,Norway,False,False,0.0,False,,,False
EVT_000128,BA000050,OUV,Ouverture / Souscription,VAL,2019-03-29,2019-03-29,264000.0,264000.0,0.0,0.0,EUR,Belgium,,False,False,0.0,False,,,False
EVT_000129,BA000050,VLC,Versement libre complémentaire,VAL,2020-01-20,2020-01-20,40000.0,40000.0,0.0,0.0,EUR,Belgium,,False,False,0.0,False,,,False
EVT_000130,BA000051,OUV,Ouverture / Souscription,VAL,2024-11-29,2024-11-29,250000.0,250000.0,0.0,0.0,EUR,France,,False,False,0.0,False,,,False
EVT_000131,BA000052,OUV,Ouverture / Souscription,VAL,2020-09-03,2020-09-03,454000.0,454000.0,0.0,0.0,EUR,France,,False,False,0.0,False,,,False
EVT_000132,BA000052,VLC,Versement libre complémentaire,VAL,2024-11-14,2024-11-14,37000.0,37000.0,0.0,0.0,EUR,France,,False,False,0.0,False,,,False
EVT_000133,BA000052,VLC,Versement libre complémentaire,VAL,2024-06-11,2024-06-11,37000.0,37000.0,0.0,0.0,EUR,France,,True,False,0.0,False,,,False
EVT_000134,BA000052,ARB,Arbitrage entre fonds,VAL,2022-02-07,2022-02-07,64000.0,64000.0,320.0,0.0,EUR,,,False,False,0.0,False,LU0104884860,FID_UBS,False
EVT_000135,BA000053,OUV,Ouverture / Souscription,VAL,2022-08-24,2022-08-24,314000.0,314000.0,0.0,0.0,EUR,Portugal,,False,False,0.0,False,,,False
EVT_000136,BA000053,ARB,Arbitrage entre fonds,VAL,2026-02-06,2026-02-06,79000.0,79000.0,0.0,0.0,EUR,,,False,False,0.0,False,FR001400OJI4,FID_BNP,False
EVT_000137,BA000054,OUV,Ouverture / Souscription,VAL,2021-07-10,2021-07-10,250000.0,250000.0,0.0,0.0,EUR,Portugal,,False,False,0.0,False,,,False
EVT_000138,BA000055,OUV,Ouverture / Souscription,VAL,2024-11-24,2024-11-24,270000.0,270000.0,0.0,0.0,EUR,Portugal,,False,False,0.0,False,,,False
EVT_000139,BA000055,VLC,Versement libre complémentaire,VAL,2025-07-22,2025-07-22,55000.0,55000.0,0.0,0.0,EUR,Portugal,,False,False,0.0,False,,,False
EVT_000140,BA000055,VLC,Versement libre complémentaire,VAL,2026-10-29,2026-10-29,55000.0,55000.0,0.0,0.0,EUR,Portugal,,False,False,0.0,False,,,False
EVT_000141,BA000056,OUV,Ouverture / Souscription,VAL,2020-05-28,2020-05-28,593000.0,593000.0,0.0,0.0,EUR,France,,False,False,0.0,False,,,False
EVT_000142,BA000057,OUV,Ouverture / Souscription,VAL,2025-04-26,2025-04-26,1757000.0,1757000.0,0.0,0.0,EUR,France,,False,False,0.0,False,,,False
EVT_000143,BA000057,RAP,Rachat partiel,VAL,2028-10-12,2028-10-12,-383000.0,-383000.0,0.0,41228.84,EUR,France,France,False,False,0.0,False,,,False
EVT_000144,BA000057,RAP,Rachat partiel,VAL,2026-12-23,2026-12-23,-383000.0,-383000.0,0.0,46532.7,EUR,France,France,False,False,0.0,False,,,False
EVT_000145,BA000058,OUV,Ouverture / Souscription,VAL,2021-12-08,2021-12-08,453000.0,453000.0,0.0,0.0,EUR,Luxembourg,,False,False,0.0,False,,,False
EVT_000146,BA000058,VLC,Versement libre complémentaire,VAL,2024-11-28,2024-11-28,13000.0,13000.0,0.0,0.0,EUR,Luxembourg,,False,False,0.0,False,,,False
EVT_000147,BA000058,VLC,Versement libre complémentaire,VAL,2024-08-20,2024-08-20,13000.0,13000.0,0.0,0.0,EUR,Luxembourg,,False,False,0.0,False,,,False
EVT_000148,BA000058,VLC,Versement libre complémentaire,VAL,2022-10-02,2022-10-02,13000.0,13000.0,0.0,0.0,EUR,Luxembourg,,False,False,0.0,False,,,False
EVT_000149,BA000059,OUV,Ouverture / Souscription,VAL,2025-08-29,2025-08-29,433000.0,433000.0,0.0,0.0,EUR,Luxembourg,,False,False,0.0,False,,,False
EVT_000150,BA000060,OUV,Ouverture / Souscription,VAL,2023-08-04,2023-08-04,265000.0,265000.0,0.0,0.0,EUR,Belgium,,False,False,0.0,False,,,False
EVT_000151,BA000060,VLC,Versement libre complémentaire,VAL,2024-11-29,2024-11-29,45000.0,45000.0,0.0,0.0,EUR,Belgium,,True,False,0.0,False,,,False
EVT_000152,BA000060,ARB,Arbitrage entre fonds,VAL,2026-04-13,2026-04-13,48000.0,48000.0,240.0,0.0,EUR,,,False,False,0.0,False,PE_CAY_01,LU0255977539,False
EVT_000153,BA000061,OUV,Ouverture / Souscription,VAL,2023-06-20,2023-06-20,343000.0,343000.0,0.0,0.0,EUR,France,,False,False,0.0,False,,,False
EVT_000154,BA000061,RAP,Rachat partiel,VAL,2026-12-13,2026-12-13,-108000.0,-108000.0,0.0,10382.25,EUR,France,France,False,False,0.0,False,,,False
EVT_000155,BA000062,OUV,Ouverture / Souscription,VAL,2018-10-17,2018-10-17,250000.0,250000.0,0.0,0.0,EUR,Portugal,,False,False,0.0,False,,,False
EVT_000156,BA000062,VLC,Versement libre complémentaire,VAL,2023-08-16,2023-08-16,22000.0,22000.0,0.0,0.0,EUR,Portugal,,False,False,0.0,False,,,False
EVT_000157,BA000062,RAP,Rachat partiel,VAL,2022-09-10,2022-09-10,-103000.0,-103000.0,0.0,6460.08,EUR,Portugal,Portugal,False,False,0.0,False,,,False
EVT_000158,BA000063,OUV,Ouverture / Souscription,VAL,2023-03-19,2023-03-19,540000.0,540000.0,0.0,0.0,EUR,Sweden,,False,False,0.0,False,,,False
EVT_000159,BA000063,VLC,Versement libre complémentaire,VAL,2026-02-12,2026-02-12,25000.0,25000.0,0.0,0.0,EUR,Sweden,,False,False,0.0,False,,,False
EVT_000160,BA000063,VLC,Versement libre complémentaire,VAL,2025-04-30,2025-04-30,25000.0,25000.0,0.0,0.0,EUR,Sweden,,False,False,0.0,False,,,False
EVT_000161,BA000064,OUV,Ouverture / Souscription,VAL,2022-11-30,2022-11-30,695000.0,695000.0,0.0,0.0,EUR,Belgium,,False,False,0.0,False,,,False
EVT_000162,BA000064,VLC,Versement libre complémentaire,VAL,2025-10-20,2025-10-20,28000.0,28000.0,0.0,0.0,EUR,Belgium,,False,False,0.0,False,,,False
EVT_000163,BA000064,VLC,Versement libre complémentaire,VAL,2026-01-15,2026-01-15,28000.0,28000.0,0.0,0.0,EUR,Belgium,,False,False,0.0,False,,,False
EVT_000164,BA000065,OUV,Ouverture / Souscription,VAL,2026-02-13,2026-02-13,687000.0,687000.0,0.0,0.0,EUR,Norway,,False,False,0.0,False,,,False
EVT_000165,BA000065,ARB,Arbitrage entre fonds,VAL,2029-06-20,2029-06-20,121000.0,121000.0,605.0,0.0,EUR,,,False,False,0.0,False,FAS_IND,LU0104884860,False
EVT_000166,BA000065,ARB,Arbitrage entre fonds,VAL,2027-11-13,2027-11-13,214000.0,214000.0,1070.0,0.0,EUR,,,False,False,0.0,False,FAS_IND,LU0104884860,False
EVT_000167,BA000066,OUV,Ouverture / Souscription,VAL,2018-09-24,2018-09-24,1623000.0,1623000.0,0.0,0.0,EUR,Norway,,False,False,0.0,False,,,False
EVT_000168,BA000067,OUV,Ouverture / Souscription,VAL,2022-08-11,2022-08-11,886000.0,886000.0,0.0,0.0,EUR,France,,False,False,0.0,False,,,False
EVT_000169,BA000067,VLC,Versement libre complémentaire,VAL,2024-06-13,2024-06-13,62000.0,62000.0,0.0,0.0,EUR,France,,False,False,0.0,False,,,False
EVT_000170,BA000067,VLC,Versement libre complémentaire,VAL,2023-11-11,2023-11-11,62000.0,62000.0,0.0,0.0,EUR,France,,False,False,0.0,False,,,False
EVT_000171,BA000067,VLC,Versement libre complémentaire,VAL,2028-01-19,2028-01-19,62000.0,62000.0,0.0,0.0,EUR,France,,False,False,0.0,False,,,False
EVT_000172,BA000068,OUV,Ouverture / Souscription,VAL,2020-04-24,2020-04-24,410000.0,410000.0,0.0,0.0,EUR,France,,False,False,0.0,False,,,False
EVT_000173,BA000068,VLC,Versement libre complémentaire,VAL,2022-09-29,2022-09-29,52000.0,52000.0,0.0,0.0,EUR,France,,False,False,0.0,False,,,False
EVT_000174,BA000068,VLC,Versement libre complémentaire,VAL,2024-03-02,2024-03-02,52000.0,52000.0,0.0,0.0,EUR,France,,False,False,0.0,False,,,False
EVT_000175,BA000069,OUV,Ouverture / Souscription,VAL,2026-07-16,2026-07-16,250000.0,250000.0,0.0,0.0,EUR,France,,False,False,0.0,False,,,False
EVT_000176,BA000069,VLC,Versement libre complémentaire,VAL,2031-11-18,2031-11-18,33000.0,33000.0,0.0,0.0,EUR,France,,False,False,0.0,False,,,False
EVT_000177,BA000069,RAP,Rachat partiel,VAL,2030-07-03,2030-07-03,-34000.0,-34000.0,0.0,2840.65,EUR,France,France,False,False,0.0,False,,,False
EVT_000178,BA000070,OUV,Ouverture / Souscription,VAL,2026-02-24,2026-02-24,250000.0,250000.0,0.0,0.0,EUR,France,,False,False,0.0,False,,,False
EVT_000179,BA000070,VLC,Versement libre complémentaire,VAL,2030-09-20,2030-09-20,56000.0,56000.0,0.0,0.0,EUR,France,,False,False,0.0,False,,,False
EVT_000180,BA000071,OUV,Ouverture / Souscription,VAL,2023-06-26,2023-06-26,472000.0,472000.0,0.0,0.0,EUR,Belgium,,False,False,0.0,False,,,False
EVT_000181,BA000071,VLC,Versement libre complémentaire,VAL,2024-03-07,2024-03-07,120000.0,120000.0,0.0,0.0,EUR,Belgium,,False,False,0.0,False,,,False
EVT_000182,BA000071,VLC,Versement libre complémentaire,VAL,2027-04-11,2027-04-11,120000.0,120000.0,0.0,0.0,EUR,Belgium,,False,False,0.0,False,,,False
EVT_000183,BA000071,ARB,Arbitrage entre fonds,VAL,2026-04-20,2026-04-20,127000.0,127000.0,635.0,0.0,EUR,,,False,False,0.0,False,PE_CAY_01,FR001400OJI4,False
EVT_000184,BA000071,ARB,Arbitrage entre fonds,VAL,2025-11-29,2025-11-29,181000.0,181000.0,905.0,0.0,EUR,,,False,False,0.0,False,PE_LUX_01,PE_CAY_01,False
EVT_000185,BA000071,ARB,Arbitrage entre fonds,VAL,2025-11-20,2025-11-20,137000.0,137000.0,0.0,0.0,EUR,,,False,False,0.0,False,FR001400OJI4,PE_LUX_01,False
EVT_000186,BA000071,RAP,Rachat partiel,VAL,2025-11-24,2025-11-24,-150000.0,-150000.0,0.0,20716.21,EUR,Belgium,Belgium,False,False,0.0,False,,,False
EVT_000187,BA000072,OUV,Ouverture / Souscription,VAL,2021-08-16,2021-08-16,690000.0,690000.0,0.0,0.0,EUR,Belgium,,False,False,0.0,False,,,False
EVT_000188,BA000073,OUV,Ouverture / Souscription,VAL,2020-07-13,2020-07-13,462000.0,462000.0,0.0,0.0,EUR,France,,False,False,0.0,False,,,False
EVT_000189,BA000073,VLC,Versement libre complémentaire,VAL,2025-11-16,2025-11-16,250000.0,250000.0,0.0,0.0,EUR,France,,False,False,0.0,False,,,False
EVT_000190,BA000073,ARB,Arbitrage entre fonds,VAL,2024-07-23,2024-07-23,130000.0,130000.0,0.0,0.0,EUR,,,False,False,0.0,False,FR0010923383,FAS_IND,False
EVT_000191,BA000073,RAP,Rachat partiel,VAL,2021-03-14,2021-03-14,-57000.0,-57000.0,0.0,6426.37,EUR,France,France,False,False,0.0,False,,,False
EVT_000192,BA000073,RAP,Rachat partiel,VAL,2021-08-10,2021-08-10,-57000.0,-57000.0,0.0,4866.19,EUR,France,France,False,False,0.0,False,,,False
EVT_000193,BA000074,OUV,Ouverture / Souscription,VAL,2025-11-06,2025-11-06,346000.0,346000.0,0.0,0.0,EUR,France,,False,False,0.0,False,,,False
EVT_000194,BA000075,OUV,Ouverture / Souscription,VAL,2023-01-04,2023-01-04,1527000.0,1527000.0,0.0,0.0,EUR,Finland,,False,False,0.0,False,,,False
EVT_000195,BA000075,VLC,Versement libre complémentaire,VAL,2026-09-25,2026-09-25,126000.0,126000.0,0.0,0.0,EUR,Finland,,False,False,0.0,False,,,False
EVT_000196,BA000075,VLC,Versement libre complémentaire,VAL,2025-09-02,2025-09-02,126000.0,126000.0,0.0,0.0,EUR,Finland,,False,False,0.0,False,,,False
EVT_000197,BA000075,RAP,Rachat partiel,VAL,2024-11-20,2024-11-20,-206000.0,-206000.0,0.0,5998.47,EUR,Finland,Finland,False,False,0.0,False,,,False
EVT_000198,BA000076,OUV,Ouverture / Souscription,VAL,2023-09-30,2023-09-30,1617000.0,1617000.0,0.0,0.0,EUR,Italy,,False,False,0.0,False,,,False
EVT_000199,BA000076,ARB,Arbitrage entre fonds,VAL,2026-05-06,2026-05-06,259000.0,259000.0,1295.0,0.0,EUR,,,False,False,0.0,False,XS2428662824,FAS_IND,False
EVT_000200,BA000076,ARB,Arbitrage entre fonds,VAL,2026-09-01,2026-09-01,170000.0,170000.0,850.0,0.0,EUR,,,False,False,0.0,False,LU0104884860,FAS_IND,False
EVT_000201,BA000076,ARB,Arbitrage entre fonds,VAL,2024-10-18,2024-10-18,83000.0,83000.0,415.0,0.0,EUR,,,False,False,0.0,False,LU0104884860,FAS_IND,False
EVT_000202,BA000076,RAP,Rachat partiel,VAL,2027-11-01,2027-11-01,-722000.0,-722000.0,0.0,62204.53,EUR,Italy,Italy,False,False,0.0,False,,,False
EVT_000203,BA000077,OUV,Ouverture / Souscription,VAL,2021-08-10,2021-08-10,1866000.0,1866000.0,0.0,0.0,EUR,Portugal,,False,False,0.0,False,,,False
EVT_000204,BA000077,VLC,Versement libre complémentaire,VAL,2025-11-16,2025-11-16,283000.0,283000.0,0.0,0.0,EUR,Portugal,,False,False,0.0,False,,,False
EVT_000205,BA000078,OUV,Ouverture / Souscription,VAL,2022-10-17,2022-10-17,1676000.0,1676000.0,0.0,0.0,EUR,Portugal,,False,False,0.0,False,,,False
EVT_000206,BA000079,OUV,Ouverture / Souscription,VAL,2023-10-10,2023-10-10,1999000.0,1999000.0,0.0,0.0,EUR,Portugal,,False,False,0.0,False,,,False
EVT_000207,BA000079,ARB,Arbitrage entre fonds,VAL,2025-12-20,2025-12-20,220000.0,220000.0,0.0,0.0,EUR,,,False,False,0.0,False,FR001400OJI4,FID_BNP,False
EVT_000208,BA000079,ARB,Arbitrage entre fonds,VAL,2024-05-13,2024-05-13,367000.0,367000.0,1835.0,0.0,EUR,,,False,False,0.0,False,FR001400OJI4,FID_BNP,False
EVT_000209,BA000080,OUV,Ouverture / Souscription,VAL,2020-07-24,2020-07-24,433000.0,433000.0,0.0,0.0,EUR,Portugal,,False,False,0.0,False,,,False
EVT_000210,BA000080,VLC,Versement libre complémentaire,VAL,2024-03-23,2024-03-23,98000.0,98000.0,0.0,0.0,EUR,Portugal,,False,False,0.0,False,,,False
EVT_000211,BA000080,RAP,Rachat partiel,VAL,2021-09-29,2021-09-29,-189000.0,-189000.0,0.0,19068.77,EUR,Portugal,Portugal,False,False,0.0,False,,,False
EVT_000212,BA000081,OUV,Ouverture / Souscription,VAL,2026-04-23,2026-04-23,250000.0,250000.0,0.0,0.0,EUR,France,,False,False,0.0,False,,,False
EVT_000213,BA000081,VLC,Versement libre complémentaire,VAL,2027-05-03,2027-05-03,19000.0,19000.0,0.0,0.0,EUR,France,,False,False,0.0,False,,,False
EVT_000214,BA000081,VLC,Versement libre complémentaire,VAL,2028-07-06,2028-07-06,19000.0,19000.0,0.0,0.0,EUR,France,,True,False,0.0,False,,,False
EVT_000215,BA000081,VLC,Versement libre complémentaire,VAL,2027-02-18,2027-02-18,19000.0,19000.0,0.0,0.0,EUR,France,,False,False,0.0,False,,,False
EVT_000216,BA000081,ARB,Arbitrage entre fonds,VAL,2028-08-16,2028-08-16,29000.0,29000.0,0.0,0.0,EUR,,,False,False,0.0,False,FR0010923383,FID_BNP,False
EVT_000217,BA000081,ARB,Arbitrage entre fonds,VAL,2027-03-30,2027-03-30,43000.0,43000.0,0.0,0.0,EUR,,,False,False,0.0,False,FID_BNP,FR0010923383,False
EVT_000218,BA000082,OUV,Ouverture / Souscription,VAL,2024-03-20,2024-03-20,250000.0,250000.0,0.0,0.0,EUR,France,,False,False,0.0,False,,,False
EVT_000219,BA000082,RAP,Rachat partiel,VAL,2027-12-26,2027-12-26,-66000.0,-66000.0,0.0,7674.21,EUR,France,France,False,False,0.0,False,,,False
EVT_000220,BA000083,OUV,Ouverture / Souscription,VAL,2024-06-15,2024-06-15,250000.0,250000.0,0.0,0.0,EUR,France,,False,False,0.0,False,,,False
EVT_000221,BA000084,OUV,Ouverture / Souscription,VAL,2018-09-01,2018-09-01,2104000.0,2104000.0,0.0,0.0,EUR,Portugal,,False,False,0.0,False,,,False
EVT_000222,BA000085,OUV,Ouverture / Souscription,VAL,2024-07-24,2024-07-24,250000.0,250000.0,0.0,0.0,EUR,France,,False,False,0.0,False,,,False
EVT_000223,BA000085,VLC,Versement libre complémentaire,VAL,2025-12-01,2025-12-01,8000.0,8000.0,0.0,0.0,EUR,France,,False,False,0.0,False,,,False
EVT_000224,BA000085,VLC,Versement libre complémentaire,VAL,2026-03-18,2026-03-18,8000.0,8000.0,0.0,0.0,EUR,France,,False,False,0.0,False,,,False
EVT_000225,BA000086,OUV,Ouverture / Souscription,VAL,2026-03-28,2026-03-28,395000.0,395000.0,0.0,0.0,EUR,France,,False,False,0.0,False,,,False
EVT_000226,BA000086,VLC,Versement libre complémentaire,VAL,2029-06-14,2029-06-14,39000.0,39000.0,0.0,0.0,EUR,France,,False,False,0.0,False,,,False
EVT_000227,BA000086,RAP,Rachat partiel,VAL,2031-07-29,2031-07-29,-138000.0,-138000.0,0.0,17057.5,EUR,France,France,False,False,0.0,False,,,False
EVT_000228,BA000087,OUV,Ouverture / Souscription,VAL,2024-01-24,2024-01-24,250000.0,250000.0,0.0,0.0,EUR,Belgium,,False,False,0.0,False,,,False
EVT_000229,BA000088,OUV,Ouverture / Souscription,VAL,2023-02-25,2023-02-25,250000.0,250000.0,0.0,0.0,EUR,Belgium,,False,False,0.0,False,,,False
EVT_000230,BA000089,OUV,Ouverture / Souscription,VAL,2023-03-23,2023-03-23,435000.0,435000.0,0.0,0.0,EUR,France,,False,False,0.0,False,,,False
EVT_000231,BA000089,VLC,Versement libre complémentaire,VAL,2028-05-02,2028-05-02,67000.0,67000.0,0.0,0.0,EUR,France,,False,False,0.0,False,,,False
EVT_000232,BA000090,OUV,Ouverture / Souscription,VAL,2021-11-10,2021-11-10,1582000.0,1582000.0,0.0,0.0,EUR,France,,False,False,0.0,False,,,False
EVT_000233,BA000090,RAP,Rachat partiel,VAL,2025-03-15,2025-03-15,-148000.0,-148000.0,0.0,11838.14,EUR,France,France,False,False,0.0,False,,,False
EVT_000234,BA000090,RAP,Rachat partiel,VAL,2026-02-03,2026-02-03,-148000.0,-148000.0,0.0,7642.78,EUR,France,France,False,False,0.0,False,,,False
EVT_000235,BA000090,RAP,Rachat partiel,VAL,2022-09-23,2022-09-23,-148000.0,-148000.0,0.0,19112.13,EUR,France,France,False,False,0.0,False,,,False
EVT_000236,BA000091,OUV,Ouverture / Souscription,VAL,2024-07-25,2024-07-25,1222000.0,1222000.0,0.0,0.0,EUR,France,,False,False,0.0,False,,,False
EVT_000237,BA000091,VLC,Versement libre complémentaire,VAL,2025-11-09,2025-11-09,298000.0,298000.0,0.0,0.0,EUR,France,,False,False,0.0,False,,,False
EVT_000238,BA000091,VLC,Versement libre complémentaire,VAL,2029-01-22,2029-01-22,298000.0,298000.0,0.0,0.0,EUR,France,,False,False,0.0,False,,,False
EVT_000239,BA000091,RAP,Rachat partiel,VAL,2028-12-10,2028-12-10,-234000.0,-234000.0,0.0,18660.75,EUR,France,France,False,False,0.0,False,,,False
EVT_000240,BA000091,RAP,Rachat partiel,VAL,2026-02-24,2026-02-24,-234000.0,-234000.0,0.0,4741.52,EUR,France,France,False,False,0.0,False,,,False
EVT_000241,BA000092,OUV,Ouverture / Souscription,VAL,2022-02-18,2022-02-18,2357000.0,2357000.0,0.0,0.0,EUR,Belgium,,False,False,0.0,False,,,False
EVT_000242,BA000092,RAP,Rachat partiel,VAL,2026-07-21,2026-07-21,-338000.0,-327860.0,10140.0,0.0,EUR,Belgium,Belgium,False,True,10140.0,False,,,False
EVT_000243,BA000092,RAP,Rachat partiel,VAL,2023-07-06,2023-07-06,-338000.0,-338000.0,0.0,48682.76,EUR,Belgium,Belgium,False,False,0.0,False,,,False
EVT_000244,BA000092,RAP,Rachat partiel,VAL,2024-04-09,2024-04-09,-338000.0,-338000.0,0.0,46322.69,EUR,Belgium,Belgium,False,False,0.0,False,,,False
EVT_000245,BA000093,OUV,Ouverture / Souscription,VAL,2021-08-17,2021-08-17,917000.0,917000.0,0.0,0.0,EUR,France,,False,False,0.0,False,,,False
EVT_000246,BA000094,OUV,Ouverture / Souscription,VAL,2023-08-14,2023-08-14,252000.0,252000.0,0.0,0.0,EUR,France,,False,False,0.0,False,,,False
EVT_000247,BA000094,VLC,Versement libre complémentaire,VAL,2024-02-11,2024-02-11,46000.0,46000.0,0.0,0.0,EUR,France,,False,False,0.0,False,,,False
EVT_000248,BA000094,RAP,Rachat partiel,VAL,2027-05-03,2027-05-03,-44000.0,-44000.0,0.0,5084.1,EUR,France,France,False,False,0.0,False,,,False
EVT_000249,BA000094,RAP,Rachat partiel,VAL,2026-07-28,2026-07-28,-44000.0,-44000.0,0.0,5120.17,EUR,France,France,False,False,0.0,False,,,False
EVT_000250,BA000095,OUV,Ouverture / Souscription,VAL,2021-12-03,2021-12-03,1817000.0,1817000.0,0.0,0.0,EUR,Belgium,,False,False,0.0,False,,,False
EVT_000251,BA000095,VLC,Versement libre complémentaire,VAL,2024-01-27,2024-01-27,116000.0,116000.0,0.0,0.0,EUR,Belgium,,False,False,0.0,False,,,False
EVT_000252,BA000095,VLC,Versement libre complémentaire,VAL,2026-04-27,2026-04-27,116000.0,116000.0,0.0,0.0,EUR,Belgium,,False,False,0.0,False,,,False
EVT_000253,BA000095,RAP,Rachat partiel,VAL,2025-10-27,2025-10-27,-706000.0,-706000.0,0.0,77223.72,EUR,Belgium,Belgium,False,False,0.0,False,,,False
EVT_000254,BA000096,OUV,Ouverture / Souscription,VAL,2026-03-16,2026-03-16,1199000.0,1199000.0,0.0,0.0,EUR,Belgium,,False,False,0.0,False,,,False
EVT_000255,BA000096,VLC,Versement libre complémentaire,VAL,2030-09-24,2030-09-24,242000.0,242000.0,0.0,0.0,EUR,Belgium,,False,False,0.0,False,,,False
EVT_000256,BA000096,RAP,Rachat partiel,VAL,2027-08-21,2027-08-21,-49000.0,-49000.0,0.0,3772.63,EUR,Belgium,Belgium,False,False,0.0,False,,,False
EVT_000257,BA000096,RAP,Rachat partiel,VAL,2028-08-24,2028-08-24,-49000.0,-49000.0,0.0,7036.31,EUR,Belgium,Belgium,False,False,0.0,False,,,False
EVT_000258,BA000096,RAP,Rachat partiel,VAL,2027-12-31,2027-12-31,-49000.0,-49000.0,0.0,3009.27,EUR,Belgium,Belgium,False,False,0.0,False,,,False
EVT_000259,BA000097,OUV,Ouverture / Souscription,VAL,2019-04-06,2019-04-06,527000.0,527000.0,0.0,0.0,EUR,Belgium,,False,False,0.0,False,,,False
EVT_000260,BA000097,VLC,Versement libre complémentaire,VAL,2020-06-17,2020-06-17,120000.0,120000.0,0.0,0.0,EUR,Belgium,,False,False,0.0,False,,,False
EVT_000261,BA000097,VLC,Versement libre complémentaire,VAL,2020-01-21,2020-01-21,120000.0,120000.0,0.0,0.0,EUR,Belgium,,False,False,0.0,False,,,False
EVT_000262,BA000098,OUV,Ouverture / Souscription,VAL,2023-07-09,2023-07-09,856000.0,856000.0,0.0,0.0,EUR,Luxembourg,,False,False,0.0,False,,,False
EVT_000263,BA000099,OUV,Ouverture / Souscription,VAL,2021-10-05,2021-10-05,1250000.0,1250000.0,0.0,0.0,EUR,Luxembourg,,False,False,0.0,False,,,False
EVT_000264,BA000100,OUV,Ouverture / Souscription,VAL,2023-12-10,2023-12-10,459000.0,459000.0,0.0,0.0,EUR,Monaco,,False,False,0.0,False,,,False
EVT_000265,BA000101,OUV,Ouverture / Souscription,VAL,2020-10-02,2020-10-02,947000.0,947000.0,0.0,0.0,EUR,France,,False,False,0.0,False,,,False
EVT_000266,BA000101,VLC,Versement libre complémentaire,VAL,2021-05-13,2021-05-13,198000.0,198000.0,0.0,0.0,EUR,France,,False,False,0.0,False,,,False
EVT_000267,BA000102,OUV,Ouverture / Souscription,VAL,2020-03-16,2020-03-16,654000.0,654000.0,0.0,0.0,EUR,France,,False,False,0.0,False,,,False
EVT_000268,BA000102,VLC,Versement libre complémentaire,VAL,2022-08-31,2022-08-31,72000.0,72000.0,0.0,0.0,EUR,France,,False,False,0.0,False,,,False
EVT_000269,BA000102,VLC,Versement libre complémentaire,VAL,2025-04-04,2025-04-04,72000.0,72000.0,0.0,0.0,EUR,France,,False,False,0.0,False,,,False
EVT_000270,BA000103,OUV,Ouverture / Souscription,VAL,2022-06-17,2022-06-17,841000.0,841000.0,0.0,0.0,EUR,Finland,,False,False,0.0,False,,,False
EVT_000271,BA000103,VLC,Versement libre complémentaire,VAL,2026-06-13,2026-06-13,342000.0,342000.0,0.0,0.0,EUR,Finland,,False,False,0.0,False,,,False
EVT_000272,BA000104,OUV,Ouverture / Souscription,VAL,2020-10-18,2020-10-18,376000.0,376000.0,0.0,0.0,EUR,Belgium,,False,False,0.0,False,,,False
EVT_000273,BA000104,VLC,Versement libre complémentaire,VAL,2022-01-17,2022-01-17,60000.0,60000.0,0.0,0.0,EUR,Belgium,,False,False,0.0,False,,,False
EVT_000274,BA000105,OUV,Ouverture / Souscription,VAL,2023-11-04,2023-11-04,2804000.0,2804000.0,0.0,0.0,EUR,France,,False,False,0.0,False,,,False
EVT_000275,BA000105,ARB,Arbitrage entre fonds,VAL,2026-07-05,2026-07-05,554000.0,554000.0,0.0,0.0,EUR,,,False,False,0.0,False,FR001400OJI4,FR0010392225,False
EVT_000276,BA000105,ARB,Arbitrage entre fonds,VAL,2025-09-10,2025-09-10,457000.0,457000.0,0.0,0.0,EUR,,,False,False,0.0,False,FR0010392225,FID_BNP,False
EVT_000277,BA000106,OUV,Ouverture / Souscription,VAL,2021-01-07,2021-01-07,2743000.0,2743000.0,0.0,0.0,EUR,France,,False,False,0.0,False,,,False
EVT_000278,BA000106,VLC,Versement libre complémentaire,VAL,2025-03-02,2025-03-02,1214000.0,1214000.0,0.0,0.0,EUR,France,,False,False,0.0,False,,,False
EVT_000279,BA000107,OUV,Ouverture / Souscription,VAL,2025-09-14,2025-09-14,250000.0,250000.0,0.0,0.0,EUR,France,,False,False,0.0,False,,,False
EVT_000280,BA000107,VLC,Versement libre complémentaire,VAL,2027-10-02,2027-10-02,19000.0,19000.0,0.0,0.0,EUR,France,,False,False,0.0,False,,,False
EVT_000281,BA000107,VLC,Versement libre complémentaire,VAL,2027-06-14,2027-06-14,19000.0,19000.0,0.0,0.0,EUR,France,,False,False,0.0,False,,,False
EVT_000282,BA000107,VLC,Versement libre complémentaire,VAL,2029-01-01,2029-01-01,19000.0,19000.0,0.0,0.0,EUR,France,,False,False,0.0,False,,,False
EVT_000283,BA000108,OUV,Ouverture / Souscription,VAL,2025-10-16,2025-10-16,866000.0,866000.0,0.0,0.0,EUR,Italy,,False,False,0.0,False,,,False
EVT_000284,BA000109,OUV,Ouverture / Souscription,VAL,2025-06-28,2025-06-28,1380000.0,1380000.0,0.0,0.0,EUR,Italy,,False,False,0.0,False,,,False
EVT_000285,BA000109,RAP,Rachat partiel,VAL,2027-04-30,2027-04-30,-118000.0,-118000.0,0.0,10325.97,EUR,Italy,Italy,False,False,0.0,False,,,False
EVT_000286,BA000109,RAP,Rachat partiel,VAL,2028-07-09,2028-07-09,-118000.0,-118000.0,0.0,4135.52,EUR,Italy,Italy,False,False,0.0,False,,,False
EVT_000287,BA000110,OUV,Ouverture / Souscription,VAL,2024-01-11,2024-01-11,919000.0,919000.0,0.0,0.0,EUR,France,,False,False,0.0,False,,,False
EVT_000288,BA000110,VLC,Versement libre complémentaire,VAL,2028-10-06,2028-10-06,113000.0,113000.0,0.0,0.0,EUR,France,,False,False,0.0,False,,,False
EVT_000289,BA000110,VLC,Versement libre complémentaire,VAL,2028-03-08,2028-03-08,113000.0,113000.0,0.0,0.0,EUR,France,,False,False,0.0,False,,,False
EVT_000290,BA000111,OUV,Ouverture / Souscription,VAL,2024-03-29,2024-03-29,1026000.0,1026000.0,0.0,0.0,EUR,France,,False,False,0.0,False,,,False
EVT_000291,BA000111,VLC,Versement libre complémentaire,VAL,2026-10-27,2026-10-27,342000.0,342000.0,0.0,0.0,EUR,France,,False,False,0.0,False,,,False
EVT_000292,BA000111,ARB,Arbitrage entre fonds,VAL,2026-12-16,2026-12-16,393000.0,393000.0,0.0,0.0,EUR,,,False,False,0.0,False,FID_UBS,XS2428662824,False
EVT_000293,BA000112,OUV,Ouverture / Souscription,VAL,2021-07-25,2021-07-25,356000.0,356000.0,0.0,0.0,EUR,France,,True,False,0.0,False,,,False
EVT_000294,BA000112,VLC,Versement libre complémentaire,VAL,2022-12-07,2022-12-07,33000.0,33000.0,0.0,0.0,EUR,France,,False,False,0.0,False,,,False
EVT_000295,BA000112,VLC,Versement libre complémentaire,VAL,2024-02-24,2024-02-24,33000.0,33000.0,0.0,0.0,EUR,France,,False,False,0.0,False,,,False
EVT_000296,BA000112,VLC,Versement libre complémentaire,VAL,2024-04-16,2024-04-16,33000.0,33000.0,0.0,0.0,EUR,France,,False,False,0.0,False,,,False
EVT_000297,BA000113,OUV,Ouverture / Souscription,VAL,2025-06-17,2025-06-17,274000.0,274000.0,0.0,0.0,EUR,Germany,,False,False,0.0,False,,,False
EVT_000298,BA000113,VLC,Versement libre complémentaire,VAL,2030-04-13,2030-04-13,45000.0,45000.0,0.0,0.0,EUR,Germany,,False,False,0.0,False,,,False
EVT_000299,BA000114,OUV,Ouverture / Souscription,VAL,2021-04-03,2021-04-03,250000.0,250000.0,0.0,0.0,EUR,Italy,,False,False,0.0,False,,,False
EVT_000300,BA000114,VLC,Versement libre complémentaire,VAL,2025-08-30,2025-08-30,19000.0,19000.0,0.0,0.0,EUR,Italy,,False,False,0.0,False,,,False
EVT_000301,BA000114,VLC,Versement libre complémentaire,VAL,2024-03-06,2024-03-06,19000.0,19000.0,0.0,0.0,EUR,Italy,,False,False,0.0,False,,,False
EVT_000302,BA000115,OUV,Ouverture / Souscription,VAL,2020-11-18,2020-11-18,250000.0,250000.0,0.0,0.0,EUR,Italy,,False,False,0.0,False,,,False
EVT_000303,BA000115,VLC,Versement libre complémentaire,VAL,2023-08-08,2023-08-08,49000.0,49000.0,0.0,0.0,EUR,Italy,,False,False,0.0,False,,,False
EVT_000304,BA000115,RAP,Rachat partiel,VAL,2023-10-16,2023-10-16,-76000.0,-73720.0,2280.0,0.0,EUR,Italy,Italy,False,True,2280.0,False,,,False
EVT_000305,BA000116,OUV,Ouverture / Souscription,VAL,2022-11-03,2022-11-03,691000.0,691000.0,0.0,0.0,EUR,Sweden,,False,False,0.0,False,,,False
EVT_000306,BA000117,OUV,Ouverture / Souscription,VAL,2022-10-01,2022-10-01,657000.0,657000.0,0.0,0.0,EUR,Sweden,,False,False,0.0,False,,,False
EVT_000307,BA000117,VLC,Versement libre complémentaire,VAL,2027-09-24,2027-09-24,44000.0,44000.0,0.0,0.0,EUR,Sweden,,False,False,0.0,False,,,False
EVT_000308,BA000118,OUV,Ouverture / Souscription,VAL,2025-12-30,2025-12-30,260000.0,260000.0,0.0,0.0,EUR,Sweden,,False,False,0.0,False,,,False
EVT_000309,BA000118,RAP,Rachat partiel,VAL,2028-07-10,2028-07-10,-108000.0,-108000.0,0.0,10373.82,EUR,Sweden,Sweden,False,False,0.0,False,,,False
EVT_000310,BA000119,OUV,Ouverture / Souscription,VAL,2025-01-24,2025-01-24,1999000.0,1999000.0,0.0,0.0,EUR,Italy,,False,False,0.0,False,,,False
EVT_000311,BA000119,VLC,Versement libre complémentaire,VAL,2026-10-12,2026-10-12,834000.0,834000.0,0.0,0.0,EUR,Italy,,False,False,0.0,False,,,False
EVT_000312,BA000119,RAP,Rachat partiel,VAL,2028-02-08,2028-02-08,-90000.0,-90000.0,0.0,4925.28,EUR,Italy,Italy,False,False,0.0,False,,,False
EVT_000313,BA000119,RAP,Rachat partiel,VAL,2030-01-31,2030-01-31,-90000.0,-90000.0,0.0,8000.54,EUR,Italy,Italy,True,False,0.0,False,,,False
EVT_000314,BA000119,RAP,Rachat partiel,VAL,2025-12-05,2025-12-05,-90000.0,-90000.0,0.0,7562.4,EUR,Italy,Italy,False,False,0.0,False,,,False
EVT_000315,BA000120,OUV,Ouverture / Souscription,VAL,2019-04-08,2019-04-08,250000.0,250000.0,0.0,0.0,EUR,Belgium,,False,False,0.0,False,,,False
EVT_000316,BA000121,OUV,Ouverture / Souscription,VAL,2026-01-22,2026-01-22,591000.0,591000.0,0.0,0.0,EUR,France,,False,False,0.0,False,,,False
EVT_000317,BA000121,VLC,Versement libre complémentaire,VAL,2028-02-08,2028-02-08,37000.0,37000.0,0.0,0.0,EUR,France,,False,False,0.0,False,,,False
EVT_000318,BA000121,ARB,Arbitrage entre fonds,VAL,2028-09-21,2028-09-21,69000.0,69000.0,345.0,0.0,EUR,,,False,False,0.0,False,FR001400OJI4,XS2428662824,False
EVT_000319,BA000121,RAP,Rachat partiel,VAL,2030-12-26,2030-12-26,-39000.0,-39000.0,0.0,5235.24,EUR,France,France,False,False,0.0,False,,,False
EVT_000320,BA000121,RAP,Rachat partiel,VAL,2030-09-16,2030-09-16,-39000.0,-39000.0,0.0,1260.54,EUR,France,France,False,False,0.0,False,,,False
EVT_000321,BA000122,OUV,Ouverture / Souscription,VAL,2021-04-20,2021-04-20,556000.0,556000.0,0.0,0.0,EUR,Finland,,False,False,0.0,False,,,False
EVT_000322,BA000123,OUV,Ouverture / Souscription,VAL,2021-10-13,2021-10-13,733000.0,733000.0,0.0,0.0,EUR,Finland,,False,False,0.0,False,,,False
EVT_000323,BA000124,OUV,Ouverture / Souscription,VAL,2023-04-07,2023-04-07,250000.0,250000.0,0.0,0.0,EUR,France,,False,False,0.0,False,,,False
EVT_000324,BA000125,OUV,Ouverture / Souscription,VAL,2019-06-14,2019-06-14,250000.0,250000.0,0.0,0.0,EUR,France,,False,False,0.0,False,,,False
EVT_000325,BA000126,OUV,Ouverture / Souscription,VAL,2024-08-05,2024-08-05,1252000.0,1252000.0,0.0,0.0,EUR,France,,False,False,0.0,False,,,False
EVT_000326,BA000126,VLC,Versement libre complémentaire,VAL,2028-06-16,2028-06-16,40000.0,40000.0,0.0,0.0,EUR,France,,False,False,0.0,False,,,False
EVT_000327,BA000126,VLC,Versement libre complémentaire,VAL,2028-10-11,2028-10-11,40000.0,40000.0,0.0,0.0,EUR,France,,False,False,0.0,False,,,False
EVT_000328,BA000126,RAP,Rachat partiel,VAL,2026-10-12,2026-10-12,-98000.0,-98000.0,0.0,11697.3,EUR,France,France,False,False,0.0,False,,,False
EVT_000329,BA000126,RAP,Rachat partiel,VAL,2029-03-01,2029-03-01,-98000.0,-98000.0,0.0,13192.93,EUR,France,France,False,False,0.0,False,,,False
EVT_000330,BA000127,OUV,Ouverture / Souscription,VAL,2021-04-28,2021-04-28,250000.0,250000.0,0.0,0.0,EUR,France,,False,False,0.0,False,,,False
EVT_000331,BA000127,VLC,Versement libre complémentaire,VAL,2024-07-19,2024-07-19,31000.0,31000.0,0.0,0.0,EUR,France,,False,False,0.0,False,,,False
EVT_000332,BA000128,OUV,Ouverture / Souscription,VAL,2018-10-26,2018-10-26,1486000.0,1486000.0,0.0,0.0,EUR,France,,False,False,0.0,False,,,False
EVT_000333,BA000128,VLC,Versement libre complémentaire,VAL,2019-05-23,2019-05-23,346000.0,346000.0,0.0,0.0,EUR,France,,False,False,0.0,False,,,False
EVT_000334,BA000128,ARB,Arbitrage entre fonds,VAL,2022-05-21,2022-05-21,427000.0,427000.0,0.0,0.0,EUR,,,False,False,0.0,False,FID_UBS,XS2428662824,False
EVT_000335,BA000129,OUV,Ouverture / Souscription,VAL,2018-08-28,2018-08-28,337000.0,337000.0,0.0,0.0,EUR,France,,False,False,0.0,False,,,False
EVT_000336,BA000129,VLC,Versement libre complémentaire,VAL,2020-08-25,2020-08-25,26000.0,26000.0,0.0,0.0,EUR,France,,True,False,0.0,False,,,False
EVT_000337,BA000129,ARB,Arbitrage entre fonds,VAL,2019-01-16,2019-01-16,63000.0,63000.0,0.0,0.0,EUR,,,False,False,0.0,False,LU0255977539,FID_BNP,False
EVT_000338,BA000129,ARB,Arbitrage entre fonds,VAL,2019-03-04,2019-03-04,99000.0,99000.0,0.0,0.0,EUR,,,False,False,0.0,False,LU0255977539,LU0104884860,False
EVT_000339,BA000130,OUV,Ouverture / Souscription,VAL,2025-03-17,2025-03-17,724000.0,724000.0,0.0,0.0,EUR,Belgium,,False,False,0.0,False,,,False
EVT_000340,BA000131,OUV,Ouverture / Souscription,VAL,2025-07-10,2025-07-10,660000.0,660000.0,0.0,0.0,EUR,Belgium,,False,False,0.0,False,,,False
EVT_000341,BA000131,RAP,Rachat partiel,VAL,2030-07-23,2030-07-23,-256000.0,-256000.0,0.0,24765.15,EUR,Belgium,Belgium,False,False,0.0,False,,,False
EVT_000342,BA000132,OUV,Ouverture / Souscription,VAL,2019-07-02,2019-07-02,291000.0,291000.0,0.0,0.0,EUR,Belgium,,False,False,0.0,False,,,False
EVT_000343,BA000132,VLC,Versement libre complémentaire,VAL,2020-05-17,2020-05-17,8000.0,8000.0,0.0,0.0,EUR,Belgium,,False,False,0.0,False,,,False
EVT_000344,BA000132,VLC,Versement libre complémentaire,VAL,2023-12-04,2023-12-04,8000.0,8000.0,0.0,0.0,EUR,Belgium,,False,False,0.0,False,,,False
EVT_000345,BA000132,RAP,Rachat partiel,VAL,2020-02-12,2020-02-12,-40000.0,-40000.0,0.0,5796.17,EUR,Belgium,Belgium,False,False,0.0,False,,,False
EVT_000346,BA000133,OUV,Ouverture / Souscription,VAL,2024-11-25,2024-11-25,250000.0,250000.0,0.0,0.0,EUR,France,,False,False,0.0,False,,,False
EVT_000347,BA000134,OUV,Ouverture / Souscription,VAL,2026-05-22,2026-05-22,250000.0,250000.0,0.0,0.0,EUR,France,,False,False,0.0,False,,,False
EVT_000348,BA000135,OUV,Ouverture / Souscription,VAL,2023-03-01,2023-03-01,250000.0,250000.0,0.0,0.0,EUR,France,,False,False,0.0,False,,,False
EVT_000349,BA000136,OUV,Ouverture / Souscription,VAL,2025-12-05,2025-12-05,644000.0,644000.0,0.0,0.0,EUR,Sweden,,False,False,0.0,False,,,False
EVT_000350,BA000137,OUV,Ouverture / Souscription,VAL,2023-08-16,2023-08-16,302000.0,302000.0,0.0,0.0,EUR,France,,False,False,0.0,False,,,False
EVT_000351,BA000137,ARB,Arbitrage entre fonds,VAL,2027-09-17,2027-09-17,64000.0,64000.0,320.0,0.0,EUR,,,False,False,0.0,False,FR001400OJI4,FID_UBS,False
EVT_000352,BA000138,OUV,Ouverture / Souscription,VAL,2024-06-16,2024-06-16,429000.0,429000.0,0.0,0.0,EUR,France,,False,False,0.0,False,,,False
EVT_000353,BA000138,VLC,Versement libre complémentaire,VAL,2028-06-08,2028-06-08,100000.0,100000.0,0.0,0.0,EUR,France,,False,False,0.0,False,,,False
EVT_000354,BA000138,VLC,Versement libre complémentaire,VAL,2028-02-02,2028-02-02,100000.0,100000.0,0.0,0.0,EUR,France,,False,False,0.0,False,,,False
EVT_000355,BA000138,ARB,Arbitrage entre fonds,VAL,2026-07-03,2026-07-03,73000.0,73000.0,0.0,0.0,EUR,,,False,False,0.0,False,XS2428662824,LU0255977539,False
EVT_000356,BA000138,ARB,Arbitrage entre fonds,VAL,2025-07-15,2025-07-15,53000.0,53000.0,0.0,0.0,EUR,,,False,False,0.0,False,XS2428662824,LU0255977539,False
EVT_000357,BA000138,RAP,Rachat partiel,VAL,2027-05-18,2027-05-18,-134000.0,-134000.0,0.0,19553.33,EUR,France,France,False,False,0.0,False,,,False
EVT_000358,BA000139,OUV,Ouverture / Souscription,VAL,2026-04-05,2026-04-05,250000.0,250000.0,0.0,0.0,EUR,France,,False,False,0.0,False,,,False
EVT_000359,BA000139,RAP,Rachat partiel,VAL,2031-01-03,2031-01-03,-19000.0,-19000.0,0.0,1255.42,EUR,France,France,False,False,0.0,False,,,False
EVT_000360,BA000139,RAP,Rachat partiel,VAL,2029-08-16,2029-08-16,-19000.0,-19000.0,0.0,901.37,EUR,France,France,False,False,0.0,False,,,False
EVT_000361,BA000140,OUV,Ouverture / Souscription,VAL,2021-11-08,2021-11-08,675000.0,675000.0,0.0,0.0,EUR,Finland,,False,False,0.0,False,,,False
EVT_000362,BA000140,ARB,Arbitrage entre fonds,VAL,2023-06-02,2023-06-02,94000.0,94000.0,470.0,0.0,EUR,,,False,False,0.0,False,LU0255977539,XS2428662824,False
EVT_000363,BA000141,OUV,Ouverture / Souscription,VAL,2022-08-17,2022-08-17,431000.0,431000.0,0.0,0.0,EUR,Belgium,,False,False,0.0,False,,,False
EVT_000364,BA000141,ARB,Arbitrage entre fonds,VAL,2026-01-12,2026-01-12,118000.0,118000.0,590.0,0.0,EUR,,,False,False,0.0,False,LU0104884860,FID_UBS,False
EVT_000365,BA000142,OUV,Ouverture / Souscription,VAL,2022-09-03,2022-09-03,679000.0,679000.0,0.0,0.0,EUR,Belgium,,False,False,0.0,False,,,False
EVT_000366,BA000143,OUV,Ouverture / Souscription,VAL,2024-09-02,2024-09-02,250000.0,250000.0,0.0,0.0,EUR,France,,False,False,0.0,False,,,False
EVT_000367,BA000143,VLC,Versement libre complémentaire,VAL,2025-12-28,2025-12-28,85000.0,85000.0,0.0,0.0,EUR,France,,False,False,0.0,False,,,False
EVT_000368,BA000143,RAP,Rachat partiel,VAL,2028-04-05,2028-04-05,-35000.0,-35000.0,0.0,2454.24,EUR,France,France,False,False,0.0,False,,,False
EVT_000369,BA000143,RAP,Rachat partiel,VAL,2026-03-17,2026-03-17,-35000.0,-35000.0,0.0,4761.33,EUR,France,France,False,False,0.0,False,,,False
EVT_000370,BA000143,RAP,Rachat partiel,VAL,2028-05-08,2028-05-08,-35000.0,-35000.0,0.0,4521.01,EUR,France,France,False,False,0.0,False,,,False
EVT_000371,BA000144,OUV,Ouverture / Souscription,VAL,2024-05-16,2024-05-16,250000.0,250000.0,0.0,0.0,EUR,France,,False,False,0.0,False,,,False
EVT_000372,BA000144,ARB,Arbitrage entre fonds,VAL,2027-06-12,2027-06-12,88000.0,88000.0,440.0,0.0,EUR,,,False,False,0.0,False,LU0255977539,FR0010392225,False
EVT_000373,BA000145,OUV,Ouverture / Souscription,VAL,2021-04-30,2021-04-30,250000.0,250000.0,0.0,0.0,EUR,France,,False,False,0.0,False,,,False
EVT_000374,BA000145,VLC,Versement libre complémentaire,VAL,2022-01-09,2022-01-09,54000.0,54000.0,0.0,0.0,EUR,France,,False,False,0.0,False,,,False
EVT_000375,BA000145,VLC,Versement libre complémentaire,VAL,2023-11-21,2023-11-21,54000.0,54000.0,0.0,0.0,EUR,France,,False,False,0.0,False,,,False
EVT_000376,BA000145,RAP,Rachat partiel,VAL,2023-05-21,2023-05-21,-30000.0,-30000.0,0.0,3233.78,EUR,France,France,False,False,0.0,False,,,False
EVT_000377,BA000145,RAP,Rachat partiel,VAL,2024-10-17,2024-10-17,-30000.0,-30000.0,0.0,2728.33,EUR,France,France,False,False,0.0,False,,,False
EVT_000378,BA000146,OUV,Ouverture / Souscription,VAL,2023-07-03,2023-07-03,301000.0,301000.0,0.0,0.0,EUR,France,,False,False,0.0,False,,,False
EVT_000379,BA000146,ARB,Arbitrage entre fonds,VAL,2025-11-02,2025-11-02,36000.0,36000.0,0.0,0.0,EUR,,,False,False,0.0,False,FR001400OJI4,FAS_ROT,False
EVT_000380,BA000147,OUV,Ouverture / Souscription,VAL,2023-04-03,2023-04-03,250000.0,250000.0,0.0,0.0,EUR,France,,False,False,0.0,False,,,False
EVT_000381,BA000147,VLC,Versement libre complémentaire,VAL,2026-04-25,2026-04-25,42000.0,42000.0,0.0,0.0,EUR,France,,False,False,0.0,False,,,False
EVT_000382,BA000147,VLC,Versement libre complémentaire,VAL,2024-08-29,2024-08-29,42000.0,42000.0,0.0,0.0,EUR,France,,False,False,0.0,False,,,False
EVT_000383,BA000148,OUV,Ouverture / Souscription,VAL,2023-06-20,2023-06-20,714000.0,714000.0,0.0,0.0,EUR,France,,False,False,0.0,False,,,False
EVT_000384,BA000148,ARB,Arbitrage entre fonds,VAL,2026-05-07,2026-05-07,232000.0,232000.0,1160.0,0.0,EUR,,,False,False,0.0,False,FR001400OJI4,FID_UBS,False
EVT_000385,BA000148,ARB,Arbitrage entre fonds,VAL,2024-11-12,2024-11-12,175000.0,175000.0,875.0,0.0,EUR,,,False,False,0.0,False,FR001400OJI4,FID_UBS,False
EVT_000386,BA000149,OUV,Ouverture / Souscription,VAL,2026-05-05,2026-05-05,250000.0,250000.0,0.0,0.0,EUR,France,,False,False,0.0,False,,,False
EVT_000387,BA000149,VLC,Versement libre complémentaire,VAL,2027-01-07,2027-01-07,25000.0,25000.0,0.0,0.0,EUR,France,,False,False,0.0,False,,,False
EVT_000388,BA000149,VLC,Versement libre complémentaire,VAL,2031-03-24,2031-03-24,25000.0,25000.0,0.0,0.0,EUR,France,,False,False,0.0,False,,,False
EVT_000389,BA000150,OUV,Ouverture / Souscription,VAL,2023-08-29,2023-08-29,250000.0,250000.0,0.0,0.0,EUR,Portugal,,False,False,0.0,False,,,False
EVT_000390,BA000150,VLC,Versement libre complémentaire,VAL,2024-08-23,2024-08-23,26000.0,26000.0,0.0,0.0,EUR,Portugal,,False,False,0.0,False,,,False
EVT_000391,BA000151,OUV,Ouverture / Souscription,VAL,2022-05-27,2022-05-27,567000.0,567000.0,0.0,0.0,EUR,Sweden,,False,False,0.0,False,,,False
EVT_000392,BA000151,ARB,Arbitrage entre fonds,VAL,2024-04-22,2024-04-22,66000.0,66000.0,330.0,0.0,EUR,,,False,False,0.0,False,FR0010392225,FAS_ROT,False
EVT_000393,BA000152,OUV,Ouverture / Souscription,VAL,2020-05-06,2020-05-06,250000.0,250000.0,0.0,0.0,EUR,Belgium,,False,False,0.0,False,,,False
EVT_000394,BA000152,RAP,Rachat partiel,VAL,2023-05-22,2023-05-22,-94000.0,-94000.0,0.0,6337.3,EUR,Belgium,Belgium,False,False,0.0,False,,,False
EVT_000395,BA000153,OUV,Ouverture / Souscription,VAL,2024-03-24,2024-03-24,250000.0,250000.0,0.0,0.0,EUR,Belgium,,False,False,0.0,False,,,False
EVT_000396,BA000154,OUV,Ouverture / Souscription,VAL,2020-12-05,2020-12-05,250000.0,250000.0,0.0,0.0,EUR,Luxembourg,,False,False,0.0,False,,,False
EVT_000397,BA000154,VLC,Versement libre complémentaire,VAL,2024-11-26,2024-11-26,16000.0,16000.0,0.0,0.0,EUR,Luxembourg,,False,False,0.0,False,,,False
EVT_000398,BA000154,VLC,Versement libre complémentaire,VAL,2025-08-02,2025-08-02,16000.0,16000.0,0.0,0.0,EUR,Luxembourg,,False,False,0.0,False,,,False
EVT_000399,BA000155,OUV,Ouverture / Souscription,VAL,2019-10-07,2019-10-07,250000.0,250000.0,0.0,0.0,EUR,France,,False,False,0.0,False,,,False
EVT_000400,BA000155,RAP,Rachat partiel,VAL,2023-03-22,2023-03-22,-38000.0,-38000.0,0.0,4035.12,EUR,France,France,False,False,0.0,False,,,False
EVT_000401,BA000156,OUV,Ouverture / Souscription,VAL,2024-09-26,2024-09-26,250000.0,250000.0,0.0,0.0,EUR,Belgium,,False,False,0.0,False,,,False
EVT_000402,BA000156,VLC,Versement libre complémentaire,VAL,2025-07-05,2025-07-05,60000.0,60000.0,0.0,0.0,EUR,Belgium,,False,False,0.0,False,,,False
EVT_000403,BA000157,OUV,Ouverture / Souscription,VAL,2024-12-28,2024-12-28,250000.0,250000.0,0.0,0.0,EUR,France,,False,False,0.0,False,,,False
EVT_000404,BA000158,OUV,Ouverture / Souscription,VAL,2024-02-15,2024-02-15,250000.0,250000.0,0.0,0.0,EUR,France,,False,False,0.0,False,,,False
EVT_000405,BA000158,VLC,Versement libre complémentaire,VAL,2028-03-27,2028-03-27,60000.0,60000.0,0.0,0.0,EUR,France,,False,False,0.0,False,,,False
EVT_000406,BA000159,OUV,Ouverture / Souscription,VAL,2024-06-25,2024-06-25,709000.0,709000.0,0.0,0.0,EUR,France,,False,False,0.0,False,,,False
EVT_000407,BA000160,OUV,Ouverture / Souscription,VAL,2024-07-05,2024-07-05,250000.0,250000.0,0.0,0.0,EUR,Belgium,,False,False,0.0,False,,,False
EVT_000408,BA000160,RAP,Rachat partiel,VAL,2025-01-04,2025-01-04,-49000.0,-49000.0,0.0,4224.22,EUR,Belgium,Belgium,False,False,0.0,False,,,False
EVT_000409,BA000161,OUV,Ouverture / Souscription,VAL,2024-06-26,2024-06-26,1587000.0,1587000.0,0.0,0.0,EUR,France,,False,False,0.0,False,,,False
EVT_000410,BA000161,RAP,Rachat partiel,VAL,2027-03-10,2027-03-10,-325000.0,-315250.0,9750.0,0.0,EUR,France,France,False,True,9750.0,False,,,False
EVT_000411,BA000162,OUV,Ouverture / Souscription,VAL,2023-04-06,2023-04-06,912000.0,912000.0,0.0,0.0,EUR,Belgium,,False,False,0.0,False,,,False
EVT_000412,BA000163,OUV,Ouverture / Souscription,VAL,2019-09-26,2019-09-26,800000.0,800000.0,0.0,0.0,EUR,Belgium,,False,False,0.0,False,,,False
EVT_000413,BA000163,RAP,Rachat partiel,VAL,2021-06-21,2021-06-21,-155000.0,-155000.0,0.0,21903.88,EUR,Belgium,Belgium,False,False,0.0,False,,,False
EVT_000414,BA000164,OUV,Ouverture / Souscription,VAL,2020-01-25,2020-01-25,652000.0,652000.0,0.0,0.0,EUR,Italy,,False,False,0.0,False,,,False
EVT_000415,BA000164,VLC,Versement libre complémentaire,VAL,2023-11-16,2023-11-16,219000.0,219000.0,0.0,0.0,EUR,Italy,,False,False,0.0,False,,,False
EVT_000416,BA000164,RAP,Rachat partiel,VAL,2021-04-23,2021-04-23,-131000.0,-131000.0,0.0,8752.22,EUR,Italy,Italy,False,False,0.0,False,,,False
EVT_000417,BA000165,OUV,Ouverture / Souscription,VAL,2026-03-19,2026-03-19,250000.0,250000.0,0.0,0.0,EUR,Belgium,,False,False,0.0,False,,,False
EVT_000418,BA000165,VLC,Versement libre complémentaire,VAL,2029-04-05,2029-04-05,76000.0,76000.0,0.0,0.0,EUR,Belgium,,False,False,0.0,False,,,False
EVT_000419,BA000165,VLC,Versement libre complémentaire,VAL,2028-09-25,2028-09-25,76000.0,76000.0,0.0,0.0,EUR,Belgium,,False,False,0.0,False,,,False
EVT_000420,BA000165,ARB,Arbitrage entre fonds,VAL,2027-01-21,2027-01-21,48000.0,48000.0,240.0,0.0,EUR,,,False,False,0.0,False,XS2428662824,LU0255977539,False
EVT_000421,BA000166,OUV,Ouverture / Souscription,VAL,2021-09-19,2021-09-19,250000.0,250000.0,0.0,0.0,EUR,France,,False,False,0.0,False,,,False
EVT_000422,BA000167,OUV,Ouverture / Souscription,VAL,2021-12-05,2021-12-05,931000.0,931000.0,0.0,0.0,EUR,Sweden,,False,False,0.0,False,,,False
EVT_000423,BA000167,VLC,Versement libre complémentaire,VAL,2026-05-29,2026-05-29,107000.0,107000.0,0.0,0.0,EUR,Sweden,,False,False,0.0,False,,,False
EVT_000424,BA000168,OUV,Ouverture / Souscription,VAL,2019-04-30,2019-04-30,250000.0,250000.0,0.0,0.0,EUR,Norway,,False,False,0.0,False,,,False
EVT_000425,BA000169,OUV,Ouverture / Souscription,VAL,2018-12-05,2018-12-05,250000.0,250000.0,0.0,0.0,EUR,Norway,,False,False,0.0,False,,,False
EVT_000426,BA000170,OUV,Ouverture / Souscription,VAL,2023-02-13,2023-02-13,1799000.0,1799000.0,0.0,0.0,EUR,Italy,,False,False,0.0,False,,,False
EVT_000427,BA000170,RAP,Rachat partiel,VAL,2028-04-11,2028-04-11,-548000.0,-548000.0,0.0,32170.46,EUR,Italy,Italy,False,False,0.0,False,,,False
EVT_000428,BA000171,OUV,Ouverture / Souscription,VAL,2019-05-04,2019-05-04,402000.0,402000.0,0.0,0.0,EUR,Sweden,,True,False,0.0,False,,,False
EVT_000429,BA000171,VLC,Versement libre complémentaire,VAL,2023-07-28,2023-07-28,26000.0,26000.0,0.0,0.0,EUR,Sweden,,False,False,0.0,False,,,False
EVT_000430,BA000171,VLC,Versement libre complémentaire,VAL,2021-09-08,2021-09-08,26000.0,26000.0,0.0,0.0,EUR,Sweden,,False,False,0.0,False,,,False
EVT_000431,BA000172,OUV,Ouverture / Souscription,VAL,2024-02-10,2024-02-10,681000.0,681000.0,0.0,0.0,EUR,France,,False,False,0.0,False,,,False
EVT_000432,BA000172,RAP,Rachat partiel,VAL,2028-12-05,2028-12-05,-93000.0,-93000.0,0.0,6315.24,EUR,France,France,False,False,0.0,False,,,False
EVT_000433,BA000172,RAP,Rachat partiel,VAL,2027-12-07,2027-12-07,-93000.0,-93000.0,0.0,10961.55,EUR,France,France,False,False,0.0,False,,,False
EVT_000434,BA000173,OUV,Ouverture / Souscription,VAL,2018-11-02,2018-11-02,250000.0,250000.0,0.0,0.0,EUR,France,,False,False,0.0,False,,,False
EVT_000435,BA000173,RAP,Rachat partiel,VAL,2023-05-19,2023-05-19,-96000.0,-96000.0,0.0,10437.22,EUR,France,France,False,False,0.0,False,,,False
EVT_000436,BA000174,OUV,Ouverture / Souscription,VAL,2019-03-01,2019-03-01,943000.0,943000.0,0.0,0.0,EUR,Belgium,,False,False,0.0,False,,,False
EVT_000437,BA000174,ARB,Arbitrage entre fonds,VAL,2020-04-01,2020-04-01,204000.0,204000.0,0.0,0.0,EUR,,,False,False,0.0,False,LU0255977539,FR0010392225,False
EVT_000438,BA000175,OUV,Ouverture / Souscription,VAL,2019-02-06,2019-02-06,1016000.0,1016000.0,0.0,0.0,EUR,Italy,,False,False,0.0,False,,,False
EVT_000439,BA000175,VLC,Versement libre complémentaire,VAL,2022-04-02,2022-04-02,68000.0,68000.0,0.0,0.0,EUR,Italy,,False,False,0.0,False,,,False
EVT_000440,BA000175,VLC,Versement libre complémentaire,VAL,2021-03-20,2021-03-20,68000.0,68000.0,0.0,0.0,EUR,Italy,,False,False,0.0,False,,,False
EVT_000441,BA000175,RAP,Rachat partiel,VAL,2022-07-15,2022-07-15,-157000.0,-157000.0,0.0,4532.95,EUR,Italy,Italy,False,False,0.0,False,,,False
EVT_000442,BA000176,OUV,Ouverture / Souscription,VAL,2023-03-22,2023-03-22,250000.0,250000.0,0.0,0.0,EUR,France,,False,False,0.0,False,,,False
EVT_000443,BA000177,OUV,Ouverture / Souscription,VAL,2018-10-28,2018-10-28,504000.0,504000.0,0.0,0.0,EUR,France,,False,False,0.0,False,,,False
EVT_000444,BA000178,OUV,Ouverture / Souscription,VAL,2018-09-24,2018-09-24,254000.0,254000.0,0.0,0.0,EUR,France,,False,False,0.0,False,,,False
EVT_000445,BA000178,VLC,Versement libre complémentaire,VAL,2024-02-13,2024-02-13,17000.0,17000.0,0.0,0.0,EUR,France,,False,False,0.0,False,,,False
EVT_000446,BA000178,VLC,Versement libre complémentaire,VAL,2022-06-10,2022-06-10,17000.0,17000.0,0.0,0.0,EUR,France,,False,False,0.0,False,,,False
EVT_000447,BA000178,VLC,Versement libre complémentaire,VAL,2023-04-02,2023-04-02,17000.0,17000.0,0.0,0.0,EUR,France,,False,False,0.0,False,,,False
EVT_000448,BA000179,OUV,Ouverture / Souscription,VAL,2021-02-11,2021-02-11,250000.0,250000.0,0.0,0.0,EUR,Portugal,,False,False,0.0,False,,,False
EVT_000449,BA000179,RAP,Rachat partiel,VAL,2021-12-20,2021-12-20,-37000.0,-37000.0,0.0,3434.92,EUR,Portugal,Portugal,False,False,0.0,False,,,False
EVT_000450,BA000180,OUV,Ouverture / Souscription,VAL,2023-12-21,2023-12-21,250000.0,250000.0,0.0,0.0,EUR,Portugal,,False,False,0.0,False,,,False
EVT_000451,BA000181,OUV,Ouverture / Souscription,VAL,2022-09-09,2022-09-09,250000.0,250000.0,0.0,0.0,EUR,France,,False,False,0.0,False,,,False
EVT_000452,BA000181,VLC,Versement libre complémentaire,VAL,2023-09-02,2023-09-02,61000.0,61000.0,0.0,0.0,EUR,France,,False,False,0.0,False,,,False
EVT_000453,BA000181,RAP,Rachat partiel,VAL,2025-12-14,2025-12-14,-54000.0,-54000.0,0.0,4046.09,EUR,France,France,False,False,0.0,False,,,False
EVT_000454,BA000182,OUV,Ouverture / Souscription,VAL,2018-11-04,2018-11-04,250000.0,250000.0,0.0,0.0,EUR,France,,False,False,0.0,False,,,False
EVT_000455,BA000183,OUV,Ouverture / Souscription,VAL,2018-12-19,2018-12-19,250000.0,250000.0,0.0,0.0,EUR,France,,False,False,0.0,False,,,False
EVT_000456,BA000183,RAP,Rachat partiel,VAL,2021-06-09,2021-06-09,-50000.0,-50000.0,0.0,7239.59,EUR,France,France,False,False,0.0,False,,,False
EVT_000457,BA000183,RAP,Rachat partiel,VAL,2024-05-18,2024-05-18,-50000.0,-50000.0,0.0,4020.98,EUR,France,France,False,False,0.0,False,,,False
EVT_000458,BA000184,OUV,Ouverture / Souscription,VAL,2020-08-19,2020-08-19,250000.0,250000.0,0.0,0.0,EUR,Portugal,,False,False,0.0,False,,,False
EVT_000459,BA000185,OUV,Ouverture / Souscription,VAL,2026-05-13,2026-05-13,250000.0,250000.0,0.0,0.0,EUR,France,,False,False,0.0,False,,,False
EVT_000460,BA000186,OUV,Ouverture / Souscription,VAL,2019-03-31,2019-03-31,422000.0,422000.0,0.0,0.0,EUR,Belgium,,False,False,0.0,False,,,False
EVT_000461,BA000186,VLC,Versement libre complémentaire,VAL,2019-12-26,2019-12-26,45000.0,45000.0,0.0,0.0,EUR,Belgium,,False,False,0.0,False,,,False
EVT_000462,BA000186,RAP,Rachat partiel,VAL,2019-11-13,2019-11-13,-91000.0,-91000.0,0.0,2972.45,EUR,Belgium,Belgium,False,False,0.0,False,,,False
EVT_000463,BA000187,OUV,Ouverture / Souscription,VAL,2025-04-22,2025-04-22,250000.0,250000.0,0.0,0.0,EUR,Belgium,,False,False,0.0,False,,,False
EVT_000464,BA000188,OUV,Ouverture / Souscription,VAL,2020-10-19,2020-10-19,371000.0,371000.0,0.0,0.0,EUR,Belgium,,False,False,0.0,False,,,False
EVT_000465,BA000188,VLC,Versement libre complémentaire,VAL,2022-04-25,2022-04-25,88000.0,88000.0,0.0,0.0,EUR,Belgium,,False,False,0.0,False,,,False
EVT_000466,BA000188,ARB,Arbitrage entre fonds,VAL,2022-12-14,2022-12-14,160000.0,160000.0,0.0,0.0,EUR,,,False,False,0.0,False,FID_UBS,FR001400OJI4,False
EVT_000467,BA000189,OUV,Ouverture / Souscription,VAL,2019-09-13,2019-09-13,1491000.0,1491000.0,0.0,0.0,EUR,Belgium,,False,False,0.0,False,,,False
EVT_000468,BA000189,VLC,Versement libre complémentaire,VAL,2022-06-03,2022-06-03,320000.0,320000.0,0.0,0.0,EUR,Belgium,,False,False,0.0,False,,,False
EVT_000469,BA000190,OUV,Ouverture / Souscription,VAL,2018-09-16,2018-09-16,425000.0,425000.0,0.0,0.0,EUR,France,,False,False,0.0,False,,,False
EVT_000470,BA000190,VLC,Versement libre complémentaire,VAL,2019-04-12,2019-04-12,21000.0,21000.0,0.0,0.0,EUR,France,,False,False,0.0,False,,,False
EVT_000471,BA000190,VLC,Versement libre complémentaire,VAL,2019-03-31,2019-03-31,21000.0,21000.0,0.0,0.0,EUR,France,,True,False,0.0,False,,,False
EVT_000472,BA000190,VLC,Versement libre complémentaire,VAL,2020-09-08,2020-09-08,21000.0,21000.0,0.0,0.0,EUR,France,,False,False,0.0,False,,,False
EVT_000473,BA000191,OUV,Ouverture / Souscription,VAL,2019-02-13,2019-02-13,2278000.0,2278000.0,0.0,0.0,EUR,Belgium,,False,False,0.0,False,,,False
EVT_000474,BA000192,OUV,Ouverture / Souscription,VAL,2023-05-12,2023-05-12,504000.0,504000.0,0.0,0.0,EUR,Finland,,False,False,0.0,False,,,False
EVT_000475,BA000192,RAP,Rachat partiel,VAL,2026-07-25,2026-07-25,-159000.0,-159000.0,0.0,21779.02,EUR,Finland,Finland,False,False,0.0,False,,,False
EVT_000476,BA000193,OUV,Ouverture / Souscription,VAL,2024-11-18,2024-11-18,459000.0,459000.0,0.0,0.0,EUR,Finland,,False,False,0.0,False,,,False
EVT_000477,BA000194,OUV,Ouverture / Souscription,VAL,2024-12-12,2024-12-12,1891000.0,1891000.0,0.0,0.0,EUR,Portugal,,False,False,0.0,False,,,False
EVT_000478,BA000195,OUV,Ouverture / Souscription,VAL,2022-09-08,2022-09-08,250000.0,250000.0,0.0,0.0,EUR,France,,False,False,0.0,False,,,False
EVT_000479,BA000195,VLC,Versement libre complémentaire,VAL,2023-11-25,2023-11-25,46000.0,46000.0,0.0,0.0,EUR,France,,False,False,0.0,False,,,False
EVT_000480,BA000195,VLC,Versement libre complémentaire,VAL,2027-10-03,2027-10-03,46000.0,46000.0,0.0,0.0,EUR,France,,False,False,0.0,False,,,False
EVT_000481,BA000195,RAP,Rachat partiel,VAL,2025-02-11,2025-02-11,-14000.0,-14000.0,0.0,506.22,EUR,France,France,False,False,0.0,False,,,False
EVT_000482,BA000195,RAP,Rachat partiel,VAL,2027-05-06,2027-05-06,-14000.0,-14000.0,0.0,607.68,EUR,France,France,False,False,0.0,False,,,False
EVT_000483,BA000195,RAP,Rachat partiel,VAL,2024-08-12,2024-08-12,-14000.0,-14000.0,0.0,1996.27,EUR,France,France,False,False,0.0,False,,,False
EVT_000484,BA000196,OUV,Ouverture / Souscription,VAL,2026-06-28,2026-06-28,250000.0,250000.0,0.0,0.0,EUR,France,,False,False,0.0,False,,,False
EVT_000485,BA000196,VLC,Versement libre complémentaire,VAL,2030-10-08,2030-10-08,35000.0,35000.0,0.0,0.0,EUR,France,,False,False,0.0,False,,,False
EVT_000486,BA000197,OUV,Ouverture / Souscription,VAL,2022-09-20,2022-09-20,1071000.0,1071000.0,0.0,0.0,EUR,Belgium,,False,False,0.0,False,,,False
EVT_000487,BA000197,ARB,Arbitrage entre fonds,VAL,2023-09-11,2023-09-11,201000.0,201000.0,1005.0,0.0,EUR,,,False,False,0.0,False,FR0010392225,XS2428662824,False
EVT_000488,BA000197,ARB,Arbitrage entre fonds,VAL,2023-03-27,2023-03-27,57000.0,57000.0,0.0,0.0,EUR,,,False,False,0.0,False,FID_UBS,FR0010392225,False
EVT_000489,BA000198,OUV,Ouverture / Souscription,VAL,2025-07-25,2025-07-25,2025000.0,2025000.0,0.0,0.0,EUR,France,,False,False,0.0,False,,,False
EVT_000490,BA000198,VLC,Versement libre complémentaire,VAL,2027-06-30,2027-06-30,631000.0,631000.0,0.0,0.0,EUR,France,,True,False,0.0,False,,,False
EVT_000491,BA000199,OUV,Ouverture / Souscription,VAL,2025-10-08,2025-10-08,250000.0,250000.0,0.0,0.0,EUR,France,,False,False,0.0,False,,,False
EVT_000492,BA000199,VLC,Versement libre complémentaire,VAL,2029-10-12,2029-10-12,30000.0,30000.0,0.0,0.0,EUR,France,,False,False,0.0,False,,,False
EVT_000493,BA000199,VLC,Versement libre complémentaire,VAL,2029-02-13,2029-02-13,30000.0,30000.0,0.0,0.0,EUR,France,,True,False,0.0,False,,,False
EVT_000494,BA000199,RAP,Rachat partiel,VAL,2029-12-18,2029-12-18,-35000.0,-35000.0,0.0,3413.3,EUR,France,France,False,False,0.0,False,,,False
EVT_000495,BA000200,OUV,Ouverture / Souscription,VAL,2025-09-21,2025-09-21,250000.0,250000.0,0.0,0.0,EUR,France,,False,False,0.0,False,,,False
EVT_000496,BA000201,OUV,Ouverture / Souscription,VAL,2023-04-18,2023-04-18,264000.0,264000.0,0.0,0.0,EUR,France,,False,False,0.0,False,,,False
EVT_000497,BA000201,RAP,Rachat partiel,VAL,2026-02-05,2026-02-05,-20000.0,-20000.0,0.0,1693.59,EUR,France,France,False,False,0.0,False,,,False
EVT_000498,BA000201,RAP,Rachat partiel,VAL,2026-06-12,2026-06-12,-20000.0,-20000.0,0.0,2596.18,EUR,France,France,False,False,0.0,False,,,False
EVT_000499,BA000202,OUV,Ouverture / Souscription,VAL,2023-05-14,2023-05-14,655000.0,655000.0,0.0,0.0,EUR,Belgium,,False,False,0.0,False,,,False
EVT_000500,BA000202,ARB,Arbitrage entre fonds,VAL,2025-03-27,2025-03-27,107000.0,107000.0,0.0,0.0,EUR,,,False,False,0.0,False,FAS_IND,FR001400OJI4,False
EVT_000501,BA000202,ARB,Arbitrage entre fonds,VAL,2024-12-25,2024-12-25,75000.0,75000.0,375.0,0.0,EUR,,,False,False,0.0,False,FR001400OJI4,FAS_IND,False
EVT_000502,BA000202,ARB,Arbitrage entre fonds,VAL,2024-09-18,2024-09-18,165000.0,165000.0,0.0,0.0,EUR,,,False,False,0.0,False,LU0104884860,FR001400OJI4,False
EVT_000503,BA000203,OUV,Ouverture / Souscription,VAL,2024-02-01,2024-02-01,514000.0,514000.0,0.0,0.0,EUR,France,,False,False,0.0,False,,,False
EVT_000504,BA000203,VLC,Versement libre complémentaire,VAL,2028-09-14,2028-09-14,153000.0,153000.0,0.0,0.0,EUR,France,,False,False,0.0,False,,,False
EVT_000505,BA000204,OUV,Ouverture / Souscription,VAL,2021-02-22,2021-02-22,315000.0,315000.0,0.0,0.0,EUR,Belgium,,False,False,0.0,False,,,False
EVT_000506,BA000204,VLC,Versement libre complémentaire,VAL,2024-10-11,2024-10-11,101000.0,101000.0,0.0,0.0,EUR,Belgium,,False,False,0.0,False,,,False
EVT_000507,BA000205,OUV,Ouverture / Souscription,VAL,2022-09-07,2022-09-07,533000.0,533000.0,0.0,0.0,EUR,France,,False,False,0.0,False,,,False
EVT_000508,BA000205,VLC,Versement libre complémentaire,VAL,2027-01-14,2027-01-14,66000.0,66000.0,0.0,0.0,EUR,France,,False,False,0.0,False,,,False
EVT_000509,BA000206,OUV,Ouverture / Souscription,VAL,2021-05-26,2021-05-26,250000.0,250000.0,0.0,0.0,EUR,France,,False,False,0.0,False,,,False
EVT_000510,BA000207,OUV,Ouverture / Souscription,VAL,2020-03-04,2020-03-04,250000.0,250000.0,0.0,0.0,EUR,France,,False,False,0.0,False,,,False
EVT_000511,BA000207,ARB,Arbitrage entre fonds,VAL,2024-03-22,2024-03-22,77000.0,77000.0,385.0,0.0,EUR,,,False,False,0.0,False,FID_BNP,FR001400OJI4,False
EVT_000512,BA000207,ARB,Arbitrage entre fonds,VAL,2023-11-02,2023-11-02,75000.0,75000.0,0.0,0.0,EUR,,,False,False,0.0,False,LU0104884860,FID_BNP,False
EVT_000513,BA000208,OUV,Ouverture / Souscription,VAL,2026-04-25,2026-04-25,250000.0,250000.0,0.0,0.0,EUR,France,,False,False,0.0,False,,,False
EVT_000514,BA000208,VLC,Versement libre complémentaire,VAL,2029-01-07,2029-01-07,30000.0,30000.0,0.0,0.0,EUR,France,,False,False,0.0,False,,,False
EVT_000515,BA000208,VLC,Versement libre complémentaire,VAL,2029-04-12,2029-04-12,30000.0,30000.0,0.0,0.0,EUR,France,,False,False,0.0,False,,,False
EVT_000516,BA000209,OUV,Ouverture / Souscription,VAL,2024-12-28,2024-12-28,896000.0,896000.0,0.0,0.0,EUR,Belgium,,False,False,0.0,False,,,False
EVT_000517,BA000210,OUV,Ouverture / Souscription,VAL,2025-07-17,2025-07-17,469000.0,469000.0,0.0,0.0,EUR,Belgium,,False,False,0.0,False,,,False
EVT_000518,BA000210,VLC,Versement libre complémentaire,VAL,2030-04-22,2030-04-22,90000.0,90000.0,0.0,0.0,EUR,Belgium,,False,False,0.0,False,,,False
EVT_000519,BA000210,ARB,Arbitrage entre fonds,VAL,2027-09-04,2027-09-04,58000.0,58000.0,290.0,0.0,EUR,,,False,False,0.0,False,LU0104884860,FR0010923383,False
EVT_000520,BA000211,OUV,Ouverture / Souscription,VAL,2025-12-16,2025-12-16,1262000.0,1262000.0,0.0,0.0,EUR,Belgium,,False,False,0.0,False,,,False
EVT_000521,BA000211,VLC,Versement libre complémentaire,VAL,2027-04-07,2027-04-07,158000.0,158000.0,0.0,0.0,EUR,Belgium,,False,False,0.0,False,,,False
EVT_000522,BA000212,OUV,Ouverture / Souscription,VAL,2022-02-05,2022-02-05,250000.0,250000.0,0.0,0.0,EUR,Belgium,,False,False,0.0,False,,,False
EVT_000523,BA000212,VLC,Versement libre complémentaire,VAL,2024-08-07,2024-08-07,8000.0,8000.0,0.0,0.0,EUR,Belgium,,False,False,0.0,False,,,False
EVT_000524,BA000212,VLC,Versement libre complémentaire,VAL,2024-10-08,2024-10-08,8000.0,8000.0,0.0,0.0,EUR,Belgium,,False,False,0.0,False,,,False
EVT_000525,BA000212,VLC,Versement libre complémentaire,VAL,2025-02-01,2025-02-01,8000.0,8000.0,0.0,0.0,EUR,Belgium,,False,False,0.0,False,,,False
EVT_000526,BA000213,OUV,Ouverture / Souscription,VAL,2020-07-01,2020-07-01,733000.0,733000.0,0.0,0.0,EUR,France,,False,False,0.0,False,,,False
EVT_000527,BA000213,RAP,Rachat partiel,VAL,2025-09-27,2025-09-27,-54000.0,-54000.0,0.0,7195.09,EUR,France,France,False,False,0.0,False,,,False
EVT_000528,BA000213,RAP,Rachat partiel,VAL,2023-10-20,2023-10-20,-54000.0,-54000.0,0.0,2515.46,EUR,France,France,False,False,0.0,False,,,False
EVT_000529,BA000214,OUV,Ouverture / Souscription,VAL,2020-08-24,2020-08-24,250000.0,250000.0,0.0,0.0,EUR,France,,False,False,0.0,False,,,False
EVT_000530,BA000214,VLC,Versement libre complémentaire,VAL,2022-03-27,2022-03-27,8000.0,8000.0,0.0,0.0,EUR,France,,False,False,0.0,False,,,False
EVT_000531,BA000214,VLC,Versement libre complémentaire,VAL,2024-12-29,2024-12-29,8000.0,8000.0,0.0,0.0,EUR,France,,False,False,0.0,False,,,False
EVT_000532,BA000214,RAP,Rachat partiel,VAL,2024-09-04,2024-09-04,-37000.0,-37000.0,0.0,2739.11,EUR,France,France,False,False,0.0,False,,,False
EVT_000533,BA000214,RAP,Rachat partiel,VAL,2023-11-05,2023-11-05,-37000.0,-37000.0,0.0,5005.69,EUR,France,France,False,False,0.0,False,,,False
EVT_000534,BA000214,RAP,Rachat partiel,VAL,2024-06-23,2024-06-23,-37000.0,-37000.0,0.0,4344.13,EUR,France,France,False,False,0.0,False,,,False
EVT_000535,BA000215,OUV,Ouverture / Souscription,VAL,2021-09-11,2021-09-11,250000.0,250000.0,0.0,0.0,EUR,France,,False,False,0.0,False,,,False
EVT_000536,BA000215,VLC,Versement libre complémentaire,VAL,2024-01-24,2024-01-24,14000.0,14000.0,0.0,0.0,EUR,France,,False,False,0.0,False,,,False
EVT_000537,BA000215,VLC,Versement libre complémentaire,VAL,2025-01-31,2025-01-31,14000.0,14000.0,0.0,0.0,EUR,France,,False,False,0.0,False,,,False
EVT_000538,BA000215,RAP,Rachat partiel,VAL,2022-05-24,2022-05-24,-95000.0,-95000.0,0.0,14073.29,EUR,France,France,False,False,0.0,False,,,False
EVT_000539,BA000216,OUV,Ouverture / Souscription,VAL,2022-01-06,2022-01-06,250000.0,250000.0,0.0,0.0,EUR,Belgium,,False,False,0.0,False,,,False
EVT_000540,BA000216,VLC,Versement libre complémentaire,VAL,2026-10-19,2026-10-19,59000.0,59000.0,0.0,0.0,EUR,Belgium,,False,False,0.0,False,,,False
EVT_000541,BA000216,ARB,Arbitrage entre fonds,VAL,2025-05-04,2025-05-04,14000.0,14000.0,0.0,0.0,EUR,,,False,False,0.0,False,FR001400OJI4,XS2428662824,False
EVT_000542,BA000216,RAP,Rachat partiel,VAL,2023-09-22,2023-09-22,-36000.0,-36000.0,0.0,4582.75,EUR,Belgium,Belgium,False,False,0.0,False,,,False
EVT_000543,BA000217,OUV,Ouverture / Souscription,VAL,2021-07-20,2021-07-20,2078000.0,2078000.0,0.0,0.0,EUR,Sweden,,False,False,0.0,False,,,False
EVT_000544,BA000217,RAP,Rachat partiel,VAL,2026-08-12,2026-08-12,-849000.0,-849000.0,0.0,19155.55,EUR,Sweden,Sweden,False,False,0.0,False,,,False
EVT_000545,BA000218,OUV,Ouverture / Souscription,VAL,2018-09-21,2018-09-21,302000.0,302000.0,0.0,0.0,EUR,Belgium,,False,False,0.0,False,,,False
EVT_000546,BA000219,OUV,Ouverture / Souscription,VAL,2022-04-13,2022-04-13,547000.0,547000.0,0.0,0.0,EUR,Belgium,,False,False,0.0,False,,,False
EVT_000547,BA000219,ARB,Arbitrage entre fonds,VAL,2022-12-30,2022-12-30,118000.0,118000.0,0.0,0.0,EUR,,,False,False,0.0,False,FR001400OJI4,FR0010923383,False
EVT_000548,BA000219,RAP,Rachat partiel,VAL,2023-09-28,2023-09-28,-188000.0,-188000.0,0.0,19551.84,EUR,Belgium,Belgium,False,False,0.0,False,,,False
EVT_000549,BA000220,OUV,Ouverture / Souscription,VAL,2023-09-23,2023-09-23,357000.0,357000.0,0.0,0.0,EUR,France,,False,False,0.0,False,,,False
EVT_000550,BA000220,RAP,Rachat partiel,VAL,2026-11-14,2026-11-14,-43000.0,-43000.0,0.0,6381.23,EUR,France,France,False,False,0.0,False,,,False
EVT_000551,BA000220,RAP,Rachat partiel,VAL,2027-05-07,2027-05-07,-43000.0,-43000.0,0.0,1727.22,EUR,France,France,False,False,0.0,False,,,False
EVT_000552,BA000221,OUV,Ouverture / Souscription,VAL,2020-03-12,2020-03-12,1509000.0,1509000.0,0.0,0.0,EUR,France,,False,False,0.0,False,,,False
EVT_000553,BA000221,VLC,Versement libre complémentaire,VAL,2023-10-02,2023-10-02,593000.0,593000.0,0.0,0.0,EUR,France,,False,False,0.0,False,,,False
EVT_000554,BA000222,OUV,Ouverture / Souscription,VAL,2024-08-24,2024-08-24,250000.0,250000.0,0.0,0.0,EUR,France,,True,False,0.0,False,,,False
EVT_000555,BA000223,OUV,Ouverture / Souscription,VAL,2020-11-22,2020-11-22,347000.0,347000.0,0.0,0.0,EUR,France,,False,False,0.0,False,,,False
EVT_000556,BA000223,VLC,Versement libre complémentaire,VAL,2021-06-01,2021-06-01,113000.0,113000.0,0.0,0.0,EUR,France,,False,False,0.0,False,,,False
EVT_000557,BA000223,ARB,Arbitrage entre fonds,VAL,2022-02-18,2022-02-18,63000.0,63000.0,315.0,0.0,EUR,,,False,False,0.0,False,FAS_IND,FR0010392225,False
EVT_000558,BA000224,OUV,Ouverture / Souscription,VAL,2019-03-19,2019-03-19,580000.0,580000.0,0.0,0.0,EUR,Belgium,,False,False,0.0,False,,,False
EVT_000559,BA000224,VLC,Versement libre complémentaire,VAL,2022-06-30,2022-06-30,87000.0,87000.0,0.0,0.0,EUR,Belgium,,False,False,0.0,False,,,False
EVT_000560,BA000225,OUV,Ouverture / Souscription,VAL,2024-09-06,2024-09-06,343000.0,343000.0,0.0,0.0,EUR,Italy,,False,False,0.0,False,,,False
EVT_000561,BA000225,VLC,Versement libre complémentaire,VAL,2029-09-04,2029-09-04,93000.0,93000.0,0.0,0.0,EUR,Italy,,False,False,0.0,False,,,False
EVT_000562,BA000225,RAP,Rachat partiel,VAL,2026-11-10,2026-11-10,-50000.0,-50000.0,0.0,2018.22,EUR,Italy,Italy,False,False,0.0,False,,,False
EVT_000563,BA000226,OUV,Ouverture / Souscription,VAL,2021-10-11,2021-10-11,388000.0,388000.0,0.0,0.0,EUR,France,,False,False,0.0,False,,,False
EVT_000564,BA000226,VLC,Versement libre complémentaire,VAL,2023-10-05,2023-10-05,44000.0,44000.0,0.0,0.0,EUR,France,,False,False,0.0,False,,,False
EVT_000565,BA000226,VLC,Versement libre complémentaire,VAL,2026-01-22,2026-01-22,44000.0,44000.0,0.0,0.0,EUR,France,,False,False,0.0,False,,,False
EVT_000566,BA000227,OUV,Ouverture / Souscription,VAL,2023-06-11,2023-06-11,610000.0,610000.0,0.0,0.0,EUR,France,,False,False,0.0,False,,,False
EVT_000567,BA000227,RAP,Rachat partiel,VAL,2026-11-06,2026-11-06,-273000.0,-273000.0,0.0,32368.2,EUR,France,France,False,False,0.0,False,,,False
EVT_000568,BA000228,OUV,Ouverture / Souscription,VAL,2020-06-16,2020-06-16,1152000.0,1152000.0,0.0,0.0,EUR,France,,False,False,0.0,False,,,False
EVT_000569,BA000228,VLC,Versement libre complémentaire,VAL,2022-12-06,2022-12-06,92000.0,92000.0,0.0,0.0,EUR,France,,False,False,0.0,False,,,False
EVT_000570,BA000229,OUV,Ouverture / Souscription,VAL,2023-10-18,2023-10-18,1242000.0,1242000.0,0.0,0.0,EUR,France,,False,False,0.0,False,,,False
EVT_000571,BA000230,OUV,Ouverture / Souscription,VAL,2019-02-19,2019-02-19,819000.0,819000.0,0.0,0.0,EUR,France,,False,False,0.0,False,,,False
EVT_000572,BA000231,OUV,Ouverture / Souscription,VAL,2019-06-15,2019-06-15,250000.0,250000.0,0.0,0.0,EUR,Belgium,,False,False,0.0,False,,,False
EVT_000573,BA000231,VLC,Versement libre complémentaire,VAL,2021-09-07,2021-09-07,83000.0,83000.0,0.0,0.0,EUR,Belgium,,False,False,0.0,False,,,False
EVT_000574,BA000231,RAP,Rachat partiel,VAL,2024-02-25,2024-02-25,-29000.0,-28130.0,870.0,0.0,EUR,Belgium,Belgium,False,True,870.0,False,,,False
EVT_000575,BA000231,RAP,Rachat partiel,VAL,2022-12-27,2022-12-27,-29000.0,-29000.0,0.0,625.16,EUR,Belgium,Belgium,False,False,0.0,False,,,False
EVT_000576,BA000231,RAP,Rachat partiel,VAL,2020-07-21,2020-07-21,-29000.0,-28130.0,870.0,0.0,EUR,Belgium,Belgium,False,True,870.0,False,,,False
EVT_000577,BA000232,OUV,Ouverture / Souscription,VAL,2021-05-14,2021-05-14,1987000.0,1987000.0,0.0,0.0,EUR,France,,False,False,0.0,False,,,False
EVT_000578,BA000232,VLC,Versement libre complémentaire,VAL,2024-03-20,2024-03-20,166000.0,166000.0,0.0,0.0,EUR,France,,False,False,0.0,False,,,False
EVT_000579,BA000232,VLC,Versement libre complémentaire,VAL,2024-08-13,2024-08-13,166000.0,166000.0,0.0,0.0,EUR,France,,False,False,0.0,False,,,False
EVT_000580,BA000232,ARB,Arbitrage entre fonds,VAL,2022-01-21,2022-01-21,492000.0,492000.0,0.0,0.0,EUR,,,False,False,0.0,False,LU0255977539,FAS_ROT,False
EVT_000581,BA000233,OUV,Ouverture / Souscription,VAL,2025-10-31,2025-10-31,250000.0,250000.0,0.0,0.0,EUR,Luxembourg,,False,False,0.0,False,,,False
EVT_000582,BA000233,VLC,Versement libre complémentaire,VAL,2028-06-08,2028-06-08,16000.0,16000.0,0.0,0.0,EUR,Luxembourg,,False,False,0.0,False,,,False
EVT_000583,BA000233,VLC,Versement libre complémentaire,VAL,2028-06-23,2028-06-23,16000.0,16000.0,0.0,0.0,EUR,Luxembourg,,False,False,0.0,False,,,False
EVT_000584,BA000233,VLC,Versement libre complémentaire,VAL,2027-12-25,2027-12-25,16000.0,16000.0,0.0,0.0,EUR,Luxembourg,,False,False,0.0,False,,,False
EVT_000585,BA000234,OUV,Ouverture / Souscription,VAL,2023-09-19,2023-09-19,250000.0,250000.0,0.0,0.0,EUR,Luxembourg,,False,False,0.0,False,,,False
EVT_000586,BA000234,VLC,Versement libre complémentaire,VAL,2025-07-09,2025-07-09,11000.0,11000.0,0.0,0.0,EUR,Luxembourg,,False,False,0.0,False,,,False
EVT_000587,BA000234,VLC,Versement libre complémentaire,VAL,2026-09-12,2026-09-12,11000.0,11000.0,0.0,0.0,EUR,Luxembourg,,False,False,0.0,False,,,False
EVT_000588,BA000234,VLC,Versement libre complémentaire,VAL,2028-05-18,2028-05-18,11000.0,11000.0,0.0,0.0,EUR,Luxembourg,,False,False,0.0,False,,,False
EVT_000589,BA000235,OUV,Ouverture / Souscription,VAL,2024-03-08,2024-03-08,250000.0,250000.0,0.0,0.0,EUR,Luxembourg,,False,False,0.0,False,,,False
EVT_000590,BA000236,OUV,Ouverture / Souscription,VAL,2026-05-29,2026-05-29,250000.0,250000.0,0.0,0.0,EUR,France,,False,False,0.0,False,,,False
EVT_000591,BA000237,OUV,Ouverture / Souscription,VAL,2019-08-24,2019-08-24,496000.0,496000.0,0.0,0.0,EUR,France,,False,False,0.0,False,,,False
EVT_000592,BA000237,ARB,Arbitrage entre fonds,VAL,2022-04-21,2022-04-21,61000.0,61000.0,305.0,0.0,EUR,,,False,False,0.0,False,FR0010392225,XS2428662824,False
EVT_000593,BA000237,ARB,Arbitrage entre fonds,VAL,2019-11-23,2019-11-23,51000.0,51000.0,255.0,0.0,EUR,,,False,False,0.0,False,FR0010392225,XS2428662824,False
EVT_000594,BA000237,RAP,Rachat partiel,VAL,2022-12-07,2022-12-07,-106000.0,-106000.0,0.0,15720.08,EUR,France,France,False,False,0.0,False,,,False
EVT_000595,BA000237,RAP,Rachat partiel,VAL,2021-01-22,2021-01-22,-106000.0,-106000.0,0.0,6113.34,EUR,France,France,False,False,0.0,False,,,False
EVT_000596,BA000238,OUV,Ouverture / Souscription,VAL,2025-02-25,2025-02-25,250000.0,250000.0,0.0,0.0,EUR,Belgium,,False,False,0.0,False,,,False
EVT_000597,BA000238,ARB,Arbitrage entre fonds,VAL,2027-09-26,2027-09-26,94000.0,94000.0,0.0,0.0,EUR,,,False,False,0.0,False,FAS_IND,FR0010392225,False
EVT_000598,BA000239,OUV,Ouverture / Souscription,VAL,2024-06-08,2024-06-08,250000.0,250000.0,0.0,0.0,EUR,Belgium,,False,False,0.0,False,,,False
EVT_000599,BA000239,VLC,Versement libre complémentaire,VAL,2026-06-10,2026-06-10,97000.0,97000.0,0.0,0.0,EUR,Belgium,,False,False,0.0,False,,,False
EVT_000600,BA000240,OUV,Ouverture / Souscription,VAL,2024-11-18,2024-11-18,972000.0,972000.0,0.0,0.0,EUR,Luxembourg,,False,False,0.0,False,,,False
EVT_000601,BA000240,RAP,Rachat partiel,VAL,2025-06-18,2025-06-18,-232000.0,-232000.0,0.0,27292.41,EUR,Luxembourg,Luxembourg,False,False,0.0,False,,,False
EVT_000602,BA000241,OUV,Ouverture / Souscription,VAL,2019-04-03,2019-04-03,422000.0,422000.0,0.0,0.0,EUR,France,,False,False,0.0,False,,,False
EVT_000603,BA000242,OUV,Ouverture / Souscription,VAL,2022-02-06,2022-02-06,250000.0,250000.0,0.0,0.0,EUR,France,,False,False,0.0,False,,,False
EVT_000604,BA000242,RAP,Rachat partiel,VAL,2026-08-19,2026-08-19,-49000.0,-49000.0,0.0,3756.28,EUR,France,France,False,False,0.0,False,,,False
EVT_000605,BA000243,OUV,Ouverture / Souscription,VAL,2019-03-15,2019-03-15,779000.0,779000.0,0.0,0.0,EUR,France,,False,False,0.0,False,,,False
EVT_000606,BA000244,OUV,Ouverture / Souscription,VAL,2022-01-04,2022-01-04,1319000.0,1319000.0,0.0,0.0,EUR,France,,False,False,0.0,False,,,False
EVT_000607,BA000244,VLC,Versement libre complémentaire,VAL,2025-01-10,2025-01-10,74000.0,74000.0,0.0,0.0,EUR,France,,False,False,0.0,False,,,False
EVT_000608,BA000245,OUV,Ouverture / Souscription,VAL,2021-12-16,2021-12-16,800000.0,800000.0,0.0,0.0,EUR,France,,False,False,0.0,False,,,False
EVT_000609,BA000246,OUV,Ouverture / Souscription,VAL,2020-04-02,2020-04-02,2450000.0,2450000.0,0.0,0.0,EUR,Belgium,,False,False,0.0,False,,,False
EVT_000610,BA000246,VLC,Versement libre complémentaire,VAL,2025-08-20,2025-08-20,135000.0,135000.0,0.0,0.0,EUR,Belgium,,False,False,0.0,False,,,False
EVT_000611,BA000246,VLC,Versement libre complémentaire,VAL,2021-05-25,2021-05-25,135000.0,135000.0,0.0,0.0,EUR,Belgium,,False,False,0.0,False,,,False
EVT_000612,BA000246,VLC,Versement libre complémentaire,VAL,2025-03-24,2025-03-24,135000.0,135000.0,0.0,0.0,EUR,Belgium,,False,False,0.0,False,,,False
EVT_000613,BA000247,OUV,Ouverture / Souscription,VAL,2020-09-01,2020-09-01,435000.0,435000.0,0.0,0.0,EUR,France,,False,False,0.0,False,,,False
EVT_000614,BA000247,ARB,Arbitrage entre fonds,VAL,2024-04-13,2024-04-13,110000.0,110000.0,550.0,0.0,EUR,,,False,False,0.0,False,PE_CAY_01,FR0010923383,False
EVT_000615,BA000247,ARB,Arbitrage entre fonds,VAL,2024-01-30,2024-01-30,53000.0,53000.0,265.0,0.0,EUR,,,False,False,0.0,False,PE_CAY_01,FR0010923383,False
EVT_000616,BA000248,OUV,Ouverture / Souscription,VAL,2025-05-02,2025-05-02,2127000.0,2127000.0,0.0,0.0,EUR,Finland,,False,False,0.0,False,,,False
EVT_000617,BA000248,ARB,Arbitrage entre fonds,VAL,2026-06-19,2026-06-19,252000.0,252000.0,1260.0,0.0,EUR,,,False,False,0.0,False,LU0255977539,PE_CAY_01,False
EVT_000618,BA000249,OUV,Ouverture / Souscription,VAL,2021-10-18,2021-10-18,1889000.0,1889000.0,0.0,0.0,EUR,Finland,,False,False,0.0,False,,,False
EVT_000619,BA000249,VLC,Versement libre complémentaire,VAL,2026-11-09,2026-11-09,331000.0,331000.0,0.0,0.0,EUR,Finland,,False,False,0.0,False,,,False
EVT_000620,BA000249,RAP,Rachat partiel,VAL,2025-10-08,2025-10-08,-255000.0,-255000.0,0.0,23275.63,EUR,Finland,Finland,False,False,0.0,False,,,False
EVT_000621,BA000249,RAP,Rachat partiel,VAL,2025-03-14,2025-03-14,-255000.0,-255000.0,0.0,17475.32,EUR,Finland,Finland,False,False,0.0,False,,,False
EVT_000622,BA000250,OUV,Ouverture / Souscription,VAL,2024-04-14,2024-04-14,250000.0,250000.0,0.0,0.0,EUR,Belgium,,False,False,0.0,False,,,False
EVT_000623,BA000251,OUV,Ouverture / Souscription,VAL,2024-08-13,2024-08-13,486000.0,486000.0,0.0,0.0,EUR,France,,False,False,0.0,False,,,False
EVT_000624,BA000251,VLC,Versement libre complémentaire,VAL,2029-09-03,2029-09-03,14000.0,14000.0,0.0,0.0,EUR,France,,False,False,0.0,False,,,False
EVT_000625,BA000251,VLC,Versement libre complémentaire,VAL,2028-09-10,2028-09-10,14000.0,14000.0,0.0,0.0,EUR,France,,False,False,0.0,False,,,False
EVT_000626,BA000252,OUV,Ouverture / Souscription,VAL,2026-02-17,2026-02-17,515000.0,515000.0,0.0,0.0,EUR,France,,False,False,0.0,False,,,False
EVT_000627,BA000253,OUV,Ouverture / Souscription,VAL,2019-04-14,2019-04-14,278000.0,278000.0,0.0,0.0,EUR,Portugal,,True,False,0.0,False,,,False
EVT_000628,BA000253,ARB,Arbitrage entre fonds,VAL,2021-12-26,2021-12-26,41000.0,41000.0,205.0,0.0,EUR,,,False,False,0.0,False,FID_UBS,FR0010923383,False
EVT_000629,BA000253,ARB,Arbitrage entre fonds,VAL,2019-09-17,2019-09-17,61000.0,61000.0,305.0,0.0,EUR,,,False,False,0.0,False,FR0010923383,FID_UBS,False
EVT_000630,BA000253,RAP,Rachat partiel,VAL,2021-05-27,2021-05-27,-15000.0,-15000.0,0.0,1976.47,EUR,Portugal,Portugal,False,False,0.0,False,,,False
EVT_000631,BA000253,RAP,Rachat partiel,VAL,2022-05-29,2022-05-29,-15000.0,-15000.0,0.0,562.73,EUR,Portugal,Portugal,False,False,0.0,False,,,False
EVT_000632,BA000253,RAP,Rachat partiel,VAL,2021-02-27,2021-02-27,-15000.0,-15000.0,0.0,2075.03,EUR,Portugal,Portugal,False,False,0.0,False,,,False
EVT_000633,BA000254,OUV,Ouverture / Souscription,VAL,2025-04-21,2025-04-21,326000.0,326000.0,0.0,0.0,EUR,Portugal,,False,False,0.0,False,,,False
EVT_000634,BA000254,VLC,Versement libre complémentaire,VAL,2026-12-06,2026-12-06,162000.0,162000.0,0.0,0.0,EUR,Portugal,,False,False,0.0,False,,,False
EVT_000635,BA000255,OUV,Ouverture / Souscription,VAL,2025-11-22,2025-11-22,960000.0,960000.0,0.0,0.0,EUR,Italy,,False,False,0.0,False,,,False
EVT_000636,BA000256,OUV,Ouverture / Souscription,VAL,2018-11-05,2018-11-05,798000.0,798000.0,0.0,0.0,EUR,Italy,,False,False,0.0,False,,,False
EVT_000637,BA000256,VLC,Versement libre complémentaire,VAL,2023-12-10,2023-12-10,138000.0,138000.0,0.0,0.0,EUR,Italy,,False,False,0.0,False,,,False
EVT_000638,BA000256,RAP,Rachat partiel,VAL,2023-11-19,2023-11-19,-339000.0,-339000.0,0.0,14972.81,EUR,Italy,Italy,False,False,0.0,False,,,False
EVT_000639,BA000257,OUV,Ouverture / Souscription,VAL,2020-03-02,2020-03-02,360000.0,360000.0,0.0,0.0,EUR,Italy,,False,False,0.0,False,,,False
EVT_000640,BA000257,VLC,Versement libre complémentaire,VAL,2023-08-09,2023-08-09,24000.0,24000.0,0.0,0.0,EUR,Italy,,False,False,0.0,False,,,False
EVT_000641,BA000257,VLC,Versement libre complémentaire,VAL,2023-05-27,2023-05-27,24000.0,24000.0,0.0,0.0,EUR,Italy,,False,False,0.0,False,,,False
EVT_000642,BA000257,VLC,Versement libre complémentaire,VAL,2022-06-26,2022-06-26,24000.0,24000.0,0.0,0.0,EUR,Italy,,False,False,0.0,False,,,False
EVT_000643,BA000257,RAP,Rachat partiel,VAL,2025-06-24,2025-06-24,-53000.0,-53000.0,0.0,6422.26,EUR,Italy,Italy,False,False,0.0,False,,,False
EVT_000644,BA000258,OUV,Ouverture / Souscription,VAL,2026-02-12,2026-02-12,250000.0,250000.0,0.0,0.0,EUR,Sweden,,False,False,0.0,False,,,False
EVT_000645,BA000259,OUV,Ouverture / Souscription,VAL,2019-10-17,2019-10-17,541000.0,541000.0,0.0,0.0,EUR,France,,False,False,0.0,False,,,False
EVT_000646,BA000260,OUV,Ouverture / Souscription,VAL,2018-09-06,2018-09-06,1514000.0,1514000.0,0.0,0.0,EUR,France,,False,False,0.0,False,,,False
EVT_000647,BA000260,VLC,Versement libre complémentaire,VAL,2021-10-20,2021-10-20,198000.0,198000.0,0.0,0.0,EUR,France,,False,False,0.0,False,,,False
EVT_000648,BA000260,RAP,Rachat partiel,VAL,2023-03-28,2023-03-28,-234000.0,-234000.0,0.0,17984.03,EUR,France,France,False,False,0.0,False,,,False
EVT_000649,BA000260,RAP,Rachat partiel,VAL,2019-04-29,2019-04-29,-234000.0,-234000.0,0.0,24676.49,EUR,France,France,False,False,0.0,False,,,False
EVT_000650,BA000261,OUV,Ouverture / Souscription,VAL,2020-08-27,2020-08-27,677000.0,677000.0,0.0,0.0,EUR,France,,False,False,0.0,False,,,False
EVT_000651,BA000262,OUV,Ouverture / Souscription,VAL,2020-01-18,2020-01-18,1347000.0,1347000.0,0.0,0.0,EUR,France,,False,False,0.0,False,,,False
EVT_000652,BA000262,ARB,Arbitrage entre fonds,VAL,2020-08-08,2020-08-08,196000.0,196000.0,980.0,0.0,EUR,,,False,False,0.0,False,FR0010392225,FID_UBS,False
EVT_000653,BA000263,OUV,Ouverture / Souscription,VAL,2019-05-21,2019-05-21,250000.0,250000.0,0.0,0.0,EUR,France,,False,False,0.0,False,,,False
EVT_000654,BA000264,OUV,Ouverture / Souscription,VAL,2022-08-26,2022-08-26,250000.0,250000.0,0.0,0.0,EUR,Belgium,,False,False,0.0,False,,,False
EVT_000655,BA000264,VLC,Versement libre complémentaire,VAL,2026-07-24,2026-07-24,129000.0,129000.0,0.0,0.0,EUR,Belgium,,False,False,0.0,False,,,False
EVT_000656,BA000265,OUV,Ouverture / Souscription,VAL,2024-06-28,2024-06-28,250000.0,250000.0,0.0,0.0,EUR,Belgium,,False,False,0.0,False,,,False
EVT_000657,BA000265,VLC,Versement libre complémentaire,VAL,2029-02-18,2029-02-18,33000.0,33000.0,0.0,0.0,EUR,Belgium,,True,False,0.0,False,,,False
EVT_000658,BA000265,VLC,Versement libre complémentaire,VAL,2025-06-10,2025-06-10,33000.0,33000.0,0.0,0.0,EUR,Belgium,,True,False,0.0,False,,,False
EVT_000659,BA000265,VLC,Versement libre complémentaire,VAL,2027-06-17,2027-06-17,33000.0,33000.0,0.0,0.0,EUR,Belgium,,False,False,0.0,False,,,False
EVT_000660,BA000266,OUV,Ouverture / Souscription,VAL,2023-02-13,2023-02-13,250000.0,250000.0,0.0,0.0,EUR,Belgium,,False,False,0.0,False,,,False
EVT_000661,BA000266,VLC,Versement libre complémentaire,VAL,2025-08-09,2025-08-09,18000.0,18000.0,0.0,0.0,EUR,Belgium,,False,False,0.0,False,,,False
EVT_000662,BA000267,OUV,Ouverture / Souscription,VAL,2021-12-26,2021-12-26,501000.0,501000.0,0.0,0.0,EUR,Portugal,,False,False,0.0,False,,,False
EVT_000663,BA000268,OUV,Ouverture / Souscription,VAL,2022-02-27,2022-02-27,452000.0,452000.0,0.0,0.0,EUR,France,,False,False,0.0,False,,,False
EVT_000664,BA000268,VLC,Versement libre complémentaire,VAL,2022-09-27,2022-09-27,34000.0,34000.0,0.0,0.0,EUR,France,,False,False,0.0,False,,,False
EVT_000665,BA000269,OUV,Ouverture / Souscription,VAL,2026-07-09,2026-07-09,250000.0,250000.0,0.0,0.0,EUR,France,,False,False,0.0,False,,,False
EVT_000666,BA000269,ARB,Arbitrage entre fonds,VAL,2029-07-26,2029-07-26,27000.0,27000.0,135.0,0.0,EUR,,,False,False,0.0,False,FID_BNP,FR001400OJI4,False
EVT_000667,BA000269,RAP,Rachat partiel,VAL,2031-09-21,2031-09-21,-82000.0,-82000.0,0.0,9369.46,EUR,France,France,False,False,0.0,False,,,False
EVT_000668,BA000270,OUV,Ouverture / Souscription,VAL,2025-07-07,2025-07-07,261000.0,261000.0,0.0,0.0,EUR,France,,False,False,0.0,False,,,False
EVT_000669,BA000271,OUV,Ouverture / Souscription,VAL,2019-07-19,2019-07-19,967000.0,967000.0,0.0,0.0,EUR,France,,False,False,0.0,False,,,False
EVT_000670,BA000271,RAP,Rachat partiel,VAL,2023-10-20,2023-10-20,-31000.0,-31000.0,0.0,648.8,EUR,France,France,False,False,0.0,False,,,False
EVT_000671,BA000271,RAP,Rachat partiel,VAL,2021-10-21,2021-10-21,-31000.0,-31000.0,0.0,3403.45,EUR,France,France,False,False,0.0,False,,,False
EVT_000672,BA000271,RAP,Rachat partiel,VAL,2022-01-30,2022-01-30,-31000.0,-31000.0,0.0,2199.29,EUR,France,France,False,False,0.0,False,,,False
EVT_000673,BA000272,OUV,Ouverture / Souscription,VAL,2019-10-16,2019-10-16,250000.0,250000.0,0.0,0.0,EUR,Luxembourg,,False,False,0.0,False,,,False
EVT_000674,BA000272,RAP,Rachat partiel,VAL,2021-07-01,2021-07-01,-87000.0,-87000.0,0.0,12434.24,EUR,Luxembourg,Luxembourg,False,False,0.0,False,,,False
EVT_000675,BA000273,OUV,Ouverture / Souscription,VAL,2021-05-01,2021-05-01,616000.0,616000.0,0.0,0.0,EUR,France,,False,False,0.0,False,,,False
EVT_000676,BA000274,OUV,Ouverture / Souscription,VAL,2019-07-06,2019-07-06,872000.0,872000.0,0.0,0.0,EUR,Finland,,False,False,0.0,False,,,False
EVT_000677,BA000274,RAP,Rachat partiel,VAL,2020-06-18,2020-06-18,-162000.0,-162000.0,0.0,21184.29,EUR,Finland,Finland,False,False,0.0,False,,,False
EVT_000678,BA000275,OUV,Ouverture / Souscription,VAL,2021-02-06,2021-02-06,250000.0,250000.0,0.0,0.0,EUR,France,,False,False,0.0,False,,,False
EVT_000679,BA000275,VLC,Versement libre complémentaire,VAL,2025-12-18,2025-12-18,115000.0,115000.0,0.0,0.0,EUR,France,,False,False,0.0,False,,,False
EVT_000680,BA000275,ARB,Arbitrage entre fonds,VAL,2022-09-15,2022-09-15,87000.0,87000.0,435.0,0.0,EUR,,,False,False,0.0,False,PE_LUX_01,LU0104884860,False
EVT_000681,BA000275,RAP,Rachat partiel,VAL,2024-07-06,2024-07-06,-32000.0,-32000.0,0.0,1573.48,EUR,France,France,False,False,0.0,False,,,False
EVT_000682,BA000275,RAP,Rachat partiel,VAL,2026-02-27,2026-02-27,-32000.0,-32000.0,0.0,1287.26,EUR,France,France,False,False,0.0,False,,,False
EVT_000683,BA000276,OUV,Ouverture / Souscription,VAL,2019-04-24,2019-04-24,487000.0,487000.0,0.0,0.0,EUR,Belgium,,False,False,0.0,False,,,False
EVT_000684,BA000276,RAP,Rachat partiel,VAL,2021-07-17,2021-07-17,-57000.0,-57000.0,0.0,4645.92,EUR,Belgium,Belgium,False,False,0.0,False,,,False
EVT_000685,BA000277,OUV,Ouverture / Souscription,VAL,2020-03-07,2020-03-07,911000.0,911000.0,0.0,0.0,EUR,Belgium,,True,False,0.0,False,,,False
EVT_000686,BA000277,VLC,Versement libre complémentaire,VAL,2024-07-14,2024-07-14,74000.0,74000.0,0.0,0.0,EUR,Belgium,,False,False,0.0,False,,,False
EVT_000687,BA000277,VLC,Versement libre complémentaire,VAL,2020-11-14,2020-11-14,74000.0,74000.0,0.0,0.0,EUR,Belgium,,False,False,0.0,False,,,False
EVT_000688,BA000278,OUV,Ouverture / Souscription,VAL,2020-10-09,2020-10-09,250000.0,250000.0,0.0,0.0,EUR,Belgium,,False,False,0.0,False,,,False
EVT_000689,BA000278,ARB,Arbitrage entre fonds,VAL,2024-11-06,2024-11-06,65000.0,65000.0,0.0,0.0,EUR,,,False,False,0.0,False,PE_LUX_01,XS2428662824,False
EVT_000690,BA000278,RAP,Rachat partiel,VAL,2023-08-22,2023-08-22,-16000.0,-16000.0,0.0,733.82,EUR,Belgium,Belgium,False,False,0.0,False,,,False
EVT_000691,BA000278,RAP,Rachat partiel,VAL,2023-02-24,2023-02-24,-16000.0,-16000.0,0.0,415.53,EUR,Belgium,Belgium,False,False,0.0,False,,,False
EVT_000692,BA000278,RAP,Rachat partiel,VAL,2023-12-17,2023-12-17,-16000.0,-16000.0,0.0,2262.79,EUR,Belgium,Belgium,False,False,0.0,False,,,False
EVT_000693,BA000279,OUV,Ouverture / Souscription,VAL,2024-06-15,2024-06-15,271000.0,271000.0,0.0,0.0,EUR,Belgium,,False,False,0.0,False,,,False
EVT_000694,BA000279,VLC,Versement libre complémentaire,VAL,2029-03-03,2029-03-03,62000.0,62000.0,0.0,0.0,EUR,Belgium,,False,False,0.0,False,,,False
EVT_000695,BA000279,ARB,Arbitrage entre fonds,VAL,2026-06-27,2026-06-27,125000.0,125000.0,625.0,0.0,EUR,,,False,False,0.0,False,FR001400OJI4,FAS_IND,False
EVT_000696,BA000279,ARB,Arbitrage entre fonds,VAL,2024-10-07,2024-10-07,43000.0,43000.0,0.0,0.0,EUR,,,False,False,0.0,False,FR001400OJI4,FAS_IND,False
EVT_000697,BA000280,OUV,Ouverture / Souscription,VAL,2020-10-27,2020-10-27,520000.0,520000.0,0.0,0.0,EUR,Portugal,,False,False,0.0,False,,,False
EVT_000698,BA000280,VLC,Versement libre complémentaire,VAL,2024-10-05,2024-10-05,116000.0,116000.0,0.0,0.0,EUR,Portugal,,False,False,0.0,False,,,False
EVT_000699,BA000281,OUV,Ouverture / Souscription,VAL,2023-12-24,2023-12-24,284000.0,284000.0,0.0,0.0,EUR,France,,True,False,0.0,False,,,False
EVT_000700,BA000282,OUV,Ouverture / Souscription,VAL,2026-06-22,2026-06-22,1330000.0,1330000.0,0.0,0.0,EUR,Finland,,False,False,0.0,False,,,False
EVT_000701,BA000282,ARB,Arbitrage entre fonds,VAL,2027-11-26,2027-11-26,194000.0,194000.0,0.0,0.0,EUR,,,False,False,0.0,False,LU0255977539,XS2428662824,False
EVT_000702,BA000282,RAP,Rachat partiel,VAL,2030-06-29,2030-06-29,-240000.0,-240000.0,0.0,21223.52,EUR,Finland,Finland,False,False,0.0,False,,,False
EVT_000703,BA000282,RAP,Rachat partiel,VAL,2027-08-09,2027-08-09,-240000.0,-232800.0,7200.0,0.0,EUR,Finland,Finland,False,True,7200.0,False,,,False
EVT_000704,BA000283,OUV,Ouverture / Souscription,VAL,2026-04-26,2026-04-26,415000.0,415000.0,0.0,0.0,EUR,France,,False,False,0.0,False,,,False
EVT_000705,BA000283,VLC,Versement libre complémentaire,VAL,2030-12-06,2030-12-06,49000.0,49000.0,0.0,0.0,EUR,France,,False,False,0.0,False,,,False
EVT_000706,BA000283,VLC,Versement libre complémentaire,VAL,2031-02-01,2031-02-01,49000.0,49000.0,0.0,0.0,EUR,France,,False,False,0.0,False,,,False
EVT_000707,BA000284,OUV,Ouverture / Souscription,VAL,2020-09-03,2020-09-03,430000.0,430000.0,0.0,0.0,EUR,Belgium,,False,False,0.0,False,,,False
EVT_000708,BA000284,RAP,Rachat partiel,VAL,2021-03-30,2021-03-30,-56000.0,-56000.0,0.0,1985.47,EUR,Belgium,Belgium,False,False,0.0,False,,,False
EVT_000709,BA000285,OUV,Ouverture / Souscription,VAL,2025-11-27,2025-11-27,250000.0,250000.0,0.0,0.0,EUR,Belgium,,False,False,0.0,False,,,False
EVT_000710,BA000285,ARB,Arbitrage entre fonds,VAL,2029-09-06,2029-09-06,21000.0,21000.0,0.0,0.0,EUR,,,False,False,0.0,False,FR001400OJI4,LU0255977539,False
EVT_000711,BA000286,OUV,Ouverture / Souscription,VAL,2023-08-31,2023-08-31,250000.0,250000.0,0.0,0.0,EUR,Belgium,,True,False,0.0,False,,,False
EVT_000712,BA000286,RAP,Rachat partiel,VAL,2027-11-16,2027-11-16,-95000.0,-95000.0,0.0,2456.23,EUR,Belgium,Belgium,False,False,0.0,False,,,False
EVT_000713,BA000287,OUV,Ouverture / Souscription,VAL,2021-10-27,2021-10-27,250000.0,250000.0,0.0,0.0,EUR,Belgium,,False,False,0.0,False,,,False
EVT_000714,BA000287,VLC,Versement libre complémentaire,VAL,2024-01-01,2024-01-01,140000.0,140000.0,0.0,0.0,EUR,Belgium,,False,False,0.0,False,,,False
EVT_000715,BA000288,OUV,Ouverture / Souscription,VAL,2025-03-15,2025-03-15,765000.0,765000.0,0.0,0.0,EUR,France,,False,False,0.0,False,,,False
EVT_000716,BA000289,OUV,Ouverture / Souscription,VAL,2023-06-22,2023-06-22,1447000.0,1447000.0,0.0,0.0,EUR,Italy,,False,False,0.0,False,,,False
EVT_000717,BA000289,VLC,Versement libre complémentaire,VAL,2026-03-29,2026-03-29,286000.0,286000.0,0.0,0.0,EUR,Italy,,False,False,0.0,False,,,False
EVT_000718,BA000289,RAP,Rachat partiel,VAL,2027-08-12,2027-08-12,-393000.0,-393000.0,0.0,38870.71,EUR,Italy,Italy,False,False,0.0,False,,,False
EVT_000719,BA000290,OUV,Ouverture / Souscription,VAL,2019-10-15,2019-10-15,956000.0,956000.0,0.0,0.0,EUR,France,,False,False,0.0,False,,,False
EVT_000720,BA000290,RAP,Rachat partiel,VAL,2024-03-07,2024-03-07,-271000.0,-271000.0,0.0,28301.06,EUR,France,France,False,False,0.0,False,,,False
EVT_000721,BA000291,OUV,Ouverture / Souscription,VAL,2024-11-15,2024-11-15,250000.0,250000.0,0.0,0.0,EUR,Belgium,,False,False,0.0,False,,,False
EVT_000722,BA000291,VLC,Versement libre complémentaire,VAL,2029-10-14,2029-10-14,20000.0,20000.0,0.0,0.0,EUR,Belgium,,False,False,0.0,False,,,False
EVT_000723,BA000291,VLC,Versement libre complémentaire,VAL,2026-07-20,2026-07-20,20000.0,20000.0,0.0,0.0,EUR,Belgium,,False,False,0.0,False,,,False
EVT_000724,BA000292,OUV,Ouverture / Souscription,VAL,2018-08-04,2018-08-04,250000.0,250000.0,0.0,0.0,EUR,Belgium,,False,False,0.0,False,,,False
EVT_000725,BA000293,OUV,Ouverture / Souscription,VAL,2019-12-22,2019-12-22,253000.0,253000.0,0.0,0.0,EUR,Belgium,,False,False,0.0,False,,,False
EVT_000726,BA000293,VLC,Versement libre complémentaire,VAL,2022-04-16,2022-04-16,43000.0,43000.0,0.0,0.0,EUR,Belgium,,False,False,0.0,False,,,False
EVT_000727,BA000294,OUV,Ouverture / Souscription,VAL,2020-03-15,2020-03-15,1006000.0,1006000.0,0.0,0.0,EUR,France,,False,False,0.0,False,,,False
EVT_000728,BA000295,OUV,Ouverture / Souscription,VAL,2021-01-24,2021-01-24,1429000.0,1429000.0,0.0,0.0,EUR,France,,False,False,0.0,False,,,False
EVT_000729,BA000295,RAP,Rachat partiel,VAL,2021-12-02,2021-12-02,-244000.0,-244000.0,0.0,29392.97,EUR,France,France,False,False,0.0,False,,,False
EVT_000730,BA000296,OUV,Ouverture / Souscription,VAL,2022-01-16,2022-01-16,1033000.0,1033000.0,0.0,0.0,EUR,France,,False,False,0.0,False,,,False
EVT_000731,BA000296,VLC,Versement libre complémentaire,VAL,2026-02-28,2026-02-28,306000.0,306000.0,0.0,0.0,EUR,France,,False,False,0.0,False,,,False
EVT_000732,BA000296,RAP,Rachat partiel,VAL,2026-01-26,2026-01-26,-152000.0,-152000.0,0.0,11081.76,EUR,France,France,False,False,0.0,False,,,False
EVT_000733,BA000296,RAP,Rachat partiel,VAL,2026-04-19,2026-04-19,-152000.0,-152000.0,0.0,18263.38,EUR,France,France,False,False,0.0,False,,,False
EVT_000734,BA000297,OUV,Ouverture / Souscription,VAL,2023-03-03,2023-03-03,250000.0,250000.0,0.0,0.0,EUR,France,,False,False,0.0,False,,,False
EVT_000735,BA000298,OUV,Ouverture / Souscription,VAL,2020-01-30,2020-01-30,1604000.0,1604000.0,0.0,0.0,EUR,France,,False,False,0.0,False,,,False
EVT_000736,BA000299,OUV,Ouverture / Souscription,VAL,2024-05-11,2024-05-11,250000.0,250000.0,0.0,0.0,EUR,Portugal,,False,False,0.0,False,,,False
EVT_000737,BA000299,VLC,Versement libre complémentaire,VAL,2028-10-13,2028-10-13,39000.0,39000.0,0.0,0.0,EUR,Portugal,,False,False,0.0,False,,,False
EVT_000738,BA000299,RAP,Rachat partiel,VAL,2029-02-11,2029-02-11,-45000.0,-45000.0,0.0,5209.36,EUR,Portugal,Portugal,False,False,0.0,False,,,False
EVT_000739,BA000300,OUV,Ouverture / Souscription,VAL,2024-08-30,2024-08-30,393000.0,393000.0,0.0,0.0,EUR,France,,False,False,0.0,False,,,False
EVT_000740,BA000301,OUV,Ouverture / Souscription,VAL,2021-06-07,2021-06-07,663000.0,663000.0,0.0,0.0,EUR,Belgium,,False,False,0.0,False,,,False
EVT_000741,BA000302,OUV,Ouverture / Souscription,VAL,2020-07-14,2020-07-14,723000.0,723000.0,0.0,0.0,EUR,France,,False,False,0.0,False,,,False
EVT_000742,BA000302,RAP,Rachat partiel,VAL,2025-03-02,2025-03-02,-289000.0,-289000.0,0.0,26993.11,EUR,France,France,False,False,0.0,False,,,False
EVT_000743,BA000303,OUV,Ouverture / Souscription,VAL,2026-06-13,2026-06-13,4298000.0,4298000.0,0.0,0.0,EUR,Belgium,,False,False,0.0,False,,,False
EVT_000744,BA000303,ARB,Arbitrage entre fonds,VAL,2030-01-01,2030-01-01,1465000.0,1465000.0,0.0,0.0,EUR,,,False,False,0.0,False,FR0010923383,FR001400OJI4,False
EVT_000745,BA000303,ARB,Arbitrage entre fonds,VAL,2029-11-02,2029-11-02,1369000.0,1369000.0,6845.0,0.0,EUR,,,False,False,0.0,False,FR0010923383,FR001400OJI4,False
EVT_000746,BA000304,OUV,Ouverture / Souscription,VAL,2023-04-28,2023-04-28,1171000.0,1171000.0,0.0,0.0,EUR,Belgium,,False,False,0.0,False,,,False
EVT_000747,BA000304,VLC,Versement libre complémentaire,VAL,2027-03-12,2027-03-12,72000.0,72000.0,0.0,0.0,EUR,Belgium,,False,False,0.0,False,,,False
EVT_000748,BA000305,OUV,Ouverture / Souscription,VAL,2018-09-22,2018-09-22,2782000.0,2782000.0,0.0,0.0,EUR,Belgium,,False,False,0.0,False,,,False
EVT_000749,BA000305,RAP,Rachat partiel,VAL,2019-07-10,2019-07-10,-328000.0,-328000.0,0.0,17321.58,EUR,Belgium,Belgium,False,False,0.0,False,,,False
EVT_000750,BA000306,OUV,Ouverture / Souscription,VAL,2024-02-16,2024-02-16,250000.0,250000.0,0.0,0.0,EUR,France,,False,False,0.0,False,,,False
EVT_000751,BA000307,OUV,Ouverture / Souscription,VAL,2024-09-28,2024-09-28,318000.0,318000.0,0.0,0.0,EUR,France,,False,False,0.0,False,,,False
EVT_000752,BA000308,OUV,Ouverture / Souscription,VAL,2023-01-12,2023-01-12,250000.0,250000.0,0.0,0.0,EUR,France,,False,False,0.0,False,,,False
EVT_000753,BA000308,ARB,Arbitrage entre fonds,VAL,2025-03-27,2025-03-27,23000.0,23000.0,115.0,0.0,EUR,,,False,False,0.0,False,FR0010392225,LU0255977539,False
EVT_000754,BA000309,OUV,Ouverture / Souscription,VAL,2022-12-16,2022-12-16,250000.0,250000.0,0.0,0.0,EUR,Norway,,False,False,0.0,False,,,False
EVT_000755,BA000309,VLC,Versement libre complémentaire,VAL,2024-05-31,2024-05-31,115000.0,115000.0,0.0,0.0,EUR,Norway,,False,False,0.0,False,,,False
EVT_000756,BA000310,OUV,Ouverture / Souscription,VAL,2022-03-01,2022-03-01,488000.0,488000.0,0.0,0.0,EUR,France,,False,False,0.0,False,,,False
EVT_000757,BA000311,OUV,Ouverture / Souscription,VAL,2019-12-02,2019-12-02,250000.0,250000.0,0.0,0.0,EUR,France,,False,False,0.0,False,,,False
EVT_000758,BA000312,OUV,Ouverture / Souscription,VAL,2026-05-03,2026-05-03,262000.0,262000.0,0.0,0.0,EUR,Italy,,False,False,0.0,False,,,False
EVT_000759,BA000312,VLC,Versement libre complémentaire,VAL,2029-08-15,2029-08-15,31000.0,31000.0,0.0,0.0,EUR,Italy,,False,False,0.0,False,,,False
EVT_000760,BA000313,OUV,Ouverture / Souscription,VAL,2019-11-17,2019-11-17,1088000.0,1088000.0,0.0,0.0,EUR,Belgium,,False,False,0.0,False,,,False
EVT_000761,BA000313,VLC,Versement libre complémentaire,VAL,2023-02-09,2023-02-09,104000.0,104000.0,0.0,0.0,EUR,Belgium,,False,False,0.0,False,,,False
EVT_000762,BA000313,VLC,Versement libre complémentaire,VAL,2020-07-30,2020-07-30,104000.0,104000.0,0.0,0.0,EUR,Belgium,,False,False,0.0,False,,,False
EVT_000763,BA000313,VLC,Versement libre complémentaire,VAL,2023-11-28,2023-11-28,104000.0,104000.0,0.0,0.0,EUR,Belgium,,False,False,0.0,False,,,False
EVT_000764,BA000314,OUV,Ouverture / Souscription,VAL,2020-10-07,2020-10-07,1097000.0,1097000.0,0.0,0.0,EUR,Belgium,,False,False,0.0,False,,,False
EVT_000765,BA000314,VLC,Versement libre complémentaire,VAL,2021-12-06,2021-12-06,56000.0,56000.0,0.0,0.0,EUR,Belgium,,False,False,0.0,False,,,False
EVT_000766,BA000314,VLC,Versement libre complémentaire,VAL,2022-07-23,2022-07-23,56000.0,56000.0,0.0,0.0,EUR,Belgium,,False,False,0.0,False,,,False
EVT_000767,BA000314,ARB,Arbitrage entre fonds,VAL,2023-10-17,2023-10-17,65000.0,65000.0,325.0,0.0,EUR,,,False,False,0.0,False,FID_UBS,LU0104884860,False
EVT_000768,BA000315,OUV,Ouverture / Souscription,VAL,2018-11-13,2018-11-13,250000.0,250000.0,0.0,0.0,EUR,France,,False,False,0.0,False,,,False
EVT_000769,BA000315,VLC,Versement libre complémentaire,VAL,2019-10-27,2019-10-27,29000.0,29000.0,0.0,0.0,EUR,France,,False,False,0.0,False,,,False
EVT_000770,BA000315,VLC,Versement libre complémentaire,VAL,2023-09-04,2023-09-04,29000.0,29000.0,0.0,0.0,EUR,France,,False,False,0.0,False,,,False
EVT_000771,BA000315,VLC,Versement libre complémentaire,VAL,2019-11-07,2019-11-07,29000.0,29000.0,0.0,0.0,EUR,France,,False,False,0.0,False,,,False
EVT_000772,BA000315,RAP,Rachat partiel,VAL,2024-02-12,2024-02-12,-48000.0,-48000.0,0.0,5740.22,EUR,France,France,False,False,0.0,False,,,False
EVT_000773,BA000316,OUV,Ouverture / Souscription,VAL,2026-05-23,2026-05-23,250000.0,250000.0,0.0,0.0,EUR,France,,False,False,0.0,False,,,False
EVT_000774,BA000316,ARB,Arbitrage entre fonds,VAL,2030-05-02,2030-05-02,76000.0,76000.0,380.0,0.0,EUR,,,False,False,0.0,False,FR0010923383,FR0010392225,False
EVT_000775,BA000317,OUV,Ouverture / Souscription,VAL,2025-08-12,2025-08-12,275000.0,275000.0,0.0,0.0,EUR,Belgium,,False,False,0.0,False,,,False
EVT_000776,BA000317,ARB,Arbitrage entre fonds,VAL,2029-01-27,2029-01-27,62000.0,62000.0,0.0,0.0,EUR,,,False,False,0.0,False,FID_BNP,LU0104884860,False
EVT_000777,BA000317,RAP,Rachat partiel,VAL,2027-07-13,2027-07-13,-123000.0,-123000.0,0.0,10216.85,EUR,Belgium,Belgium,False,False,0.0,False,,,False
EVT_000778,BA000318,OUV,Ouverture / Souscription,VAL,2024-05-22,2024-05-22,1511000.0,1511000.0,0.0,0.0,EUR,France,,True,False,0.0,False,,,False
EVT_000779,BA000318,VLC,Versement libre complémentaire,VAL,2027-12-14,2027-12-14,305000.0,305000.0,0.0,0.0,EUR,France,,False,False,0.0,False,,,False
EVT_000780,BA000319,OUV,Ouverture / Souscription,VAL,2025-12-26,2025-12-26,530000.0,530000.0,0.0,0.0,EUR,France,,False,False,0.0,False,,,False
EVT_000781,BA000319,VLC,Versement libre complémentaire,VAL,2028-04-20,2028-04-20,58000.0,58000.0,0.0,0.0,EUR,France,,False,False,0.0,False,,,False
EVT_000782,BA000319,ARB,Arbitrage entre fonds,VAL,2028-11-23,2028-11-23,184000.0,184000.0,920.0,0.0,EUR,,,False,False,0.0,False,FR0010923383,PE_LUX_01,False
EVT_000783,BA000320,OUV,Ouverture / Souscription,VAL,2021-05-16,2021-05-16,250000.0,250000.0,0.0,0.0,EUR,France,,False,False,0.0,False,,,False
EVT_000784,BA000320,VLC,Versement libre complémentaire,VAL,2024-04-24,2024-04-24,34000.0,34000.0,0.0,0.0,EUR,France,,False,False,0.0,False,,,False
EVT_000785,BA000321,OUV,Ouverture / Souscription,VAL,2023-10-30,2023-10-30,250000.0,250000.0,0.0,0.0,EUR,France,,False,False,0.0,False,,,False
EVT_000786,BA000322,OUV,Ouverture / Souscription,VAL,2025-07-12,2025-07-12,1164000.0,1164000.0,0.0,0.0,EUR,Belgium,,False,False,0.0,False,,,False
EVT_000787,BA000323,OUV,Ouverture / Souscription,VAL,2018-10-10,2018-10-10,250000.0,250000.0,0.0,0.0,EUR,Belgium,,False,False,0.0,False,,,False
EVT_000788,BA000323,ARB,Arbitrage entre fonds,VAL,2020-08-08,2020-08-08,33000.0,33000.0,165.0,0.0,EUR,,,False,False,0.0,False,FID_BNP,LU0255977539,False
EVT_000789,BA000324,OUV,Ouverture / Souscription,VAL,2023-10-27,2023-10-27,356000.0,356000.0,0.0,0.0,EUR,Belgium,,False,False,0.0,False,,,False
EVT_000790,BA000324,ARB,Arbitrage entre fonds,VAL,2024-12-02,2024-12-02,58000.0,58000.0,0.0,0.0,EUR,,,False,False,0.0,False,FID_BNP,XS2428662824,False
EVT_000791,BA000324,ARB,Arbitrage entre fonds,VAL,2027-12-03,2027-12-03,22000.0,22000.0,110.0,0.0,EUR,,,False,False,0.0,False,XS2428662824,FID_BNP,False
EVT_000792,BA000324,ARB,Arbitrage entre fonds,VAL,2027-10-22,2027-10-22,89000.0,89000.0,0.0,0.0,EUR,,,False,False,0.0,False,XS2428662824,FID_BNP,False
EVT_000793,BA000325,OUV,Ouverture / Souscription,VAL,2020-03-30,2020-03-30,250000.0,250000.0,0.0,0.0,EUR,Belgium,,False,False,0.0,False,,,False
EVT_000794,BA000325,RAP,Rachat partiel,VAL,2022-08-21,2022-08-21,-35000.0,-33950.0,1050.0,0.0,EUR,Belgium,Belgium,False,True,1050.0,False,,,False
EVT_000795,BA000325,RAP,Rachat partiel,VAL,2023-10-09,2023-10-09,-35000.0,-35000.0,0.0,981.0,EUR,Belgium,Belgium,False,False,0.0,False,,,False
EVT_000796,BA000326,OUV,Ouverture / Souscription,VAL,2021-07-05,2021-07-05,310000.0,310000.0,0.0,0.0,EUR,Luxembourg,,False,False,0.0,False,,,False
EVT_000797,BA000326,VLC,Versement libre complémentaire,VAL,2022-12-19,2022-12-19,47000.0,47000.0,0.0,0.0,EUR,Luxembourg,,False,False,0.0,False,,,False
EVT_000798,BA000327,OUV,Ouverture / Souscription,VAL,2023-02-21,2023-02-21,1441000.0,1441000.0,0.0,0.0,EUR,Luxembourg,,False,False,0.0,False,,,False
EVT_000799,BA000327,ARB,Arbitrage entre fonds,VAL,2025-02-08,2025-02-08,422000.0,422000.0,2110.0,0.0,EUR,,,False,False,0.0,False,FID_BNP,LU0255977539,False
EVT_000800,BA000328,OUV,Ouverture / Souscription,VAL,2023-10-04,2023-10-04,385000.0,385000.0,0.0,0.0,EUR,Luxembourg,,False,False,0.0,False,,,False
EVT_000801,BA000328,RAP,Rachat partiel,VAL,2028-08-21,2028-08-21,-120000.0,-120000.0,0.0,8744.67,EUR,Luxembourg,Luxembourg,False,False,0.0,False,,,False
EVT_000802,BA000329,OUV,Ouverture / Souscription,VAL,2021-07-30,2021-07-30,298000.0,298000.0,0.0,0.0,EUR,France,,False,False,0.0,False,,,False
EVT_000803,BA000329,VLC,Versement libre complémentaire,VAL,2024-05-13,2024-05-13,38000.0,38000.0,0.0,0.0,EUR,France,,False,False,0.0,False,,,False
EVT_000804,BA000329,RAP,Rachat partiel,VAL,2026-02-10,2026-02-10,-128000.0,-128000.0,0.0,7409.24,EUR,France,France,False,False,0.0,False,,,False
EVT_000805,BA000330,OUV,Ouverture / Souscription,VAL,2023-10-11,2023-10-11,1164000.0,1164000.0,0.0,0.0,EUR,Sweden,,False,False,0.0,False,,,False
EVT_000806,BA000330,VLC,Versement libre complémentaire,VAL,2027-02-13,2027-02-13,477000.0,477000.0,0.0,0.0,EUR,Sweden,,False,False,0.0,False,,,False
EVT_000807,BA000331,OUV,Ouverture / Souscription,VAL,2024-01-30,2024-01-30,687000.0,687000.0,0.0,0.0,EUR,Sweden,,False,False,0.0,False,,,False
EVT_000808,BA000331,RAP,Rachat partiel,VAL,2027-01-28,2027-01-28,-292000.0,-292000.0,0.0,23218.26,EUR,Sweden,Sweden,False,False,0.0,False,,,False
EVT_000809,BA000332,OUV,Ouverture / Souscription,VAL,2025-12-25,2025-12-25,505000.0,505000.0,0.0,0.0,EUR,Italy,,False,False,0.0,False,,,False
EVT_000810,BA000332,RAP,Rachat partiel,VAL,2029-11-17,2029-11-17,-111000.0,-111000.0,0.0,13581.68,EUR,Italy,Italy,False,False,0.0,False,,,False
EVT_000811,BA000333,OUV,Ouverture / Souscription,VAL,2022-12-01,2022-12-01,250000.0,250000.0,0.0,0.0,EUR,France,,False,False,0.0,False,,,False
EVT_000812,BA000334,OUV,Ouverture / Souscription,VAL,2018-07-30,2018-07-30,250000.0,250000.0,0.0,0.0,EUR,France,,False,False,0.0,False,,,False
EVT_000813,BA000334,VLC,Versement libre complémentaire,VAL,2023-09-20,2023-09-20,35000.0,35000.0,0.0,0.0,EUR,France,,False,False,0.0,False,,,False
EVT_000814,BA000334,VLC,Versement libre complémentaire,VAL,2024-01-11,2024-01-11,35000.0,35000.0,0.0,0.0,EUR,France,,False,False,0.0,False,,,False
EVT_000815,BA000334,VLC,Versement libre complémentaire,VAL,2021-11-24,2021-11-24,35000.0,35000.0,0.0,0.0,EUR,France,,False,False,0.0,False,,,False
EVT_000816,BA000334,RAP,Rachat partiel,VAL,2023-12-26,2023-12-26,-20000.0,-19400.0,600.0,0.0,EUR,France,France,False,True,600.0,False,,,False
EVT_000817,BA000334,RAP,Rachat partiel,VAL,2020-05-10,2020-05-10,-20000.0,-20000.0,0.0,1499.0,EUR,France,France,False,False,0.0,False,,,False
EVT_000818,BA000335,OUV,Ouverture / Souscription,VAL,2022-12-16,2022-12-16,250000.0,250000.0,0.0,0.0,EUR,France,,False,False,0.0,False,,,False
EVT_000819,BA000335,VLC,Versement libre complémentaire,VAL,2023-08-18,2023-08-18,50000.0,50000.0,0.0,0.0,EUR,France,,False,False,0.0,False,,,False
EVT_000820,BA000335,VLC,Versement libre complémentaire,VAL,2025-09-03,2025-09-03,50000.0,50000.0,0.0,0.0,EUR,France,,False,False,0.0,False,,,False
EVT_000821,BA000336,OUV,Ouverture / Souscription,VAL,2018-08-11,2018-08-11,250000.0,250000.0,0.0,0.0,EUR,France,,False,False,0.0,False,,,False
EVT_000822,BA000337,OUV,Ouverture / Souscription,VAL,2022-08-29,2022-08-29,973000.0,973000.0,0.0,0.0,EUR,France,,False,False,0.0,False,,,False
EVT_000823,BA000338,OUV,Ouverture / Souscription,VAL,2020-02-11,2020-02-11,1426000.0,1426000.0,0.0,0.0,EUR,France,,False,False,0.0,False,,,False
EVT_000824,BA000338,ARB,Arbitrage entre fonds,VAL,2023-06-20,2023-06-20,195000.0,195000.0,0.0,0.0,EUR,,,False,False,0.0,False,FID_BNP,FR0010392225,False
EVT_000825,BA000338,ARB,Arbitrage entre fonds,VAL,2024-02-01,2024-02-01,149000.0,149000.0,745.0,0.0,EUR,,,False,False,0.0,False,FID_BNP,FR0010392225,False
EVT_000826,BA000339,OUV,Ouverture / Souscription,VAL,2022-11-14,2022-11-14,1466000.0,1466000.0,0.0,0.0,EUR,France,,False,False,0.0,False,,,False
EVT_000827,BA000339,ARB,Arbitrage entre fonds,VAL,2023-11-15,2023-11-15,540000.0,540000.0,0.0,0.0,EUR,,,False,False,0.0,False,XS2428662824,FID_BNP,False
EVT_000828,BA000340,OUV,Ouverture / Souscription,VAL,2025-11-01,2025-11-01,250000.0,250000.0,0.0,0.0,EUR,France,,False,False,0.0,False,,,False
EVT_000829,BA000340,VLC,Versement libre complémentaire,VAL,2030-03-19,2030-03-19,29000.0,29000.0,0.0,0.0,EUR,France,,False,False,0.0,False,,,False
EVT_000830,BA000341,OUV,Ouverture / Souscription,VAL,2023-09-28,2023-09-28,830000.0,830000.0,0.0,0.0,EUR,France,,False,False,0.0,False,,,False
EVT_000831,BA000342,OUV,Ouverture / Souscription,VAL,2023-01-10,2023-01-10,557000.0,557000.0,0.0,0.0,EUR,Belgium,,False,False,0.0,False,,,False
EVT_000832,BA000343,OUV,Ouverture / Souscription,VAL,2019-05-15,2019-05-15,250000.0,250000.0,0.0,0.0,EUR,Belgium,,False,False,0.0,False,,,False
EVT_000833,BA000343,VLC,Versement libre complémentaire,VAL,2021-03-18,2021-03-18,32000.0,32000.0,0.0,0.0,EUR,Belgium,,False,False,0.0,False,,,False
EVT_000834,BA000343,VLC,Versement libre complémentaire,VAL,2022-11-29,2022-11-29,32000.0,32000.0,0.0,0.0,EUR,Belgium,,False,False,0.0,False,,,False
EVT_000835,BA000344,OUV,Ouverture / Souscription,VAL,2024-06-04,2024-06-04,2202000.0,2202000.0,0.0,0.0,EUR,Luxembourg,,False,False,0.0,False,,,False
EVT_000836,BA000344,ARB,Arbitrage entre fonds,VAL,2026-06-14,2026-06-14,118000.0,118000.0,590.0,0.0,EUR,,,False,False,0.0,False,LU0255977539,FR0010923383,False
EVT_000837,BA000344,ARB,Arbitrage entre fonds,VAL,2027-01-23,2027-01-23,556000.0,556000.0,2780.0,0.0,EUR,,,False,False,0.0,False,FR0010923383,LU0255977539,False
EVT_000838,BA000345,OUV,Ouverture / Souscription,VAL,2024-03-16,2024-03-16,1441000.0,1441000.0,0.0,0.0,EUR,France,,False,False,0.0,False,,,False
EVT_000839,BA000345,ARB,Arbitrage entre fonds,VAL,2025-03-30,2025-03-30,386000.0,386000.0,1930.0,0.0,EUR,,,False,False,0.0,False,XS2428662824,FID_UBS,False
EVT_000840,BA000346,OUV,Ouverture / Souscription,VAL,2019-02-26,2019-02-26,440000.0,440000.0,0.0,0.0,EUR,Belgium,,False,False,0.0,False,,,False
EVT_000841,BA000347,OUV,Ouverture / Souscription,VAL,2019-01-31,2019-01-31,803000.0,803000.0,0.0,0.0,EUR,Belgium,,False,False,0.0,False,,,False
EVT_000842,BA000347,VLC,Versement libre complémentaire,VAL,2021-06-18,2021-06-18,238000.0,238000.0,0.0,0.0,EUR,Belgium,,False,False,0.0,False,,,False
EVT_000843,BA000347,RAP,Rachat partiel,VAL,2023-06-25,2023-06-25,-84000.0,-84000.0,0.0,12144.5,EUR,Belgium,Belgium,False,False,0.0,False,,,False
EVT_000844,BA000347,RAP,Rachat partiel,VAL,2023-03-04,2023-03-04,-84000.0,-84000.0,0.0,10329.45,EUR,Belgium,Belgium,False,False,0.0,False,,,False
EVT_000845,BA000348,OUV,Ouverture / Souscription,VAL,2022-08-22,2022-08-22,1785000.0,1785000.0,0.0,0.0,EUR,Belgium,,False,False,0.0,False,,,False
EVT_000846,BA000349,OUV,Ouverture / Souscription,VAL,2026-04-21,2026-04-21,340000.0,340000.0,0.0,0.0,EUR,France,,False,False,0.0,False,,,False
EVT_000847,BA000350,OUV,Ouverture / Souscription,VAL,2026-01-12,2026-01-12,1382000.0,1382000.0,0.0,0.0,EUR,France,,False,False,0.0,False,,,False
EVT_000848,BA000350,VLC,Versement libre complémentaire,VAL,2029-03-20,2029-03-20,171000.0,171000.0,0.0,0.0,EUR,France,,False,False,0.0,False,,,False
EVT_000849,BA000350,RAP,Rachat partiel,VAL,2030-03-06,2030-03-06,-618000.0,-599460.0,18540.0,0.0,EUR,France,France,False,True,18540.0,False,,,False
EVT_000850,BA000351,OUV,Ouverture / Souscription,VAL,2020-02-10,2020-02-10,437000.0,437000.0,0.0,0.0,EUR,France,,False,False,0.0,False,,,False
EVT_000851,BA000352,OUV,Ouverture / Souscription,VAL,2021-11-21,2021-11-21,511000.0,511000.0,0.0,0.0,EUR,Portugal,,False,False,0.0,False,,,False
EVT_000852,BA000352,VLC,Versement libre complémentaire,VAL,2025-01-22,2025-01-22,14000.0,14000.0,0.0,0.0,EUR,Portugal,,False,False,0.0,False,,,False
EVT_000853,BA000352,VLC,Versement libre complémentaire,VAL,2023-05-31,2023-05-31,14000.0,14000.0,0.0,0.0,EUR,Portugal,,False,False,0.0,False,,,False
EVT_000854,BA000352,VLC,Versement libre complémentaire,VAL,2024-10-01,2024-10-01,14000.0,14000.0,0.0,0.0,EUR,Portugal,,False,False,0.0,False,,,False
EVT_000855,BA000352,RAP,Rachat partiel,VAL,2024-06-24,2024-06-24,-198000.0,-192060.0,5940.0,0.0,EUR,Portugal,Portugal,False,True,5940.0,False,,,False
EVT_000856,BA000353,OUV,Ouverture / Souscription,VAL,2024-12-23,2024-12-23,250000.0,250000.0,0.0,0.0,EUR,Belgium,,False,False,0.0,False,,,False
EVT_000857,BA000353,ARB,Arbitrage entre fonds,VAL,2028-12-31,2028-12-31,32000.0,32000.0,160.0,0.0,EUR,,,False,False,0.0,False,FAS_ROT,FR0010923383,False
EVT_000858,BA000353,RAP,Rachat partiel,VAL,2026-07-27,2026-07-27,-36000.0,-34920.0,1080.0,0.0,EUR,Belgium,Belgium,False,True,1080.0,False,,,False
EVT_000859,BA000354,OUV,Ouverture / Souscription,VAL,2021-12-30,2021-12-30,516000.0,516000.0,0.0,0.0,EUR,Finland,,False,False,0.0,False,,,False
EVT_000860,BA000354,VLC,Versement libre complémentaire,VAL,2026-09-20,2026-09-20,41000.0,41000.0,0.0,0.0,EUR,Finland,,False,False,0.0,False,,,False
EVT_000861,BA000354,VLC,Versement libre complémentaire,VAL,2022-08-03,2022-08-03,41000.0,41000.0,0.0,0.0,EUR,Finland,,False,False,0.0,False,,,False
EVT_000862,BA000354,VLC,Versement libre complémentaire,VAL,2022-07-18,2022-07-18,41000.0,41000.0,0.0,0.0,EUR,Finland,,False,False,0.0,False,,,False
EVT_000863,BA000354,RAP,Rachat partiel,VAL,2022-08-20,2022-08-20,-69000.0,-69000.0,0.0,4441.36,EUR,Finland,Finland,False,False,0.0,False,,,False
EVT_000864,BA000354,RAP,Rachat partiel,VAL,2026-03-20,2026-03-20,-69000.0,-69000.0,0.0,4948.3,EUR,Finland,Finland,False,False,0.0,False,,,False
EVT_000865,BA000354,RAP,Rachat partiel,VAL,2022-07-12,2022-07-12,-69000.0,-69000.0,0.0,10214.98,EUR,Finland,Finland,False,False,0.0,False,,,False
EVT_000866,BA000355,OUV,Ouverture / Souscription,VAL,2022-02-20,2022-02-20,250000.0,250000.0,0.0,0.0,EUR,France,,False,False,0.0,False,,,False
EVT_000867,BA000355,VLC,Versement libre complémentaire,VAL,2024-06-17,2024-06-17,54000.0,54000.0,0.0,0.0,EUR,France,,False,False,0.0,False,,,False
EVT_000868,BA000356,OUV,Ouverture / Souscription,VAL,2019-10-16,2019-10-16,250000.0,250000.0,0.0,0.0,EUR,France,,False,False,0.0,False,,,False
EVT_000869,BA000356,VLC,Versement libre complémentaire,VAL,2023-04-02,2023-04-02,131000.0,131000.0,0.0,0.0,EUR,France,,False,False,0.0,False,,,False
EVT_000870,BA000356,ARB,Arbitrage entre fonds,VAL,2021-04-25,2021-04-25,123000.0,123000.0,0.0,0.0,EUR,,,False,False,0.0,False,FR0010392225,XS2428662824,False
EVT_000871,BA000357,OUV,Ouverture / Souscription,VAL,2019-10-10,2019-10-10,250000.0,250000.0,0.0,0.0,EUR,France,,False,False,0.0,False,,,False
EVT_000872,BA000358,OUV,Ouverture / Souscription,VAL,2020-09-10,2020-09-10,1853000.0,1853000.0,0.0,0.0,EUR,Italy,,False,False,0.0,False,,,False
EVT_000873,BA000358,ARB,Arbitrage entre fonds,VAL,2023-06-25,2023-06-25,476000.0,476000.0,2380.0,0.0,EUR,,,False,False,0.0,False,FR0010392225,FID_UBS,False
EVT_000874,BA000359,OUV,Ouverture / Souscription,VAL,2025-05-17,2025-05-17,403000.0,403000.0,0.0,0.0,EUR,France,,False,False,0.0,False,,,False
EVT_000875,BA000359,VLC,Versement libre complémentaire,VAL,2029-08-17,2029-08-17,100000.0,100000.0,0.0,0.0,EUR,France,,False,False,0.0,False,,,False
EVT_000876,BA000359,ARB,Arbitrage entre fonds,VAL,2027-04-12,2027-04-12,55000.0,55000.0,0.0,0.0,EUR,,,False,False,0.0,False,FR001400OJI4,FID_BNP,False
EVT_000877,BA000359,RAP,Rachat partiel,VAL,2028-02-13,2028-02-13,-81000.0,-81000.0,0.0,5421.41,EUR,France,France,False,False,0.0,False,,,False
EVT_000878,BA000360,OUV,Ouverture / Souscription,VAL,2020-11-16,2020-11-16,450000.0,450000.0,0.0,0.0,EUR,Portugal,,False,False,0.0,False,,,False
EVT_000879,BA000360,VLC,Versement libre complémentaire,VAL,2025-12-07,2025-12-07,127000.0,127000.0,0.0,0.0,EUR,Portugal,,False,False,0.0,False,,,False
EVT_000880,BA000361,OUV,Ouverture / Souscription,VAL,2018-11-02,2018-11-02,741000.0,741000.0,0.0,0.0,EUR,Portugal,,False,False,0.0,False,,,False
EVT_000881,BA000361,ARB,Arbitrage entre fonds,VAL,2021-06-26,2021-06-26,104000.0,104000.0,0.0,0.0,EUR,,,False,False,0.0,False,FID_UBS,LU0255977539,False
EVT_000882,BA000361,ARB,Arbitrage entre fonds,VAL,2022-01-06,2022-01-06,178000.0,178000.0,890.0,0.0,EUR,,,False,False,0.0,False,FID_UBS,LU0255977539,False
EVT_000883,BA000361,ARB,Arbitrage entre fonds,VAL,2022-08-30,2022-08-30,82000.0,82000.0,0.0,0.0,EUR,,,False,False,0.0,False,LU0255977539,FID_UBS,False
EVT_000884,BA000361,RAP,Rachat partiel,VAL,2022-05-10,2022-05-10,-160000.0,-160000.0,0.0,4004.8,EUR,Portugal,Portugal,False,False,0.0,False,,,False
EVT_000885,BA000362,OUV,Ouverture / Souscription,VAL,2019-08-07,2019-08-07,250000.0,250000.0,0.0,0.0,EUR,Belgium,,False,False,0.0,False,,,False
EVT_000886,BA000362,RAP,Rachat partiel,VAL,2023-05-08,2023-05-08,-39000.0,-37830.0,1170.0,0.0,EUR,Belgium,Belgium,False,True,1170.0,False,,,False
EVT_000887,BA000363,OUV,Ouverture / Souscription,VAL,2025-10-29,2025-10-29,250000.0,250000.0,0.0,0.0,EUR,Belgium,,False,False,0.0,False,,,False
EVT_000888,BA000363,RAP,Rachat partiel,VAL,2029-11-07,2029-11-07,-71000.0,-71000.0,0.0,8744.93,EUR,Belgium,Belgium,False,False,0.0,False,,,False
EVT_000889,BA000364,OUV,Ouverture / Souscription,VAL,2023-03-29,2023-03-29,250000.0,250000.0,0.0,0.0,EUR,Portugal,,False,False,0.0,False,,,False
EVT_000890,BA000365,OUV,Ouverture / Souscription,VAL,2024-01-27,2024-01-27,839000.0,839000.0,0.0,0.0,EUR,France,,True,False,0.0,False,,,False
EVT_000891,BA000365,VLC,Versement libre complémentaire,VAL,2025-11-21,2025-11-21,164000.0,164000.0,0.0,0.0,EUR,France,,False,False,0.0,False,,,False
EVT_000892,BA000366,OUV,Ouverture / Souscription,VAL,2025-09-26,2025-09-26,250000.0,250000.0,0.0,0.0,EUR,Finland,,False,False,0.0,False,,,False
EVT_000893,BA000366,VLC,Versement libre complémentaire,VAL,2027-09-17,2027-09-17,50000.0,50000.0,0.0,0.0,EUR,Finland,,True,False,0.0,False,,,False
EVT_000894,BA000366,ARB,Arbitrage entre fonds,VAL,2026-02-26,2026-02-26,107000.0,107000.0,0.0,0.0,EUR,,,False,False,0.0,False,FID_BNP,XS2428662824,False
EVT_000895,BA000367,OUV,Ouverture / Souscription,VAL,2026-01-30,2026-01-30,250000.0,250000.0,0.0,0.0,EUR,Finland,,False,False,0.0,False,,,False
EVT_000896,BA000367,VLC,Versement libre complémentaire,VAL,2029-01-04,2029-01-04,24000.0,24000.0,0.0,0.0,EUR,Finland,,False,False,0.0,False,,,False
EVT_000897,BA000367,ARB,Arbitrage entre fonds,VAL,2026-08-19,2026-08-19,74000.0,74000.0,0.0,0.0,EUR,,,False,False,0.0,False,LU0255977539,FID_BNP,False
EVT_000898,BA000367,ARB,Arbitrage entre fonds,VAL,2027-01-22,2027-01-22,64000.0,64000.0,320.0,0.0,EUR,,,False,False,0.0,False,FR0010923383,LU0255977539,False
EVT_000899,BA000367,ARB,Arbitrage entre fonds,VAL,2026-12-25,2026-12-25,31000.0,31000.0,0.0,0.0,EUR,,,False,False,0.0,False,FR0010923383,FID_BNP,False
EVT_000900,BA000367,RAP,Rachat partiel,VAL,2027-08-22,2027-08-22,-27000.0,-27000.0,0.0,763.96,EUR,Finland,Finland,False,False,0.0,False,,,False
EVT_000901,BA000367,RAP,Rachat partiel,VAL,2029-02-02,2029-02-02,-27000.0,-27000.0,0.0,3326.77,EUR,Finland,Finland,False,False,0.0,False,,,False
EVT_000902,BA000367,RAP,Rachat partiel,VAL,2029-03-07,2029-03-07,-27000.0,-27000.0,0.0,1417.67,EUR,Finland,Finland,False,False,0.0,False,,,False
EVT_000903,BA000368,OUV,Ouverture / Souscription,VAL,2024-06-13,2024-06-13,250000.0,250000.0,0.0,0.0,EUR,France,,False,False,0.0,False,,,False
EVT_000904,BA000368,VLC,Versement libre complémentaire,VAL,2028-02-25,2028-02-25,38000.0,38000.0,0.0,0.0,EUR,France,,False,False,0.0,False,,,False
EVT_000905,BA000368,VLC,Versement libre complémentaire,VAL,2028-01-18,2028-01-18,38000.0,38000.0,0.0,0.0,EUR,France,,False,False,0.0,False,,,False
EVT_000906,BA000369,OUV,Ouverture / Souscription,VAL,2023-04-28,2023-04-28,250000.0,250000.0,0.0,0.0,EUR,Sweden,,True,False,0.0,False,,,False
EVT_000907,BA000369,VLC,Versement libre complémentaire,VAL,2028-01-22,2028-01-22,28000.0,28000.0,0.0,0.0,EUR,Sweden,,False,False,0.0,False,,,False
EVT_000908,BA000369,VLC,Versement libre complémentaire,VAL,2026-02-16,2026-02-16,28000.0,28000.0,0.0,0.0,EUR,Sweden,,False,False,0.0,False,,,False
EVT_000909,BA000370,OUV,Ouverture / Souscription,VAL,2021-05-31,2021-05-31,250000.0,250000.0,0.0,0.0,EUR,Sweden,,False,False,0.0,False,,,False
EVT_000910,BA000370,VLC,Versement libre complémentaire,VAL,2023-11-30,2023-11-30,70000.0,70000.0,0.0,0.0,EUR,Sweden,,False,False,0.0,False,,,False
EVT_000911,BA000371,OUV,Ouverture / Souscription,VAL,2024-03-03,2024-03-03,250000.0,250000.0,0.0,0.0,EUR,France,,False,False,0.0,False,,,False
EVT_000912,BA000371,VLC,Versement libre complémentaire,VAL,2025-02-24,2025-02-24,66000.0,66000.0,0.0,0.0,EUR,France,,False,False,0.0,False,,,False
EVT_000913,BA000372,OUV,Ouverture / Souscription,VAL,2023-11-17,2023-11-17,250000.0,250000.0,0.0,0.0,EUR,Belgium,,False,False,0.0,False,,,False
EVT_000914,BA000372,VLC,Versement libre complémentaire,VAL,2025-09-18,2025-09-18,32000.0,32000.0,0.0,0.0,EUR,Belgium,,False,False,0.0,False,,,False
EVT_000915,BA000372,ARB,Arbitrage entre fonds,VAL,2027-01-29,2027-01-29,72000.0,72000.0,360.0,0.0,EUR,,,False,False,0.0,False,LU0104884860,FR0010923383,False
EVT_000916,BA000372,ARB,Arbitrage entre fonds,VAL,2026-06-12,2026-06-12,13000.0,13000.0,65.0,0.0,EUR,,,False,False,0.0,False,LU0104884860,FR0010923383,False
EVT_000917,BA000372,RAP,Rachat partiel,VAL,2025-06-14,2025-06-14,-98000.0,-98000.0,0.0,7638.87,EUR,Belgium,Belgium,False,False,0.0,False,,,False
EVT_000918,BA000373,OUV,Ouverture / Souscription,VAL,2022-03-06,2022-03-06,250000.0,250000.0,0.0,0.0,EUR,Belgium,,False,False,0.0,False,,,False
EVT_000919,BA000373,ARB,Arbitrage entre fonds,VAL,2025-01-23,2025-01-23,33000.0,33000.0,165.0,0.0,EUR,,,False,False,0.0,False,FAS_IND,XS2428662824,False
EVT_000920,BA000374,OUV,Ouverture / Souscription,VAL,2019-08-06,2019-08-06,250000.0,250000.0,0.0,0.0,EUR,Portugal,,False,False,0.0,False,,,False
EVT_000921,BA000374,RAP,Rachat partiel,VAL,2023-07-21,2023-07-21,-100000.0,-100000.0,0.0,8411.62,EUR,Portugal,Portugal,False,False,0.0,False,,,False
EVT_000922,BA000375,OUV,Ouverture / Souscription,VAL,2025-01-29,2025-01-29,1674000.0,1674000.0,0.0,0.0,EUR,Italy,,False,False,0.0,False,,,False
EVT_000923,BA000375,ARB,Arbitrage entre fonds,VAL,2027-02-04,2027-02-04,594000.0,594000.0,0.0,0.0,EUR,,,False,False,0.0,False,FR0010923383,LU0255977539,False
EVT_000924,BA000375,ARB,Arbitrage entre fonds,VAL,2028-04-06,2028-04-06,312000.0,312000.0,0.0,0.0,EUR,,,False,False,0.0,False,FR0010923383,FID_UBS,False
EVT_000925,BA000375,ARB,Arbitrage entre fonds,VAL,2026-09-21,2026-09-21,608000.0,608000.0,3040.0,0.0,EUR,,,False,False,0.0,False,FID_UBS,FR0010923383,False
EVT_000926,BA000376,OUV,Ouverture / Souscription,VAL,2026-07-20,2026-07-20,250000.0,250000.0,0.0,0.0,EUR,Luxembourg,,False,False,0.0,False,,,False
EVT_000927,BA000376,VLC,Versement libre complémentaire,VAL,2028-06-27,2028-06-27,46000.0,46000.0,0.0,0.0,EUR,Luxembourg,,False,False,0.0,False,,,False
EVT_000928,BA000376,ARB,Arbitrage entre fonds,VAL,2029-08-08,2029-08-08,62000.0,62000.0,0.0,0.0,EUR,,,False,False,0.0,False,FR0010392225,FAS_IND,False
EVT_000929,BA000376,RAP,Rachat partiel,VAL,2027-06-17,2027-06-17,-55000.0,-55000.0,0.0,7786.92,EUR,Luxembourg,Luxembourg,False,False,0.0,False,,,False
EVT_000930,BA000377,OUV,Ouverture / Souscription,VAL,2022-10-01,2022-10-01,250000.0,250000.0,0.0,0.0,EUR,Italy,,False,False,0.0,False,,,False
EVT_000931,BA000377,VLC,Versement libre complémentaire,VAL,2027-12-17,2027-12-17,49000.0,49000.0,0.0,0.0,EUR,Italy,,False,False,0.0,False,,,False
EVT_000932,BA000377,ARB,Arbitrage entre fonds,VAL,2022-12-31,2022-12-31,51000.0,51000.0,255.0,0.0,EUR,,,False,False,0.0,False,LU0255977539,FID_BNP,False
EVT_000933,BA000377,RAP,Rachat partiel,VAL,2026-11-29,2026-11-29,-24000.0,-23280.0,720.0,0.0,EUR,Italy,Italy,False,True,720.0,False,,,False
EVT_000934,BA000377,RAP,Rachat partiel,VAL,2027-05-24,2027-05-24,-24000.0,-24000.0,0.0,1079.22,EUR,Italy,Italy,True,False,0.0,False,,,False
EVT_000935,BA000377,RAP,Rachat partiel,VAL,2023-12-05,2023-12-05,-24000.0,-24000.0,0.0,2960.55,EUR,Italy,Italy,False,False,0.0,False,,,False
EVT_000936,BA000378,OUV,Ouverture / Souscription,VAL,2025-02-25,2025-02-25,250000.0,250000.0,0.0,0.0,EUR,Italy,,False,False,0.0,False,,,False
EVT_000937,BA000378,RAP,Rachat partiel,VAL,2027-10-25,2027-10-25,-46000.0,-46000.0,0.0,4808.5,EUR,Italy,Italy,False,False,0.0,False,,,False
EVT_000938,BA000379,OUV,Ouverture / Souscription,VAL,2021-10-18,2021-10-18,250000.0,250000.0,0.0,0.0,EUR,France,,False,False,0.0,False,,,False
EVT_000939,BA000380,OUV,Ouverture / Souscription,VAL,2023-06-03,2023-06-03,250000.0,250000.0,0.0,0.0,EUR,France,,False,False,0.0,False,,,False
EVT_000940,BA000380,VLC,Versement libre complémentaire,VAL,2025-02-25,2025-02-25,30000.0,30000.0,0.0,0.0,EUR,France,,False,False,0.0,False,,,False
EVT_000941,BA000381,OUV,Ouverture / Souscription,VAL,2024-05-10,2024-05-10,250000.0,250000.0,0.0,0.0,EUR,France,,False,False,0.0,False,,,False
EVT_000942,BA000382,OUV,Ouverture / Souscription,VAL,2018-08-14,2018-08-14,354000.0,354000.0,0.0,0.0,EUR,France,,False,False,0.0,False,,,False
EVT_000943,BA000382,VLC,Versement libre complémentaire,VAL,2020-06-24,2020-06-24,52000.0,52000.0,0.0,0.0,EUR,France,,False,False,0.0,False,,,False
EVT_000944,BA000383,OUV,Ouverture / Souscription,VAL,2022-03-23,2022-03-23,250000.0,250000.0,0.0,0.0,EUR,Luxembourg,,False,False,0.0,False,,,False
EVT_000945,BA000383,VLC,Versement libre complémentaire,VAL,2027-06-02,2027-06-02,99000.0,99000.0,0.0,0.0,EUR,Luxembourg,,False,False,0.0,False,,,False
EVT_000946,BA000383,RAP,Rachat partiel,VAL,2023-01-27,2023-01-27,-50000.0,-50000.0,0.0,5327.07,EUR,Luxembourg,Luxembourg,False,False,0.0,False,,,False
EVT_000947,BA000384,OUV,Ouverture / Souscription,VAL,2023-12-27,2023-12-27,250000.0,250000.0,0.0,0.0,EUR,France,,False,False,0.0,False,,,False
EVT_000948,BA000385,OUV,Ouverture / Souscription,VAL,2019-06-12,2019-06-12,346000.0,346000.0,0.0,0.0,EUR,Belgium,,False,False,0.0,False,,,False
EVT_000949,BA000385,VLC,Versement libre complémentaire,VAL,2020-08-30,2020-08-30,118000.0,118000.0,0.0,0.0,EUR,Belgium,,False,False,0.0,False,,,False
EVT_000950,BA000386,OUV,Ouverture / Souscription,VAL,2026-04-17,2026-04-17,250000.0,250000.0,0.0,0.0,EUR,Italy,,False,False,0.0,False,,,False
EVT_000951,BA000386,VLC,Versement libre complémentaire,VAL,2029-11-19,2029-11-19,24000.0,24000.0,0.0,0.0,EUR,Italy,,False,False,0.0,False,,,False
EVT_000952,BA000386,VLC,Versement libre complémentaire,VAL,2027-08-14,2027-08-14,24000.0,24000.0,0.0,0.0,EUR,Italy,,False,False,0.0,False,,,False
EVT_000953,BA000387,OUV,Ouverture / Souscription,VAL,2021-03-15,2021-03-15,950000.0,950000.0,0.0,0.0,EUR,France,,False,False,0.0,False,,,False
EVT_000954,BA000387,RAP,Rachat partiel,VAL,2023-04-07,2023-04-07,-329000.0,-329000.0,0.0,39183.65,EUR,France,France,False,False,0.0,False,,,False
EVT_000955,BA000388,OUV,Ouverture / Souscription,VAL,2019-03-22,2019-03-22,250000.0,250000.0,0.0,0.0,EUR,France,,False,False,0.0,False,,,False
EVT_000956,BA000389,OUV,Ouverture / Souscription,VAL,2019-01-18,2019-01-18,257000.0,257000.0,0.0,0.0,EUR,Italy,,False,False,0.0,False,,,False
EVT_000957,BA000389,VLC,Versement libre complémentaire,VAL,2020-12-17,2020-12-17,42000.0,42000.0,0.0,0.0,EUR,Italy,,False,False,0.0,False,,,False
EVT_000958,BA000389,VLC,Versement libre complémentaire,VAL,2022-03-11,2022-03-11,42000.0,42000.0,0.0,0.0,EUR,Italy,,False,False,0.0,False,,,False
EVT_000959,BA000390,OUV,Ouverture / Souscription,VAL,2026-06-15,2026-06-15,470000.0,470000.0,0.0,0.0,EUR,Portugal,,False,False,0.0,False,,,False
EVT_000960,BA000390,VLC,Versement libre complémentaire,VAL,2029-05-23,2029-05-23,112000.0,112000.0,0.0,0.0,EUR,Portugal,,False,False,0.0,False,,,False
EVT_000961,BA000391,OUV,Ouverture / Souscription,VAL,2021-11-21,2021-11-21,250000.0,250000.0,0.0,0.0,EUR,Portugal,,False,False,0.0,False,,,False
EVT_000962,BA000391,VLC,Versement libre complémentaire,VAL,2023-02-03,2023-02-03,95000.0,95000.0,0.0,0.0,EUR,Portugal,,False,False,0.0,False,,,False
EVT_000963,BA000392,OUV,Ouverture / Souscription,VAL,2019-01-21,2019-01-21,364000.0,364000.0,0.0,0.0,EUR,France,,False,False,0.0,False,,,False
EVT_000964,BA000393,OUV,Ouverture / Souscription,VAL,2023-01-28,2023-01-28,250000.0,250000.0,0.0,0.0,EUR,France,,False,False,0.0,False,,,False
EVT_000965,BA000394,OUV,Ouverture / Souscription,VAL,2026-01-14,2026-01-14,1172000.0,1172000.0,0.0,0.0,EUR,France,,False,False,0.0,False,,,False
EVT_000966,BA000394,ARB,Arbitrage entre fonds,VAL,2026-09-23,2026-09-23,223000.0,223000.0,1115.0,0.0,EUR,,,False,False,0.0,False,FR0010392225,LU0255977539,False
EVT_000967,BA000395,OUV,Ouverture / Souscription,VAL,2020-10-23,2020-10-23,250000.0,250000.0,0.0,0.0,EUR,France,,False,False,0.0,False,,,False
EVT_000968,BA000396,OUV,Ouverture / Souscription,VAL,2019-04-02,2019-04-02,703000.0,703000.0,0.0,0.0,EUR,France,,False,False,0.0,False,,,False
EVT_000969,BA000396,RAP,Rachat partiel,VAL,2023-09-05,2023-09-05,-241000.0,-241000.0,0.0,9482.15,EUR,France,France,False,False,0.0,False,,,False
EVT_000970,BA000397,OUV,Ouverture / Souscription,VAL,2021-04-19,2021-04-19,250000.0,250000.0,0.0,0.0,EUR,Luxembourg,,False,False,0.0,False,,,False
EVT_000971,BA000397,RAP,Rachat partiel,VAL,2026-07-13,2026-07-13,-82000.0,-82000.0,0.0,4695.42,EUR,Luxembourg,Luxembourg,False,False,0.0,False,,,False
EVT_000972,BA000398,OUV,Ouverture / Souscription,VAL,2018-08-12,2018-08-12,573000.0,573000.0,0.0,0.0,EUR,France,,False,False,0.0,False,,,False
EVT_000973,BA000398,VLC,Versement libre complémentaire,VAL,2019-08-28,2019-08-28,31000.0,31000.0,0.0,0.0,EUR,France,,False,False,0.0,False,,,False
EVT_000974,BA000398,VLC,Versement libre complémentaire,VAL,2023-04-28,2023-04-28,31000.0,31000.0,0.0,0.0,EUR,France,,False,False,0.0,False,,,False
EVT_000975,BA000398,VLC,Versement libre complémentaire,VAL,2022-05-11,2022-05-11,31000.0,31000.0,0.0,0.0,EUR,France,,False,False,0.0,False,,,False
EVT_000976,BA000399,OUV,Ouverture / Souscription,VAL,2022-03-14,2022-03-14,727000.0,727000.0,0.0,0.0,EUR,France,,True,False,0.0,False,,,False
EVT_000977,BA000400,OUV,Ouverture / Souscription,VAL,2025-06-22,2025-06-22,440000.0,440000.0,0.0,0.0,EUR,France,,False,False,0.0,False,,,False
EVT_000978,BA000400,VLC,Versement libre complémentaire,VAL,2030-07-28,2030-07-28,43000.0,43000.0,0.0,0.0,EUR,France,,False,False,0.0,False,,,False
EVT_000979,BA000400,ARB,Arbitrage entre fonds,VAL,2028-05-21,2028-05-21,196000.0,196000.0,0.0,0.0,EUR,,,False,False,0.0,False,FR001400OJI4,PE_LUX_01,False
EVT_000980,BA000400,ARB,Arbitrage entre fonds,VAL,2027-05-08,2027-05-08,163000.0,163000.0,0.0,0.0,EUR,,,False,False,0.0,False,FR001400OJI4,PE_LUX_01,False
EVT_000981,BA000401,OUV,Ouverture / Souscription,VAL,2026-02-08,2026-02-08,320000.0,320000.0,0.0,0.0,EUR,France,,False,False,0.0,False,,,False
EVT_000982,BA000401,VLC,Versement libre complémentaire,VAL,2026-08-31,2026-08-31,34000.0,34000.0,0.0,0.0,EUR,France,,False,False,0.0,False,,,False
EVT_000983,BA000401,VLC,Versement libre complémentaire,VAL,2029-08-23,2029-08-23,34000.0,34000.0,0.0,0.0,EUR,France,,False,False,0.0,False,,,False
EVT_000984,BA000401,RAP,Rachat partiel,VAL,2029-08-07,2029-08-07,-48000.0,-48000.0,0.0,6174.21,EUR,France,France,False,False,0.0,False,,,False
EVT_000985,BA000402,OUV,Ouverture / Souscription,VAL,2026-03-12,2026-03-12,1330000.0,1330000.0,0.0,0.0,EUR,Belgium,,False,False,0.0,False,,,False
EVT_000986,BA000403,OUV,Ouverture / Souscription,VAL,2023-10-22,2023-10-22,517000.0,517000.0,0.0,0.0,EUR,Belgium,,False,False,0.0,False,,,False
EVT_000987,BA000404,OUV,Ouverture / Souscription,VAL,2024-07-17,2024-07-17,250000.0,250000.0,0.0,0.0,EUR,Belgium,,False,False,0.0,False,,,False
EVT_000988,BA000405,OUV,Ouverture / Souscription,VAL,2022-08-10,2022-08-10,1771000.0,1771000.0,0.0,0.0,EUR,France,,False,False,0.0,False,,,False
EVT_000989,BA000406,OUV,Ouverture / Souscription,VAL,2026-07-14,2026-07-14,673000.0,673000.0,0.0,0.0,EUR,France,,False,False,0.0,False,,,False
EVT_000990,BA000406,ARB,Arbitrage entre fonds,VAL,2028-08-02,2028-08-02,140000.0,140000.0,0.0,0.0,EUR,,,False,False,0.0,False,FR001400OJI4,FAS_IND,False
EVT_000991,BA000407,OUV,Ouverture / Souscription,VAL,2023-12-13,2023-12-13,1193000.0,1193000.0,0.0,0.0,EUR,Portugal,,False,False,0.0,False,,,False
EVT_000992,BA000407,ARB,Arbitrage entre fonds,VAL,2027-11-12,2027-11-12,165000.0,165000.0,0.0,0.0,EUR,,,False,False,0.0,False,LU0104884860,LU0255977539,False
EVT_000993,BA000408,OUV,Ouverture / Souscription,VAL,2023-07-30,2023-07-30,1020000.0,1020000.0,0.0,0.0,EUR,Portugal,,False,False,0.0,False,,,False
EVT_000994,BA000408,VLC,Versement libre complémentaire,VAL,2026-06-17,2026-06-17,64000.0,64000.0,0.0,0.0,EUR,Portugal,,False,False,0.0,False,,,False
EVT_000995,BA000409,OUV,Ouverture / Souscription,VAL,2024-06-26,2024-06-26,1477000.0,1477000.0,0.0,0.0,EUR,Portugal,,False,False,0.0,False,,,False
EVT_000996,BA000409,RAP,Rachat partiel,VAL,2028-09-16,2028-09-16,-511000.0,-511000.0,0.0,56879.58,EUR,Portugal,Portugal,False,False,0.0,False,,,False
EVT_000997,BA000410,OUV,Ouverture / Souscription,VAL,2022-06-07,2022-06-07,250000.0,250000.0,0.0,0.0,EUR,Belgium,,False,False,0.0,False,,,False
EVT_000998,BA000410,VLC,Versement libre complémentaire,VAL,2022-12-12,2022-12-12,113000.0,113000.0,0.0,0.0,EUR,Belgium,,False,False,0.0,False,,,False
EVT_000999,BA000410,ARB,Arbitrage entre fonds,VAL,2023-04-29,2023-04-29,84000.0,84000.0,0.0,0.0,EUR,,,False,False,0.0,False,XS2428662824,FR0010392225,False
EVT_001000,BA000411,OUV,Ouverture / Souscription,VAL,2020-01-18,2020-01-18,250000.0,250000.0,0.0,0.0,EUR,Belgium,,False,False,0.0,False,,,False
EVT_001001,BA000411,VLC,Versement libre complémentaire,VAL,2020-08-21,2020-08-21,54000.0,54000.0,0.0,0.0,EUR,Belgium,,False,False,0.0,False,,,False
EVT_001002,BA000412,OUV,Ouverture / Souscription,VAL,2024-10-21,2024-10-21,250000.0,250000.0,0.0,0.0,EUR,Belgium,,False,False,0.0,False,,,False
EVT_001003,BA000412,RAP,Rachat partiel,VAL,2029-09-18,2029-09-18,-61000.0,-61000.0,0.0,4029.67,EUR,Belgium,Belgium,False,False,0.0,False,,,False
EVT_001004,BA000413,OUV,Ouverture / Souscription,VAL,2025-01-19,2025-01-19,250000.0,250000.0,0.0,0.0,EUR,Finland,,False,False,0.0,False,,,False
EVT_001005,BA000414,OUV,Ouverture / Souscription,VAL,2022-03-06,2022-03-06,250000.0,250000.0,0.0,0.0,EUR,Belgium,,False,False,0.0,False,,,False
EVT_001006,BA000415,OUV,Ouverture / Souscription,VAL,2026-03-12,2026-03-12,1257000.0,1257000.0,0.0,0.0,EUR,France,,False,False,0.0,False,,,False
EVT_001007,BA000416,OUV,Ouverture / Souscription,VAL,2020-10-05,2020-10-05,250000.0,250000.0,0.0,0.0,EUR,Belgium,,False,False,0.0,False,,,False
EVT_001008,BA000417,OUV,Ouverture / Souscription,VAL,2021-05-31,2021-05-31,250000.0,250000.0,0.0,0.0,EUR,Belgium,,False,False,0.0,False,,,False
EVT_001009,BA000417,VLC,Versement libre complémentaire,VAL,2023-01-21,2023-01-21,41000.0,41000.0,0.0,0.0,EUR,Belgium,,False,False,0.0,False,,,False
EVT_001010,BA000418,OUV,Ouverture / Souscription,VAL,2025-06-28,2025-06-28,250000.0,250000.0,0.0,0.0,EUR,France,,False,False,0.0,False,,,False
EVT_001011,BA000419,OUV,Ouverture / Souscription,VAL,2025-03-24,2025-03-24,2193000.0,2193000.0,0.0,0.0,EUR,Italy,,False,False,0.0,False,,,False
EVT_001012,BA000420,OUV,Ouverture / Souscription,VAL,2023-11-21,2023-11-21,635000.0,635000.0,0.0,0.0,EUR,Belgium,,False,False,0.0,False,,,False
EVT_001013,BA000421,OUV,Ouverture / Souscription,VAL,2023-03-23,2023-03-23,636000.0,636000.0,0.0,0.0,EUR,Belgium,,False,False,0.0,False,,,False
EVT_001014,BA000421,RAP,Rachat partiel,VAL,2028-07-19,2028-07-19,-93000.0,-93000.0,0.0,11683.1,EUR,Belgium,Belgium,False,False,0.0,False,,,False
EVT_001015,BA000422,OUV,Ouverture / Souscription,VAL,2019-09-30,2019-09-30,327000.0,327000.0,0.0,0.0,EUR,Belgium,,False,False,0.0,False,,,False
EVT_001016,BA000423,OUV,Ouverture / Souscription,VAL,2020-10-08,2020-10-08,250000.0,250000.0,0.0,0.0,EUR,Luxembourg,,False,False,0.0,False,,,False
EVT_001017,BA000423,VLC,Versement libre complémentaire,VAL,2025-05-29,2025-05-29,87000.0,87000.0,0.0,0.0,EUR,Luxembourg,,False,False,0.0,False,,,False
EVT_001018,BA000424,OUV,Ouverture / Souscription,VAL,2019-01-24,2019-01-24,512000.0,512000.0,0.0,0.0,EUR,France,,False,False,0.0,False,,,False
EVT_001019,BA000424,VLC,Versement libre complémentaire,VAL,2022-07-18,2022-07-18,162000.0,162000.0,0.0,0.0,EUR,France,,False,False,0.0,False,,,False
EVT_001020,BA000425,OUV,Ouverture / Souscription,VAL,2022-10-30,2022-10-30,250000.0,250000.0,0.0,0.0,EUR,France,,False,False,0.0,False,,,False
EVT_001021,BA000425,VLC,Versement libre complémentaire,VAL,2024-06-13,2024-06-13,32000.0,32000.0,0.0,0.0,EUR,France,,False,False,0.0,False,,,False
EVT_001022,BA000425,ARB,Arbitrage entre fonds,VAL,2023-09-26,2023-09-26,51000.0,51000.0,0.0,0.0,EUR,,,False,False,0.0,False,FR0010392225,LU0255977539,False
EVT_001023,BA000425,ARB,Arbitrage entre fonds,VAL,2023-11-28,2023-11-28,28000.0,28000.0,140.0,0.0,EUR,,,False,False,0.0,False,LU0255977539,FR0010392225,False
EVT_001024,BA000425,ARB,Arbitrage entre fonds,VAL,2024-12-02,2024-12-02,45000.0,45000.0,225.0,0.0,EUR,,,False,False,0.0,False,FR0010392225,LU0255977539,False
EVT_001025,BA000426,OUV,Ouverture / Souscription,VAL,2026-05-09,2026-05-09,1154000.0,1154000.0,0.0,0.0,EUR,France,,False,False,0.0,False,,,False
EVT_001026,BA000426,VLC,Versement libre complémentaire,VAL,2028-01-17,2028-01-17,186000.0,186000.0,0.0,0.0,EUR,France,,False,False,0.0,False,,,False
EVT_001027,BA000426,VLC,Versement libre complémentaire,VAL,2028-10-09,2028-10-09,186000.0,186000.0,0.0,0.0,EUR,France,,False,False,0.0,False,,,False
EVT_001028,BA000427,OUV,Ouverture / Souscription,VAL,2022-08-09,2022-08-09,526000.0,526000.0,0.0,0.0,EUR,Italy,,False,False,0.0,False,,,False
EVT_001029,BA000427,VLC,Versement libre complémentaire,VAL,2025-09-05,2025-09-05,144000.0,144000.0,0.0,0.0,EUR,Italy,,False,False,0.0,False,,,False
EVT_001030,BA000428,OUV,Ouverture / Souscription,VAL,2021-07-28,2021-07-28,2195000.0,2195000.0,0.0,0.0,EUR,France,,False,False,0.0,False,,,False
EVT_001031,BA000429,OUV,Ouverture / Souscription,VAL,2020-10-06,2020-10-06,521000.0,521000.0,0.0,0.0,EUR,France,,False,False,0.0,False,,,False
EVT_001032,BA000429,ARB,Arbitrage entre fonds,VAL,2023-10-18,2023-10-18,68000.0,68000.0,340.0,0.0,EUR,,,False,False,0.0,False,PE_LUX_01,PE_CAY_01,False
EVT_001033,BA000429,ARB,Arbitrage entre fonds,VAL,2024-08-28,2024-08-28,157000.0,157000.0,0.0,0.0,EUR,,,False,False,0.0,False,PE_CAY_01,PE_LUX_01,False
EVT_001034,BA000430,OUV,Ouverture / Souscription,VAL,2019-04-15,2019-04-15,787000.0,787000.0,0.0,0.0,EUR,Sweden,,False,False,0.0,False,,,False
EVT_001035,BA000431,OUV,Ouverture / Souscription,VAL,2019-10-18,2019-10-18,673000.0,673000.0,0.0,0.0,EUR,Belgium,,False,False,0.0,False,,,False
EVT_001036,BA000432,OUV,Ouverture / Souscription,VAL,2020-11-22,2020-11-22,727000.0,727000.0,0.0,0.0,EUR,Belgium,,False,False,0.0,False,,,False
EVT_001037,BA000432,VLC,Versement libre complémentaire,VAL,2024-10-19,2024-10-19,67000.0,67000.0,0.0,0.0,EUR,Belgium,,False,False,0.0,False,,,False
EVT_001038,BA000432,ARB,Arbitrage entre fonds,VAL,2023-11-02,2023-11-02,123000.0,123000.0,0.0,0.0,EUR,,,False,False,0.0,False,FR0010923383,FAS_ROT,False
EVT_001039,BA000433,OUV,Ouverture / Souscription,VAL,2025-12-22,2025-12-22,969000.0,969000.0,0.0,0.0,EUR,Belgium,,False,False,0.0,False,,,False
EVT_001040,BA000434,OUV,Ouverture / Souscription,VAL,2023-05-20,2023-05-20,591000.0,591000.0,0.0,0.0,EUR,Belgium,,False,False,0.0,False,,,False
EVT_001041,BA000434,VLC,Versement libre complémentaire,VAL,2025-10-17,2025-10-17,328000.0,328000.0,0.0,0.0,EUR,Belgium,,False,False,0.0,False,,,False
EVT_001042,BA000434,RAP,Rachat partiel,VAL,2027-01-19,2027-01-19,-231000.0,-231000.0,0.0,33426.43,EUR,Belgium,Belgium,False,False,0.0,False,,,False
EVT_001043,BA000435,OUV,Ouverture / Souscription,VAL,2019-05-17,2019-05-17,399000.0,399000.0,0.0,0.0,EUR,France,,False,False,0.0,False,,,False
EVT_001044,BA000435,VLC,Versement libre complémentaire,VAL,2023-06-17,2023-06-17,79000.0,79000.0,0.0,0.0,EUR,France,,False,False,0.0,False,,,False
EVT_001045,BA000435,VLC,Versement libre complémentaire,VAL,2019-11-17,2019-11-17,79000.0,79000.0,0.0,0.0,EUR,France,,False,False,0.0,False,,,False
EVT_001046,BA000436,OUV,Ouverture / Souscription,VAL,2025-10-22,2025-10-22,500000.0,500000.0,0.0,0.0,EUR,France,,False,False,0.0,False,,,False
EVT_001047,BA000436,VLC,Versement libre complémentaire,VAL,2030-02-18,2030-02-18,60000.0,60000.0,0.0,0.0,EUR,France,,False,False,0.0,False,,,False
EVT_001048,BA000436,VLC,Versement libre complémentaire,VAL,2029-01-26,2029-01-26,60000.0,60000.0,0.0,0.0,EUR,France,,False,False,0.0,False,,,False
EVT_001049,BA000437,OUV,Ouverture / Souscription,VAL,2019-10-28,2019-10-28,846000.0,846000.0,0.0,0.0,EUR,France,,False,False,0.0,False,,,False
EVT_001050,BA000437,RAP,Rachat partiel,VAL,2024-01-30,2024-01-30,-346000.0,-346000.0,0.0,28895.58,EUR,France,France,False,False,0.0,False,,,False
EVT_001051,BA000438,OUV,Ouverture / Souscription,VAL,2026-01-15,2026-01-15,250000.0,250000.0,0.0,0.0,EUR,France,,False,False,0.0,False,,,False
EVT_001052,BA000438,ARB,Arbitrage entre fonds,VAL,2029-10-19,2029-10-19,72000.0,72000.0,0.0,0.0,EUR,,,False,False,0.0,False,FAS_IND,LU0104884860,False
EVT_001053,BA000439,OUV,Ouverture / Souscription,VAL,2018-12-23,2018-12-23,250000.0,250000.0,0.0,0.0,EUR,Belgium,,False,False,0.0,False,,,False
EVT_001054,BA000439,VLC,Versement libre complémentaire,VAL,2019-12-12,2019-12-12,52000.0,52000.0,0.0,0.0,EUR,Belgium,,False,False,0.0,False,,,False
EVT_001055,BA000439,ARB,Arbitrage entre fonds,VAL,2022-10-16,2022-10-16,59000.0,59000.0,295.0,0.0,EUR,,,False,False,0.0,False,FID_UBS,FR001400OJI4,False
EVT_001056,BA000439,RAP,Rachat partiel,VAL,2021-04-23,2021-04-23,-92000.0,-92000.0,0.0,13148.65,EUR,Belgium,Belgium,False,False,0.0,False,,,False
EVT_001057,BA000440,OUV,Ouverture / Souscription,VAL,2026-01-14,2026-01-14,250000.0,250000.0,0.0,0.0,EUR,Portugal,,False,False,0.0,False,,,False
EVT_001058,BA000440,VLC,Versement libre complémentaire,VAL,2029-10-06,2029-10-06,62000.0,62000.0,0.0,0.0,EUR,Portugal,,False,False,0.0,False,,,False
EVT_001059,BA000441,OUV,Ouverture / Souscription,VAL,2026-01-03,2026-01-03,475000.0,475000.0,0.0,0.0,EUR,France,,False,False,0.0,False,,,False
EVT_001060,BA000441,ARB,Arbitrage entre fonds,VAL,2026-11-01,2026-11-01,37000.0,37000.0,0.0,0.0,EUR,,,False,False,0.0,False,FR001400OJI4,FR0010392225,False
EVT_001061,BA000441,ARB,Arbitrage entre fonds,VAL,2027-04-09,2027-04-09,119000.0,119000.0,0.0,0.0,EUR,,,False,False,0.0,False,FR001400OJI4,FR0010392225,False
EVT_001062,BA000442,OUV,Ouverture / Souscription,VAL,2019-12-15,2019-12-15,250000.0,250000.0,0.0,0.0,EUR,France,,False,False,0.0,False,,,False
EVT_001063,BA000442,RAP,Rachat partiel,VAL,2022-04-01,2022-04-01,-98000.0,-98000.0,0.0,12917.76,EUR,France,France,False,False,0.0,False,,,False
EVT_001064,BA000443,OUV,Ouverture / Souscription,VAL,2023-07-10,2023-07-10,250000.0,250000.0,0.0,0.0,EUR,Luxembourg,,False,False,0.0,False,,,False
EVT_001065,BA000443,VLC,Versement libre complémentaire,VAL,2028-01-18,2028-01-18,16000.0,16000.0,0.0,0.0,EUR,Luxembourg,,False,False,0.0,False,,,False
EVT_001066,BA000443,VLC,Versement libre complémentaire,VAL,2025-03-05,2025-03-05,16000.0,16000.0,0.0,0.0,EUR,Luxembourg,,False,False,0.0,False,,,False
EVT_001067,BA000444,OUV,Ouverture / Souscription,VAL,2020-07-16,2020-07-16,275000.0,275000.0,0.0,0.0,EUR,Luxembourg,,False,False,0.0,False,,,False
EVT_001068,BA000444,ARB,Arbitrage entre fonds,VAL,2023-09-27,2023-09-27,75000.0,75000.0,375.0,0.0,EUR,,,False,False,0.0,False,LU0255977539,FR0010392225,False
EVT_001069,BA000444,RAP,Rachat partiel,VAL,2021-09-22,2021-09-22,-46000.0,-46000.0,0.0,6824.88,EUR,Luxembourg,Luxembourg,False,False,0.0,False,,,False
EVT_001070,BA000445,OUV,Ouverture / Souscription,VAL,2023-06-30,2023-06-30,264000.0,264000.0,0.0,0.0,EUR,Luxembourg,,False,False,0.0,False,,,False
EVT_001071,BA000446,OUV,Ouverture / Souscription,VAL,2021-08-21,2021-08-21,250000.0,250000.0,0.0,0.0,EUR,Italy,,False,False,0.0,False,,,False
EVT_001072,BA000446,VLC,Versement libre complémentaire,VAL,2025-01-08,2025-01-08,62000.0,62000.0,0.0,0.0,EUR,Italy,,True,False,0.0,False,,,False
EVT_001073,BA000447,OUV,Ouverture / Souscription,VAL,2024-04-05,2024-04-05,2334000.0,2334000.0,0.0,0.0,EUR,Belgium,,False,False,0.0,False,,,False
EVT_001074,BA000447,VLC,Versement libre complémentaire,VAL,2027-04-04,2027-04-04,285000.0,285000.0,0.0,0.0,EUR,Belgium,,False,False,0.0,False,,,False
EVT_001075,BA000447,ARB,Arbitrage entre fonds,VAL,2027-01-09,2027-01-09,441000.0,441000.0,0.0,0.0,EUR,,,False,False,0.0,False,FR0010923383,XS2428662824,False
EVT_001076,BA000448,OUV,Ouverture / Souscription,VAL,2019-04-15,2019-04-15,2020000.0,2020000.0,0.0,0.0,EUR,Belgium,,False,False,0.0,False,,,False
EVT_001077,BA000449,OUV,Ouverture / Souscription,VAL,2026-04-04,2026-04-04,864000.0,864000.0,0.0,0.0,EUR,Sweden,,False,False,0.0,False,,,False
EVT_001078,BA000449,VLC,Versement libre complémentaire,VAL,2026-10-07,2026-10-07,121000.0,121000.0,0.0,0.0,EUR,Sweden,,False,False,0.0,False,,,False
EVT_001079,BA000450,OUV,Ouverture / Souscription,VAL,2023-07-24,2023-07-24,978000.0,978000.0,0.0,0.0,EUR,Sweden,,False,False,0.0,False,,,False
EVT_001080,BA000450,VLC,Versement libre complémentaire,VAL,2026-07-04,2026-07-04,104000.0,104000.0,0.0,0.0,EUR,Sweden,,False,False,0.0,False,,,False
EVT_001081,BA000450,VLC,Versement libre complémentaire,VAL,2028-07-23,2028-07-23,104000.0,104000.0,0.0,0.0,EUR,Sweden,,False,False,0.0,False,,,False
EVT_001082,BA000450,VLC,Versement libre complémentaire,VAL,2024-09-28,2024-09-28,104000.0,104000.0,0.0,0.0,EUR,Sweden,,False,False,0.0,False,,,False
EVT_001083,BA000450,RAP,Rachat partiel,VAL,2026-07-20,2026-07-20,-192000.0,-186240.0,5760.0,0.0,EUR,Sweden,Sweden,False,True,5760.0,False,,,False
EVT_001084,BA000450,RAP,Rachat partiel,VAL,2025-07-18,2025-07-18,-192000.0,-192000.0,0.0,11482.73,EUR,Sweden,Sweden,False,False,0.0,False,,,False
EVT_001085,BA000451,OUV,Ouverture / Souscription,VAL,2025-08-24,2025-08-24,294000.0,294000.0,0.0,0.0,EUR,Belgium,,False,False,0.0,False,,,False
EVT_001086,BA000451,VLC,Versement libre complémentaire,VAL,2028-11-15,2028-11-15,110000.0,110000.0,0.0,0.0,EUR,Belgium,,False,False,0.0,False,,,False
EVT_001087,BA000451,ARB,Arbitrage entre fonds,VAL,2027-03-13,2027-03-13,86000.0,86000.0,0.0,0.0,EUR,,,False,False,0.0,False,PE_LUX_01,LU0255977539,False
EVT_001088,BA000452,OUV,Ouverture / Souscription,VAL,2022-02-27,2022-02-27,250000.0,250000.0,0.0,0.0,EUR,France,,False,False,0.0,False,,,False
EVT_001089,BA000452,ARB,Arbitrage entre fonds,VAL,2022-12-21,2022-12-21,76000.0,76000.0,0.0,0.0,EUR,,,False,False,0.0,False,FID_BNP,FR0010392225,False
EVT_001090,BA000453,OUV,Ouverture / Souscription,VAL,2019-06-10,2019-06-10,335000.0,335000.0,0.0,0.0,EUR,Finland,,False,False,0.0,False,,,False
EVT_001091,BA000454,OUV,Ouverture / Souscription,VAL,2024-04-30,2024-04-30,505000.0,505000.0,0.0,0.0,EUR,Germany,,False,False,0.0,False,,,False
EVT_001092,BA000455,OUV,Ouverture / Souscription,VAL,2022-07-18,2022-07-18,644000.0,644000.0,0.0,0.0,EUR,Germany,,False,False,0.0,False,,,False
EVT_001093,BA000455,VLC,Versement libre complémentaire,VAL,2027-07-22,2027-07-22,109000.0,109000.0,0.0,0.0,EUR,Germany,,False,False,0.0,False,,,False
EVT_001094,BA000456,OUV,Ouverture / Souscription,VAL,2021-06-17,2021-06-17,250000.0,250000.0,0.0,0.0,EUR,Belgium,,False,False,0.0,False,,,False
EVT_001095,BA000456,VLC,Versement libre complémentaire,VAL,2025-04-08,2025-04-08,52000.0,52000.0,0.0,0.0,EUR,Belgium,,False,False,0.0,False,,,False
EVT_001096,BA000457,OUV,Ouverture / Souscription,VAL,2021-09-27,2021-09-27,311000.0,311000.0,0.0,0.0,EUR,Italy,,False,False,0.0,False,,,False
EVT_001097,BA000458,OUV,Ouverture / Souscription,VAL,2022-11-07,2022-11-07,386000.0,386000.0,0.0,0.0,EUR,France,,False,False,0.0,False,,,False
EVT_001098,BA000458,ARB,Arbitrage entre fonds,VAL,2025-03-06,2025-03-06,35000.0,35000.0,0.0,0.0,EUR,,,False,False,0.0,False,FR0010923383,FID_UBS,False
EVT_001099,BA000459,OUV,Ouverture / Souscription,VAL,2020-07-01,2020-07-01,385000.0,385000.0,0.0,0.0,EUR,France,,False,False,0.0,False,,,False
EVT_001100,BA000459,VLC,Versement libre complémentaire,VAL,2025-02-27,2025-02-27,83000.0,83000.0,0.0,0.0,EUR,France,,False,False,0.0,False,,,False
EVT_001101,BA000460,OUV,Ouverture / Souscription,VAL,2023-10-31,2023-10-31,557000.0,557000.0,0.0,0.0,EUR,France,,False,False,0.0,False,,,False
EVT_001102,BA000460,VLC,Versement libre complémentaire,VAL,2026-08-28,2026-08-28,173000.0,173000.0,0.0,0.0,EUR,France,,False,False,0.0,False,,,False
EVT_001103,BA000461,OUV,Ouverture / Souscription,VAL,2019-06-25,2019-06-25,396000.0,396000.0,0.0,0.0,EUR,Luxembourg,,False,False,0.0,False,,,False
EVT_001104,BA000462,OUV,Ouverture / Souscription,VAL,2024-11-16,2024-11-16,250000.0,250000.0,0.0,0.0,EUR,France,,False,False,0.0,False,,,False
EVT_001105,BA000463,OUV,Ouverture / Souscription,VAL,2019-03-18,2019-03-18,733000.0,733000.0,0.0,0.0,EUR,Portugal,,False,False,0.0,False,,,False
EVT_001106,BA000463,ARB,Arbitrage entre fonds,VAL,2019-11-04,2019-11-04,181000.0,181000.0,0.0,0.0,EUR,,,False,False,0.0,False,FR001400OJI4,FID_BNP,False
EVT_001107,BA000464,OUV,Ouverture / Souscription,VAL,2025-07-23,2025-07-23,547000.0,547000.0,0.0,0.0,EUR,Portugal,,False,False,0.0,False,,,False
EVT_001108,BA000465,OUV,Ouverture / Souscription,VAL,2024-09-17,2024-09-17,446000.0,446000.0,0.0,0.0,EUR,Belgium,,False,False,0.0,False,,,False
EVT_001109,BA000465,ARB,Arbitrage entre fonds,VAL,2028-04-17,2028-04-17,60000.0,60000.0,300.0,0.0,EUR,,,False,False,0.0,False,FAS_ROT,LU0104884860,False
EVT_001110,BA000466,OUV,Ouverture / Souscription,VAL,2019-04-16,2019-04-16,573000.0,573000.0,0.0,0.0,EUR,Belgium,,False,False,0.0,False,,,False
EVT_001111,BA000467,OUV,Ouverture / Souscription,VAL,2020-05-18,2020-05-18,699000.0,699000.0,0.0,0.0,EUR,Belgium,,False,False,0.0,False,,,False
EVT_001112,BA000468,OUV,Ouverture / Souscription,VAL,2018-10-21,2018-10-21,1203000.0,1203000.0,0.0,0.0,EUR,France,,False,False,0.0,False,,,False
EVT_001113,BA000468,VLC,Versement libre complémentaire,VAL,2023-08-21,2023-08-21,260000.0,260000.0,0.0,0.0,EUR,France,,False,False,0.0,False,,,False
EVT_001114,BA000468,RAP,Rachat partiel,VAL,2022-11-01,2022-11-01,-534000.0,-534000.0,0.0,12587.77,EUR,France,France,False,False,0.0,False,,,False
EVT_001115,BA000469,OUV,Ouverture / Souscription,VAL,2021-10-08,2021-10-08,529000.0,529000.0,0.0,0.0,EUR,France,,False,False,0.0,False,,,False
EVT_001116,BA000469,ARB,Arbitrage entre fonds,VAL,2022-02-04,2022-02-04,72000.0,72000.0,360.0,0.0,EUR,,,False,False,0.0,False,LU0104884860,PE_CAY_01,False
EVT_001117,BA000469,RAP,Rachat partiel,VAL,2022-10-20,2022-10-20,-84000.0,-84000.0,0.0,10723.13,EUR,France,France,False,False,0.0,False,,,False
EVT_001118,BA000470,OUV,Ouverture / Souscription,VAL,2026-06-11,2026-06-11,690000.0,690000.0,0.0,0.0,EUR,Belgium,,False,False,0.0,False,,,False
EVT_001119,BA000470,VLC,Versement libre complémentaire,VAL,2029-05-09,2029-05-09,59000.0,59000.0,0.0,0.0,EUR,Belgium,,False,False,0.0,False,,,False
EVT_001120,BA000471,OUV,Ouverture / Souscription,VAL,2019-01-21,2019-01-21,508000.0,508000.0,0.0,0.0,EUR,Italy,,False,False,0.0,False,,,False
EVT_001121,BA000471,VLC,Versement libre complémentaire,VAL,2021-07-26,2021-07-26,91000.0,91000.0,0.0,0.0,EUR,Italy,,False,False,0.0,False,,,False
EVT_001122,BA000472,OUV,Ouverture / Souscription,VAL,2022-11-11,2022-11-11,759000.0,759000.0,0.0,0.0,EUR,Italy,,False,False,0.0,False,,,False
EVT_001123,BA000472,VLC,Versement libre complémentaire,VAL,2025-03-12,2025-03-12,57000.0,57000.0,0.0,0.0,EUR,Italy,,False,False,0.0,False,,,False
EVT_001124,BA000473,OUV,Ouverture / Souscription,VAL,2022-09-27,2022-09-27,250000.0,250000.0,0.0,0.0,EUR,France,,False,False,0.0,False,,,False
EVT_001125,BA000473,VLC,Versement libre complémentaire,VAL,2024-06-16,2024-06-16,55000.0,55000.0,0.0,0.0,EUR,France,,False,False,0.0,False,,,False
EVT_001126,BA000474,OUV,Ouverture / Souscription,VAL,2021-11-08,2021-11-08,250000.0,250000.0,0.0,0.0,EUR,Belgium,,False,False,0.0,False,,,False
EVT_001127,BA000475,OUV,Ouverture / Souscription,VAL,2024-06-13,2024-06-13,250000.0,250000.0,0.0,0.0,EUR,France,,False,False,0.0,False,,,False
EVT_001128,BA000475,VLC,Versement libre complémentaire,VAL,2025-10-31,2025-10-31,20000.0,20000.0,0.0,0.0,EUR,France,,False,False,0.0,False,,,False
EVT_001129,BA000475,VLC,Versement libre complémentaire,VAL,2029-02-18,2029-02-18,20000.0,20000.0,0.0,0.0,EUR,France,,False,False,0.0,False,,,False
EVT_001130,BA000476,OUV,Ouverture / Souscription,VAL,2019-06-27,2019-06-27,250000.0,250000.0,0.0,0.0,EUR,Belgium,,False,False,0.0,False,,,False
EVT_001131,BA000476,VLC,Versement libre complémentaire,VAL,2024-07-14,2024-07-14,50000.0,50000.0,0.0,0.0,EUR,Belgium,,False,False,0.0,False,,,False
EVT_001132,BA000477,OUV,Ouverture / Souscription,VAL,2019-05-11,2019-05-11,1197000.0,1197000.0,0.0,0.0,EUR,Portugal,,False,False,0.0,False,,,False
EVT_001133,BA000477,VLC,Versement libre complémentaire,VAL,2023-10-14,2023-10-14,283000.0,283000.0,0.0,0.0,EUR,Portugal,,False,False,0.0,False,,,False
EVT_001134,BA000478,OUV,Ouverture / Souscription,VAL,2020-02-20,2020-02-20,1484000.0,1484000.0,0.0,0.0,EUR,Luxembourg,,False,False,0.0,False,,,False
EVT_001135,BA000478,RAP,Rachat partiel,VAL,2024-11-08,2024-11-08,-372000.0,-372000.0,0.0,54215.02,EUR,Luxembourg,Luxembourg,False,False,0.0,False,,,False
EVT_001136,BA000479,OUV,Ouverture / Souscription,VAL,2023-02-03,2023-02-03,2346000.0,2346000.0,0.0,0.0,EUR,Luxembourg,,False,False,0.0,False,,,False
EVT_001137,BA000479,VLC,Versement libre complémentaire,VAL,2027-10-10,2027-10-10,67000.0,67000.0,0.0,0.0,EUR,Luxembourg,,False,False,0.0,False,,,False
EVT_001138,BA000479,VLC,Versement libre complémentaire,VAL,2025-05-22,2025-05-22,67000.0,67000.0,0.0,0.0,EUR,Luxembourg,,False,False,0.0,False,,,False
EVT_001139,BA000479,VLC,Versement libre complémentaire,VAL,2027-07-13,2027-07-13,67000.0,67000.0,0.0,0.0,EUR,Luxembourg,,False,False,0.0,False,,,False
EVT_001140,BA000480,OUV,Ouverture / Souscription,VAL,2024-02-12,2024-02-12,1478000.0,1478000.0,0.0,0.0,EUR,France,,False,False,0.0,False,,,False
EVT_001141,BA000480,VLC,Versement libre complémentaire,VAL,2025-01-19,2025-01-19,202000.0,202000.0,0.0,0.0,EUR,France,,False,False,0.0,False,,,False
EVT_001142,BA000481,OUV,Ouverture / Souscription,VAL,2021-10-25,2021-10-25,634000.0,634000.0,0.0,0.0,EUR,France,,False,False,0.0,False,,,False
EVT_001143,BA000481,VLC,Versement libre complémentaire,VAL,2023-05-07,2023-05-07,80000.0,80000.0,0.0,0.0,EUR,France,,False,False,0.0,False,,,False
EVT_001144,BA000481,ARB,Arbitrage entre fonds,VAL,2025-08-17,2025-08-17,269000.0,269000.0,0.0,0.0,EUR,,,False,False,0.0,False,XS2428662824,FID_UBS,False
EVT_001145,BA000482,OUV,Ouverture / Souscription,VAL,2024-09-20,2024-09-20,663000.0,663000.0,0.0,0.0,EUR,Belgium,,False,False,0.0,False,,,False
EVT_001146,BA000483,OUV,Ouverture / Souscription,VAL,2020-10-31,2020-10-31,754000.0,754000.0,0.0,0.0,EUR,Belgium,,False,False,0.0,False,,,False
EVT_001147,BA000483,RAP,Rachat partiel,VAL,2025-10-18,2025-10-18,-110000.0,-110000.0,0.0,2337.56,EUR,Belgium,Belgium,False,False,0.0,False,,,False
EVT_001148,BA000484,OUV,Ouverture / Souscription,VAL,2025-07-05,2025-07-05,441000.0,441000.0,0.0,0.0,EUR,France,,False,False,0.0,False,,,False
EVT_001149,BA000484,VLC,Versement libre complémentaire,VAL,2029-08-15,2029-08-15,136000.0,136000.0,0.0,0.0,EUR,France,,False,False,0.0,False,,,False
EVT_001150,BA000484,VLC,Versement libre complémentaire,VAL,2027-10-10,2027-10-10,136000.0,136000.0,0.0,0.0,EUR,France,,False,False,0.0,False,,,False
EVT_001151,BA000485,OUV,Ouverture / Souscription,VAL,2018-09-26,2018-09-26,250000.0,250000.0,0.0,0.0,EUR,France,,False,False,0.0,False,,,False
EVT_001152,BA000485,RAP,Rachat partiel,VAL,2019-05-13,2019-05-13,-36000.0,-36000.0,0.0,4858.35,EUR,France,France,False,False,0.0,False,,,False
EVT_001153,BA000485,RAP,Rachat partiel,VAL,2019-09-01,2019-09-01,-36000.0,-36000.0,0.0,875.7,EUR,France,France,False,False,0.0,False,,,False
EVT_001154,BA000485,RAP,Rachat partiel,VAL,2022-04-01,2022-04-01,-36000.0,-34920.0,1080.0,0.0,EUR,France,France,False,True,1080.0,False,,,False
EVT_001155,BA000486,OUV,Ouverture / Souscription,VAL,2024-12-12,2024-12-12,828000.0,828000.0,0.0,0.0,EUR,France,,True,False,0.0,False,,,False
EVT_001156,BA000487,OUV,Ouverture / Souscription,VAL,2024-08-04,2024-08-04,826000.0,826000.0,0.0,0.0,EUR,France,,False,False,0.0,False,,,False
EVT_001157,BA000487,VLC,Versement libre complémentaire,VAL,2029-06-27,2029-06-27,196000.0,196000.0,0.0,0.0,EUR,France,,False,False,0.0,False,,,False
EVT_001158,BA000488,OUV,Ouverture / Souscription,VAL,2020-06-10,2020-06-10,250000.0,250000.0,0.0,0.0,EUR,Belgium,,False,False,0.0,False,,,False
EVT_001159,BA000488,VLC,Versement libre complémentaire,VAL,2021-03-17,2021-03-17,61000.0,61000.0,0.0,0.0,EUR,Belgium,,True,False,0.0,False,,,False
EVT_001160,BA000488,RAP,Rachat partiel,VAL,2022-07-29,2022-07-29,-48000.0,-48000.0,0.0,2550.39,EUR,Belgium,Belgium,False,False,0.0,False,,,False
EVT_001161,BA000489,OUV,Ouverture / Souscription,VAL,2019-11-06,2019-11-06,250000.0,250000.0,0.0,0.0,EUR,Sweden,,False,False,0.0,False,,,False
EVT_001162,BA000489,RAP,Rachat partiel,VAL,2021-12-30,2021-12-30,-36000.0,-36000.0,0.0,3226.09,EUR,Sweden,Sweden,False,False,0.0,False,,,False
EVT_001163,BA000489,RAP,Rachat partiel,VAL,2021-04-17,2021-04-17,-36000.0,-36000.0,0.0,808.58,EUR,Sweden,Sweden,False,False,0.0,False,,,False
EVT_001164,BA000490,OUV,Ouverture / Souscription,VAL,2020-09-06,2020-09-06,341000.0,341000.0,0.0,0.0,EUR,France,,False,False,0.0,False,,,False
EVT_001165,BA000490,VLC,Versement libre complémentaire,VAL,2025-12-29,2025-12-29,78000.0,78000.0,0.0,0.0,EUR,France,,False,False,0.0,False,,,False
EVT_001166,BA000491,OUV,Ouverture / Souscription,VAL,2023-03-12,2023-03-12,250000.0,250000.0,0.0,0.0,EUR,France,,False,False,0.0,False,,,False
EVT_001167,BA000492,OUV,Ouverture / Souscription,VAL,2019-03-12,2019-03-12,250000.0,250000.0,0.0,0.0,EUR,Portugal,,False,False,0.0,False,,,False
EVT_001168,BA000492,RAP,Rachat partiel,VAL,2020-10-06,2020-10-06,-32000.0,-32000.0,0.0,3538.19,EUR,Portugal,Portugal,False,False,0.0,False,,,False
EVT_001169,BA000493,OUV,Ouverture / Souscription,VAL,2023-08-09,2023-08-09,404000.0,404000.0,0.0,0.0,EUR,Belgium,,False,False,0.0,False,,,False
EVT_001170,BA000493,ARB,Arbitrage entre fonds,VAL,2024-10-21,2024-10-21,137000.0,137000.0,685.0,0.0,EUR,,,False,False,0.0,False,PE_CAY_01,PE_LUX_01,False
EVT_001171,BA000494,OUV,Ouverture / Souscription,VAL,2019-06-13,2019-06-13,306000.0,306000.0,0.0,0.0,EUR,Belgium,,False,False,0.0,False,,,False
EVT_001172,BA000495,OUV,Ouverture / Souscription,VAL,2025-12-08,2025-12-08,1382000.0,1382000.0,0.0,0.0,EUR,France,,False,False,0.0,False,,,False
EVT_001173,BA000495,VLC,Versement libre complémentaire,VAL,2030-03-19,2030-03-19,376000.0,376000.0,0.0,0.0,EUR,France,,False,False,0.0,False,,,False
EVT_001174,BA000496,OUV,Ouverture / Souscription,VAL,2023-10-20,2023-10-20,362000.0,362000.0,0.0,0.0,EUR,Finland,,False,False,0.0,False,,,False
EVT_001175,BA000496,VLC,Versement libre complémentaire,VAL,2024-11-25,2024-11-25,192000.0,192000.0,0.0,0.0,EUR,Finland,,False,False,0.0,False,,,False
EVT_001176,BA000496,ARB,Arbitrage entre fonds,VAL,2024-06-10,2024-06-10,48000.0,48000.0,240.0,0.0,EUR,,,False,False,0.0,False,LU0255977539,LU0104884860,False
EVT_001177,BA000496,ARB,Arbitrage entre fonds,VAL,2025-08-02,2025-08-02,186000.0,186000.0,0.0,0.0,EUR,,,False,False,0.0,False,LU0255977539,LU0104884860,False
EVT_001178,BA000497,OUV,Ouverture / Souscription,VAL,2024-06-23,2024-06-23,1691000.0,1691000.0,0.0,0.0,EUR,Finland,,False,False,0.0,False,,,False
EVT_001179,BA000497,RAP,Rachat partiel,VAL,2029-08-22,2029-08-22,-184000.0,-184000.0,0.0,18650.18,EUR,Finland,Finland,False,False,0.0,False,,,False
EVT_001180,BA000497,RAP,Rachat partiel,VAL,2026-04-02,2026-04-02,-184000.0,-184000.0,0.0,7418.93,EUR,Finland,Finland,False,False,0.0,False,,,False
EVT_001181,BA000498,OUV,Ouverture / Souscription,VAL,2023-05-06,2023-05-06,250000.0,250000.0,0.0,0.0,EUR,Belgium,,False,False,0.0,False,,,False
EVT_001182,BA000499,OUV,Ouverture / Souscription,VAL,2022-11-20,2022-11-20,250000.0,250000.0,0.0,0.0,EUR,Sweden,,False,False,0.0,False,,,False
EVT_001183,BA000499,VLC,Versement libre complémentaire,VAL,2025-06-26,2025-06-26,29000.0,29000.0,0.0,0.0,EUR,Sweden,,False,False,0.0,False,,,False
EVT_001184,BA000500,OUV,Ouverture / Souscription,VAL,2022-09-12,2022-09-12,531000.0,531000.0,0.0,0.0,EUR,Belgium,,False,False,0.0,False,,,False
EVT_001185,BA000500,VLC,Versement libre complémentaire,VAL,2024-09-30,2024-09-30,44000.0,44000.0,0.0,0.0,EUR,Belgium,,False,False,0.0,False,,,False
EVT_001186,BA000500,VLC,Versement libre complémentaire,VAL,2025-07-16,2025-07-16,44000.0,44000.0,0.0,0.0,EUR,Belgium,,False,False,0.0,False,,,False
EVT_001187,BA000500,VLC,Versement libre complémentaire,VAL,2027-06-16,2027-06-16,44000.0,44000.0,0.0,0.0,EUR,Belgium,,False,False,0.0,False,,,False
EVT_001188,BA000500,RAP,Rachat partiel,VAL,2027-06-12,2027-06-12,-118000.0,-118000.0,0.0,12840.04,EUR,Belgium,Belgium,False,False,0.0,False,,,False
EVT_001189,BA000501,OUV,Ouverture / Souscription,VAL,2019-08-23,2019-08-23,935000.0,935000.0,0.0,0.0,EUR,Belgium,,False,False,0.0,False,,,False
EVT_001190,BA000502,OUV,Ouverture / Souscription,VAL,2022-09-02,2022-09-02,681000.0,681000.0,0.0,0.0,EUR,Belgium,,False,False,0.0,False,,,False
EVT_001191,BA000502,VLC,Versement libre complémentaire,VAL,2027-06-30,2027-06-30,51000.0,51000.0,0.0,0.0,EUR,Belgium,,False,False,0.0,False,,,False
EVT_001192,BA000502,ARB,Arbitrage entre fonds,VAL,2024-04-09,2024-04-09,116000.0,116000.0,0.0,0.0,EUR,,,False,False,0.0,False,LU0255977539,FID_UBS,False
EVT_001193,BA000502,ARB,Arbitrage entre fonds,VAL,2026-09-25,2026-09-25,280000.0,280000.0,0.0,0.0,EUR,,,False,False,0.0,False,LU0255977539,LU0104884860,False
EVT_001194,BA000503,OUV,Ouverture / Souscription,VAL,2023-07-11,2023-07-11,362000.0,362000.0,0.0,0.0,EUR,France,,False,False,0.0,False,,,False
EVT_001195,BA000504,OUV,Ouverture / Souscription,VAL,2025-02-18,2025-02-18,320000.0,320000.0,0.0,0.0,EUR,France,,False,False,0.0,False,,,False
EVT_001196,BA000505,OUV,Ouverture / Souscription,VAL,2022-08-26,2022-08-26,1077000.0,1077000.0,0.0,0.0,EUR,France,,False,False,0.0,False,,,False
EVT_001197,BA000505,RAP,Rachat partiel,VAL,2023-08-30,2023-08-30,-86000.0,-86000.0,0.0,4695.61,EUR,France,France,False,False,0.0,False,,,False
EVT_001198,BA000505,RAP,Rachat partiel,VAL,2026-02-11,2026-02-11,-86000.0,-86000.0,0.0,8151.34,EUR,France,France,False,False,0.0,False,,,False
EVT_001199,BA000505,RAP,Rachat partiel,VAL,2028-02-16,2028-02-16,-86000.0,-83420.0,2580.0,0.0,EUR,France,France,False,True,2580.0,False,,,False
EVT_001200,BA000506,OUV,Ouverture / Souscription,VAL,2024-01-13,2024-01-13,538000.0,538000.0,0.0,0.0,EUR,France,,False,False,0.0,False,,,False
EVT_001201,BA000506,VLC,Versement libre complémentaire,VAL,2029-05-15,2029-05-15,80000.0,80000.0,0.0,0.0,EUR,France,,False,False,0.0,False,,,False
EVT_001202,BA000506,VLC,Versement libre complémentaire,VAL,2026-10-18,2026-10-18,80000.0,80000.0,0.0,0.0,EUR,France,,False,False,0.0,False,,,False
EVT_001203,BA000507,OUV,Ouverture / Souscription,VAL,2019-10-31,2019-10-31,276000.0,276000.0,0.0,0.0,EUR,France,,False,False,0.0,False,,,False
EVT_001204,BA000508,OUV,Ouverture / Souscription,VAL,2024-12-25,2024-12-25,390000.0,390000.0,0.0,0.0,EUR,France,,False,False,0.0,False,,,False
EVT_001205,BA000508,VLC,Versement libre complémentaire,VAL,2029-12-18,2029-12-18,13000.0,13000.0,0.0,0.0,EUR,France,,False,False,0.0,False,,,False
EVT_001206,BA000508,VLC,Versement libre complémentaire,VAL,2028-08-13,2028-08-13,13000.0,13000.0,0.0,0.0,EUR,France,,True,False,0.0,False,,,False
EVT_001207,BA000509,OUV,Ouverture / Souscription,VAL,2024-05-23,2024-05-23,724000.0,724000.0,0.0,0.0,EUR,France,,False,False,0.0,False,,,False
EVT_001208,BA000509,VLC,Versement libre complémentaire,VAL,2028-08-14,2028-08-14,106000.0,106000.0,0.0,0.0,EUR,France,,False,False,0.0,False,,,False
EVT_001209,BA000509,RAP,Rachat partiel,VAL,2026-04-24,2026-04-24,-92000.0,-92000.0,0.0,7461.45,EUR,France,France,False,False,0.0,False,,,False
EVT_001210,BA000510,OUV,Ouverture / Souscription,VAL,2023-02-09,2023-02-09,250000.0,250000.0,0.0,0.0,EUR,Belgium,,False,False,0.0,False,,,False
EVT_001211,BA000510,ARB,Arbitrage entre fonds,VAL,2024-03-08,2024-03-08,58000.0,58000.0,0.0,0.0,EUR,,,False,False,0.0,False,FR0010923383,FID_UBS,False
EVT_001212,BA000511,OUV,Ouverture / Souscription,VAL,2026-01-12,2026-01-12,250000.0,250000.0,0.0,0.0,EUR,Belgium,,False,False,0.0,False,,,False
EVT_001213,BA000512,OUV,Ouverture / Souscription,VAL,2022-01-17,2022-01-17,351000.0,351000.0,0.0,0.0,EUR,Belgium,,False,False,0.0,False,,,False
EVT_001214,BA000512,VLC,Versement libre complémentaire,VAL,2024-04-03,2024-04-03,76000.0,76000.0,0.0,0.0,EUR,Belgium,,False,False,0.0,False,,,False
EVT_001215,BA000512,RAP,Rachat partiel,VAL,2024-12-17,2024-12-17,-16000.0,-16000.0,0.0,2296.83,EUR,Belgium,Belgium,False,False,0.0,False,,,False
EVT_001216,BA000512,RAP,Rachat partiel,VAL,2026-06-02,2026-06-02,-16000.0,-16000.0,0.0,1543.72,EUR,Belgium,Belgium,False,False,0.0,False,,,False
EVT_001217,BA000513,OUV,Ouverture / Souscription,VAL,2019-01-20,2019-01-20,347000.0,347000.0,0.0,0.0,EUR,Belgium,,False,False,0.0,False,,,False
EVT_001218,BA000513,ARB,Arbitrage entre fonds,VAL,2020-01-03,2020-01-03,34000.0,34000.0,170.0,0.0,EUR,,,False,False,0.0,False,LU0255977539,FID_BNP,False
EVT_001219,BA000513,ARB,Arbitrage entre fonds,VAL,2022-07-19,2022-07-19,79000.0,79000.0,395.0,0.0,EUR,,,False,False,0.0,False,LU0255977539,FID_BNP,False
EVT_001220,BA000514,OUV,Ouverture / Souscription,VAL,2024-08-02,2024-08-02,250000.0,250000.0,0.0,0.0,EUR,Belgium,,False,False,0.0,False,,,False
EVT_001221,BA000515,OUV,Ouverture / Souscription,VAL,2019-07-14,2019-07-14,4911000.0,4911000.0,0.0,0.0,EUR,Belgium,,False,False,0.0,False,,,False
EVT_001222,BA000515,ARB,Arbitrage entre fonds,VAL,2023-06-09,2023-06-09,1675000.0,1675000.0,0.0,0.0,EUR,,,False,False,0.0,False,FR0010923383,FID_UBS,False
EVT_001223,BA000516,OUV,Ouverture / Souscription,VAL,2026-03-03,2026-03-03,2526000.0,2526000.0,0.0,0.0,EUR,Belgium,,False,False,0.0,False,,,False
EVT_001224,BA000517,OUV,Ouverture / Souscription,VAL,2019-10-10,2019-10-10,250000.0,250000.0,0.0,0.0,EUR,Belgium,,False,False,0.0,False,,,False
EVT_001225,BA000517,VLC,Versement libre complémentaire,VAL,2021-12-18,2021-12-18,39000.0,39000.0,0.0,0.0,EUR,Belgium,,False,False,0.0,False,,,False
EVT_001226,BA000517,RAP,Rachat partiel,VAL,2022-12-18,2022-12-18,-83000.0,-83000.0,0.0,12389.12,EUR,Belgium,Belgium,False,False,0.0,False,,,False
EVT_001227,BA000518,OUV,Ouverture / Souscription,VAL,2024-10-17,2024-10-17,250000.0,250000.0,0.0,0.0,EUR,Belgium,,False,False,0.0,False,,,False
EVT_001228,BA000518,VLC,Versement libre complémentaire,VAL,2030-01-14,2030-01-14,67000.0,67000.0,0.0,0.0,EUR,Belgium,,False,False,0.0,False,,,False
EVT_001229,BA000518,RAP,Rachat partiel,VAL,2027-05-02,2027-05-02,-81000.0,-81000.0,0.0,9516.11,EUR,Belgium,Belgium,False,False,0.0,False,,,False
EVT_001230,BA000519,OUV,Ouverture / Souscription,VAL,2019-03-24,2019-03-24,439000.0,439000.0,0.0,0.0,EUR,France,,False,False,0.0,False,,,False
EVT_001231,BA000520,OUV,Ouverture / Souscription,VAL,2020-05-29,2020-05-29,250000.0,250000.0,0.0,0.0,EUR,France,,False,False,0.0,False,,,False
EVT_001232,BA000521,OUV,Ouverture / Souscription,VAL,2023-07-14,2023-07-14,4270000.0,4270000.0,0.0,0.0,EUR,France,,False,False,0.0,False,,,False
EVT_001233,BA000521,RAP,Rachat partiel,VAL,2028-06-03,2028-06-03,-1884000.0,-1884000.0,0.0,190261.83,EUR,France,France,False,False,0.0,False,,,False
EVT_001234,BA000522,OUV,Ouverture / Souscription,VAL,2023-04-16,2023-04-16,494000.0,494000.0,0.0,0.0,EUR,Belgium,,False,False,0.0,False,,,False
EVT_001235,BA000523,OUV,Ouverture / Souscription,VAL,2023-02-11,2023-02-11,250000.0,250000.0,0.0,0.0,EUR,Italy,,False,False,0.0,False,,,False
EVT_001236,BA000523,VLC,Versement libre complémentaire,VAL,2027-02-20,2027-02-20,62000.0,62000.0,0.0,0.0,EUR,Italy,,False,False,0.0,False,,,False
EVT_001237,BA000523,RAP,Rachat partiel,VAL,2025-02-07,2025-02-07,-61000.0,-61000.0,0.0,5578.13,EUR,Italy,Italy,False,False,0.0,False,,,False
EVT_001238,BA000524,OUV,Ouverture / Souscription,VAL,2025-09-03,2025-09-03,269000.0,269000.0,0.0,0.0,EUR,France,,False,False,0.0,False,,,False
EVT_001239,BA000524,VLC,Versement libre complémentaire,VAL,2029-11-01,2029-11-01,12000.0,12000.0,0.0,0.0,EUR,France,,False,False,0.0,False,,,False
EVT_001240,BA000524,VLC,Versement libre complémentaire,VAL,2030-11-02,2030-11-02,12000.0,12000.0,0.0,0.0,EUR,France,,False,False,0.0,False,,,False
EVT_001241,BA000525,OUV,Ouverture / Souscription,VAL,2023-06-16,2023-06-16,250000.0,250000.0,0.0,0.0,EUR,Belgium,,False,False,0.0,False,,,False
EVT_001242,BA000526,OUV,Ouverture / Souscription,VAL,2022-04-21,2022-04-21,636000.0,636000.0,0.0,0.0,EUR,Luxembourg,,False,False,0.0,False,,,False
EVT_001243,BA000527,OUV,Ouverture / Souscription,VAL,2023-04-28,2023-04-28,402000.0,402000.0,0.0,0.0,EUR,France,,True,False,0.0,False,,,False
EVT_001244,BA000527,VLC,Versement libre complémentaire,VAL,2025-09-07,2025-09-07,20000.0,20000.0,0.0,0.0,EUR,France,,True,False,0.0,False,,,False
EVT_001245,BA000527,VLC,Versement libre complémentaire,VAL,2026-12-25,2026-12-25,20000.0,20000.0,0.0,0.0,EUR,France,,False,False,0.0,False,,,False
EVT_001246,BA000527,VLC,Versement libre complémentaire,VAL,2025-01-08,2025-01-08,20000.0,20000.0,0.0,0.0,EUR,France,,False,False,0.0,False,,,False
EVT_001247,BA000528,OUV,Ouverture / Souscription,VAL,2020-10-26,2020-10-26,250000.0,250000.0,0.0,0.0,EUR,Belgium,,False,False,0.0,False,,,False
EVT_001248,BA000529,OUV,Ouverture / Souscription,VAL,2022-06-15,2022-06-15,341000.0,341000.0,0.0,0.0,EUR,France,,False,False,0.0,False,,,False
EVT_001249,BA000529,VLC,Versement libre complémentaire,VAL,2026-11-28,2026-11-28,97000.0,97000.0,0.0,0.0,EUR,France,,False,False,0.0,False,,,False
EVT_001250,BA000529,ARB,Arbitrage entre fonds,VAL,2024-07-13,2024-07-13,138000.0,138000.0,0.0,0.0,EUR,,,False,False,0.0,False,FR0010923383,FID_BNP,False
EVT_001251,BA000530,OUV,Ouverture / Souscription,VAL,2022-09-25,2022-09-25,2109000.0,2109000.0,0.0,0.0,EUR,France,,False,False,0.0,False,,,False
EVT_001252,BA000531,OUV,Ouverture / Souscription,VAL,2024-08-02,2024-08-02,333000.0,333000.0,0.0,0.0,EUR,Luxembourg,,False,False,0.0,False,,,False
EVT_001253,BA000532,OUV,Ouverture / Souscription,VAL,2019-12-29,2019-12-29,250000.0,250000.0,0.0,0.0,EUR,Belgium,,False,False,0.0,False,,,False
EVT_001254,BA000533,OUV,Ouverture / Souscription,VAL,2020-06-23,2020-06-23,250000.0,250000.0,0.0,0.0,EUR,Belgium,,False,False,0.0,False,,,False
EVT_001255,BA000534,OUV,Ouverture / Souscription,VAL,2026-01-20,2026-01-20,405000.0,405000.0,0.0,0.0,EUR,Italy,,False,False,0.0,False,,,False
EVT_001256,BA000535,OUV,Ouverture / Souscription,VAL,2021-03-25,2021-03-25,250000.0,250000.0,0.0,0.0,EUR,Belgium,,False,False,0.0,False,,,False
EVT_001257,BA000535,VLC,Versement libre complémentaire,VAL,2026-04-08,2026-04-08,17000.0,17000.0,0.0,0.0,EUR,Belgium,,False,False,0.0,False,,,False
EVT_001258,BA000535,VLC,Versement libre complémentaire,VAL,2021-11-23,2021-11-23,17000.0,17000.0,0.0,0.0,EUR,Belgium,,False,False,0.0,False,,,False
EVT_001259,BA000535,VLC,Versement libre complémentaire,VAL,2022-10-09,2022-10-09,17000.0,17000.0,0.0,0.0,EUR,Belgium,,False,False,0.0,False,,,False
EVT_001260,BA000536,OUV,Ouverture / Souscription,VAL,2021-07-17,2021-07-17,477000.0,477000.0,0.0,0.0,EUR,France,,False,False,0.0,False,,,False
EVT_001261,BA000537,OUV,Ouverture / Souscription,VAL,2026-07-14,2026-07-14,2202000.0,2202000.0,0.0,0.0,EUR,Luxembourg,,False,False,0.0,False,,,False
EVT_001262,BA000537,VLC,Versement libre complémentaire,VAL,2031-05-06,2031-05-06,715000.0,715000.0,0.0,0.0,EUR,Luxembourg,,False,False,0.0,False,,,False
EVT_001263,BA000537,RAP,Rachat partiel,VAL,2028-08-16,2028-08-16,-326000.0,-326000.0,0.0,21792.0,EUR,Luxembourg,Luxembourg,False,False,0.0,False,,,False
EVT_001264,BA000537,RAP,Rachat partiel,VAL,2029-09-23,2029-09-23,-326000.0,-326000.0,0.0,23391.61,EUR,Luxembourg,Luxembourg,False,False,0.0,False,,,False
EVT_001265,BA000538,OUV,Ouverture / Souscription,VAL,2021-07-26,2021-07-26,985000.0,985000.0,0.0,0.0,EUR,Luxembourg,,False,False,0.0,False,,,False
EVT_001266,BA000539,OUV,Ouverture / Souscription,VAL,2023-04-03,2023-04-03,250000.0,250000.0,0.0,0.0,EUR,Sweden,,False,False,0.0,False,,,False
EVT_001267,BA000540,OUV,Ouverture / Souscription,VAL,2018-10-30,2018-10-30,250000.0,250000.0,0.0,0.0,EUR,Sweden,,False,False,0.0,False,,,False
EVT_001268,BA000540,VLC,Versement libre complémentaire,VAL,2022-01-27,2022-01-27,48000.0,48000.0,0.0,0.0,EUR,Sweden,,False,False,0.0,False,,,False
EVT_001269,BA000541,OUV,Ouverture / Souscription,VAL,2019-09-10,2019-09-10,356000.0,356000.0,0.0,0.0,EUR,France,,False,False,0.0,False,,,False
EVT_001270,BA000542,OUV,Ouverture / Souscription,VAL,2019-04-11,2019-04-11,250000.0,250000.0,0.0,0.0,EUR,France,,False,False,0.0,False,,,False
EVT_001271,BA000542,VLC,Versement libre complémentaire,VAL,2020-11-06,2020-11-06,98000.0,98000.0,0.0,0.0,EUR,France,,False,False,0.0,False,,,False
EVT_001272,BA000542,RAP,Rachat partiel,VAL,2021-08-21,2021-08-21,-93000.0,-90210.0,2790.0,0.0,EUR,France,France,False,True,2790.0,False,,,False
EVT_001273,BA000543,OUV,Ouverture / Souscription,VAL,2025-06-16,2025-06-16,970000.0,970000.0,0.0,0.0,EUR,Belgium,,False,False,0.0,False,,,False
EVT_001274,BA000544,OUV,Ouverture / Souscription,VAL,2023-07-17,2023-07-17,364000.0,364000.0,0.0,0.0,EUR,France,,False,False,0.0,False,,,False
EVT_001275,BA000545,OUV,Ouverture / Souscription,VAL,2022-07-06,2022-07-06,822000.0,822000.0,0.0,0.0,EUR,France,,False,False,0.0,False,,,False
EVT_001276,BA000545,VLC,Versement libre complémentaire,VAL,2026-05-27,2026-05-27,98000.0,98000.0,0.0,0.0,EUR,France,,False,False,0.0,False,,,False
EVT_001277,BA000546,OUV,Ouverture / Souscription,VAL,2022-01-11,2022-01-11,834000.0,834000.0,0.0,0.0,EUR,Portugal,,False,False,0.0,False,,,False
EVT_001278,BA000546,ARB,Arbitrage entre fonds,VAL,2023-01-26,2023-01-26,109000.0,109000.0,545.0,0.0,EUR,,,False,False,0.0,False,FID_BNP,XS2428662824,False
EVT_001279,BA000546,RAP,Rachat partiel,VAL,2023-08-16,2023-08-16,-350000.0,-350000.0,0.0,45673.52,EUR,Portugal,Portugal,False,False,0.0,False,,,False
EVT_001280,BA000547,OUV,Ouverture / Souscription,VAL,2023-12-13,2023-12-13,1436000.0,1436000.0,0.0,0.0,EUR,Portugal,,False,False,0.0,False,,,False
EVT_001281,BA000547,RAP,Rachat partiel,VAL,2025-08-11,2025-08-11,-538000.0,-538000.0,0.0,44353.94,EUR,Portugal,Portugal,False,False,0.0,False,,,False
EVT_001282,BA000548,OUV,Ouverture / Souscription,VAL,2026-04-21,2026-04-21,474000.0,474000.0,0.0,0.0,EUR,Finland,,False,False,0.0,False,,,False
EVT_001283,BA000549,OUV,Ouverture / Souscription,VAL,2018-11-03,2018-11-03,274000.0,274000.0,0.0,0.0,EUR,Finland,,False,False,0.0,False,,,False
EVT_001284,BA000549,VLC,Versement libre complémentaire,VAL,2023-09-15,2023-09-15,26000.0,26000.0,0.0,0.0,EUR,Finland,,False,False,0.0,False,,,False
EVT_001285,BA000549,ARB,Arbitrage entre fonds,VAL,2019-08-04,2019-08-04,94000.0,94000.0,0.0,0.0,EUR,,,False,False,0.0,False,LU0104884860,FAS_IND,False
EVT_001286,BA000550,OUV,Ouverture / Souscription,VAL,2023-11-14,2023-11-14,356000.0,356000.0,0.0,0.0,EUR,France,,False,False,0.0,False,,,False
EVT_001287,BA000550,VLC,Versement libre complémentaire,VAL,2027-07-28,2027-07-28,19000.0,19000.0,0.0,0.0,EUR,France,,False,False,0.0,False,,,False
EVT_001288,BA000550,VLC,Versement libre complémentaire,VAL,2026-09-20,2026-09-20,19000.0,19000.0,0.0,0.0,EUR,France,,False,False,0.0,False,,,False
EVT_001289,BA000550,ARB,Arbitrage entre fonds,VAL,2024-09-18,2024-09-18,73000.0,73000.0,0.0,0.0,EUR,,,False,False,0.0,False,XS2428662824,FAS_ROT,False
EVT_001290,BA000550,RAP,Rachat partiel,VAL,2025-11-01,2025-11-01,-48000.0,-48000.0,0.0,3189.1,EUR,France,France,False,False,0.0,False,,,False
EVT_001291,BA000550,RAP,Rachat partiel,VAL,2024-10-27,2024-10-27,-48000.0,-48000.0,0.0,1131.57,EUR,France,France,False,False,0.0,False,,,False
EVT_001292,BA000551,OUV,Ouverture / Souscription,VAL,2022-09-25,2022-09-25,250000.0,250000.0,0.0,0.0,EUR,Sweden,,False,False,0.0,False,,,False
EVT_001293,BA000552,OUV,Ouverture / Souscription,VAL,2020-08-20,2020-08-20,993000.0,993000.0,0.0,0.0,EUR,Italy,,False,False,0.0,False,,,False
EVT_001294,BA000552,VLC,Versement libre complémentaire,VAL,2023-03-10,2023-03-10,333000.0,333000.0,0.0,0.0,EUR,Italy,,False,False,0.0,False,,,False
EVT_001295,BA000553,OUV,Ouverture / Souscription,VAL,2019-09-28,2019-09-28,250000.0,250000.0,0.0,0.0,EUR,France,,False,False,0.0,False,,,False
EVT_001296,BA000554,OUV,Ouverture / Souscription,VAL,2020-03-04,2020-03-04,550000.0,550000.0,0.0,0.0,EUR,Finland,,False,False,0.0,False,,,False
EVT_001297,BA000554,VLC,Versement libre complémentaire,VAL,2023-11-19,2023-11-19,103000.0,103000.0,0.0,0.0,EUR,Finland,,False,False,0.0,False,,,False
EVT_001298,BA000554,ARB,Arbitrage entre fonds,VAL,2024-03-16,2024-03-16,66000.0,66000.0,0.0,0.0,EUR,,,False,False,0.0,False,PE_CAY_01,FR001400OJI4,False
EVT_001299,BA000554,RAP,Rachat partiel,VAL,2022-04-10,2022-04-10,-112000.0,-112000.0,0.0,9955.36,EUR,Finland,Finland,False,False,0.0,False,,,False
EVT_001300,BA000554,RAP,Rachat partiel,VAL,2022-01-09,2022-01-09,-112000.0,-112000.0,0.0,9219.2,EUR,Finland,Finland,False,False,0.0,False,,,False
EVT_001301,BA000555,OUV,Ouverture / Souscription,VAL,2025-10-28,2025-10-28,250000.0,250000.0,0.0,0.0,EUR,Portugal,,False,False,0.0,False,,,False
EVT_001302,BA000555,VLC,Versement libre complémentaire,VAL,2026-08-13,2026-08-13,26000.0,26000.0,0.0,0.0,EUR,Portugal,,False,False,0.0,False,,,False
EVT_001303,BA000555,VLC,Versement libre complémentaire,VAL,2026-05-15,2026-05-15,26000.0,26000.0,0.0,0.0,EUR,Portugal,,False,False,0.0,False,,,False
EVT_001304,BA000556,OUV,Ouverture / Souscription,VAL,2025-04-06,2025-04-06,250000.0,250000.0,0.0,0.0,EUR,Portugal,,False,False,0.0,False,,,False
EVT_001305,BA000556,VLC,Versement libre complémentaire,VAL,2026-07-09,2026-07-09,28000.0,28000.0,0.0,0.0,EUR,Portugal,,False,False,0.0,False,,,False
EVT_001306,BA000556,ARB,Arbitrage entre fonds,VAL,2026-08-27,2026-08-27,28000.0,28000.0,140.0,0.0,EUR,,,False,False,0.0,False,FID_UBS,LU0104884860,False
EVT_001307,BA000557,OUV,Ouverture / Souscription,VAL,2026-01-29,2026-01-29,250000.0,250000.0,0.0,0.0,EUR,Portugal,,False,False,0.0,False,,,False
EVT_001308,BA000558,OUV,Ouverture / Souscription,VAL,2024-03-18,2024-03-18,833000.0,833000.0,0.0,0.0,EUR,France,,False,False,0.0,False,,,False
EVT_001309,BA000559,OUV,Ouverture / Souscription,VAL,2024-01-01,2024-01-01,363000.0,363000.0,0.0,0.0,EUR,France,,False,False,0.0,False,,,False
EVT_001310,BA000560,OUV,Ouverture / Souscription,VAL,2020-01-07,2020-01-07,257000.0,257000.0,0.0,0.0,EUR,France,,False,False,0.0,False,,,False
EVT_001311,BA000561,OUV,Ouverture / Souscription,VAL,2019-10-29,2019-10-29,633000.0,633000.0,0.0,0.0,EUR,Belgium,,False,False,0.0,False,,,False
EVT_001312,BA000562,OUV,Ouverture / Souscription,VAL,2020-01-13,2020-01-13,1077000.0,1077000.0,0.0,0.0,EUR,France,,False,False,0.0,False,,,False
EVT_001313,BA000562,VLC,Versement libre complémentaire,VAL,2021-11-26,2021-11-26,106000.0,106000.0,0.0,0.0,EUR,France,,False,False,0.0,False,,,False
EVT_001314,BA000562,VLC,Versement libre complémentaire,VAL,2021-05-01,2021-05-01,106000.0,106000.0,0.0,0.0,EUR,France,,False,False,0.0,False,,,False
EVT_001315,BA000562,RAP,Rachat partiel,VAL,2023-02-10,2023-02-10,-260000.0,-260000.0,0.0,21674.67,EUR,France,France,False,False,0.0,False,,,False
EVT_001316,BA000563,OUV,Ouverture / Souscription,VAL,2019-09-21,2019-09-21,898000.0,898000.0,0.0,0.0,EUR,France,,False,False,0.0,False,,,False
EVT_001317,BA000563,VLC,Versement libre complémentaire,VAL,2023-03-02,2023-03-02,270000.0,270000.0,0.0,0.0,EUR,France,,False,False,0.0,False,,,False
EVT_001318,BA000563,VLC,Versement libre complémentaire,VAL,2021-09-19,2021-09-19,270000.0,270000.0,0.0,0.0,EUR,France,,False,False,0.0,False,,,False
EVT_001319,BA000563,ARB,Arbitrage entre fonds,VAL,2022-12-02,2022-12-02,136000.0,136000.0,680.0,0.0,EUR,,,False,False,0.0,False,FR0010392225,FR001400OJI4,False
EVT_001320,BA000563,RAP,Rachat partiel,VAL,2024-08-19,2024-08-19,-201000.0,-201000.0,0.0,28041.92,EUR,France,France,False,False,0.0,False,,,False
EVT_001321,BA000564,OUV,Ouverture / Souscription,VAL,2020-12-30,2020-12-30,250000.0,250000.0,0.0,0.0,EUR,France,,False,False,0.0,False,,,False
EVT_001322,BA000564,VLC,Versement libre complémentaire,VAL,2025-06-10,2025-06-10,101000.0,101000.0,0.0,0.0,EUR,France,,False,False,0.0,False,,,False
EVT_001323,BA000564,RAP,Rachat partiel,VAL,2026-05-06,2026-05-06,-60000.0,-60000.0,0.0,7396.14,EUR,France,France,False,False,0.0,False,,,False
EVT_001324,BA000565,OUV,Ouverture / Souscription,VAL,2024-08-31,2024-08-31,250000.0,250000.0,0.0,0.0,EUR,Portugal,,False,False,0.0,False,,,False
EVT_001325,BA000566,OUV,Ouverture / Souscription,VAL,2020-02-21,2020-02-21,1513000.0,1513000.0,0.0,0.0,EUR,France,,False,False,0.0,False,,,False
EVT_001326,BA000566,VLC,Versement libre complémentaire,VAL,2023-05-11,2023-05-11,61000.0,61000.0,0.0,0.0,EUR,France,,False,False,0.0,False,,,False
EVT_001327,BA000566,VLC,Versement libre complémentaire,VAL,2024-05-13,2024-05-13,61000.0,61000.0,0.0,0.0,EUR,France,,False,False,0.0,False,,,False
EVT_001328,BA000566,ARB,Arbitrage entre fonds,VAL,2021-11-12,2021-11-12,328000.0,328000.0,1640.0,0.0,EUR,,,False,False,0.0,False,FID_UBS,FR0010392225,False
EVT_001329,BA000567,OUV,Ouverture / Souscription,VAL,2023-06-17,2023-06-17,497000.0,497000.0,0.0,0.0,EUR,France,,False,False,0.0,False,,,False
EVT_001330,BA000568,OUV,Ouverture / Souscription,VAL,2022-06-19,2022-06-19,579000.0,579000.0,0.0,0.0,EUR,France,,False,False,0.0,False,,,False
EVT_001331,BA000569,OUV,Ouverture / Souscription,VAL,2025-12-29,2025-12-29,2814000.0,2814000.0,0.0,0.0,EUR,France,,False,False,0.0,False,,,False
EVT_001332,BA000569,VLC,Versement libre complémentaire,VAL,2029-01-16,2029-01-16,256000.0,256000.0,0.0,0.0,EUR,France,,False,False,0.0,False,,,False
EVT_001333,BA000569,VLC,Versement libre complémentaire,VAL,2027-06-30,2027-06-30,256000.0,256000.0,0.0,0.0,EUR,France,,False,False,0.0,False,,,False
EVT_001334,BA000570,OUV,Ouverture / Souscription,VAL,2023-06-18,2023-06-18,250000.0,250000.0,0.0,0.0,EUR,Italy,,False,False,0.0,False,,,False
EVT_001335,BA000570,VLC,Versement libre complémentaire,VAL,2025-08-02,2025-08-02,41000.0,41000.0,0.0,0.0,EUR,Italy,,False,False,0.0,False,,,False
EVT_001336,BA000570,VLC,Versement libre complémentaire,VAL,2025-03-13,2025-03-13,41000.0,41000.0,0.0,0.0,EUR,Italy,,False,False,0.0,False,,,False
EVT_001337,BA000570,VLC,Versement libre complémentaire,VAL,2025-09-25,2025-09-25,41000.0,41000.0,0.0,0.0,EUR,Italy,,True,False,0.0,False,,,False
EVT_001338,BA000571,OUV,Ouverture / Souscription,VAL,2018-12-16,2018-12-16,1263000.0,1263000.0,0.0,0.0,EUR,France,,False,False,0.0,False,,,False
EVT_001339,BA000572,OUV,Ouverture / Souscription,VAL,2022-05-16,2022-05-16,250000.0,250000.0,0.0,0.0,EUR,Germany,,False,False,0.0,False,,,False
EVT_001340,BA000572,VLC,Versement libre complémentaire,VAL,2026-07-29,2026-07-29,24000.0,24000.0,0.0,0.0,EUR,Germany,,False,False,0.0,False,,,False
EVT_001341,BA000572,VLC,Versement libre complémentaire,VAL,2027-10-23,2027-10-23,24000.0,24000.0,0.0,0.0,EUR,Germany,,False,False,0.0,False,,,False
EVT_001342,BA000572,VLC,Versement libre complémentaire,VAL,2024-09-04,2024-09-04,24000.0,24000.0,0.0,0.0,EUR,Germany,,False,False,0.0,False,,,False
EVT_001343,BA000573,OUV,Ouverture / Souscription,VAL,2025-02-08,2025-02-08,250000.0,250000.0,0.0,0.0,EUR,Germany,,False,False,0.0,False,,,False
EVT_001344,BA000573,ARB,Arbitrage entre fonds,VAL,2026-07-31,2026-07-31,70000.0,70000.0,0.0,0.0,EUR,,,False,False,0.0,False,FR0010923383,FID_BNP,False
EVT_001345,BA000573,ARB,Arbitrage entre fonds,VAL,2025-09-20,2025-09-20,37000.0,37000.0,185.0,0.0,EUR,,,False,False,0.0,False,FR0010392225,FR0010923383,False
EVT_001346,BA000574,OUV,Ouverture / Souscription,VAL,2020-06-17,2020-06-17,250000.0,250000.0,0.0,0.0,EUR,France,,False,False,0.0,False,,,False
EVT_001347,BA000574,RAP,Rachat partiel,VAL,2021-02-08,2021-02-08,-76000.0,-76000.0,0.0,11389.39,EUR,France,France,True,False,0.0,False,,,False
EVT_001348,BA000575,OUV,Ouverture / Souscription,VAL,2025-12-11,2025-12-11,250000.0,250000.0,0.0,0.0,EUR,France,,False,False,0.0,False,,,False
EVT_001349,BA000576,OUV,Ouverture / Souscription,VAL,2024-04-18,2024-04-18,250000.0,250000.0,0.0,0.0,EUR,France,,False,False,0.0,False,,,False
EVT_001350,BA000577,OUV,Ouverture / Souscription,VAL,2020-09-22,2020-09-22,1692000.0,1692000.0,0.0,0.0,EUR,Belgium,,False,False,0.0,False,,,False
EVT_001351,BA000577,VLC,Versement libre complémentaire,VAL,2022-05-31,2022-05-31,190000.0,190000.0,0.0,0.0,EUR,Belgium,,False,False,0.0,False,,,False
EVT_001352,BA000577,VLC,Versement libre complémentaire,VAL,2022-07-17,2022-07-17,190000.0,190000.0,0.0,0.0,EUR,Belgium,,False,False,0.0,False,,,False
EVT_001353,BA000577,VLC,Versement libre complémentaire,VAL,2023-12-01,2023-12-01,190000.0,190000.0,0.0,0.0,EUR,Belgium,,False,False,0.0,False,,,False
EVT_001354,BA000578,OUV,Ouverture / Souscription,VAL,2021-12-21,2021-12-21,342000.0,342000.0,0.0,0.0,EUR,France,,False,False,0.0,False,,,False
EVT_001355,BA000579,OUV,Ouverture / Souscription,VAL,2022-04-06,2022-04-06,779000.0,779000.0,0.0,0.0,EUR,Belgium,,False,False,0.0,False,,,False
EVT_001356,BA000580,OUV,Ouverture / Souscription,VAL,2020-10-18,2020-10-18,250000.0,250000.0,0.0,0.0,EUR,France,,True,False,0.0,False,,,False
EVT_001357,BA000581,OUV,Ouverture / Souscription,VAL,2026-02-27,2026-02-27,1707000.0,1707000.0,0.0,0.0,EUR,Portugal,,False,False,0.0,False,,,False
EVT_001358,BA000582,OUV,Ouverture / Souscription,VAL,2020-03-31,2020-03-31,1457000.0,1457000.0,0.0,0.0,EUR,France,,False,False,0.0,False,,,False
EVT_001359,BA000583,OUV,Ouverture / Souscription,VAL,2019-01-01,2019-01-01,250000.0,250000.0,0.0,0.0,EUR,Luxembourg,,False,False,0.0,False,,,False
EVT_001360,BA000584,OUV,Ouverture / Souscription,VAL,2025-09-27,2025-09-27,250000.0,250000.0,0.0,0.0,EUR,Luxembourg,,False,False,0.0,False,,,False
EVT_001361,BA000585,OUV,Ouverture / Souscription,VAL,2021-10-28,2021-10-28,540000.0,540000.0,0.0,0.0,EUR,Belgium,,False,False,0.0,False,,,False
EVT_001362,BA000585,VLC,Versement libre complémentaire,VAL,2027-02-05,2027-02-05,124000.0,124000.0,0.0,0.0,EUR,Belgium,,False,False,0.0,False,,,False
EVT_001363,BA000586,OUV,Ouverture / Souscription,VAL,2023-11-30,2023-11-30,250000.0,250000.0,0.0,0.0,EUR,France,,False,False,0.0,False,,,False
EVT_001364,BA000586,VLC,Versement libre complémentaire,VAL,2028-03-15,2028-03-15,11000.0,11000.0,0.0,0.0,EUR,France,,False,False,0.0,False,,,False
EVT_001365,BA000586,VLC,Versement libre complémentaire,VAL,2024-06-28,2024-06-28,11000.0,11000.0,0.0,0.0,EUR,France,,False,False,0.0,False,,,False
EVT_001366,BA000586,VLC,Versement libre complémentaire,VAL,2026-09-26,2026-09-26,11000.0,11000.0,0.0,0.0,EUR,France,,False,False,0.0,False,,,False
EVT_001367,BA000587,OUV,Ouverture / Souscription,VAL,2025-08-20,2025-08-20,250000.0,250000.0,0.0,0.0,EUR,Belgium,,False,False,0.0,False,,,False
EVT_001368,BA000587,VLC,Versement libre complémentaire,VAL,2029-06-15,2029-06-15,76000.0,76000.0,0.0,0.0,EUR,Belgium,,False,False,0.0,False,,,False
EVT_001369,BA000587,VLC,Versement libre complémentaire,VAL,2028-05-21,2028-05-21,76000.0,76000.0,0.0,0.0,EUR,Belgium,,False,False,0.0,False,,,False
EVT_001370,BA000588,OUV,Ouverture / Souscription,VAL,2019-10-16,2019-10-16,793000.0,793000.0,0.0,0.0,EUR,France,,False,False,0.0,False,,,False
EVT_001371,BA000588,ARB,Arbitrage entre fonds,VAL,2021-06-08,2021-06-08,115000.0,115000.0,0.0,0.0,EUR,,,False,False,0.0,False,XS2428662824,FID_BNP,False
EVT_001372,BA000588,ARB,Arbitrage entre fonds,VAL,2020-07-02,2020-07-02,133000.0,133000.0,665.0,0.0,EUR,,,False,False,0.0,False,FID_BNP,XS2428662824,False
EVT_001373,BA000588,ARB,Arbitrage entre fonds,VAL,2021-09-25,2021-09-25,32000.0,32000.0,160.0,0.0,EUR,,,False,False,0.0,False,XS2428662824,FID_BNP,False
EVT_001374,BA000588,RAP,Rachat partiel,VAL,2020-09-03,2020-09-03,-339000.0,-339000.0,0.0,31995.73,EUR,France,France,False,False,0.0,False,,,False
EVT_001375,BA000589,OUV,Ouverture / Souscription,VAL,2025-07-02,2025-07-02,1794000.0,1794000.0,0.0,0.0,EUR,Luxembourg,,False,False,0.0,False,,,False
EVT_001376,BA000590,OUV,Ouverture / Souscription,VAL,2019-08-06,2019-08-06,250000.0,250000.0,0.0,0.0,EUR,Belgium,,False,False,0.0,False,,,False
EVT_001377,BA000590,VLC,Versement libre complémentaire,VAL,2020-05-31,2020-05-31,88000.0,88000.0,0.0,0.0,EUR,Belgium,,False,False,0.0,False,,,False
EVT_001378,BA000590,ARB,Arbitrage entre fonds,VAL,2020-11-28,2020-11-28,85000.0,85000.0,0.0,0.0,EUR,,,False,False,0.0,False,FR001400OJI4,PE_CAY_01,False
EVT_001379,BA000591,OUV,Ouverture / Souscription,VAL,2023-05-26,2023-05-26,3213000.0,3213000.0,0.0,0.0,EUR,Belgium,,False,False,0.0,False,,,False
EVT_001380,BA000591,VLC,Versement libre complémentaire,VAL,2026-05-05,2026-05-05,313000.0,313000.0,0.0,0.0,EUR,Belgium,,False,False,0.0,False,,,False
EVT_001381,BA000592,OUV,Ouverture / Souscription,VAL,2024-09-30,2024-09-30,250000.0,250000.0,0.0,0.0,EUR,Sweden,,False,False,0.0,False,,,False
EVT_001382,BA000593,OUV,Ouverture / Souscription,VAL,2022-10-26,2022-10-26,250000.0,250000.0,0.0,0.0,EUR,France,,False,False,0.0,False,,,False
EVT_001383,BA000594,OUV,Ouverture / Souscription,VAL,2025-04-24,2025-04-24,497000.0,497000.0,0.0,0.0,EUR,Belgium,,False,False,0.0,False,,,False
EVT_001384,BA000595,OUV,Ouverture / Souscription,VAL,2018-10-02,2018-10-02,250000.0,250000.0,0.0,0.0,EUR,Belgium,,False,False,0.0,False,,,False
EVT_001385,BA000595,VLC,Versement libre complémentaire,VAL,2023-12-09,2023-12-09,57000.0,57000.0,0.0,0.0,EUR,Belgium,,False,False,0.0,False,,,False
EVT_001386,BA000595,RAP,Rachat partiel,VAL,2021-06-28,2021-06-28,-67000.0,-67000.0,0.0,7934.53,EUR,Belgium,Belgium,False,False,0.0,False,,,False
EVT_001387,BA000596,OUV,Ouverture / Souscription,VAL,2019-12-27,2019-12-27,1010000.0,1010000.0,0.0,0.0,EUR,France,,False,False,0.0,False,,,False
EVT_001388,BA000597,OUV,Ouverture / Souscription,VAL,2021-08-24,2021-08-24,354000.0,354000.0,0.0,0.0,EUR,France,,False,False,0.0,False,,,False
EVT_001389,BA000597,VLC,Versement libre complémentaire,VAL,2022-10-02,2022-10-02,40000.0,40000.0,0.0,0.0,EUR,France,,False,False,0.0,False,,,False
EVT_001390,BA000597,RAP,Rachat partiel,VAL,2023-08-02,2023-08-02,-119000.0,-119000.0,0.0,13808.15,EUR,France,France,False,False,0.0,False,,,False
EVT_001391,BA000598,OUV,Ouverture / Souscription,VAL,2018-08-11,2018-08-11,291000.0,291000.0,0.0,0.0,EUR,France,,False,False,0.0,False,,,False
EVT_001392,BA000598,ARB,Arbitrage entre fonds,VAL,2022-01-02,2022-01-02,26000.0,26000.0,0.0,0.0,EUR,,,False,False,0.0,False,FAS_IND,XS2428662824,False
EVT_001393,BA000599,OUV,Ouverture / Souscription,VAL,2024-01-24,2024-01-24,374000.0,374000.0,0.0,0.0,EUR,France,,True,False,0.0,False,,,False
EVT_001394,BA000599,VLC,Versement libre complémentaire,VAL,2027-05-10,2027-05-10,29000.0,29000.0,0.0,0.0,EUR,France,,False,False,0.0,False,,,False
EVT_001395,BA000600,OUV,Ouverture / Souscription,VAL,2020-06-03,2020-06-03,280000.0,280000.0,0.0,0.0,EUR,France,,False,False,0.0,False,,,False
EVT_001396,BA000601,OUV,Ouverture / Souscription,VAL,2019-12-28,2019-12-28,250000.0,250000.0,0.0,0.0,EUR,France,,False,False,0.0,False,,,False
EVT_001397,BA000602,OUV,Ouverture / Souscription,VAL,2024-05-26,2024-05-26,560000.0,560000.0,0.0,0.0,EUR,Belgium,,False,False,0.0,False,,,False
EVT_001398,BA000602,VLC,Versement libre complémentaire,VAL,2026-09-20,2026-09-20,185000.0,185000.0,0.0,0.0,EUR,Belgium,,False,False,0.0,False,,,False
EVT_001399,BA000603,OUV,Ouverture / Souscription,VAL,2025-01-05,2025-01-05,419000.0,419000.0,0.0,0.0,EUR,Belgium,,False,False,0.0,False,,,False
EVT_001400,BA000603,VLC,Versement libre complémentaire,VAL,2026-01-07,2026-01-07,30000.0,30000.0,0.0,0.0,EUR,Belgium,,False,False,0.0,False,,,False
EVT_001401,BA000603,VLC,Versement libre complémentaire,VAL,2027-01-26,2027-01-26,30000.0,30000.0,0.0,0.0,EUR,Belgium,,False,False,0.0,False,,,False
EVT_001402,BA000604,OUV,Ouverture / Souscription,VAL,2023-06-21,2023-06-21,250000.0,250000.0,0.0,0.0,EUR,Belgium,,False,False,0.0,False,,,False
EVT_001403,BA000604,VLC,Versement libre complémentaire,VAL,2028-02-28,2028-02-28,44000.0,44000.0,0.0,0.0,EUR,Belgium,,False,False,0.0,False,,,False
EVT_001404,BA000604,VLC,Versement libre complémentaire,VAL,2028-05-24,2028-05-24,44000.0,44000.0,0.0,0.0,EUR,Belgium,,False,False,0.0,False,,,False
EVT_001405,BA000605,OUV,Ouverture / Souscription,VAL,2019-06-02,2019-06-02,250000.0,250000.0,0.0,0.0,EUR,Norway,,False,False,0.0,False,,,False
EVT_001406,BA000605,VLC,Versement libre complémentaire,VAL,2020-02-26,2020-02-26,44000.0,44000.0,0.0,0.0,EUR,Norway,,False,False,0.0,False,,,False
EVT_001407,BA000605,RAP,Rachat partiel,VAL,2023-08-30,2023-08-30,-67000.0,-67000.0,0.0,4955.09,EUR,Norway,Norway,False,False,0.0,False,,,False
EVT_001408,BA000606,OUV,Ouverture / Souscription,VAL,2023-04-06,2023-04-06,497000.0,497000.0,0.0,0.0,EUR,France,,False,False,0.0,False,,,False
EVT_001409,BA000606,VLC,Versement libre complémentaire,VAL,2028-09-03,2028-09-03,131000.0,131000.0,0.0,0.0,EUR,France,,False,False,0.0,False,,,False
EVT_001410,BA000607,OUV,Ouverture / Souscription,VAL,2019-10-27,2019-10-27,250000.0,250000.0,0.0,0.0,EUR,Norway,,False,False,0.0,False,,,False
EVT_001411,BA000607,VLC,Versement libre complémentaire,VAL,2020-08-30,2020-08-30,24000.0,24000.0,0.0,0.0,EUR,Norway,,False,False,0.0,False,,,False
EVT_001412,BA000608,OUV,Ouverture / Souscription,VAL,2023-10-23,2023-10-23,298000.0,298000.0,0.0,0.0,EUR,France,,False,False,0.0,False,,,False
EVT_001413,BA000608,ARB,Arbitrage entre fonds,VAL,2024-02-01,2024-02-01,61000.0,61000.0,305.0,0.0,EUR,,,False,False,0.0,False,LU0104884860,PE_CAY_01,False
EVT_001414,BA000608,ARB,Arbitrage entre fonds,VAL,2027-09-20,2027-09-20,44000.0,44000.0,220.0,0.0,EUR,,,False,False,0.0,False,PE_CAY_01,LU0104884860,False
EVT_001415,BA000609,OUV,Ouverture / Souscription,VAL,2023-11-27,2023-11-27,305000.0,305000.0,0.0,0.0,EUR,France,,False,False,0.0,False,,,False
EVT_001416,BA000609,VLC,Versement libre complémentaire,VAL,2027-08-19,2027-08-19,67000.0,67000.0,0.0,0.0,EUR,France,,False,False,0.0,False,,,False
EVT_001417,BA000610,OUV,Ouverture / Souscription,VAL,2023-08-01,2023-08-01,250000.0,250000.0,0.0,0.0,EUR,France,,False,False,0.0,False,,,False
EVT_001418,BA000610,VLC,Versement libre complémentaire,VAL,2028-04-08,2028-04-08,23000.0,23000.0,0.0,0.0,EUR,France,,False,False,0.0,False,,,False
EVT_001419,BA000610,RAP,Rachat partiel,VAL,2026-05-18,2026-05-18,-52000.0,-52000.0,0.0,5658.23,EUR,France,France,False,False,0.0,False,,,False
EVT_001420,BA000611,OUV,Ouverture / Souscription,VAL,2021-12-31,2021-12-31,250000.0,250000.0,0.0,0.0,EUR,Monaco,,False,False,0.0,False,,,False
EVT_001421,BA000612,OUV,Ouverture / Souscription,VAL,2019-09-11,2019-09-11,1127000.0,1127000.0,0.0,0.0,EUR,Sweden,,False,False,0.0,False,,,False
EVT_001422,BA000612,ARB,Arbitrage entre fonds,VAL,2022-05-13,2022-05-13,275000.0,275000.0,0.0,0.0,EUR,,,False,False,0.0,False,FID_BNP,FR0010923383,False
EVT_001423,BA000612,ARB,Arbitrage entre fonds,VAL,2021-11-21,2021-11-21,64000.0,64000.0,320.0,0.0,EUR,,,False,False,0.0,False,FID_BNP,FR0010923383,False
EVT_001424,BA000613,OUV,Ouverture / Souscription,VAL,2022-06-23,2022-06-23,250000.0,250000.0,0.0,0.0,EUR,France,,False,False,0.0,False,,,False
EVT_001425,BA000613,VLC,Versement libre complémentaire,VAL,2025-10-23,2025-10-23,46000.0,46000.0,0.0,0.0,EUR,France,,False,False,0.0,False,,,False
EVT_001426,BA000614,OUV,Ouverture / Souscription,VAL,2025-06-16,2025-06-16,250000.0,250000.0,0.0,0.0,EUR,France,,False,False,0.0,False,,,False
EVT_001427,BA000614,VLC,Versement libre complémentaire,VAL,2026-07-11,2026-07-11,66000.0,66000.0,0.0,0.0,EUR,France,,False,False,0.0,False,,,False
EVT_001428,BA000615,OUV,Ouverture / Souscription,VAL,2023-05-13,2023-05-13,439000.0,439000.0,0.0,0.0,EUR,France,,False,False,0.0,False,,,False
EVT_001429,BA000616,OUV,Ouverture / Souscription,VAL,2024-07-11,2024-07-11,365000.0,365000.0,0.0,0.0,EUR,France,,False,False,0.0,False,,,False
EVT_001430,BA000616,RAP,Rachat partiel,VAL,2028-05-28,2028-05-28,-95000.0,-95000.0,0.0,11760.0,EUR,France,France,False,False,0.0,False,,,False
EVT_001431,BA000617,OUV,Ouverture / Souscription,VAL,2025-07-08,2025-07-08,841000.0,841000.0,0.0,0.0,EUR,France,,False,False,0.0,False,,,False
EVT_001432,BA000617,VLC,Versement libre complémentaire,VAL,2030-11-08,2030-11-08,278000.0,278000.0,0.0,0.0,EUR,France,,False,False,0.0,False,,,False
EVT_001433,BA000617,ARB,Arbitrage entre fonds,VAL,2029-01-30,2029-01-30,130000.0,130000.0,650.0,0.0,EUR,,,False,False,0.0,False,FID_BNP,FR0010392225,False
EVT_001434,BA000617,ARB,Arbitrage entre fonds,VAL,2026-10-02,2026-10-02,170000.0,170000.0,850.0,0.0,EUR,,,False,False,0.0,False,FR0010392225,FID_BNP,False
EVT_001435,BA000617,ARB,Arbitrage entre fonds,VAL,2028-05-12,2028-05-12,253000.0,253000.0,0.0,0.0,EUR,,,False,False,0.0,False,FR0010392225,FID_BNP,False
EVT_001436,BA000617,RAP,Rachat partiel,VAL,2029-11-10,2029-11-10,-221000.0,-221000.0,0.0,14340.25,EUR,France,France,False,False,0.0,False,,,False
EVT_001437,BA000618,OUV,Ouverture / Souscription,VAL,2022-08-14,2022-08-14,328000.0,328000.0,0.0,0.0,EUR,Denmark,,False,False,0.0,False,,,False
EVT_001438,BA000618,VLC,Versement libre complémentaire,VAL,2025-09-19,2025-09-19,35000.0,35000.0,0.0,0.0,EUR,Denmark,,False,False,0.0,False,,,False
EVT_001439,BA000619,OUV,Ouverture / Souscription,VAL,2024-12-19,2024-12-19,647000.0,647000.0,0.0,0.0,EUR,France,,False,False,0.0,False,,,False
EVT_001440,BA000619,RAP,Rachat partiel,VAL,2030-04-14,2030-04-14,-50000.0,-50000.0,0.0,1588.93,EUR,France,France,False,False,0.0,False,,,False
EVT_001441,BA000619,RAP,Rachat partiel,VAL,2026-05-21,2026-05-21,-50000.0,-50000.0,0.0,3632.53,EUR,France,France,False,False,0.0,False,,,False
EVT_001442,BA000620,OUV,Ouverture / Souscription,VAL,2024-11-10,2024-11-10,258000.0,258000.0,0.0,0.0,EUR,France,,False,False,0.0,False,,,False
EVT_001443,BA000620,VLC,Versement libre complémentaire,VAL,2029-07-08,2029-07-08,95000.0,95000.0,0.0,0.0,EUR,France,,True,False,0.0,False,,,False
EVT_001444,BA000621,OUV,Ouverture / Souscription,VAL,2019-07-13,2019-07-13,302000.0,302000.0,0.0,0.0,EUR,Monaco,,False,False,0.0,False,,,False
EVT_001445,BA000621,VLC,Versement libre complémentaire,VAL,2022-01-10,2022-01-10,21000.0,21000.0,0.0,0.0,EUR,Monaco,,False,False,0.0,False,,,False
EVT_001446,BA000622,OUV,Ouverture / Souscription,VAL,2020-10-06,2020-10-06,270000.0,270000.0,0.0,0.0,EUR,Italy,,False,False,0.0,False,,,False
EVT_001447,BA000623,OUV,Ouverture / Souscription,VAL,2020-08-05,2020-08-05,294000.0,294000.0,0.0,0.0,EUR,Italy,,False,False,0.0,False,,,False
EVT_001448,BA000623,RAP,Rachat partiel,VAL,2021-05-08,2021-05-08,-54000.0,-54000.0,0.0,3875.48,EUR,Italy,Italy,False,False,0.0,False,,,False
EVT_001449,BA000624,OUV,Ouverture / Souscription,VAL,2020-10-03,2020-10-03,533000.0,533000.0,0.0,0.0,EUR,Italy,,False,False,0.0,False,,,False
EVT_001450,BA000625,OUV,Ouverture / Souscription,VAL,2020-03-16,2020-03-16,740000.0,740000.0,0.0,0.0,EUR,France,,False,False,0.0,False,,,False
EVT_001451,BA000625,VLC,Versement libre complémentaire,VAL,2025-08-29,2025-08-29,107000.0,107000.0,0.0,0.0,EUR,France,,False,False,0.0,False,,,False
EVT_001452,BA000626,OUV,Ouverture / Souscription,VAL,2026-06-03,2026-06-03,280000.0,280000.0,0.0,0.0,EUR,Sweden,,False,False,0.0,False,,,False
EVT_001453,BA000626,ARB,Arbitrage entre fonds,VAL,2028-10-15,2028-10-15,79000.0,79000.0,395.0,0.0,EUR,,,False,False,0.0,False,FID_UBS,LU0104884860,False
EVT_001454,BA000627,OUV,Ouverture / Souscription,VAL,2021-06-02,2021-06-02,943000.0,943000.0,0.0,0.0,EUR,Belgium,,False,False,0.0,False,,,False
EVT_001455,BA000628,OUV,Ouverture / Souscription,VAL,2021-02-01,2021-02-01,506000.0,506000.0,0.0,0.0,EUR,Finland,,False,False,0.0,False,,,False
EVT_001456,BA000628,VLC,Versement libre complémentaire,VAL,2024-08-13,2024-08-13,33000.0,33000.0,0.0,0.0,EUR,Finland,,False,False,0.0,False,,,False
EVT_001457,BA000628,VLC,Versement libre complémentaire,VAL,2026-06-23,2026-06-23,33000.0,33000.0,0.0,0.0,EUR,Finland,,False,False,0.0,False,,,False
EVT_001458,BA000628,VLC,Versement libre complémentaire,VAL,2023-09-29,2023-09-29,33000.0,33000.0,0.0,0.0,EUR,Finland,,False,False,0.0,False,,,False
EVT_001459,BA000628,RAP,Rachat partiel,VAL,2025-12-15,2025-12-15,-108000.0,-108000.0,0.0,15930.68,EUR,Finland,Finland,False,False,0.0,False,,,False
EVT_001460,BA000629,OUV,Ouverture / Souscription,VAL,2018-08-18,2018-08-18,250000.0,250000.0,0.0,0.0,EUR,France,,False,False,0.0,False,,,False
EVT_001461,BA000629,VLC,Versement libre complémentaire,VAL,2023-08-29,2023-08-29,4000.0,4000.0,0.0,0.0,EUR,France,,False,False,0.0,False,,,False
EVT_001462,BA000629,VLC,Versement libre complémentaire,VAL,2019-12-14,2019-12-14,4000.0,4000.0,0.0,0.0,EUR,France,,False,False,0.0,False,,,False
EVT_001463,BA000629,VLC,Versement libre complémentaire,VAL,2024-01-07,2024-01-07,4000.0,4000.0,0.0,0.0,EUR,France,,False,False,0.0,False,,,False
EVT_001464,BA000630,OUV,Ouverture / Souscription,VAL,2020-02-10,2020-02-10,1324000.0,1324000.0,0.0,0.0,EUR,France,,False,False,0.0,False,,,False
EVT_001465,BA000630,RAP,Rachat partiel,VAL,2020-09-17,2020-09-17,-99000.0,-99000.0,0.0,5432.15,EUR,France,France,False,False,0.0,False,,,False
EVT_001466,BA000630,RAP,Rachat partiel,VAL,2023-09-27,2023-09-27,-99000.0,-99000.0,0.0,7939.92,EUR,France,France,False,False,0.0,False,,,False
EVT_001467,BA000630,RAP,Rachat partiel,VAL,2024-03-30,2024-03-30,-99000.0,-99000.0,0.0,8389.49,EUR,France,France,False,False,0.0,False,,,False
EVT_001468,BA000631,OUV,Ouverture / Souscription,VAL,2026-07-06,2026-07-06,250000.0,250000.0,0.0,0.0,EUR,France,,False,False,0.0,False,,,False
EVT_001469,BA000632,OUV,Ouverture / Souscription,VAL,2020-01-11,2020-01-11,664000.0,664000.0,0.0,0.0,EUR,Belgium,,False,False,0.0,False,,,False
EVT_001470,BA000632,VLC,Versement libre complémentaire,VAL,2022-02-17,2022-02-17,132000.0,132000.0,0.0,0.0,EUR,Belgium,,False,False,0.0,False,,,False
EVT_001471,BA000632,RAP,Rachat partiel,VAL,2024-02-09,2024-02-09,-50000.0,-48500.0,1500.0,0.0,EUR,Belgium,Belgium,False,True,1500.0,False,,,False
EVT_001472,BA000632,RAP,Rachat partiel,VAL,2023-07-19,2023-07-19,-50000.0,-50000.0,0.0,2866.78,EUR,Belgium,Belgium,False,False,0.0,False,,,False
EVT_001473,BA000632,RAP,Rachat partiel,VAL,2021-11-14,2021-11-14,-50000.0,-50000.0,0.0,5909.1,EUR,Belgium,Belgium,False,False,0.0,False,,,False
EVT_001474,BA000633,OUV,Ouverture / Souscription,VAL,2022-09-18,2022-09-18,325000.0,325000.0,0.0,0.0,EUR,Belgium,,False,False,0.0,False,,,False
EVT_001475,BA000633,VLC,Versement libre complémentaire,VAL,2023-03-28,2023-03-28,68000.0,68000.0,0.0,0.0,EUR,Belgium,,False,False,0.0,False,,,False
EVT_001476,BA000633,ARB,Arbitrage entre fonds,VAL,2024-09-18,2024-09-18,88000.0,88000.0,0.0,0.0,EUR,,,False,False,0.0,False,FR0010392225,FID_BNP,False
EVT_001477,BA000633,ARB,Arbitrage entre fonds,VAL,2026-06-26,2026-06-26,56000.0,56000.0,0.0,0.0,EUR,,,False,False,0.0,False,FR0010392225,FID_BNP,False
EVT_001478,BA000634,OUV,Ouverture / Souscription,VAL,2018-10-28,2018-10-28,250000.0,250000.0,0.0,0.0,EUR,France,,False,False,0.0,False,,,False
EVT_001479,BA000634,ARB,Arbitrage entre fonds,VAL,2019-02-05,2019-02-05,54000.0,54000.0,0.0,0.0,EUR,,,False,False,0.0,False,LU0104884860,FR0010392225,False
EVT_001480,BA000635,OUV,Ouverture / Souscription,VAL,2019-07-06,2019-07-06,360000.0,360000.0,0.0,0.0,EUR,France,,False,False,0.0,False,,,False
EVT_001481,BA000635,RAP,Rachat partiel,VAL,2023-02-10,2023-02-10,-118000.0,-118000.0,0.0,3244.89,EUR,France,France,False,False,0.0,False,,,False
EVT_001482,BA000636,OUV,Ouverture / Souscription,VAL,2022-06-07,2022-06-07,285000.0,285000.0,0.0,0.0,EUR,France,,False,False,0.0,False,,,False
EVT_001483,BA000636,VLC,Versement libre complémentaire,VAL,2026-02-27,2026-02-27,30000.0,30000.0,0.0,0.0,EUR,France,,True,False,0.0,False,,,False
EVT_001484,BA000636,VLC,Versement libre complémentaire,VAL,2027-09-07,2027-09-07,30000.0,30000.0,0.0,0.0,EUR,France,,False,False,0.0,False,,,False
EVT_001485,BA000637,OUV,Ouverture / Souscription,VAL,2022-03-19,2022-03-19,250000.0,250000.0,0.0,0.0,EUR,Belgium,,False,False,0.0,False,,,False
EVT_001486,BA000637,ARB,Arbitrage entre fonds,VAL,2026-04-21,2026-04-21,84000.0,84000.0,0.0,0.0,EUR,,,False,False,0.0,False,FAS_ROT,LU0255977539,False
EVT_001487,BA000638,OUV,Ouverture / Souscription,VAL,2023-12-05,2023-12-05,250000.0,250000.0,0.0,0.0,EUR,Portugal,,False,False,0.0,False,,,False
EVT_001488,BA000638,VLC,Versement libre complémentaire,VAL,2027-11-30,2027-11-30,49000.0,49000.0,0.0,0.0,EUR,Portugal,,False,False,0.0,False,,,False
EVT_001489,BA000639,OUV,Ouverture / Souscription,VAL,2021-05-20,2021-05-20,343000.0,343000.0,0.0,0.0,EUR,France,,False,False,0.0,False,,,False
EVT_001490,BA000639,RAP,Rachat partiel,VAL,2023-09-19,2023-09-19,-74000.0,-74000.0,0.0,3497.8,EUR,France,France,False,False,0.0,False,,,False
EVT_001491,BA000639,RAP,Rachat partiel,VAL,2026-03-21,2026-03-21,-74000.0,-71780.0,2220.0,0.0,EUR,France,France,False,True,2220.0,False,,,False
EVT_001492,BA000640,OUV,Ouverture / Souscription,VAL,2026-04-09,2026-04-09,421000.0,421000.0,0.0,0.0,EUR,France,,False,False,0.0,False,,,False
EVT_001493,BA000640,ARB,Arbitrage entre fonds,VAL,2027-06-10,2027-06-10,116000.0,116000.0,580.0,0.0,EUR,,,False,False,0.0,False,FR001400OJI4,LU0255977539,False
EVT_001494,BA000640,RAP,Rachat partiel,VAL,2028-01-07,2028-01-07,-60000.0,-60000.0,0.0,4089.52,EUR,France,France,False,False,0.0,False,,,False
EVT_001495,BA000641,OUV,Ouverture / Souscription,VAL,2020-01-16,2020-01-16,521000.0,521000.0,0.0,0.0,EUR,Belgium,,False,False,0.0,False,,,False
EVT_001496,BA000641,ARB,Arbitrage entre fonds,VAL,2020-08-07,2020-08-07,76000.0,76000.0,380.0,0.0,EUR,,,False,False,0.0,False,FID_UBS,LU0255977539,False
EVT_001497,BA000641,ARB,Arbitrage entre fonds,VAL,2020-09-27,2020-09-27,107000.0,107000.0,535.0,0.0,EUR,,,False,False,0.0,False,FID_UBS,LU0255977539,False
EVT_001498,BA000642,OUV,Ouverture / Souscription,VAL,2026-07-21,2026-07-21,1339000.0,1339000.0,0.0,0.0,EUR,Belgium,,False,False,0.0,False,,,False
EVT_001499,BA000642,RAP,Rachat partiel,VAL,2029-01-26,2029-01-26,-394000.0,-394000.0,0.0,58249.03,EUR,Belgium,Belgium,False,False,0.0,False,,,False
EVT_001500,BA000643,OUV,Ouverture / Souscription,VAL,2023-02-09,2023-02-09,250000.0,250000.0,0.0,0.0,EUR,Luxembourg,,False,False,0.0,False,,,False
EVT_001501,BA000643,VLC,Versement libre complémentaire,VAL,2027-02-28,2027-02-28,16000.0,16000.0,0.0,0.0,EUR,Luxembourg,,False,False,0.0,False,,,False
EVT_001502,BA000643,VLC,Versement libre complémentaire,VAL,2026-06-23,2026-06-23,16000.0,16000.0,0.0,0.0,EUR,Luxembourg,,True,False,0.0,False,,,False
EVT_001503,BA000644,OUV,Ouverture / Souscription,VAL,2023-06-13,2023-06-13,250000.0,250000.0,0.0,0.0,EUR,France,,False,False,0.0,False,,,False
EVT_001504,BA000645,OUV,Ouverture / Souscription,VAL,2019-01-18,2019-01-18,1278000.0,1278000.0,0.0,0.0,EUR,Italy,,False,False,0.0,False,,,False
EVT_001505,BA000645,ARB,Arbitrage entre fonds,VAL,2019-04-24,2019-04-24,288000.0,288000.0,1440.0,0.0,EUR,,,False,False,0.0,False,LU0255977539,LU0104884860,False
EVT_001506,BA000645,ARB,Arbitrage entre fonds,VAL,2020-10-31,2020-10-31,93000.0,93000.0,465.0,0.0,EUR,,,False,False,0.0,False,LU0104884860,LU0255977539,False
EVT_001507,BA000645,RAP,Rachat partiel,VAL,2024-03-27,2024-03-27,-146000.0,-146000.0,0.0,18146.1,EUR,Italy,Italy,False,False,0.0,False,,,False
EVT_001508,BA000646,OUV,Ouverture / Souscription,VAL,2019-12-27,2019-12-27,456000.0,456000.0,0.0,0.0,EUR,Italy,,False,False,0.0,False,,,False
EVT_001509,BA000647,OUV,Ouverture / Souscription,VAL,2025-11-06,2025-11-06,6192000.0,6192000.0,0.0,0.0,EUR,Sweden,,False,False,0.0,False,,,False
EVT_001510,BA000647,VLC,Versement libre complémentaire,VAL,2028-06-26,2028-06-26,690000.0,690000.0,0.0,0.0,EUR,Sweden,,False,False,0.0,False,,,False
EVT_001511,BA000647,VLC,Versement libre complémentaire,VAL,2029-08-12,2029-08-12,690000.0,690000.0,0.0,0.0,EUR,Sweden,,False,False,0.0,False,,,False
EVT_001512,BA000647,ARB,Arbitrage entre fonds,VAL,2029-07-10,2029-07-10,1401000.0,1401000.0,7005.0,0.0,EUR,,,False,False,0.0,False,FID_BNP,FR0010392225,False
EVT_001513,BA000648,OUV,Ouverture / Souscription,VAL,2021-01-11,2021-01-11,8800000.0,8800000.0,0.0,0.0,EUR,Sweden,,False,False,0.0,False,,,False
EVT_001514,BA000648,VLC,Versement libre complémentaire,VAL,2024-11-25,2024-11-25,672000.0,672000.0,0.0,0.0,EUR,Sweden,,False,False,0.0,False,,,False
EVT_001515,BA000648,VLC,Versement libre complémentaire,VAL,2021-10-22,2021-10-22,672000.0,672000.0,0.0,0.0,EUR,Sweden,,False,False,0.0,False,,,False
EVT_001516,BA000648,ARB,Arbitrage entre fonds,VAL,2023-09-26,2023-09-26,1676000.0,1676000.0,0.0,0.0,EUR,,,False,False,0.0,False,FAS_IND,LU0255977539,False
EVT_001517,BA000648,ARB,Arbitrage entre fonds,VAL,2021-12-19,2021-12-19,1353000.0,1353000.0,0.0,0.0,EUR,,,False,False,0.0,False,FAS_IND,LU0255977539,False
EVT_001518,BA000649,OUV,Ouverture / Souscription,VAL,2021-05-31,2021-05-31,3729000.0,3729000.0,0.0,0.0,EUR,Sweden,,False,False,0.0,False,,,False
EVT_001519,BA000649,ARB,Arbitrage entre fonds,VAL,2022-01-18,2022-01-18,643000.0,643000.0,3215.0,0.0,EUR,,,False,False,0.0,False,LU0255977539,FR0010923383,False
EVT_001520,BA000649,RAP,Rachat partiel,VAL,2023-07-29,2023-07-29,-612000.0,-612000.0,0.0,46253.64,EUR,Sweden,Sweden,False,False,0.0,False,,,False
EVT_001521,BA000650,OUV,Ouverture / Souscription,VAL,2022-03-06,2022-03-06,250000.0,250000.0,0.0,0.0,EUR,Belgium,,False,False,0.0,False,,,False
EVT_001522,BA000651,OUV,Ouverture / Souscription,VAL,2019-02-20,2019-02-20,642000.0,642000.0,0.0,0.0,EUR,Luxembourg,,False,False,0.0,False,,,False
EVT_001523,BA000652,OUV,Ouverture / Souscription,VAL,2018-09-25,2018-09-25,286000.0,286000.0,0.0,0.0,EUR,Luxembourg,,False,False,0.0,False,,,False
EVT_001524,BA000652,RAP,Rachat partiel,VAL,2023-09-01,2023-09-01,-32000.0,-32000.0,0.0,4601.67,EUR,Luxembourg,Luxembourg,False,False,0.0,False,,,False
EVT_001525,BA000653,OUV,Ouverture / Souscription,VAL,2026-03-29,2026-03-29,250000.0,250000.0,0.0,0.0,EUR,France,,False,False,0.0,False,,,False
EVT_001526,BA000654,OUV,Ouverture / Souscription,VAL,2019-12-11,2019-12-11,272000.0,272000.0,0.0,0.0,EUR,Italy,,False,False,0.0,False,,,False
EVT_001527,BA000655,OUV,Ouverture / Souscription,VAL,2021-06-14,2021-06-14,380000.0,380000.0,0.0,0.0,EUR,Italy,,False,False,0.0,False,,,False
EVT_001528,BA000655,RAP,Rachat partiel,VAL,2023-08-04,2023-08-04,-101000.0,-101000.0,0.0,5075.49,EUR,Italy,Italy,False,False,0.0,False,,,False
EVT_001529,BA000656,OUV,Ouverture / Souscription,VAL,2021-09-01,2021-09-01,250000.0,250000.0,0.0,0.0,EUR,France,,False,False,0.0,False,,,False
EVT_001530,BA000656,RAP,Rachat partiel,VAL,2025-05-28,2025-05-28,-107000.0,-107000.0,0.0,7854.94,EUR,France,France,False,False,0.0,False,,,False
EVT_001531,BA000657,OUV,Ouverture / Souscription,VAL,2019-09-12,2019-09-12,608000.0,608000.0,0.0,0.0,EUR,Italy,,False,False,0.0,False,,,False
EVT_001532,BA000657,VLC,Versement libre complémentaire,VAL,2020-11-28,2020-11-28,136000.0,136000.0,0.0,0.0,EUR,Italy,,False,False,0.0,False,,,False
EVT_001533,BA000657,VLC,Versement libre complémentaire,VAL,2021-10-06,2021-10-06,136000.0,136000.0,0.0,0.0,EUR,Italy,,False,False,0.0,False,,,False
EVT_001534,BA000658,OUV,Ouverture / Souscription,VAL,2024-06-20,2024-06-20,313000.0,313000.0,0.0,0.0,EUR,France,,False,False,0.0,False,,,False
EVT_001535,BA000658,VLC,Versement libre complémentaire,VAL,2027-11-13,2027-11-13,57000.0,57000.0,0.0,0.0,EUR,France,,False,False,0.0,False,,,False
EVT_001536,BA000659,OUV,Ouverture / Souscription,VAL,2019-01-08,2019-01-08,250000.0,250000.0,0.0,0.0,EUR,Belgium,,False,False,0.0,False,,,False
EVT_001537,BA000659,RAP,Rachat partiel,VAL,2022-09-16,2022-09-16,-39000.0,-39000.0,0.0,4676.38,EUR,Belgium,Belgium,False,False,0.0,False,,,False
EVT_001538,BA000660,OUV,Ouverture / Souscription,VAL,2019-02-10,2019-02-10,372000.0,372000.0,0.0,0.0,EUR,Belgium,,False,False,0.0,False,,,False
EVT_001539,BA000660,VLC,Versement libre complémentaire,VAL,2020-06-18,2020-06-18,16000.0,16000.0,0.0,0.0,EUR,Belgium,,False,False,0.0,False,,,False
EVT_001540,BA000660,VLC,Versement libre complémentaire,VAL,2021-01-19,2021-01-19,16000.0,16000.0,0.0,0.0,EUR,Belgium,,True,False,0.0,False,,,False
EVT_001541,BA000660,RAP,Rachat partiel,VAL,2024-04-14,2024-04-14,-138000.0,-138000.0,0.0,10573.17,EUR,Belgium,Belgium,False,False,0.0,False,,,False
EVT_001542,BA000661,OUV,Ouverture / Souscription,VAL,2020-12-12,2020-12-12,301000.0,301000.0,0.0,0.0,EUR,Finland,,False,False,0.0,False,,,False
EVT_001543,BA000661,RAP,Rachat partiel,VAL,2025-12-28,2025-12-28,-52000.0,-52000.0,0.0,2073.14,EUR,Finland,Finland,False,False,0.0,False,,,False
EVT_001544,BA000662,OUV,Ouverture / Souscription,VAL,2019-02-07,2019-02-07,1241000.0,1241000.0,0.0,0.0,EUR,France,,False,False,0.0,False,,,False
EVT_001545,BA000663,OUV,Ouverture / Souscription,VAL,2023-01-16,2023-01-16,340000.0,340000.0,0.0,0.0,EUR,Norway,,False,False,0.0,False,,,False
EVT_001546,BA000663,VLC,Versement libre complémentaire,VAL,2026-12-07,2026-12-07,50000.0,50000.0,0.0,0.0,EUR,Norway,,False,False,0.0,False,,,False
EVT_001547,BA000663,VLC,Versement libre complémentaire,VAL,2025-12-04,2025-12-04,50000.0,50000.0,0.0,0.0,EUR,Norway,,False,False,0.0,False,,,False
EVT_001548,BA000663,RAP,Rachat partiel,VAL,2026-04-04,2026-04-04,-128000.0,-128000.0,0.0,3523.19,EUR,Norway,Norway,False,False,0.0,False,,,False
EVT_001549,BA000664,OUV,Ouverture / Souscription,VAL,2024-06-06,2024-06-06,638000.0,638000.0,0.0,0.0,EUR,Norway,,False,False,0.0,False,,,False
EVT_001550,BA000665,OUV,Ouverture / Souscription,VAL,2020-09-08,2020-09-08,268000.0,268000.0,0.0,0.0,EUR,Norway,,False,False,0.0,False,,,False
EVT_001551,BA000665,VLC,Versement libre complémentaire,VAL,2026-02-17,2026-02-17,15000.0,15000.0,0.0,0.0,EUR,Norway,,False,False,0.0,False,,,False
EVT_001552,BA000665,RAP,Rachat partiel,VAL,2024-08-04,2024-08-04,-51000.0,-51000.0,0.0,4870.63,EUR,Norway,Norway,False,False,0.0,False,,,False
EVT_001553,BA000666,OUV,Ouverture / Souscription,VAL,2025-02-24,2025-02-24,361000.0,361000.0,0.0,0.0,EUR,Portugal,,False,False,0.0,False,,,False
EVT_001554,BA000667,OUV,Ouverture / Souscription,VAL,2026-04-07,2026-04-07,250000.0,250000.0,0.0,0.0,EUR,Portugal,,False,False,0.0,False,,,False
EVT_001555,BA000667,VLC,Versement libre complémentaire,VAL,2028-10-14,2028-10-14,28000.0,28000.0,0.0,0.0,EUR,Portugal,,False,False,0.0,False,,,False
EVT_001556,BA000667,VLC,Versement libre complémentaire,VAL,2030-08-22,2030-08-22,28000.0,28000.0,0.0,0.0,EUR,Portugal,,False,False,0.0,False,,,False
EVT_001557,BA000668,OUV,Ouverture / Souscription,VAL,2024-04-15,2024-04-15,250000.0,250000.0,0.0,0.0,EUR,France,,False,False,0.0,False,,,False
EVT_001558,BA000668,VLC,Versement libre complémentaire,VAL,2027-08-16,2027-08-16,86000.0,86000.0,0.0,0.0,EUR,France,,False,False,0.0,False,,,False
EVT_001559,BA000669,OUV,Ouverture / Souscription,VAL,2023-03-11,2023-03-11,250000.0,250000.0,0.0,0.0,EUR,Italy,,False,False,0.0,False,,,False
EVT_001560,BA000669,VLC,Versement libre complémentaire,VAL,2026-01-01,2026-01-01,9000.0,9000.0,0.0,0.0,EUR,Italy,,False,False,0.0,False,,,False
EVT_001561,BA000669,VLC,Versement libre complémentaire,VAL,2025-12-11,2025-12-11,9000.0,9000.0,0.0,0.0,EUR,Italy,,False,False,0.0,False,,,False
EVT_001562,BA000670,OUV,Ouverture / Souscription,VAL,2019-01-01,2019-01-01,348000.0,348000.0,0.0,0.0,EUR,Italy,,False,False,0.0,False,,,False
EVT_001563,BA000670,RAP,Rachat partiel,VAL,2022-04-30,2022-04-30,-71000.0,-71000.0,0.0,2047.83,EUR,Italy,Italy,False,False,0.0,False,,,False
EVT_001564,BA000671,OUV,Ouverture / Souscription,VAL,2023-12-07,2023-12-07,491000.0,491000.0,0.0,0.0,EUR,Italy,,False,False,0.0,False,,,False
EVT_001565,BA000672,OUV,Ouverture / Souscription,VAL,2019-11-17,2019-11-17,3090000.0,3090000.0,0.0,0.0,EUR,Sweden,,False,False,0.0,False,,,False
EVT_001566,BA000672,ARB,Arbitrage entre fonds,VAL,2022-05-12,2022-05-12,705000.0,705000.0,3525.0,0.0,EUR,,,False,False,0.0,False,FID_BNP,FR001400OJI4,False
EVT_001567,BA000672,ARB,Arbitrage entre fonds,VAL,2021-01-14,2021-01-14,765000.0,765000.0,3825.0,0.0,EUR,,,False,False,0.0,False,FR001400OJI4,FID_BNP,False
EVT_001568,BA000673,OUV,Ouverture / Souscription,VAL,2018-11-14,2018-11-14,795000.0,795000.0,0.0,0.0,EUR,Finland,,False,False,0.0,False,,,False
EVT_001569,BA000674,OUV,Ouverture / Souscription,VAL,2025-10-31,2025-10-31,250000.0,250000.0,0.0,0.0,EUR,Portugal,,False,False,0.0,False,,,False
EVT_001570,BA000674,VLC,Versement libre complémentaire,VAL,2030-02-14,2030-02-14,27000.0,27000.0,0.0,0.0,EUR,Portugal,,False,False,0.0,False,,,False
EVT_001571,BA000674,VLC,Versement libre complémentaire,VAL,2027-01-28,2027-01-28,27000.0,27000.0,0.0,0.0,EUR,Portugal,,False,False,0.0,False,,,False
EVT_001572,BA000674,ARB,Arbitrage entre fonds,VAL,2029-06-30,2029-06-30,21000.0,21000.0,105.0,0.0,EUR,,,False,False,0.0,False,LU0104884860,FAS_ROT,False
EVT_001573,BA000675,OUV,Ouverture / Souscription,VAL,2021-09-27,2021-09-27,250000.0,250000.0,0.0,0.0,EUR,Portugal,,False,False,0.0,False,,,False
EVT_001574,BA000676,OUV,Ouverture / Souscription,VAL,2025-06-17,2025-06-17,250000.0,250000.0,0.0,0.0,EUR,Portugal,,False,False,0.0,False,,,False
EVT_001575,BA000676,ARB,Arbitrage entre fonds,VAL,2029-03-03,2029-03-03,91000.0,91000.0,455.0,0.0,EUR,,,False,False,0.0,False,FR0010392225,FR0010923383,False
EVT_001576,BA000676,ARB,Arbitrage entre fonds,VAL,2028-09-05,2028-09-05,96000.0,96000.0,0.0,0.0,EUR,,,False,False,0.0,False,FR0010923383,FID_BNP,False
EVT_001577,BA000677,OUV,Ouverture / Souscription,VAL,2024-04-12,2024-04-12,719000.0,719000.0,0.0,0.0,EUR,France,,False,False,0.0,False,,,False
EVT_001578,BA000678,OUV,Ouverture / Souscription,VAL,2023-12-29,2023-12-29,548000.0,548000.0,0.0,0.0,EUR,Denmark,,False,False,0.0,False,,,False
EVT_001579,BA000678,ARB,Arbitrage entre fonds,VAL,2026-01-08,2026-01-08,148000.0,148000.0,740.0,0.0,EUR,,,False,False,0.0,False,FR0010923383,FR0010392225,False
EVT_001580,BA000678,ARB,Arbitrage entre fonds,VAL,2027-10-18,2027-10-18,34000.0,34000.0,170.0,0.0,EUR,,,False,False,0.0,False,LU0255977539,FR0010923383,False
EVT_001581,BA000679,OUV,Ouverture / Souscription,VAL,2024-12-16,2024-12-16,250000.0,250000.0,0.0,0.0,EUR,France,,False,False,0.0,False,,,False
EVT_001582,BA000679,VLC,Versement libre complémentaire,VAL,2029-04-22,2029-04-22,19000.0,19000.0,0.0,0.0,EUR,France,,True,False,0.0,False,,,False
EVT_001583,BA000679,VLC,Versement libre complémentaire,VAL,2029-05-24,2029-05-24,19000.0,19000.0,0.0,0.0,EUR,France,,False,False,0.0,False,,,False
EVT_001584,BA000679,VLC,Versement libre complémentaire,VAL,2029-07-12,2029-07-12,19000.0,19000.0,0.0,0.0,EUR,France,,False,False,0.0,False,,,False
EVT_001585,BA000679,ARB,Arbitrage entre fonds,VAL,2028-08-07,2028-08-07,35000.0,35000.0,175.0,0.0,EUR,,,False,False,0.0,False,LU0104884860,FAS_ROT,False
EVT_001586,BA000679,ARB,Arbitrage entre fonds,VAL,2028-01-01,2028-01-01,53000.0,53000.0,265.0,0.0,EUR,,,False,False,0.0,False,FAS_ROT,LU0104884860,False
EVT_001587,BA000679,ARB,Arbitrage entre fonds,VAL,2028-10-21,2028-10-21,53000.0,53000.0,265.0,0.0,EUR,,,False,False,0.0,False,LU0104884860,FAS_ROT,False
EVT_001588,BA000680,OUV,Ouverture / Souscription,VAL,2024-12-03,2024-12-03,284000.0,284000.0,0.0,0.0,EUR,Norway,,False,False,0.0,False,,,False
EVT_001589,BA000680,VLC,Versement libre complémentaire,VAL,2028-05-16,2028-05-16,20000.0,20000.0,0.0,0.0,EUR,Norway,,False,False,0.0,False,,,False
EVT_001590,BA000680,VLC,Versement libre complémentaire,VAL,2027-01-10,2027-01-10,20000.0,20000.0,0.0,0.0,EUR,Norway,,False,False,0.0,False,,,False
EVT_001591,BA000680,ARB,Arbitrage entre fonds,VAL,2026-12-18,2026-12-18,73000.0,73000.0,365.0,0.0,EUR,,,False,False,0.0,False,FR001400OJI4,XS2428662824,False
EVT_001592,BA000680,ARB,Arbitrage entre fonds,VAL,2028-09-16,2028-09-16,58000.0,58000.0,290.0,0.0,EUR,,,False,False,0.0,False,FR001400OJI4,FID_BNP,False
EVT_001593,BA000680,RAP,Rachat partiel,VAL,2026-01-31,2026-01-31,-63000.0,-63000.0,0.0,6736.29,EUR,Norway,Norway,False,False,0.0,False,,,False
EVT_001594,BA000681,OUV,Ouverture / Souscription,VAL,2022-01-18,2022-01-18,1971000.0,1971000.0,0.0,0.0,EUR,France,,False,False,0.0,False,,,False
EVT_001595,BA000681,RAP,Rachat partiel,VAL,2026-08-04,2026-08-04,-306000.0,-306000.0,0.0,13932.52,EUR,France,France,False,False,0.0,False,,,False
EVT_001596,BA000682,OUV,Ouverture / Souscription,VAL,2025-12-18,2025-12-18,250000.0,250000.0,0.0,0.0,EUR,France,,False,False,0.0,False,,,False
EVT_001597,BA000683,OUV,Ouverture / Souscription,VAL,2021-12-17,2021-12-17,402000.0,402000.0,0.0,0.0,EUR,France,,False,False,0.0,False,,,False
EVT_001598,BA000683,ARB,Arbitrage entre fonds,VAL,2024-03-06,2024-03-06,56000.0,56000.0,280.0,0.0,EUR,,,False,False,0.0,False,LU0104884860,FAS_IND,False
EVT_001599,BA000683,ARB,Arbitrage entre fonds,VAL,2023-12-09,2023-12-09,64000.0,64000.0,0.0,0.0,EUR,,,False,False,0.0,False,FAS_IND,LU0104884860,False
EVT_001600,BA000683,RAP,Rachat partiel,VAL,2022-07-12,2022-07-12,-58000.0,-58000.0,0.0,3663.68,EUR,France,France,False,False,0.0,False,,,False
EVT_001601,BA000684,OUV,Ouverture / Souscription,VAL,2023-11-29,2023-11-29,845000.0,845000.0,0.0,0.0,EUR,France,,False,False,0.0,False,,,False
EVT_001602,BA000684,RAP,Rachat partiel,VAL,2027-11-06,2027-11-06,-272000.0,-272000.0,0.0,23508.89,EUR,France,France,False,False,0.0,False,,,False
EVT_001603,BA000685,OUV,Ouverture / Souscription,VAL,2025-11-15,2025-11-15,847000.0,847000.0,0.0,0.0,EUR,France,,False,False,0.0,False,,,False
EVT_001604,BA000686,OUV,Ouverture / Souscription,VAL,2026-07-16,2026-07-16,460000.0,460000.0,0.0,0.0,EUR,France,,False,False,0.0,False,,,False
EVT_001605,BA000686,ARB,Arbitrage entre fonds,VAL,2027-08-16,2027-08-16,76000.0,76000.0,380.0,0.0,EUR,,,False,False,0.0,False,FR001400OJI4,FR0010923383,False
EVT_001606,BA000686,ARB,Arbitrage entre fonds,VAL,2029-05-01,2029-05-01,77000.0,77000.0,385.0,0.0,EUR,,,False,False,0.0,False,FR001400OJI4,FAS_ROT,False
EVT_001607,BA000686,RAP,Rachat partiel,VAL,2027-10-16,2027-10-16,-94000.0,-94000.0,0.0,7012.69,EUR,France,France,False,False,0.0,False,,,False
EVT_001608,BA000687,OUV,Ouverture / Souscription,VAL,2020-03-16,2020-03-16,612000.0,612000.0,0.0,0.0,EUR,France,,False,False,0.0,False,,,False
EVT_001609,BA000687,VLC,Versement libre complémentaire,VAL,2021-04-02,2021-04-02,144000.0,144000.0,0.0,0.0,EUR,France,,False,False,0.0,False,,,False
EVT_001610,BA000687,VLC,Versement libre complémentaire,VAL,2025-01-13,2025-01-13,144000.0,144000.0,0.0,0.0,EUR,France,,False,False,0.0,False,,,False
EVT_001611,BA000687,RAP,Rachat partiel,VAL,2021-08-13,2021-08-13,-51000.0,-51000.0,0.0,7147.15,EUR,France,France,False,False,0.0,False,,,False
EVT_001612,BA000688,OUV,Ouverture / Souscription,VAL,2021-08-23,2021-08-23,281000.0,281000.0,0.0,0.0,EUR,Belgium,,False,False,0.0,False,,,False
EVT_001613,BA000688,RAP,Rachat partiel,VAL,2023-06-18,2023-06-18,-96000.0,-96000.0,0.0,11947.49,EUR,Belgium,Belgium,False,False,0.0,False,,,False
EVT_001614,BA000689,OUV,Ouverture / Souscription,VAL,2022-02-01,2022-02-01,250000.0,250000.0,0.0,0.0,EUR,Portugal,,False,False,0.0,False,,,False
EVT_001615,BA000689,VLC,Versement libre complémentaire,VAL,2024-10-07,2024-10-07,21000.0,21000.0,0.0,0.0,EUR,Portugal,,False,False,0.0,False,,,False
EVT_001616,BA000690,OUV,Ouverture / Souscription,VAL,2021-03-01,2021-03-01,250000.0,250000.0,0.0,0.0,EUR,Portugal,,False,False,0.0,False,,,False
EVT_001617,BA000691,OUV,Ouverture / Souscription,VAL,2026-03-28,2026-03-28,976000.0,976000.0,0.0,0.0,EUR,Portugal,,False,False,0.0,False,,,False
EVT_001618,BA000691,VLC,Versement libre complémentaire,VAL,2029-02-02,2029-02-02,419000.0,419000.0,0.0,0.0,EUR,Portugal,,False,False,0.0,False,,,False
EVT_001619,BA000691,RAP,Rachat partiel,VAL,2029-02-22,2029-02-22,-403000.0,-403000.0,0.0,11224.12,EUR,Portugal,Portugal,False,False,0.0,False,,,False
EVT_001620,BA000692,OUV,Ouverture / Souscription,VAL,2021-12-29,2021-12-29,358000.0,358000.0,0.0,0.0,EUR,France,,False,False,0.0,False,,,False
EVT_001621,BA000693,OUV,Ouverture / Souscription,VAL,2020-04-10,2020-04-10,1196000.0,1196000.0,0.0,0.0,EUR,France,,False,False,0.0,False,,,False
EVT_001622,BA000694,OUV,Ouverture / Souscription,VAL,2026-06-15,2026-06-15,935000.0,935000.0,0.0,0.0,EUR,Belgium,,False,False,0.0,False,,,False
EVT_001623,BA000694,ARB,Arbitrage entre fonds,VAL,2027-02-22,2027-02-22,189000.0,189000.0,945.0,0.0,EUR,,,False,False,0.0,False,FR0010923383,FID_BNP,False
EVT_001624,BA000695,OUV,Ouverture / Souscription,VAL,2025-03-15,2025-03-15,250000.0,250000.0,0.0,0.0,EUR,France,,False,False,0.0,False,,,False
EVT_001625,BA000695,VLC,Versement libre complémentaire,VAL,2027-12-06,2027-12-06,86000.0,86000.0,0.0,0.0,EUR,France,,False,False,0.0,False,,,False
EVT_001626,BA000696,OUV,Ouverture / Souscription,VAL,2023-10-13,2023-10-13,528000.0,528000.0,0.0,0.0,EUR,France,,False,False,0.0,False,,,False
EVT_001627,BA000696,ARB,Arbitrage entre fonds,VAL,2025-08-17,2025-08-17,112000.0,112000.0,560.0,0.0,EUR,,,False,False,0.0,False,LU0104884860,FAS_IND,False
EVT_001628,BA000697,OUV,Ouverture / Souscription,VAL,2019-08-15,2019-08-15,368000.0,368000.0,0.0,0.0,EUR,Luxembourg,,False,False,0.0,False,,,False
EVT_001629,BA000697,RAP,Rachat partiel,VAL,2023-04-16,2023-04-16,-74000.0,-74000.0,0.0,2284.11,EUR,Luxembourg,Luxembourg,False,False,0.0,False,,,False
EVT_001630,BA000697,RAP,Rachat partiel,VAL,2020-09-15,2020-09-15,-74000.0,-74000.0,0.0,4901.04,EUR,Luxembourg,Luxembourg,False,False,0.0,False,,,False
EVT_001631,BA000698,OUV,Ouverture / Souscription,VAL,2020-08-31,2020-08-31,250000.0,250000.0,0.0,0.0,EUR,Monaco,,False,False,0.0,False,,,False
EVT_001632,BA000699,OUV,Ouverture / Souscription,VAL,2019-06-02,2019-06-02,492000.0,492000.0,0.0,0.0,EUR,France,,False,False,0.0,False,,,False
EVT_001633,BA000699,VLC,Versement libre complémentaire,VAL,2024-01-12,2024-01-12,114000.0,114000.0,0.0,0.0,EUR,France,,False,False,0.0,False,,,False
EVT_001634,BA000700,OUV,Ouverture / Souscription,VAL,2018-08-20,2018-08-20,531000.0,531000.0,0.0,0.0,EUR,Belgium,,False,False,0.0,False,,,False
EVT_001635,BA000700,RAP,Rachat partiel,VAL,2020-01-02,2020-01-02,-231000.0,-231000.0,0.0,4747.58,EUR,Belgium,Belgium,False,False,0.0,False,,,False
EVT_001636,BA000701,OUV,Ouverture / Souscription,VAL,2020-02-12,2020-02-12,484000.0,484000.0,0.0,0.0,EUR,France,,False,False,0.0,False,,,False
EVT_001637,BA000701,VLC,Versement libre complémentaire,VAL,2022-07-07,2022-07-07,45000.0,45000.0,0.0,0.0,EUR,France,,False,False,0.0,False,,,False
EVT_001638,BA000701,VLC,Versement libre complémentaire,VAL,2023-09-10,2023-09-10,45000.0,45000.0,0.0,0.0,EUR,France,,False,False,0.0,False,,,False
EVT_001639,BA000701,RAP,Rachat partiel,VAL,2023-03-05,2023-03-05,-64000.0,-64000.0,0.0,8140.09,EUR,France,France,False,False,0.0,False,,,False
EVT_001640,BA000701,RAP,Rachat partiel,VAL,2024-12-11,2024-12-11,-64000.0,-64000.0,0.0,2593.28,EUR,France,France,False,False,0.0,False,,,False
EVT_001641,BA000701,RAP,Rachat partiel,VAL,2022-10-31,2022-10-31,-64000.0,-64000.0,0.0,7720.74,EUR,France,France,False,False,0.0,False,,,False
EVT_001642,BA000702,OUV,Ouverture / Souscription,VAL,2026-07-15,2026-07-15,288000.0,288000.0,0.0,0.0,EUR,Spain,,False,False,0.0,False,,,False
EVT_001643,BA000702,RAP,Rachat partiel,VAL,2029-07-15,2029-07-15,-69000.0,-66930.0,2070.0,0.0,EUR,Spain,Spain,False,True,2070.0,False,,,False
EVT_001644,BA000703,OUV,Ouverture / Souscription,VAL,2021-04-06,2021-04-06,250000.0,250000.0,0.0,0.0,EUR,Italy,,False,False,0.0,False,,,False
EVT_001645,BA000703,VLC,Versement libre complémentaire,VAL,2022-02-14,2022-02-14,34000.0,34000.0,0.0,0.0,EUR,Italy,,False,False,0.0,False,,,False
EVT_001646,BA000703,VLC,Versement libre complémentaire,VAL,2026-04-26,2026-04-26,34000.0,34000.0,0.0,0.0,EUR,Italy,,False,False,0.0,False,,,False
EVT_001647,BA000704,OUV,Ouverture / Souscription,VAL,2020-10-25,2020-10-25,250000.0,250000.0,0.0,0.0,EUR,Sweden,,False,False,0.0,False,,,False
EVT_001648,BA000705,OUV,Ouverture / Souscription,VAL,2021-09-27,2021-09-27,250000.0,250000.0,0.0,0.0,EUR,Germany,,True,False,0.0,False,,,False
EVT_001649,BA000705,ARB,Arbitrage entre fonds,VAL,2022-02-09,2022-02-09,30000.0,30000.0,0.0,0.0,EUR,,,False,False,0.0,False,FR0010923383,FID_BNP,False
EVT_001650,BA000706,OUV,Ouverture / Souscription,VAL,2026-06-30,2026-06-30,250000.0,250000.0,0.0,0.0,EUR,Germany,,False,False,0.0,False,,,False
EVT_001651,BA000706,VLC,Versement libre complémentaire,VAL,2028-06-05,2028-06-05,25000.0,25000.0,0.0,0.0,EUR,Germany,,False,False,0.0,False,,,False
EVT_001652,BA000706,VLC,Versement libre complémentaire,VAL,2031-08-27,2031-08-27,25000.0,25000.0,0.0,0.0,EUR,Germany,,False,False,0.0,False,,,False
EVT_001653,BA000706,VLC,Versement libre complémentaire,VAL,2028-09-14,2028-09-14,25000.0,25000.0,0.0,0.0,EUR,Germany,,False,False,0.0,False,,,False
EVT_001654,BA000707,OUV,Ouverture / Souscription,VAL,2023-07-01,2023-07-01,250000.0,250000.0,0.0,0.0,EUR,France,,False,False,0.0,False,,,False
EVT_001655,BA000707,RAP,Rachat partiel,VAL,2025-12-26,2025-12-26,-35000.0,-33950.0,1050.0,0.0,EUR,France,France,False,True,1050.0,False,,,False
EVT_001656,BA000708,OUV,Ouverture / Souscription,VAL,2019-05-15,2019-05-15,250000.0,250000.0,0.0,0.0,EUR,France,,False,False,0.0,False,,,False
EVT_001657,BA000708,VLC,Versement libre complémentaire,VAL,2022-08-11,2022-08-11,15000.0,15000.0,0.0,0.0,EUR,France,,False,False,0.0,False,,,False
EVT_001658,BA000708,ARB,Arbitrage entre fonds,VAL,2021-12-02,2021-12-02,54000.0,54000.0,0.0,0.0,EUR,,,False,False,0.0,False,FID_BNP,FR0010923383,False
EVT_001659,BA000709,OUV,Ouverture / Souscription,VAL,2026-03-10,2026-03-10,250000.0,250000.0,0.0,0.0,EUR,France,,False,False,0.0,False,,,False
EVT_001660,BA000710,OUV,Ouverture / Souscription,VAL,2023-02-01,2023-02-01,447000.0,447000.0,0.0,0.0,EUR,Finland,,False,False,0.0,False,,,False
EVT_001661,BA000710,RAP,Rachat partiel,VAL,2026-08-29,2026-08-29,-58000.0,-58000.0,0.0,4918.94,EUR,Finland,Finland,False,False,0.0,False,,,False
EVT_001662,BA000710,RAP,Rachat partiel,VAL,2027-03-01,2027-03-01,-58000.0,-58000.0,0.0,4881.32,EUR,Finland,Finland,False,False,0.0,False,,,False
EVT_001663,BA000711,OUV,Ouverture / Souscription,VAL,2025-09-20,2025-09-20,250000.0,250000.0,0.0,0.0,EUR,Finland,,False,False,0.0,False,,,False
EVT_001664,BA000711,VLC,Versement libre complémentaire,VAL,2027-09-03,2027-09-03,81000.0,81000.0,0.0,0.0,EUR,Finland,,False,False,0.0,False,,,False
EVT_001665,BA000712,OUV,Ouverture / Souscription,VAL,2024-02-03,2024-02-03,538000.0,538000.0,0.0,0.0,EUR,Norway,,False,False,0.0,False,,,False
EVT_001666,BA000713,OUV,Ouverture / Souscription,VAL,2020-08-29,2020-08-29,487000.0,487000.0,0.0,0.0,EUR,Belgium,,False,False,0.0,False,,,False
EVT_001667,BA000714,OUV,Ouverture / Souscription,VAL,2020-09-10,2020-09-10,615000.0,615000.0,0.0,0.0,EUR,France,,False,False,0.0,False,,,False
EVT_001668,BA000714,VLC,Versement libre complémentaire,VAL,2025-08-01,2025-08-01,146000.0,146000.0,0.0,0.0,EUR,France,,False,False,0.0,False,,,False
EVT_001669,BA000715,OUV,Ouverture / Souscription,VAL,2022-01-08,2022-01-08,481000.0,481000.0,0.0,0.0,EUR,Belgium,,False,False,0.0,False,,,False
EVT_001670,BA000715,ARB,Arbitrage entre fonds,VAL,2022-10-27,2022-10-27,110000.0,110000.0,550.0,0.0,EUR,,,False,False,0.0,False,XS2428662824,PE_CAY_01,False
EVT_001671,BA000715,ARB,Arbitrage entre fonds,VAL,2025-12-17,2025-12-17,95000.0,95000.0,475.0,0.0,EUR,,,False,False,0.0,False,PE_CAY_01,XS2428662824,False
EVT_001672,BA000715,RAP,Rachat partiel,VAL,2024-03-01,2024-03-01,-90000.0,-90000.0,0.0,5161.02,EUR,Belgium,Belgium,False,False,0.0,False,,,False
EVT_001673,BA000716,OUV,Ouverture / Souscription,VAL,2025-11-01,2025-11-01,250000.0,250000.0,0.0,0.0,EUR,France,,False,False,0.0,False,,,False
EVT_001674,BA000717,OUV,Ouverture / Souscription,VAL,2024-08-21,2024-08-21,250000.0,250000.0,0.0,0.0,EUR,Belgium,,False,False,0.0,False,,,False
EVT_001675,BA000717,VLC,Versement libre complémentaire,VAL,2027-01-24,2027-01-24,8000.0,8000.0,0.0,0.0,EUR,Belgium,,False,False,0.0,False,,,False
EVT_001676,BA000717,VLC,Versement libre complémentaire,VAL,2028-01-28,2028-01-28,8000.0,8000.0,0.0,0.0,EUR,Belgium,,False,False,0.0,False,,,False
EVT_001677,BA000718,OUV,Ouverture / Souscription,VAL,2023-02-12,2023-02-12,250000.0,250000.0,0.0,0.0,EUR,Belgium,,False,False,0.0,False,,,False
EVT_001678,BA000719,OUV,Ouverture / Souscription,VAL,2022-02-03,2022-02-03,897000.0,897000.0,0.0,0.0,EUR,France,,False,False,0.0,False,,,False
EVT_001679,BA000720,OUV,Ouverture / Souscription,VAL,2025-02-03,2025-02-03,250000.0,250000.0,0.0,0.0,EUR,France,,False,False,0.0,False,,,False
EVT_001680,BA000721,OUV,Ouverture / Souscription,VAL,2020-01-26,2020-01-26,528000.0,528000.0,0.0,0.0,EUR,France,,False,False,0.0,False,,,False
EVT_001681,BA000721,VLC,Versement libre complémentaire,VAL,2022-01-11,2022-01-11,286000.0,286000.0,0.0,0.0,EUR,France,,False,False,0.0,False,,,False
EVT_001682,BA000722,OUV,Ouverture / Souscription,VAL,2020-11-02,2020-11-02,1082000.0,1082000.0,0.0,0.0,EUR,France,,False,False,0.0,False,,,False
EVT_001683,BA000722,VLC,Versement libre complémentaire,VAL,2024-01-10,2024-01-10,121000.0,121000.0,0.0,0.0,EUR,France,,False,False,0.0,False,,,False
EVT_001684,BA000722,VLC,Versement libre complémentaire,VAL,2026-03-13,2026-03-13,121000.0,121000.0,0.0,0.0,EUR,France,,False,False,0.0,False,,,False
EVT_001685,BA000722,VLC,Versement libre complémentaire,VAL,2025-11-05,2025-11-05,121000.0,121000.0,0.0,0.0,EUR,France,,False,False,0.0,False,,,False
EVT_001686,BA000723,OUV,Ouverture / Souscription,VAL,2024-09-26,2024-09-26,250000.0,250000.0,0.0,0.0,EUR,France,,False,False,0.0,False,,,False
EVT_001687,BA000724,OUV,Ouverture / Souscription,VAL,2026-01-21,2026-01-21,250000.0,250000.0,0.0,0.0,EUR,France,,True,False,0.0,False,,,False
EVT_001688,BA000725,OUV,Ouverture / Souscription,VAL,2019-04-27,2019-04-27,457000.0,457000.0,0.0,0.0,EUR,Finland,,False,False,0.0,False,,,False
EVT_001689,BA000725,VLC,Versement libre complémentaire,VAL,2020-03-24,2020-03-24,12000.0,12000.0,0.0,0.0,EUR,Finland,,True,False,0.0,False,,,False
EVT_001690,BA000725,VLC,Versement libre complémentaire,VAL,2023-02-26,2023-02-26,12000.0,12000.0,0.0,0.0,EUR,Finland,,False,False,0.0,False,,,False
EVT_001691,BA000726,OUV,Ouverture / Souscription,VAL,2025-08-23,2025-08-23,713000.0,713000.0,0.0,0.0,EUR,France,,False,False,0.0,False,,,False
EVT_001692,BA000726,ARB,Arbitrage entre fonds,VAL,2028-09-26,2028-09-26,49000.0,49000.0,0.0,0.0,EUR,,,False,False,0.0,False,FID_UBS,FR0010392225,False
EVT_001693,BA000727,OUV,Ouverture / Souscription,VAL,2021-10-03,2021-10-03,574000.0,574000.0,0.0,0.0,EUR,Belgium,,False,False,0.0,False,,,False
EVT_001694,BA000727,RAP,Rachat partiel,VAL,2022-12-16,2022-12-16,-200000.0,-200000.0,0.0,17153.93,EUR,Belgium,Belgium,False,False,0.0,False,,,False
EVT_001695,BA000728,OUV,Ouverture / Souscription,VAL,2022-05-01,2022-05-01,844000.0,844000.0,0.0,0.0,EUR,Luxembourg,,False,False,0.0,False,,,False
EVT_001696,BA000728,VLC,Versement libre complémentaire,VAL,2027-09-06,2027-09-06,158000.0,158000.0,0.0,0.0,EUR,Luxembourg,,False,False,0.0,False,,,False
EVT_001697,BA000728,VLC,Versement libre complémentaire,VAL,2024-06-01,2024-06-01,158000.0,158000.0,0.0,0.0,EUR,Luxembourg,,False,False,0.0,False,,,False
EVT_001698,BA000728,ARB,Arbitrage entre fonds,VAL,2024-08-12,2024-08-12,186000.0,186000.0,0.0,0.0,EUR,,,False,False,0.0,False,FR001400OJI4,FAS_ROT,False
EVT_001699,BA000729,OUV,Ouverture / Souscription,VAL,2023-07-11,2023-07-11,495000.0,495000.0,0.0,0.0,EUR,Norway,,False,False,0.0,False,,,False
EVT_001700,BA000729,ARB,Arbitrage entre fonds,VAL,2025-09-26,2025-09-26,165000.0,165000.0,0.0,0.0,EUR,,,False,False,0.0,False,FR001400OJI4,FID_BNP,False
EVT_001701,BA000730,OUV,Ouverture / Souscription,VAL,2022-03-24,2022-03-24,959000.0,959000.0,0.0,0.0,EUR,Belgium,,False,False,0.0,False,,,False
EVT_001702,BA000730,VLC,Versement libre complémentaire,VAL,2023-11-12,2023-11-12,191000.0,191000.0,0.0,0.0,EUR,Belgium,,False,False,0.0,False,,,False
EVT_001703,BA000730,ARB,Arbitrage entre fonds,VAL,2025-02-03,2025-02-03,290000.0,290000.0,1450.0,0.0,EUR,,,False,False,0.0,False,XS2428662824,FAS_ROT,False
EVT_001704,BA000730,ARB,Arbitrage entre fonds,VAL,2026-02-16,2026-02-16,464000.0,464000.0,2320.0,0.0,EUR,,,False,False,0.0,False,FAS_ROT,LU0255977539,False
EVT_001705,BA000731,OUV,Ouverture / Souscription,VAL,2023-04-25,2023-04-25,2134000.0,2134000.0,0.0,0.0,EUR,Portugal,,False,False,0.0,False,,,False
EVT_001706,BA000731,VLC,Versement libre complémentaire,VAL,2025-02-21,2025-02-21,501000.0,501000.0,0.0,0.0,EUR,Portugal,,False,False,0.0,False,,,False
EVT_001707,BA000731,RAP,Rachat partiel,VAL,2027-06-26,2027-06-26,-248000.0,-248000.0,0.0,32585.9,EUR,Portugal,Portugal,False,False,0.0,False,,,False
EVT_001708,BA000731,RAP,Rachat partiel,VAL,2027-12-20,2027-12-20,-248000.0,-248000.0,0.0,37097.32,EUR,Portugal,Portugal,False,False,0.0,False,,,False
EVT_001709,BA000732,OUV,Ouverture / Souscription,VAL,2026-07-21,2026-07-21,250000.0,250000.0,0.0,0.0,EUR,Portugal,,False,False,0.0,False,,,False
EVT_001710,BA000732,VLC,Versement libre complémentaire,VAL,2027-06-16,2027-06-16,46000.0,46000.0,0.0,0.0,EUR,Portugal,,False,False,0.0,False,,,False
EVT_001711,BA000732,RAP,Rachat partiel,VAL,2028-01-25,2028-01-25,-28000.0,-28000.0,0.0,2880.09,EUR,Portugal,Portugal,False,False,0.0,False,,,False
EVT_001712,BA000732,RAP,Rachat partiel,VAL,2030-09-29,2030-09-29,-28000.0,-28000.0,0.0,1722.38,EUR,Portugal,Portugal,False,False,0.0,False,,,False
EVT_001713,BA000733,OUV,Ouverture / Souscription,VAL,2020-05-04,2020-05-04,427000.0,427000.0,0.0,0.0,EUR,France,,False,False,0.0,False,,,False
EVT_001714,BA000733,VLC,Versement libre complémentaire,VAL,2024-02-08,2024-02-08,60000.0,60000.0,0.0,0.0,EUR,France,,False,False,0.0,False,,,False
EVT_001715,BA000734,OUV,Ouverture / Souscription,VAL,2020-01-01,2020-01-01,250000.0,250000.0,0.0,0.0,EUR,France,,False,False,0.0,False,,,False
EVT_001716,BA000734,VLC,Versement libre complémentaire,VAL,2020-10-26,2020-10-26,21000.0,21000.0,0.0,0.0,EUR,France,,False,False,0.0,False,,,False
EVT_001717,BA000735,OUV,Ouverture / Souscription,VAL,2019-12-04,2019-12-04,1060000.0,1060000.0,0.0,0.0,EUR,Finland,,True,False,0.0,False,,,False
EVT_001718,BA000735,ARB,Arbitrage entre fonds,VAL,2023-10-15,2023-10-15,232000.0,232000.0,1160.0,0.0,EUR,,,False,False,0.0,False,FID_UBS,FR0010392225,False
EVT_001719,BA000735,RAP,Rachat partiel,VAL,2022-11-26,2022-11-26,-263000.0,-263000.0,0.0,37113.97,EUR,Finland,Finland,False,False,0.0,False,,,False
EVT_001720,BA000736,OUV,Ouverture / Souscription,VAL,2024-05-08,2024-05-08,250000.0,250000.0,0.0,0.0,EUR,France,,False,False,0.0,False,,,False
EVT_001721,BA000736,VLC,Versement libre complémentaire,VAL,2025-12-23,2025-12-23,42000.0,42000.0,0.0,0.0,EUR,France,,False,False,0.0,False,,,False
EVT_001722,BA000736,VLC,Versement libre complémentaire,VAL,2026-09-20,2026-09-20,42000.0,42000.0,0.0,0.0,EUR,France,,False,False,0.0,False,,,False
EVT_001723,BA000736,ARB,Arbitrage entre fonds,VAL,2027-12-30,2027-12-30,68000.0,68000.0,340.0,0.0,EUR,,,False,False,0.0,False,FAS_ROT,FR0010923383,False
EVT_001724,BA000736,ARB,Arbitrage entre fonds,VAL,2027-06-23,2027-06-23,58000.0,58000.0,0.0,0.0,EUR,,,False,False,0.0,False,FR001400OJI4,FR0010923383,False
EVT_001725,BA000736,RAP,Rachat partiel,VAL,2026-09-08,2026-09-08,-106000.0,-106000.0,0.0,15493.81,EUR,France,France,False,False,0.0,False,,,False
EVT_001726,BA000737,OUV,Ouverture / Souscription,VAL,2020-03-28,2020-03-28,250000.0,250000.0,0.0,0.0,EUR,France,,False,False,0.0,False,,,False
EVT_001727,BA000737,VLC,Versement libre complémentaire,VAL,2025-05-29,2025-05-29,33000.0,33000.0,0.0,0.0,EUR,France,,False,False,0.0,False,,,False
EVT_001728,BA000738,OUV,Ouverture / Souscription,VAL,2022-05-25,2022-05-25,250000.0,250000.0,0.0,0.0,EUR,France,,False,False,0.0,False,,,False
EVT_001729,BA000739,OUV,Ouverture / Souscription,VAL,2021-04-25,2021-04-25,250000.0,250000.0,0.0,0.0,EUR,France,,False,False,0.0,False,,,False
EVT_001730,BA000739,VLC,Versement libre complémentaire,VAL,2023-04-23,2023-04-23,83000.0,83000.0,0.0,0.0,EUR,France,,False,False,0.0,False,,,False
EVT_001731,BA000740,OUV,Ouverture / Souscription,VAL,2023-03-20,2023-03-20,250000.0,250000.0,0.0,0.0,EUR,Belgium,,False,False,0.0,False,,,False
EVT_001732,BA000741,OUV,Ouverture / Souscription,VAL,2022-07-01,2022-07-01,953000.0,953000.0,0.0,0.0,EUR,Belgium,,False,False,0.0,False,,,False
EVT_001733,BA000741,VLC,Versement libre complémentaire,VAL,2025-07-11,2025-07-11,68000.0,68000.0,0.0,0.0,EUR,Belgium,,False,False,0.0,False,,,False
EVT_001734,BA000741,VLC,Versement libre complémentaire,VAL,2026-03-06,2026-03-06,68000.0,68000.0,0.0,0.0,EUR,Belgium,,False,False,0.0,False,,,False
EVT_001735,BA000741,VLC,Versement libre complémentaire,VAL,2023-12-02,2023-12-02,68000.0,68000.0,0.0,0.0,EUR,Belgium,,False,False,0.0,False,,,False
EVT_001736,BA000741,RAP,Rachat partiel,VAL,2026-05-19,2026-05-19,-332000.0,-322040.0,9960.0,0.0,EUR,Belgium,Belgium,False,True,9960.0,False,,,False
EVT_001737,BA000742,OUV,Ouverture / Souscription,VAL,2021-07-10,2021-07-10,250000.0,250000.0,0.0,0.0,EUR,France,,False,False,0.0,False,,,False
EVT_001738,BA000742,ARB,Arbitrage entre fonds,VAL,2025-01-02,2025-01-02,56000.0,56000.0,280.0,0.0,EUR,,,False,False,0.0,False,FR001400OJI4,FID_BNP,False
EVT_001739,BA000743,OUV,Ouverture / Souscription,VAL,2019-07-09,2019-07-09,452000.0,452000.0,0.0,0.0,EUR,Italy,,False,False,0.0,False,,,False
EVT_001740,BA000743,VLC,Versement libre complémentaire,VAL,2024-03-01,2024-03-01,126000.0,126000.0,0.0,0.0,EUR,Italy,,False,False,0.0,False,,,False
EVT_001741,BA000743,RAP,Rachat partiel,VAL,2021-11-13,2021-11-13,-136000.0,-136000.0,0.0,6133.43,EUR,Italy,Italy,False,False,0.0,False,,,False
EVT_001742,BA000744,OUV,Ouverture / Souscription,VAL,2024-03-15,2024-03-15,250000.0,250000.0,0.0,0.0,EUR,France,,False,False,0.0,False,,,False
EVT_001743,BA000744,RAP,Rachat partiel,VAL,2025-12-21,2025-12-21,-36000.0,-36000.0,0.0,3832.86,EUR,France,France,False,False,0.0,False,,,False
EVT_001744,BA000744,RAP,Rachat partiel,VAL,2029-04-11,2029-04-11,-36000.0,-36000.0,0.0,4916.76,EUR,France,France,False,False,0.0,False,,,False
EVT_001745,BA000744,RAP,Rachat partiel,VAL,2028-02-25,2028-02-25,-36000.0,-36000.0,0.0,4227.38,EUR,France,France,False,False,0.0,False,,,False
EVT_001746,BA000745,OUV,Ouverture / Souscription,VAL,2024-05-28,2024-05-28,418000.0,418000.0,0.0,0.0,EUR,France,,False,False,0.0,False,,,False
EVT_001747,BA000746,OUV,Ouverture / Souscription,VAL,2022-08-22,2022-08-22,723000.0,723000.0,0.0,0.0,EUR,Italy,,False,False,0.0,False,,,False
EVT_001748,BA000747,OUV,Ouverture / Souscription,VAL,2019-03-01,2019-03-01,250000.0,250000.0,0.0,0.0,EUR,Finland,,False,False,0.0,False,,,False
EVT_001749,BA000747,VLC,Versement libre complémentaire,VAL,2024-02-25,2024-02-25,26000.0,26000.0,0.0,0.0,EUR,Finland,,True,False,0.0,False,,,False
EVT_001750,BA000747,VLC,Versement libre complémentaire,VAL,2019-11-24,2019-11-24,26000.0,26000.0,0.0,0.0,EUR,Finland,,False,False,0.0,False,,,False
EVT_001751,BA000748,OUV,Ouverture / Souscription,VAL,2021-08-20,2021-08-20,250000.0,250000.0,0.0,0.0,EUR,Finland,,False,False,0.0,False,,,False
EVT_001752,BA000748,VLC,Versement libre complémentaire,VAL,2025-07-20,2025-07-20,53000.0,53000.0,0.0,0.0,EUR,Finland,,False,False,0.0,False,,,False
EVT_001753,BA000749,OUV,Ouverture / Souscription,VAL,2025-06-09,2025-06-09,449000.0,449000.0,0.0,0.0,EUR,Finland,,False,False,0.0,False,,,False
EVT_001754,BA000749,RAP,Rachat partiel,VAL,2028-11-08,2028-11-08,-94000.0,-94000.0,0.0,11110.23,EUR,Finland,Finland,False,False,0.0,False,,,False
EVT_001755,BA000749,RAP,Rachat partiel,VAL,2026-03-31,2026-03-31,-94000.0,-94000.0,0.0,6169.65,EUR,Finland,Finland,False,False,0.0,False,,,False
EVT_001756,BA000750,OUV,Ouverture / Souscription,VAL,2019-08-05,2019-08-05,703000.0,703000.0,0.0,0.0,EUR,France,,False,False,0.0,False,,,False
EVT_001757,BA000751,OUV,Ouverture / Souscription,VAL,2026-04-25,2026-04-25,250000.0,250000.0,0.0,0.0,EUR,Portugal,,False,False,0.0,False,,,False
EVT_001758,BA000751,RAP,Rachat partiel,VAL,2027-02-08,2027-02-08,-21000.0,-21000.0,0.0,2564.62,EUR,Portugal,Portugal,False,False,0.0,False,,,False
EVT_001759,BA000751,RAP,Rachat partiel,VAL,2030-04-01,2030-04-01,-21000.0,-21000.0,0.0,1323.37,EUR,Portugal,Portugal,False,False,0.0,False,,,False
EVT_001760,BA000752,OUV,Ouverture / Souscription,VAL,2023-11-06,2023-11-06,809000.0,809000.0,0.0,0.0,EUR,France,,False,False,0.0,False,,,False
EVT_001761,BA000753,OUV,Ouverture / Souscription,VAL,2020-07-22,2020-07-22,363000.0,363000.0,0.0,0.0,EUR,Belgium,,False,False,0.0,False,,,False
EVT_001762,BA000754,OUV,Ouverture / Souscription,VAL,2018-12-15,2018-12-15,372000.0,372000.0,0.0,0.0,EUR,Belgium,,False,False,0.0,False,,,False
EVT_001763,BA000754,RAP,Rachat partiel,VAL,2022-01-25,2022-01-25,-43000.0,-43000.0,0.0,5929.37,EUR,Belgium,Belgium,False,False,0.0,False,,,False
EVT_001764,BA000754,RAP,Rachat partiel,VAL,2023-06-03,2023-06-03,-43000.0,-43000.0,0.0,6200.07,EUR,Belgium,Belgium,False,False,0.0,False,,,False
EVT_001765,BA000755,OUV,Ouverture / Souscription,VAL,2026-05-15,2026-05-15,1367000.0,1367000.0,0.0,0.0,EUR,France,,False,False,0.0,False,,,False
EVT_001766,BA000755,VLC,Versement libre complémentaire,VAL,2027-11-29,2027-11-29,312000.0,312000.0,0.0,0.0,EUR,France,,False,False,0.0,False,,,False
EVT_001767,BA000756,OUV,Ouverture / Souscription,VAL,2025-06-06,2025-06-06,250000.0,250000.0,0.0,0.0,EUR,France,,False,False,0.0,False,,,False
EVT_001768,BA000757,OUV,Ouverture / Souscription,VAL,2019-02-03,2019-02-03,658000.0,658000.0,0.0,0.0,EUR,France,,False,False,0.0,False,,,False
EVT_001769,BA000758,OUV,Ouverture / Souscription,VAL,2019-08-26,2019-08-26,250000.0,250000.0,0.0,0.0,EUR,France,,False,False,0.0,False,,,False
EVT_001770,BA000759,OUV,Ouverture / Souscription,VAL,2024-03-03,2024-03-03,250000.0,250000.0,0.0,0.0,EUR,France,,False,False,0.0,False,,,False
EVT_001771,BA000760,OUV,Ouverture / Souscription,VAL,2022-05-26,2022-05-26,475000.0,475000.0,0.0,0.0,EUR,France,,False,False,0.0,False,,,False
EVT_001772,BA000760,ARB,Arbitrage entre fonds,VAL,2023-10-20,2023-10-20,112000.0,112000.0,560.0,0.0,EUR,,,False,False,0.0,False,FR0010923383,LU0255977539,False
EVT_001773,BA000760,RAP,Rachat partiel,VAL,2026-04-09,2026-04-09,-176000.0,-176000.0,0.0,5739.95,EUR,France,France,False,False,0.0,False,,,False
EVT_001774,BA000761,OUV,Ouverture / Souscription,VAL,2021-12-07,2021-12-07,250000.0,250000.0,0.0,0.0,EUR,Belgium,,False,False,0.0,False,,,False
EVT_001775,BA000761,VLC,Versement libre complémentaire,VAL,2023-12-05,2023-12-05,48000.0,48000.0,0.0,0.0,EUR,Belgium,,False,False,0.0,False,,,False
EVT_001776,BA000761,VLC,Versement libre complémentaire,VAL,2026-11-27,2026-11-27,48000.0,48000.0,0.0,0.0,EUR,Belgium,,False,False,0.0,False,,,False
EVT_001777,BA000762,OUV,Ouverture / Souscription,VAL,2026-07-03,2026-07-03,281000.0,281000.0,0.0,0.0,EUR,France,,False,False,0.0,False,,,False
EVT_001778,BA000762,RAP,Rachat partiel,VAL,2030-10-19,2030-10-19,-72000.0,-72000.0,0.0,10539.82,EUR,France,France,False,False,0.0,False,,,False
EVT_001779,BA000763,OUV,Ouverture / Souscription,VAL,2024-12-13,2024-12-13,250000.0,250000.0,0.0,0.0,EUR,France,,False,False,0.0,False,,,False
EVT_001780,BA000763,VLC,Versement libre complémentaire,VAL,2029-03-12,2029-03-12,58000.0,58000.0,0.0,0.0,EUR,France,,False,False,0.0,False,,,False
EVT_001781,BA000763,ARB,Arbitrage entre fonds,VAL,2025-12-26,2025-12-26,116000.0,116000.0,580.0,0.0,EUR,,,False,False,0.0,False,FR001400OJI4,FR0010392225,False
EVT_001782,BA000763,ARB,Arbitrage entre fonds,VAL,2027-03-09,2027-03-09,88000.0,88000.0,440.0,0.0,EUR,,,False,False,0.0,False,FR001400OJI4,FAS_IND,False
EVT_001783,BA000763,ARB,Arbitrage entre fonds,VAL,2027-01-20,2027-01-20,26000.0,26000.0,0.0,0.0,EUR,,,False,False,0.0,False,FAS_IND,FR0010392225,False
EVT_001784,BA000764,OUV,Ouverture / Souscription,VAL,2025-03-27,2025-03-27,250000.0,250000.0,0.0,0.0,EUR,Portugal,,False,False,0.0,False,,,False
EVT_001785,BA000765,OUV,Ouverture / Souscription,VAL,2020-05-03,2020-05-03,580000.0,580000.0,0.0,0.0,EUR,Belgium,,False,False,0.0,False,,,False
EVT_001786,BA000765,VLC,Versement libre complémentaire,VAL,2021-06-29,2021-06-29,117000.0,117000.0,0.0,0.0,EUR,Belgium,,False,False,0.0,False,,,False
EVT_001787,BA000765,RAP,Rachat partiel,VAL,2021-05-01,2021-05-01,-19000.0,-19000.0,0.0,1453.37,EUR,Belgium,Belgium,False,False,0.0,False,,,False
EVT_001788,BA000765,RAP,Rachat partiel,VAL,2020-12-07,2020-12-07,-19000.0,-19000.0,0.0,1810.26,EUR,Belgium,Belgium,False,False,0.0,False,,,False
EVT_001789,BA000765,RAP,Rachat partiel,VAL,2025-06-23,2025-06-23,-19000.0,-19000.0,0.0,1403.2,EUR,Belgium,Belgium,False,False,0.0,False,,,False
EVT_001790,BA000766,OUV,Ouverture / Souscription,VAL,2021-01-05,2021-01-05,616000.0,616000.0,0.0,0.0,EUR,Belgium,,False,False,0.0,False,,,False
EVT_001791,BA000767,OUV,Ouverture / Souscription,VAL,2019-09-09,2019-09-09,250000.0,250000.0,0.0,0.0,EUR,Belgium,,False,False,0.0,False,,,False
EVT_001792,BA000767,VLC,Versement libre complémentaire,VAL,2022-04-16,2022-04-16,39000.0,39000.0,0.0,0.0,EUR,Belgium,,False,False,0.0,False,,,False
EVT_001793,BA000768,OUV,Ouverture / Souscription,VAL,2024-08-04,2024-08-04,2458000.0,2458000.0,0.0,0.0,EUR,France,,False,False,0.0,False,,,False
EVT_001794,BA000768,VLC,Versement libre complémentaire,VAL,2026-08-07,2026-08-07,1605000.0,1605000.0,0.0,0.0,EUR,France,,False,False,0.0,False,,,False
EVT_001795,BA000768,RAP,Rachat partiel,VAL,2025-02-02,2025-02-02,-414000.0,-414000.0,0.0,29388.82,EUR,France,France,False,False,0.0,False,,,False
EVT_001796,BA000768,RAP,Rachat partiel,VAL,2027-08-17,2027-08-17,-414000.0,-414000.0,0.0,24646.55,EUR,France,France,False,False,0.0,False,,,False
EVT_001797,BA000769,OUV,Ouverture / Souscription,VAL,2019-04-17,2019-04-17,250000.0,250000.0,0.0,0.0,EUR,France,,False,False,0.0,False,,,False
EVT_001798,BA000770,OUV,Ouverture / Souscription,VAL,2024-03-26,2024-03-26,631000.0,631000.0,0.0,0.0,EUR,France,,False,False,0.0,False,,,False
EVT_001799,BA000771,OUV,Ouverture / Souscription,VAL,2026-03-20,2026-03-20,1778000.0,1778000.0,0.0,0.0,EUR,France,,False,False,0.0,False,,,False
EVT_001800,BA000771,RAP,Rachat partiel,VAL,2030-10-10,2030-10-10,-77000.0,-77000.0,0.0,7975.27,EUR,France,France,False,False,0.0,False,,,False
EVT_001801,BA000771,RAP,Rachat partiel,VAL,2028-05-24,2028-05-24,-77000.0,-77000.0,0.0,2127.17,EUR,France,France,True,False,0.0,False,,,False
EVT_001802,BA000772,OUV,Ouverture / Souscription,VAL,2020-02-24,2020-02-24,982000.0,982000.0,0.0,0.0,EUR,France,,False,False,0.0,False,,,False
EVT_001803,BA000773,OUV,Ouverture / Souscription,VAL,2025-02-05,2025-02-05,340000.0,340000.0,0.0,0.0,EUR,Luxembourg,,False,False,0.0,False,,,False
EVT_001804,BA000774,OUV,Ouverture / Souscription,VAL,2018-10-05,2018-10-05,254000.0,254000.0,0.0,0.0,EUR,Luxembourg,,False,False,0.0,False,,,False
EVT_001805,BA000774,RAP,Rachat partiel,VAL,2020-02-08,2020-02-08,-54000.0,-54000.0,0.0,1462.7,EUR,Luxembourg,Luxembourg,False,False,0.0,False,,,False
EVT_001806,BA000774,RAP,Rachat partiel,VAL,2024-02-22,2024-02-22,-54000.0,-54000.0,0.0,6012.64,EUR,Luxembourg,Luxembourg,False,False,0.0,False,,,False
EVT_001807,BA000775,OUV,Ouverture / Souscription,VAL,2022-05-04,2022-05-04,250000.0,250000.0,0.0,0.0,EUR,Luxembourg,,False,False,0.0,False,,,False
EVT_001808,BA000775,VLC,Versement libre complémentaire,VAL,2027-09-04,2027-09-04,43000.0,43000.0,0.0,0.0,EUR,Luxembourg,,False,False,0.0,False,,,False
EVT_001809,BA000776,OUV,Ouverture / Souscription,VAL,2021-12-22,2021-12-22,250000.0,250000.0,0.0,0.0,EUR,France,,False,False,0.0,False,,,False
EVT_001810,BA000777,OUV,Ouverture / Souscription,VAL,2020-03-27,2020-03-27,250000.0,250000.0,0.0,0.0,EUR,France,,False,False,0.0,False,,,False
EVT_001811,BA000777,VLC,Versement libre complémentaire,VAL,2025-06-04,2025-06-04,18000.0,18000.0,0.0,0.0,EUR,France,,False,False,0.0,False,,,False
EVT_001812,BA000778,OUV,Ouverture / Souscription,VAL,2025-07-25,2025-07-25,1071000.0,1071000.0,0.0,0.0,EUR,France,,False,False,0.0,False,,,False
EVT_001813,BA000779,OUV,Ouverture / Souscription,VAL,2023-12-14,2023-12-14,1019000.0,1019000.0,0.0,0.0,EUR,France,,True,False,0.0,False,,,False
EVT_001814,BA000779,ARB,Arbitrage entre fonds,VAL,2025-11-09,2025-11-09,270000.0,270000.0,0.0,0.0,EUR,,,False,False,0.0,False,FID_BNP,FR0010392225,False
EVT_001815,BA000779,ARB,Arbitrage entre fonds,VAL,2024-08-03,2024-08-03,82000.0,82000.0,410.0,0.0,EUR,,,False,False,0.0,False,FR001400OJI4,FR0010392225,False
EVT_001816,BA000780,OUV,Ouverture / Souscription,VAL,2021-03-26,2021-03-26,493000.0,493000.0,0.0,0.0,EUR,Sweden,,False,False,0.0,False,,,False
EVT_001817,BA000781,OUV,Ouverture / Souscription,VAL,2019-03-21,2019-03-21,250000.0,250000.0,0.0,0.0,EUR,France,,False,False,0.0,False,,,False
EVT_001818,BA000781,VLC,Versement libre complémentaire,VAL,2021-09-06,2021-09-06,58000.0,58000.0,0.0,0.0,EUR,France,,False,False,0.0,False,,,False
EVT_001819,BA000781,RAP,Rachat partiel,VAL,2019-12-29,2019-12-29,-52000.0,-52000.0,0.0,1863.08,EUR,France,France,False,False,0.0,False,,,False
EVT_001820,BA000781,RAP,Rachat partiel,VAL,2020-12-11,2020-12-11,-52000.0,-52000.0,0.0,6921.63,EUR,France,France,False,False,0.0,False,,,False
EVT_001821,BA000782,OUV,Ouverture / Souscription,VAL,2020-11-10,2020-11-10,250000.0,250000.0,0.0,0.0,EUR,France,,False,False,0.0,False,,,False
EVT_001822,BA000782,ARB,Arbitrage entre fonds,VAL,2024-10-15,2024-10-15,63000.0,63000.0,0.0,0.0,EUR,,,False,False,0.0,False,LU0255977539,FR0010392225,False
EVT_001823,BA000783,OUV,Ouverture / Souscription,VAL,2022-01-05,2022-01-05,276000.0,276000.0,0.0,0.0,EUR,France,,False,False,0.0,False,,,False
EVT_001824,BA000784,OUV,Ouverture / Souscription,VAL,2020-01-15,2020-01-15,613000.0,613000.0,0.0,0.0,EUR,Belgium,,False,False,0.0,False,,,False
EVT_001825,BA000785,OUV,Ouverture / Souscription,VAL,2024-11-22,2024-11-22,292000.0,292000.0,0.0,0.0,EUR,France,,False,False,0.0,False,,,False
EVT_001826,BA000785,VLC,Versement libre complémentaire,VAL,2027-12-21,2027-12-21,122000.0,122000.0,0.0,0.0,EUR,France,,False,False,0.0,False,,,False
EVT_001827,BA000785,RAP,Rachat partiel,VAL,2026-03-21,2026-03-21,-53000.0,-53000.0,0.0,7004.83,EUR,France,France,False,False,0.0,False,,,False
EVT_001828,BA000786,OUV,Ouverture / Souscription,VAL,2022-04-03,2022-04-03,250000.0,250000.0,0.0,0.0,EUR,France,,True,False,0.0,False,,,False
EVT_001829,BA000786,RAP,Rachat partiel,VAL,2025-08-23,2025-08-23,-72000.0,-72000.0,0.0,5830.69,EUR,France,France,False,False,0.0,False,,,False
EVT_001830,BA000787,OUV,Ouverture / Souscription,VAL,2018-09-12,2018-09-12,1658000.0,1658000.0,0.0,0.0,EUR,France,,False,False,0.0,False,,,False
EVT_001831,BA000788,OUV,Ouverture / Souscription,VAL,2024-12-26,2024-12-26,4518000.0,4518000.0,0.0,0.0,EUR,France,,False,False,0.0,False,,,False
EVT_001832,BA000788,VLC,Versement libre complémentaire,VAL,2029-11-02,2029-11-02,1114000.0,1114000.0,0.0,0.0,EUR,France,,False,False,0.0,False,,,False
EVT_001833,BA000789,OUV,Ouverture / Souscription,VAL,2022-04-07,2022-04-07,736000.0,736000.0,0.0,0.0,EUR,France,,False,False,0.0,False,,,False
EVT_001834,BA000790,OUV,Ouverture / Souscription,VAL,2022-05-04,2022-05-04,654000.0,654000.0,0.0,0.0,EUR,France,,False,False,0.0,False,,,False
EVT_001835,BA000791,OUV,Ouverture / Souscription,VAL,2020-12-12,2020-12-12,1013000.0,1013000.0,0.0,0.0,EUR,Finland,,False,False,0.0,False,,,False
EVT_001836,BA000791,RAP,Rachat partiel,VAL,2022-06-07,2022-06-07,-385000.0,-385000.0,0.0,20394.46,EUR,Finland,Finland,False,False,0.0,False,,,False
EVT_001837,BA000792,OUV,Ouverture / Souscription,VAL,2021-08-15,2021-08-15,250000.0,250000.0,0.0,0.0,EUR,Belgium,,False,False,0.0,False,,,False
EVT_001838,BA000792,VLC,Versement libre complémentaire,VAL,2027-01-03,2027-01-03,88000.0,88000.0,0.0,0.0,EUR,Belgium,,False,False,0.0,False,,,False
EVT_001839,BA000792,ARB,Arbitrage entre fonds,VAL,2022-03-25,2022-03-25,68000.0,68000.0,340.0,0.0,EUR,,,False,False,0.0,False,XS2428662824,FR001400OJI4,False
EVT_001840,BA000792,ARB,Arbitrage entre fonds,VAL,2023-11-09,2023-11-09,101000.0,101000.0,505.0,0.0,EUR,,,False,False,0.0,False,FID_BNP,XS2428662824,False
EVT_001841,BA000792,RAP,Rachat partiel,VAL,2023-04-29,2023-04-29,-26000.0,-26000.0,0.0,3419.69,EUR,Belgium,Belgium,False,False,0.0,False,,,False
EVT_001842,BA000792,RAP,Rachat partiel,VAL,2022-08-09,2022-08-09,-26000.0,-25220.0,780.0,0.0,EUR,Belgium,Belgium,False,True,780.0,False,,,False
EVT_001843,BA000793,OUV,Ouverture / Souscription,VAL,2018-12-24,2018-12-24,447000.0,447000.0,0.0,0.0,EUR,France,,False,False,0.0,False,,,False
EVT_001844,BA000793,RAP,Rachat partiel,VAL,2021-01-09,2021-01-09,-25000.0,-24250.0,750.0,0.0,EUR,France,France,False,True,750.0,False,,,False
EVT_001845,BA000793,RAP,Rachat partiel,VAL,2022-06-21,2022-06-21,-25000.0,-25000.0,0.0,1454.77,EUR,France,France,False,False,0.0,False,,,False
EVT_001846,BA000793,RAP,Rachat partiel,VAL,2021-03-14,2021-03-14,-25000.0,-25000.0,0.0,2588.32,EUR,France,France,False,False,0.0,False,,,False
EVT_001847,BA000794,OUV,Ouverture / Souscription,VAL,2020-03-21,2020-03-21,250000.0,250000.0,0.0,0.0,EUR,Spain,,False,False,0.0,False,,,False
EVT_001848,BA000795,OUV,Ouverture / Souscription,VAL,2022-10-20,2022-10-20,250000.0,250000.0,0.0,0.0,EUR,France,,False,False,0.0,False,,,False
EVT_001849,BA000796,OUV,Ouverture / Souscription,VAL,2022-10-19,2022-10-19,250000.0,250000.0,0.0,0.0,EUR,France,,False,False,0.0,False,,,False
EVT_001850,BA000796,ARB,Arbitrage entre fonds,VAL,2023-05-11,2023-05-11,30000.0,30000.0,150.0,0.0,EUR,,,False,False,0.0,False,PE_LUX_01,XS2428662824,False
EVT_001851,BA000796,ARB,Arbitrage entre fonds,VAL,2024-04-04,2024-04-04,20000.0,20000.0,0.0,0.0,EUR,,,False,False,0.0,False,PE_LUX_01,FR0010392225,False
EVT_001852,BA000796,RAP,Rachat partiel,VAL,2025-12-02,2025-12-02,-106000.0,-106000.0,0.0,3302.22,EUR,France,France,False,False,0.0,False,,,False
EVT_001853,BA000797,OUV,Ouverture / Souscription,VAL,2026-06-25,2026-06-25,250000.0,250000.0,0.0,0.0,EUR,France,,False,False,0.0,False,,,False
EVT_001854,BA000798,OUV,Ouverture / Souscription,VAL,2026-07-18,2026-07-18,653000.0,653000.0,0.0,0.0,EUR,Germany,,False,False,0.0,False,,,False
EVT_001855,BA000798,ARB,Arbitrage entre fonds,VAL,2028-02-22,2028-02-22,51000.0,51000.0,0.0,0.0,EUR,,,False,False,0.0,False,XS2428662824,FAS_IND,False
EVT_001856,BA000798,ARB,Arbitrage entre fonds,VAL,2030-02-13,2030-02-13,142000.0,142000.0,710.0,0.0,EUR,,,False,False,0.0,False,FAS_IND,XS2428662824,False
EVT_001857,BA000799,OUV,Ouverture / Souscription,VAL,2019-10-04,2019-10-04,965000.0,965000.0,0.0,0.0,EUR,Belgium,,False,False,0.0,False,,,False
EVT_001858,BA000799,RAP,Rachat partiel,VAL,2022-03-12,2022-03-12,-333000.0,-333000.0,0.0,30310.67,EUR,Belgium,Belgium,False,False,0.0,False,,,False
EVT_001859,BA000800,OUV,Ouverture / Souscription,VAL,2024-06-25,2024-06-25,806000.0,806000.0,0.0,0.0,EUR,Italy,,False,False,0.0,False,,,False
EVT_001860,BA000800,RAP,Rachat partiel,VAL,2026-05-28,2026-05-28,-345000.0,-345000.0,0.0,29078.95,EUR,Italy,Italy,False,False,0.0,False,,,False
EVT_001861,BA000801,OUV,Ouverture / Souscription,VAL,2019-07-09,2019-07-09,254000.0,254000.0,0.0,0.0,EUR,Italy,,False,False,0.0,False,,,False
EVT_001862,BA000801,VLC,Versement libre complémentaire,VAL,2023-07-09,2023-07-09,8000.0,8000.0,0.0,0.0,EUR,Italy,,False,False,0.0,False,,,False
EVT_001863,BA000801,VLC,Versement libre complémentaire,VAL,2023-07-02,2023-07-02,8000.0,8000.0,0.0,0.0,EUR,Italy,,False,False,0.0,False,,,False
EVT_001864,BA000801,ARB,Arbitrage entre fonds,VAL,2022-10-06,2022-10-06,13000.0,13000.0,0.0,0.0,EUR,,,False,False,0.0,False,LU0255977539,FID_UBS,False
EVT_001865,BA000801,ARB,Arbitrage entre fonds,VAL,2022-02-25,2022-02-25,51000.0,51000.0,0.0,0.0,EUR,,,False,False,0.0,False,LU0255977539,FID_UBS,False
EVT_001866,BA000802,OUV,Ouverture / Souscription,VAL,2024-07-03,2024-07-03,1753000.0,1753000.0,0.0,0.0,EUR,Belgium,,False,False,0.0,False,,,False
EVT_001867,BA000803,OUV,Ouverture / Souscription,VAL,2023-11-05,2023-11-05,1460000.0,1460000.0,0.0,0.0,EUR,Belgium,,False,False,0.0,False,,,False
EVT_001868,BA000804,OUV,Ouverture / Souscription,VAL,2026-02-17,2026-02-17,729000.0,729000.0,0.0,0.0,EUR,Belgium,,False,False,0.0,False,,,False
EVT_001869,BA000804,VLC,Versement libre complémentaire,VAL,2027-01-28,2027-01-28,78000.0,78000.0,0.0,0.0,EUR,Belgium,,False,False,0.0,False,,,False
EVT_001870,BA000805,OUV,Ouverture / Souscription,VAL,2021-01-13,2021-01-13,786000.0,786000.0,0.0,0.0,EUR,Italy,,False,False,0.0,False,,,False
EVT_001871,BA000805,VLC,Versement libre complémentaire,VAL,2022-02-07,2022-02-07,51000.0,51000.0,0.0,0.0,EUR,Italy,,False,False,0.0,False,,,False
EVT_001872,BA000806,OUV,Ouverture / Souscription,VAL,2025-05-21,2025-05-21,250000.0,250000.0,0.0,0.0,EUR,Belgium,,False,False,0.0,False,,,False
EVT_001873,BA000806,VLC,Versement libre complémentaire,VAL,2029-04-17,2029-04-17,34000.0,34000.0,0.0,0.0,EUR,Belgium,,False,False,0.0,False,,,False
EVT_001874,BA000806,RAP,Rachat partiel,VAL,2028-03-04,2028-03-04,-11000.0,-11000.0,0.0,890.37,EUR,Belgium,Belgium,False,False,0.0,False,,,False
EVT_001875,BA000806,RAP,Rachat partiel,VAL,2026-01-17,2026-01-17,-11000.0,-11000.0,0.0,962.0,EUR,Belgium,Belgium,False,False,0.0,False,,,False
EVT_001876,BA000806,RAP,Rachat partiel,VAL,2028-12-26,2028-12-26,-11000.0,-11000.0,0.0,1648.47,EUR,Belgium,Belgium,True,False,0.0,False,,,False
EVT_001877,BA000807,OUV,Ouverture / Souscription,VAL,2025-04-24,2025-04-24,361000.0,361000.0,0.0,0.0,EUR,France,,False,False,0.0,False,,,False
EVT_001878,BA000808,OUV,Ouverture / Souscription,VAL,2019-08-19,2019-08-19,740000.0,740000.0,0.0,0.0,EUR,France,,False,False,0.0,False,,,False
EVT_001879,BA000808,VLC,Versement libre complémentaire,VAL,2023-06-06,2023-06-06,90000.0,90000.0,0.0,0.0,EUR,France,,False,False,0.0,False,,,False
EVT_001880,BA000808,VLC,Versement libre complémentaire,VAL,2021-12-06,2021-12-06,90000.0,90000.0,0.0,0.0,EUR,France,,False,False,0.0,False,,,False
EVT_001881,BA000808,ARB,Arbitrage entre fonds,VAL,2020-01-24,2020-01-24,96000.0,96000.0,480.0,0.0,EUR,,,False,False,0.0,False,FID_BNP,XS2428662824,False
EVT_001882,BA000808,ARB,Arbitrage entre fonds,VAL,2022-10-16,2022-10-16,157000.0,157000.0,0.0,0.0,EUR,,,False,False,0.0,False,XS2428662824,FID_BNP,False
EVT_001883,BA000808,ARB,Arbitrage entre fonds,VAL,2023-04-16,2023-04-16,236000.0,236000.0,0.0,0.0,EUR,,,False,False,0.0,False,XS2428662824,FID_BNP,False
EVT_001884,BA000809,OUV,Ouverture / Souscription,VAL,2026-07-12,2026-07-12,699000.0,699000.0,0.0,0.0,EUR,France,,False,False,0.0,False,,,False
EVT_001885,BA000809,VLC,Versement libre complémentaire,VAL,2029-08-23,2029-08-23,109000.0,109000.0,0.0,0.0,EUR,France,,False,False,0.0,False,,,False
EVT_001886,BA000810,OUV,Ouverture / Souscription,VAL,2018-11-29,2018-11-29,250000.0,250000.0,0.0,0.0,EUR,Sweden,,False,False,0.0,False,,,False
EVT_001887,BA000810,ARB,Arbitrage entre fonds,VAL,2021-02-05,2021-02-05,95000.0,95000.0,475.0,0.0,EUR,,,False,False,0.0,False,FID_UBS,FR0010923383,False
EVT_001888,BA000811,OUV,Ouverture / Souscription,VAL,2025-07-15,2025-07-15,250000.0,250000.0,0.0,0.0,EUR,France,,False,False,0.0,False,,,False
EVT_001889,BA000811,VLC,Versement libre complémentaire,VAL,2026-10-17,2026-10-17,38000.0,38000.0,0.0,0.0,EUR,France,,False,False,0.0,False,,,False
EVT_001890,BA000812,OUV,Ouverture / Souscription,VAL,2022-04-18,2022-04-18,250000.0,250000.0,0.0,0.0,EUR,France,,False,False,0.0,False,,,False
EVT_001891,BA000812,VLC,Versement libre complémentaire,VAL,2024-04-04,2024-04-04,15000.0,15000.0,0.0,0.0,EUR,France,,False,False,0.0,False,,,False
EVT_001892,BA000813,OUV,Ouverture / Souscription,VAL,2022-01-03,2022-01-03,331000.0,331000.0,0.0,0.0,EUR,France,,False,False,0.0,False,,,False
EVT_001893,BA000814,OUV,Ouverture / Souscription,VAL,2018-12-20,2018-12-20,1145000.0,1145000.0,0.0,0.0,EUR,Sweden,,False,False,0.0,False,,,False
EVT_001894,BA000815,OUV,Ouverture / Souscription,VAL,2021-02-21,2021-02-21,250000.0,250000.0,0.0,0.0,EUR,France,,False,False,0.0,False,,,False
EVT_001895,BA000815,RAP,Rachat partiel,VAL,2024-08-12,2024-08-12,-44000.0,-44000.0,0.0,2630.0,EUR,France,France,False,False,0.0,False,,,False
EVT_001896,BA000816,OUV,Ouverture / Souscription,VAL,2023-09-16,2023-09-16,3765000.0,3765000.0,0.0,0.0,EUR,Finland,,False,False,0.0,False,,,False
EVT_001897,BA000816,VLC,Versement libre complémentaire,VAL,2027-08-29,2027-08-29,1791000.0,1791000.0,0.0,0.0,EUR,Finland,,False,False,0.0,False,,,False
EVT_001898,BA000817,OUV,Ouverture / Souscription,VAL,2023-10-03,2023-10-03,1248000.0,1248000.0,0.0,0.0,EUR,Finland,,False,False,0.0,False,,,False
EVT_001899,BA000818,OUV,Ouverture / Souscription,VAL,2022-12-30,2022-12-30,250000.0,250000.0,0.0,0.0,EUR,France,,False,False,0.0,False,,,False
EVT_001900,BA000818,VLC,Versement libre complémentaire,VAL,2026-07-04,2026-07-04,13000.0,13000.0,0.0,0.0,EUR,France,,False,False,0.0,False,,,False
EVT_001901,BA000819,OUV,Ouverture / Souscription,VAL,2019-02-24,2019-02-24,546000.0,546000.0,0.0,0.0,EUR,Luxembourg,,False,False,0.0,False,,,False
EVT_001902,BA000819,VLC,Versement libre complémentaire,VAL,2019-08-31,2019-08-31,39000.0,39000.0,0.0,0.0,EUR,Luxembourg,,False,False,0.0,False,,,False
EVT_001903,BA000820,OUV,Ouverture / Souscription,VAL,2021-04-11,2021-04-11,250000.0,250000.0,0.0,0.0,EUR,Portugal,,False,False,0.0,False,,,False
EVT_001904,BA000820,VLC,Versement libre complémentaire,VAL,2024-06-11,2024-06-11,44000.0,44000.0,0.0,0.0,EUR,Portugal,,False,False,0.0,False,,,False
EVT_001905,BA000820,VLC,Versement libre complémentaire,VAL,2023-04-27,2023-04-27,44000.0,44000.0,0.0,0.0,EUR,Portugal,,False,False,0.0,False,,,False
EVT_001906,BA000821,OUV,Ouverture / Souscription,VAL,2021-03-12,2021-03-12,250000.0,250000.0,0.0,0.0,EUR,Portugal,,False,False,0.0,False,,,False
EVT_001907,BA000821,VLC,Versement libre complémentaire,VAL,2022-04-06,2022-04-06,26000.0,26000.0,0.0,0.0,EUR,Portugal,,False,False,0.0,False,,,False
EVT_001908,BA000822,OUV,Ouverture / Souscription,VAL,2026-01-05,2026-01-05,1757000.0,1757000.0,0.0,0.0,EUR,Belgium,,False,False,0.0,False,,,False
EVT_001909,BA000822,VLC,Versement libre complémentaire,VAL,2028-07-27,2028-07-27,155000.0,155000.0,0.0,0.0,EUR,Belgium,,False,False,0.0,False,,,False
EVT_001910,BA000822,VLC,Versement libre complémentaire,VAL,2027-11-24,2027-11-24,155000.0,155000.0,0.0,0.0,EUR,Belgium,,False,False,0.0,False,,,False
EVT_001911,BA000823,OUV,Ouverture / Souscription,VAL,2021-05-04,2021-05-04,1354000.0,1354000.0,0.0,0.0,EUR,France,,False,False,0.0,False,,,False
EVT_001912,BA000823,VLC,Versement libre complémentaire,VAL,2021-11-28,2021-11-28,639000.0,639000.0,0.0,0.0,EUR,France,,False,False,0.0,False,,,False
EVT_001913,BA000824,OUV,Ouverture / Souscription,VAL,2019-05-15,2019-05-15,327000.0,327000.0,0.0,0.0,EUR,Sweden,,False,False,0.0,False,,,False
EVT_001914,BA000824,VLC,Versement libre complémentaire,VAL,2020-07-08,2020-07-08,31000.0,31000.0,0.0,0.0,EUR,Sweden,,False,False,0.0,False,,,False
EVT_001915,BA000825,OUV,Ouverture / Souscription,VAL,2024-04-07,2024-04-07,442000.0,442000.0,0.0,0.0,EUR,Sweden,,False,False,0.0,False,,,False
EVT_001916,BA000825,ARB,Arbitrage entre fonds,VAL,2025-09-30,2025-09-30,26000.0,26000.0,0.0,0.0,EUR,,,False,False,0.0,False,FID_BNP,LU0104884860,False
EVT_001917,BA000825,ARB,Arbitrage entre fonds,VAL,2025-01-18,2025-01-18,47000.0,47000.0,0.0,0.0,EUR,,,False,False,0.0,False,LU0104884860,FID_BNP,False
EVT_001918,BA000825,ARB,Arbitrage entre fonds,VAL,2027-03-21,2027-03-21,32000.0,32000.0,160.0,0.0,EUR,,,False,False,0.0,False,LU0104884860,LU0255977539,False
EVT_001919,BA000825,RAP,Rachat partiel,VAL,2027-07-06,2027-07-06,-196000.0,-196000.0,0.0,9594.16,EUR,Sweden,Sweden,True,False,0.0,False,,,False
EVT_001920,BA000826,OUV,Ouverture / Souscription,VAL,2020-05-15,2020-05-15,270000.0,270000.0,0.0,0.0,EUR,Sweden,,False,False,0.0,False,,,False
EVT_001921,BA000826,VLC,Versement libre complémentaire,VAL,2024-09-25,2024-09-25,63000.0,63000.0,0.0,0.0,EUR,Sweden,,False,False,0.0,False,,,False
EVT_001922,BA000826,ARB,Arbitrage entre fonds,VAL,2022-04-29,2022-04-29,63000.0,63000.0,315.0,0.0,EUR,,,False,False,0.0,False,XS2428662824,FID_UBS,False
EVT_001923,BA000827,OUV,Ouverture / Souscription,VAL,2025-12-03,2025-12-03,257000.0,257000.0,0.0,0.0,EUR,France,,False,False,0.0,False,,,False
EVT_001924,BA000827,VLC,Versement libre complémentaire,VAL,2027-04-23,2027-04-23,31000.0,31000.0,0.0,0.0,EUR,France,,False,False,0.0,False,,,False
EVT_001925,BA000827,VLC,Versement libre complémentaire,VAL,2027-06-19,2027-06-19,31000.0,31000.0,0.0,0.0,EUR,France,,False,False,0.0,False,,,False
EVT_001926,BA000827,ARB,Arbitrage entre fonds,VAL,2027-03-06,2027-03-06,60000.0,60000.0,0.0,0.0,EUR,,,False,False,0.0,False,XS2428662824,FID_BNP,False
EVT_001927,BA000827,RAP,Rachat partiel,VAL,2028-10-24,2028-10-24,-83000.0,-83000.0,0.0,3356.48,EUR,France,France,False,False,0.0,False,,,False
EVT_001928,BA000828,OUV,Ouverture / Souscription,VAL,2025-11-13,2025-11-13,419000.0,419000.0,0.0,0.0,EUR,France,,False,False,0.0,False,,,False
EVT_001929,BA000828,VLC,Versement libre complémentaire,VAL,2030-06-02,2030-06-02,34000.0,34000.0,0.0,0.0,EUR,France,,False,False,0.0,False,,,False
EVT_001930,BA000828,VLC,Versement libre complémentaire,VAL,2026-06-20,2026-06-20,34000.0,34000.0,0.0,0.0,EUR,France,,False,False,0.0,False,,,False
EVT_001931,BA000828,VLC,Versement libre complémentaire,VAL,2028-06-02,2028-06-02,34000.0,34000.0,0.0,0.0,EUR,France,,False,False,0.0,False,,,False
EVT_001932,BA000828,ARB,Arbitrage entre fonds,VAL,2028-06-16,2028-06-16,154000.0,154000.0,0.0,0.0,EUR,,,False,False,0.0,False,FID_UBS,LU0255977539,False
EVT_001933,BA000829,OUV,Ouverture / Souscription,VAL,2026-01-09,2026-01-09,4575000.0,4575000.0,0.0,0.0,EUR,Spain,,False,False,0.0,False,,,False
EVT_001934,BA000830,OUV,Ouverture / Souscription,VAL,2019-01-20,2019-01-20,949000.0,949000.0,0.0,0.0,EUR,Belgium,,False,False,0.0,False,,,False
EVT_001935,BA000830,ARB,Arbitrage entre fonds,VAL,2020-05-29,2020-05-29,168000.0,168000.0,0.0,0.0,EUR,,,False,False,0.0,False,FAS_ROT,FR001400OJI4,False
EVT_001936,BA000830,RAP,Rachat partiel,VAL,2021-03-25,2021-03-25,-281000.0,-281000.0,0.0,35919.12,EUR,Belgium,Belgium,False,False,0.0,False,,,False
EVT_001937,BA000831,OUV,Ouverture / Souscription,VAL,2023-03-09,2023-03-09,701000.0,701000.0,0.0,0.0,EUR,France,,False,False,0.0,False,,,False
EVT_001938,BA000831,VLC,Versement libre complémentaire,VAL,2025-07-27,2025-07-27,97000.0,97000.0,0.0,0.0,EUR,France,,False,False,0.0,False,,,False
EVT_001939,BA000831,RAP,Rachat partiel,VAL,2026-09-24,2026-09-24,-31000.0,-31000.0,0.0,3342.85,EUR,France,France,False,False,0.0,False,,,False
EVT_001940,BA000831,RAP,Rachat partiel,VAL,2026-05-30,2026-05-30,-31000.0,-31000.0,0.0,4598.6,EUR,France,France,False,False,0.0,False,,,False
EVT_001941,BA000832,OUV,Ouverture / Souscription,VAL,2021-06-20,2021-06-20,1424000.0,1424000.0,0.0,0.0,EUR,France,,False,False,0.0,False,,,False
EVT_001942,BA000833,OUV,Ouverture / Souscription,VAL,2025-05-04,2025-05-04,250000.0,250000.0,0.0,0.0,EUR,France,,False,False,0.0,False,,,False
EVT_001943,BA000834,OUV,Ouverture / Souscription,VAL,2021-08-08,2021-08-08,250000.0,250000.0,0.0,0.0,EUR,Finland,,False,False,0.0,False,,,False
EVT_001944,BA000834,VLC,Versement libre complémentaire,VAL,2025-12-18,2025-12-18,12000.0,12000.0,0.0,0.0,EUR,Finland,,False,False,0.0,False,,,False
EVT_001945,BA000834,VLC,Versement libre complémentaire,VAL,2023-12-17,2023-12-17,12000.0,12000.0,0.0,0.0,EUR,Finland,,False,False,0.0,False,,,False
EVT_001946,BA000834,ARB,Arbitrage entre fonds,VAL,2024-12-07,2024-12-07,54000.0,54000.0,0.0,0.0,EUR,,,False,False,0.0,False,FAS_IND,FR001400OJI4,False
EVT_001947,BA000834,ARB,Arbitrage entre fonds,VAL,2023-02-05,2023-02-05,39000.0,39000.0,0.0,0.0,EUR,,,False,False,0.0,False,FR001400OJI4,FAS_IND,False
EVT_001948,BA000834,ARB,Arbitrage entre fonds,VAL,2022-12-10,2022-12-10,28000.0,28000.0,140.0,0.0,EUR,,,False,False,0.0,False,FR001400OJI4,FAS_IND,False
EVT_001949,BA000834,RAP,Rachat partiel,VAL,2025-08-09,2025-08-09,-85000.0,-85000.0,0.0,5937.11,EUR,Finland,Finland,False,False,0.0,False,,,False
EVT_001950,BA000835,OUV,Ouverture / Souscription,VAL,2021-11-10,2021-11-10,350000.0,350000.0,0.0,0.0,EUR,Portugal,,False,False,0.0,False,,,False
EVT_001951,BA000835,VLC,Versement libre complémentaire,VAL,2027-04-08,2027-04-08,78000.0,78000.0,0.0,0.0,EUR,Portugal,,False,False,0.0,False,,,False
EVT_001952,BA000836,OUV,Ouverture / Souscription,VAL,2023-02-17,2023-02-17,400000.0,400000.0,0.0,0.0,EUR,France,,False,False,0.0,False,,,False
EVT_001953,BA000837,OUV,Ouverture / Souscription,VAL,2023-06-08,2023-06-08,1158000.0,1158000.0,0.0,0.0,EUR,France,,False,False,0.0,False,,,False
EVT_001954,BA000837,RAP,Rachat partiel,VAL,2024-08-30,2024-08-30,-125000.0,-125000.0,0.0,13667.3,EUR,France,France,False,False,0.0,False,,,False
EVT_001955,BA000837,RAP,Rachat partiel,VAL,2025-02-06,2025-02-06,-125000.0,-125000.0,0.0,9772.98,EUR,France,France,False,False,0.0,False,,,False
EVT_001956,BA000838,OUV,Ouverture / Souscription,VAL,2022-07-05,2022-07-05,490000.0,490000.0,0.0,0.0,EUR,Portugal,,False,False,0.0,False,,,False
EVT_001957,BA000838,VLC,Versement libre complémentaire,VAL,2027-02-01,2027-02-01,254000.0,254000.0,0.0,0.0,EUR,Portugal,,False,False,0.0,False,,,False
EVT_001958,BA000839,OUV,Ouverture / Souscription,VAL,2018-11-20,2018-11-20,355000.0,355000.0,0.0,0.0,EUR,Portugal,,False,False,0.0,False,,,False
EVT_001959,BA000840,OUV,Ouverture / Souscription,VAL,2025-08-23,2025-08-23,250000.0,250000.0,0.0,0.0,EUR,Monaco,,False,False,0.0,False,,,False
EVT_001960,BA000840,VLC,Versement libre complémentaire,VAL,2028-04-16,2028-04-16,24000.0,24000.0,0.0,0.0,EUR,Monaco,,False,False,0.0,False,,,False
EVT_001961,BA000841,OUV,Ouverture / Souscription,VAL,2025-06-26,2025-06-26,2969000.0,2969000.0,0.0,0.0,EUR,Belgium,,False,False,0.0,False,,,False
EVT_001962,BA000841,ARB,Arbitrage entre fonds,VAL,2027-11-13,2027-11-13,173000.0,173000.0,0.0,0.0,EUR,,,False,False,0.0,False,FID_UBS,FR0010392225,False
EVT_001963,BA000842,OUV,Ouverture / Souscription,VAL,2023-10-30,2023-10-30,250000.0,250000.0,0.0,0.0,EUR,France,,False,False,0.0,False,,,False
EVT_001964,BA000842,VLC,Versement libre complémentaire,VAL,2027-02-05,2027-02-05,29000.0,29000.0,0.0,0.0,EUR,France,,False,False,0.0,False,,,False
EVT_001965,BA000842,ARB,Arbitrage entre fonds,VAL,2026-06-09,2026-06-09,75000.0,75000.0,375.0,0.0,EUR,,,False,False,0.0,False,FR0010923383,FID_UBS,False
EVT_001966,BA000843,OUV,Ouverture / Souscription,VAL,2019-02-22,2019-02-22,347000.0,347000.0,0.0,0.0,EUR,France,,False,False,0.0,False,,,False
EVT_001967,BA000843,VLC,Versement libre complémentaire,VAL,2023-04-14,2023-04-14,18000.0,18000.0,0.0,0.0,EUR,France,,False,False,0.0,False,,,False
EVT_001968,BA000843,VLC,Versement libre complémentaire,VAL,2020-08-15,2020-08-15,18000.0,18000.0,0.0,0.0,EUR,France,,False,False,0.0,False,,,False
EVT_001969,BA000843,ARB,Arbitrage entre fonds,VAL,2022-10-30,2022-10-30,28000.0,28000.0,140.0,0.0,EUR,,,False,False,0.0,False,PE_LUX_01,FR001400OJI4,False
EVT_001970,BA000843,RAP,Rachat partiel,VAL,2022-09-12,2022-09-12,-83000.0,-83000.0,0.0,8944.46,EUR,France,France,False,False,0.0,False,,,False
EVT_001971,BA000844,OUV,Ouverture / Souscription,VAL,2022-01-18,2022-01-18,427000.0,427000.0,0.0,0.0,EUR,France,,False,False,0.0,False,,,False
EVT_001972,BA000845,OUV,Ouverture / Souscription,VAL,2023-06-17,2023-06-17,250000.0,250000.0,0.0,0.0,EUR,France,,False,False,0.0,False,,,False
EVT_001973,BA000845,RAP,Rachat partiel,VAL,2026-11-10,2026-11-10,-18000.0,-18000.0,0.0,2144.31,EUR,France,France,False,False,0.0,False,,,False
EVT_001974,BA000845,RAP,Rachat partiel,VAL,2024-06-18,2024-06-18,-18000.0,-18000.0,0.0,368.48,EUR,France,France,False,False,0.0,False,,,False
EVT_001975,BA000846,OUV,Ouverture / Souscription,VAL,2023-11-29,2023-11-29,250000.0,250000.0,0.0,0.0,EUR,Italy,,False,False,0.0,False,,,False
EVT_001976,BA000846,VLC,Versement libre complémentaire,VAL,2025-07-19,2025-07-19,32000.0,32000.0,0.0,0.0,EUR,Italy,,False,False,0.0,False,,,False
EVT_001977,BA000846,ARB,Arbitrage entre fonds,VAL,2026-06-23,2026-06-23,107000.0,107000.0,0.0,0.0,EUR,,,False,False,0.0,False,FID_BNP,FR0010923383,False
EVT_001978,BA000846,ARB,Arbitrage entre fonds,VAL,2025-10-05,2025-10-05,37000.0,37000.0,0.0,0.0,EUR,,,False,False,0.0,False,FR0010923383,FID_BNP,False
EVT_001979,BA000847,OUV,Ouverture / Souscription,VAL,2021-12-03,2021-12-03,250000.0,250000.0,0.0,0.0,EUR,Italy,,False,False,0.0,False,,,False
EVT_001980,BA000848,OUV,Ouverture / Souscription,VAL,2026-03-07,2026-03-07,250000.0,250000.0,0.0,0.0,EUR,Italy,,False,False,0.0,False,,,False
EVT_001981,BA000848,ARB,Arbitrage entre fonds,VAL,2029-03-13,2029-03-13,25000.0,25000.0,0.0,0.0,EUR,,,False,False,0.0,False,FR001400OJI4,FID_UBS,False
EVT_001982,BA000849,OUV,Ouverture / Souscription,VAL,2022-08-01,2022-08-01,899000.0,899000.0,0.0,0.0,EUR,France,,False,False,0.0,False,,,False
EVT_001983,BA000849,VLC,Versement libre complémentaire,VAL,2023-06-25,2023-06-25,143000.0,143000.0,0.0,0.0,EUR,France,,False,False,0.0,False,,,False
EVT_001984,BA000849,VLC,Versement libre complémentaire,VAL,2023-07-02,2023-07-02,143000.0,143000.0,0.0,0.0,EUR,France,,False,False,0.0,False,,,False
EVT_001985,BA000850,OUV,Ouverture / Souscription,VAL,2023-09-28,2023-09-28,2292000.0,2292000.0,0.0,0.0,EUR,France,,False,False,0.0,False,,,False
EVT_001986,BA000850,VLC,Versement libre complémentaire,VAL,2025-11-24,2025-11-24,523000.0,523000.0,0.0,0.0,EUR,France,,False,False,0.0,False,,,False
EVT_001987,BA000850,ARB,Arbitrage entre fonds,VAL,2026-08-13,2026-08-13,459000.0,459000.0,0.0,0.0,EUR,,,False,False,0.0,False,FR0010923383,XS2428662824,False
EVT_001988,BA000851,OUV,Ouverture / Souscription,VAL,2023-03-17,2023-03-17,250000.0,250000.0,0.0,0.0,EUR,France,,False,False,0.0,False,,,False
EVT_001989,BA000851,VLC,Versement libre complémentaire,VAL,2024-09-08,2024-09-08,12000.0,12000.0,0.0,0.0,EUR,France,,False,False,0.0,False,,,False
EVT_001990,BA000851,VLC,Versement libre complémentaire,VAL,2024-05-18,2024-05-18,12000.0,12000.0,0.0,0.0,EUR,France,,False,False,0.0,False,,,False
EVT_001991,BA000852,OUV,Ouverture / Souscription,VAL,2021-10-31,2021-10-31,250000.0,250000.0,0.0,0.0,EUR,France,,False,False,0.0,False,,,False
EVT_001992,BA000853,OUV,Ouverture / Souscription,VAL,2019-05-26,2019-05-26,295000.0,295000.0,0.0,0.0,EUR,Norway,,False,False,0.0,False,,,False
EVT_001993,BA000853,RAP,Rachat partiel,VAL,2020-10-27,2020-10-27,-98000.0,-98000.0,0.0,11048.73,EUR,Norway,Norway,False,False,0.0,False,,,False
EVT_001994,BA000854,OUV,Ouverture / Souscription,VAL,2022-03-02,2022-03-02,250000.0,250000.0,0.0,0.0,EUR,France,,False,False,0.0,False,,,False
EVT_001995,BA000854,VLC,Versement libre complémentaire,VAL,2024-10-28,2024-10-28,29000.0,29000.0,0.0,0.0,EUR,France,,False,False,0.0,False,,,False
EVT_001996,BA000854,RAP,Rachat partiel,VAL,2022-09-13,2022-09-13,-87000.0,-87000.0,0.0,3223.25,EUR,France,France,False,False,0.0,False,,,False
EVT_001997,BA000855,OUV,Ouverture / Souscription,VAL,2022-12-25,2022-12-25,250000.0,250000.0,0.0,0.0,EUR,France,,False,False,0.0,False,,,False
EVT_001998,BA000855,VLC,Versement libre complémentaire,VAL,2024-02-10,2024-02-10,37000.0,37000.0,0.0,0.0,EUR,France,,False,False,0.0,False,,,False
EVT_001999,BA000856,OUV,Ouverture / Souscription,VAL,2023-08-27,2023-08-27,250000.0,250000.0,0.0,0.0,EUR,Finland,,False,False,0.0,False,,,False
EVT_002000,BA000856,RAP,Rachat partiel,VAL,2029-01-06,2029-01-06,-92000.0,-92000.0,0.0,12077.95,EUR,Finland,Finland,False,False,0.0,False,,,False
EVT_002001,BA000857,OUV,Ouverture / Souscription,VAL,2020-05-16,2020-05-16,250000.0,250000.0,0.0,0.0,EUR,Sweden,,False,False,0.0,False,,,False
EVT_002002,BA000858,OUV,Ouverture / Souscription,VAL,2025-06-02,2025-06-02,250000.0,250000.0,0.0,0.0,EUR,France,,False,False,0.0,False,,,False
EVT_002003,BA000858,VLC,Versement libre complémentaire,VAL,2026-11-05,2026-11-05,29000.0,29000.0,0.0,0.0,EUR,France,,True,False,0.0,False,,,False
EVT_002004,BA000859,OUV,Ouverture / Souscription,VAL,2020-10-12,2020-10-12,250000.0,250000.0,0.0,0.0,EUR,Belgium,,False,False,0.0,False,,,False
EVT_002005,BA000859,VLC,Versement libre complémentaire,VAL,2021-12-04,2021-12-04,22000.0,22000.0,0.0,0.0,EUR,Belgium,,False,False,0.0,False,,,False
EVT_002006,BA000859,VLC,Versement libre complémentaire,VAL,2022-01-01,2022-01-01,22000.0,22000.0,0.0,0.0,EUR,Belgium,,False,False,0.0,False,,,False
EVT_002007,BA000860,OUV,Ouverture / Souscription,VAL,2021-04-23,2021-04-23,1077000.0,1077000.0,0.0,0.0,EUR,France,,False,False,0.0,False,,,False
EVT_002008,BA000860,VLC,Versement libre complémentaire,VAL,2024-11-26,2024-11-26,134000.0,134000.0,0.0,0.0,EUR,France,,False,False,0.0,False,,,False
EVT_002009,BA000860,ARB,Arbitrage entre fonds,VAL,2022-10-26,2022-10-26,46000.0,46000.0,0.0,0.0,EUR,,,False,False,0.0,False,FID_BNP,FR001400OJI4,False
EVT_002010,BA000860,RAP,Rachat partiel,VAL,2025-03-05,2025-03-05,-368000.0,-368000.0,0.0,16012.93,EUR,France,France,False,False,0.0,False,,,False
EVT_002011,BA000861,OUV,Ouverture / Souscription,VAL,2021-08-03,2021-08-03,843000.0,843000.0,0.0,0.0,EUR,France,,False,False,0.0,False,,,False
EVT_002012,BA000861,VLC,Versement libre complémentaire,VAL,2023-01-12,2023-01-12,78000.0,78000.0,0.0,0.0,EUR,France,,False,False,0.0,False,,,False
EVT_002013,BA000861,VLC,Versement libre complémentaire,VAL,2025-02-15,2025-02-15,78000.0,78000.0,0.0,0.0,EUR,France,,False,False,0.0,False,,,False
EVT_002014,BA000861,ARB,Arbitrage entre fonds,VAL,2022-01-05,2022-01-05,214000.0,214000.0,0.0,0.0,EUR,,,False,False,0.0,False,LU0255977539,FAS_IND,False
EVT_002015,BA000861,RAP,Rachat partiel,VAL,2026-10-31,2026-10-31,-158000.0,-158000.0,0.0,15417.33,EUR,France,France,True,False,0.0,False,,,False
EVT_002016,BA000862,OUV,Ouverture / Souscription,VAL,2025-09-14,2025-09-14,291000.0,291000.0,0.0,0.0,EUR,France,,False,False,0.0,False,,,False
EVT_002017,BA000863,OUV,Ouverture / Souscription,VAL,2023-01-30,2023-01-30,250000.0,250000.0,0.0,0.0,EUR,Portugal,,False,False,0.0,False,,,False
EVT_002018,BA000864,OUV,Ouverture / Souscription,VAL,2023-05-14,2023-05-14,292000.0,292000.0,0.0,0.0,EUR,Portugal,,False,False,0.0,False,,,False
EVT_002019,BA000864,VLC,Versement libre complémentaire,VAL,2025-03-07,2025-03-07,18000.0,18000.0,0.0,0.0,EUR,Portugal,,False,False,0.0,False,,,False
EVT_002020,BA000864,VLC,Versement libre complémentaire,VAL,2024-01-22,2024-01-22,18000.0,18000.0,0.0,0.0,EUR,Portugal,,False,False,0.0,False,,,False
EVT_002021,BA000865,OUV,Ouverture / Souscription,VAL,2025-12-09,2025-12-09,1259000.0,1259000.0,0.0,0.0,EUR,France,,False,False,0.0,False,,,False
EVT_002022,BA000866,OUV,Ouverture / Souscription,VAL,2022-02-13,2022-02-13,708000.0,708000.0,0.0,0.0,EUR,Belgium,,False,False,0.0,False,,,False
EVT_002023,BA000866,VLC,Versement libre complémentaire,VAL,2024-03-12,2024-03-12,86000.0,86000.0,0.0,0.0,EUR,Belgium,,False,False,0.0,False,,,False
EVT_002024,BA000867,OUV,Ouverture / Souscription,VAL,2022-09-07,2022-09-07,474000.0,474000.0,0.0,0.0,EUR,Finland,,False,False,0.0,False,,,False
EVT_002025,BA000868,OUV,Ouverture / Souscription,VAL,2023-02-07,2023-02-07,888000.0,888000.0,0.0,0.0,EUR,France,,False,False,0.0,False,,,False
EVT_002026,BA000868,RAP,Rachat partiel,VAL,2024-09-28,2024-09-28,-140000.0,-140000.0,0.0,18951.03,EUR,France,France,False,False,0.0,False,,,False
EVT_002027,BA000868,RAP,Rachat partiel,VAL,2024-12-11,2024-12-11,-140000.0,-140000.0,0.0,9396.04,EUR,France,France,False,False,0.0,False,,,False
EVT_002028,BA000869,OUV,Ouverture / Souscription,VAL,2019-04-14,2019-04-14,281000.0,281000.0,0.0,0.0,EUR,Belgium,,False,False,0.0,False,,,False
EVT_002029,BA000869,VLC,Versement libre complémentaire,VAL,2020-07-07,2020-07-07,125000.0,125000.0,0.0,0.0,EUR,Belgium,,False,False,0.0,False,,,False
EVT_002030,BA000869,ARB,Arbitrage entre fonds,VAL,2022-10-05,2022-10-05,128000.0,128000.0,640.0,0.0,EUR,,,False,False,0.0,False,XS2428662824,FR0010923383,False
EVT_002031,BA000870,OUV,Ouverture / Souscription,VAL,2020-07-04,2020-07-04,250000.0,250000.0,0.0,0.0,EUR,France,,False,False,0.0,False,,,False
EVT_002032,BA000871,OUV,Ouverture / Souscription,VAL,2024-04-12,2024-04-12,831000.0,831000.0,0.0,0.0,EUR,Luxembourg,,False,False,0.0,False,,,False
EVT_002033,BA000871,RAP,Rachat partiel,VAL,2026-09-01,2026-09-01,-75000.0,-75000.0,0.0,3658.05,EUR,Luxembourg,Luxembourg,False,False,0.0,False,,,False
EVT_002034,BA000871,RAP,Rachat partiel,VAL,2028-02-02,2028-02-02,-75000.0,-75000.0,0.0,3479.39,EUR,Luxembourg,Luxembourg,False,False,0.0,False,,,False
EVT_002035,BA000872,OUV,Ouverture / Souscription,VAL,2024-11-22,2024-11-22,723000.0,723000.0,0.0,0.0,EUR,France,,False,False,0.0,False,,,False
EVT_002036,BA000873,OUV,Ouverture / Souscription,VAL,2020-09-06,2020-09-06,470000.0,470000.0,0.0,0.0,EUR,France,,False,False,0.0,False,,,False
EVT_002037,BA000873,VLC,Versement libre complémentaire,VAL,2021-03-05,2021-03-05,114000.0,114000.0,0.0,0.0,EUR,France,,False,False,0.0,False,,,False
EVT_002038,BA000874,OUV,Ouverture / Souscription,VAL,2022-11-28,2022-11-28,1615000.0,1615000.0,0.0,0.0,EUR,France,,False,False,0.0,False,,,False
EVT_002039,BA000874,VLC,Versement libre complémentaire,VAL,2025-04-18,2025-04-18,172000.0,172000.0,0.0,0.0,EUR,France,,False,False,0.0,False,,,False
EVT_002040,BA000874,VLC,Versement libre complémentaire,VAL,2027-03-20,2027-03-20,172000.0,172000.0,0.0,0.0,EUR,France,,False,False,0.0,False,,,False
EVT_002041,BA000875,OUV,Ouverture / Souscription,VAL,2022-12-31,2022-12-31,2020000.0,2020000.0,0.0,0.0,EUR,France,,False,False,0.0,False,,,False
EVT_002042,BA000875,ARB,Arbitrage entre fonds,VAL,2025-05-25,2025-05-25,456000.0,456000.0,2280.0,0.0,EUR,,,False,False,0.0,False,FID_BNP,XS2428662824,False
EVT_002043,BA000876,OUV,Ouverture / Souscription,VAL,2023-12-20,2023-12-20,1113000.0,1113000.0,0.0,0.0,EUR,France,,False,False,0.0,False,,,False
EVT_002044,BA000877,OUV,Ouverture / Souscription,VAL,2021-01-10,2021-01-10,538000.0,538000.0,0.0,0.0,EUR,France,,False,False,0.0,False,,,False
EVT_002045,BA000877,VLC,Versement libre complémentaire,VAL,2021-08-01,2021-08-01,134000.0,134000.0,0.0,0.0,EUR,France,,True,False,0.0,False,,,False
EVT_002046,BA000877,RAP,Rachat partiel,VAL,2022-04-25,2022-04-25,-171000.0,-171000.0,0.0,14271.41,EUR,France,France,False,False,0.0,False,,,False
EVT_002047,BA000878,OUV,Ouverture / Souscription,VAL,2020-02-14,2020-02-14,250000.0,250000.0,0.0,0.0,EUR,Sweden,,False,False,0.0,False,,,False
EVT_002048,BA000878,VLC,Versement libre complémentaire,VAL,2021-12-18,2021-12-18,14000.0,14000.0,0.0,0.0,EUR,Sweden,,False,False,0.0,False,,,False
EVT_002049,BA000879,OUV,Ouverture / Souscription,VAL,2018-10-14,2018-10-14,2253000.0,2253000.0,0.0,0.0,EUR,France,,False,False,0.0,False,,,False
EVT_002050,BA000880,OUV,Ouverture / Souscription,VAL,2022-05-02,2022-05-02,974000.0,974000.0,0.0,0.0,EUR,Finland,,False,False,0.0,False,,,False
EVT_002051,BA000881,OUV,Ouverture / Souscription,VAL,2025-04-13,2025-04-13,579000.0,579000.0,0.0,0.0,EUR,Finland,,False,False,0.0,False,,,False
EVT_002052,BA000881,VLC,Versement libre complémentaire,VAL,2027-03-17,2027-03-17,313000.0,313000.0,0.0,0.0,EUR,Finland,,False,False,0.0,False,,,False
EVT_002053,BA000881,RAP,Rachat partiel,VAL,2027-11-07,2027-11-07,-26000.0,-26000.0,0.0,1739.35,EUR,Finland,Finland,False,False,0.0,False,,,False
EVT_002054,BA000881,RAP,Rachat partiel,VAL,2029-11-05,2029-11-05,-26000.0,-26000.0,0.0,1501.73,EUR,Finland,Finland,False,False,0.0,False,,,False
EVT_002055,BA000882,OUV,Ouverture / Souscription,VAL,2022-07-27,2022-07-27,564000.0,564000.0,0.0,0.0,EUR,France,,False,False,0.0,False,,,False
EVT_002056,BA000882,ARB,Arbitrage entre fonds,VAL,2023-05-29,2023-05-29,37000.0,37000.0,185.0,0.0,EUR,,,False,False,0.0,False,LU0104884860,FID_BNP,False
EVT_002057,BA000882,RAP,Rachat partiel,VAL,2025-01-04,2025-01-04,-246000.0,-246000.0,0.0,21623.21,EUR,France,France,False,False,0.0,False,,,False
EVT_002058,BA000883,OUV,Ouverture / Souscription,VAL,2025-11-13,2025-11-13,681000.0,681000.0,0.0,0.0,EUR,France,,True,False,0.0,False,,,False
EVT_002059,BA000883,VLC,Versement libre complémentaire,VAL,2031-02-01,2031-02-01,116000.0,116000.0,0.0,0.0,EUR,France,,False,False,0.0,False,,,False
EVT_002060,BA000883,VLC,Versement libre complémentaire,VAL,2031-02-19,2031-02-19,116000.0,116000.0,0.0,0.0,EUR,France,,False,False,0.0,False,,,False
EVT_002061,BA000883,RAP,Rachat partiel,VAL,2028-12-01,2028-12-01,-162000.0,-162000.0,0.0,5766.87,EUR,France,France,False,False,0.0,False,,,False
EVT_002062,BA000884,OUV,Ouverture / Souscription,VAL,2019-01-25,2019-01-25,265000.0,265000.0,0.0,0.0,EUR,France,,False,False,0.0,False,,,False
EVT_002063,BA000884,VLC,Versement libre complémentaire,VAL,2024-02-16,2024-02-16,18000.0,18000.0,0.0,0.0,EUR,France,,False,False,0.0,False,,,False
EVT_002064,BA000885,OUV,Ouverture / Souscription,VAL,2024-01-17,2024-01-17,539000.0,539000.0,0.0,0.0,EUR,France,,False,False,0.0,False,,,False
EVT_002065,BA000885,ARB,Arbitrage entre fonds,VAL,2026-06-26,2026-06-26,114000.0,114000.0,0.0,0.0,EUR,,,False,False,0.0,False,FID_BNP,FR001400OJI4,False
EVT_002066,BA000886,OUV,Ouverture / Souscription,VAL,2022-05-09,2022-05-09,553000.0,553000.0,0.0,0.0,EUR,France,,False,False,0.0,False,,,False
EVT_002067,BA000886,VLC,Versement libre complémentaire,VAL,2023-12-11,2023-12-11,167000.0,167000.0,0.0,0.0,EUR,France,,False,False,0.0,False,,,False
EVT_002068,BA000887,OUV,Ouverture / Souscription,VAL,2020-01-09,2020-01-09,920000.0,920000.0,0.0,0.0,EUR,France,,False,False,0.0,False,,,False
EVT_002069,BA000888,OUV,Ouverture / Souscription,VAL,2019-02-21,2019-02-21,557000.0,557000.0,0.0,0.0,EUR,Italy,,False,False,0.0,False,,,False
EVT_002070,BA000889,OUV,Ouverture / Souscription,VAL,2021-05-13,2021-05-13,743000.0,743000.0,0.0,0.0,EUR,Belgium,,False,False,0.0,False,,,False
EVT_002071,BA000890,OUV,Ouverture / Souscription,VAL,2025-07-19,2025-07-19,452000.0,452000.0,0.0,0.0,EUR,Belgium,,False,False,0.0,False,,,False
EVT_002072,BA000890,VLC,Versement libre complémentaire,VAL,2030-06-09,2030-06-09,113000.0,113000.0,0.0,0.0,EUR,Belgium,,False,False,0.0,False,,,False
EVT_002073,BA000891,OUV,Ouverture / Souscription,VAL,2024-03-16,2024-03-16,497000.0,497000.0,0.0,0.0,EUR,France,,True,False,0.0,False,,,False
EVT_002074,BA000891,VLC,Versement libre complémentaire,VAL,2026-02-20,2026-02-20,32000.0,32000.0,0.0,0.0,EUR,France,,False,False,0.0,False,,,False
EVT_002075,BA000891,VLC,Versement libre complémentaire,VAL,2027-10-25,2027-10-25,32000.0,32000.0,0.0,0.0,EUR,France,,False,False,0.0,False,,,False
EVT_002076,BA000892,OUV,Ouverture / Souscription,VAL,2024-03-11,2024-03-11,310000.0,310000.0,0.0,0.0,EUR,France,,False,False,0.0,False,,,False
EVT_002077,BA000892,VLC,Versement libre complémentaire,VAL,2025-12-16,2025-12-16,41000.0,41000.0,0.0,0.0,EUR,France,,False,False,0.0,False,,,False
EVT_002078,BA000892,RAP,Rachat partiel,VAL,2027-06-03,2027-06-03,-69000.0,-69000.0,0.0,4029.33,EUR,France,France,False,False,0.0,False,,,False
EVT_002079,BA000893,OUV,Ouverture / Souscription,VAL,2022-08-31,2022-08-31,250000.0,250000.0,0.0,0.0,EUR,France,,False,False,0.0,False,,,False
EVT_002080,BA000894,OUV,Ouverture / Souscription,VAL,2019-11-24,2019-11-24,656000.0,656000.0,0.0,0.0,EUR,Spain,,False,False,0.0,False,,,False
EVT_002081,BA000894,VLC,Versement libre complémentaire,VAL,2021-01-12,2021-01-12,23000.0,23000.0,0.0,0.0,EUR,Spain,,False,False,0.0,False,,,False
EVT_002082,BA000894,VLC,Versement libre complémentaire,VAL,2023-08-27,2023-08-27,23000.0,23000.0,0.0,0.0,EUR,Spain,,False,False,0.0,False,,,False
EVT_002083,BA000894,RAP,Rachat partiel,VAL,2020-09-30,2020-09-30,-87000.0,-87000.0,0.0,5849.24,EUR,Spain,Spain,False,False,0.0,False,,,False
EVT_002084,BA000895,OUV,Ouverture / Souscription,VAL,2025-06-10,2025-06-10,250000.0,250000.0,0.0,0.0,EUR,Portugal,,True,False,0.0,False,,,False
EVT_002085,BA000895,RAP,Rachat partiel,VAL,2026-03-21,2026-03-21,-46000.0,-44620.0,1380.0,0.0,EUR,Portugal,Portugal,False,True,1380.0,False,,,False
EVT_002086,BA000896,OUV,Ouverture / Souscription,VAL,2024-07-30,2024-07-30,618000.0,618000.0,0.0,0.0,EUR,Portugal,,False,False,0.0,False,,,False
EVT_002087,BA000897,OUV,Ouverture / Souscription,VAL,2025-04-08,2025-04-08,989000.0,989000.0,0.0,0.0,EUR,Belgium,,False,False,0.0,False,,,False
EVT_002088,BA000897,VLC,Versement libre complémentaire,VAL,2027-09-21,2027-09-21,84000.0,84000.0,0.0,0.0,EUR,Belgium,,False,False,0.0,False,,,False
EVT_002089,BA000897,VLC,Versement libre complémentaire,VAL,2026-11-09,2026-11-09,84000.0,84000.0,0.0,0.0,EUR,Belgium,,False,False,0.0,False,,,False
EVT_002090,BA000898,OUV,Ouverture / Souscription,VAL,2024-04-20,2024-04-20,250000.0,250000.0,0.0,0.0,EUR,Belgium,,False,False,0.0,False,,,False
EVT_002091,BA000898,VLC,Versement libre complémentaire,VAL,2027-04-24,2027-04-24,29000.0,29000.0,0.0,0.0,EUR,Belgium,,False,False,0.0,False,,,False
EVT_002092,BA000899,OUV,Ouverture / Souscription,VAL,2019-07-22,2019-07-22,518000.0,518000.0,0.0,0.0,EUR,Belgium,,False,False,0.0,False,,,False
EVT_002093,BA000900,OUV,Ouverture / Souscription,VAL,2024-12-24,2024-12-24,273000.0,273000.0,0.0,0.0,EUR,Belgium,,False,False,0.0,False,,,False
EVT_002094,BA000900,VLC,Versement libre complémentaire,VAL,2029-11-12,2029-11-12,41000.0,41000.0,0.0,0.0,EUR,Belgium,,False,False,0.0,False,,,False
EVT_002095,BA000901,OUV,Ouverture / Souscription,VAL,2019-03-17,2019-03-17,355000.0,355000.0,0.0,0.0,EUR,Belgium,,False,False,0.0,False,,,False
EVT_002096,BA000901,VLC,Versement libre complémentaire,VAL,2020-01-07,2020-01-07,122000.0,122000.0,0.0,0.0,EUR,Belgium,,False,False,0.0,False,,,False
EVT_002097,BA000901,ARB,Arbitrage entre fonds,VAL,2023-03-07,2023-03-07,31000.0,31000.0,0.0,0.0,EUR,,,False,False,0.0,False,FR0010392225,FID_UBS,False
EVT_002098,BA000901,ARB,Arbitrage entre fonds,VAL,2021-10-18,2021-10-18,63000.0,63000.0,315.0,0.0,EUR,,,False,False,0.0,False,FID_UBS,FR0010392225,False
EVT_002099,BA000902,OUV,Ouverture / Souscription,VAL,2023-08-20,2023-08-20,873000.0,873000.0,0.0,0.0,EUR,Sweden,,False,False,0.0,False,,,False
EVT_002100,BA000902,VLC,Versement libre complémentaire,VAL,2025-02-05,2025-02-05,161000.0,161000.0,0.0,0.0,EUR,Sweden,,False,False,0.0,False,,,False
EVT_002101,BA000903,OUV,Ouverture / Souscription,VAL,2024-09-03,2024-09-03,250000.0,250000.0,0.0,0.0,EUR,Belgium,,False,False,0.0,False,,,False
EVT_002102,BA000903,RAP,Rachat partiel,VAL,2026-04-20,2026-04-20,-45000.0,-45000.0,0.0,1369.53,EUR,Belgium,Belgium,False,False,0.0,False,,,False
EVT_002103,BA000903,RAP,Rachat partiel,VAL,2025-09-09,2025-09-09,-45000.0,-45000.0,0.0,1990.88,EUR,Belgium,Belgium,False,False,0.0,False,,,False
EVT_002104,BA000904,OUV,Ouverture / Souscription,VAL,2024-12-25,2024-12-25,250000.0,250000.0,0.0,0.0,EUR,France,,True,False,0.0,False,,,False
EVT_002105,BA000904,VLC,Versement libre complémentaire,VAL,2027-02-25,2027-02-25,20000.0,20000.0,0.0,0.0,EUR,France,,False,False,0.0,False,,,False
EVT_002106,BA000904,RAP,Rachat partiel,VAL,2025-08-26,2025-08-26,-22000.0,-22000.0,0.0,1147.35,EUR,France,France,False,False,0.0,False,,,False
EVT_002107,BA000905,OUV,Ouverture / Souscription,VAL,2026-01-03,2026-01-03,375000.0,375000.0,0.0,0.0,EUR,Sweden,,False,False,0.0,False,,,False
EVT_002108,BA000905,VLC,Versement libre complémentaire,VAL,2029-07-31,2029-07-31,59000.0,59000.0,0.0,0.0,EUR,Sweden,,False,False,0.0,False,,,False
EVT_002109,BA000905,RAP,Rachat partiel,VAL,2027-02-19,2027-02-19,-133000.0,-133000.0,0.0,13268.54,EUR,Sweden,Sweden,False,False,0.0,False,,,False
EVT_002110,BA000906,OUV,Ouverture / Souscription,VAL,2025-04-28,2025-04-28,250000.0,250000.0,0.0,0.0,EUR,France,,False,False,0.0,False,,,False
EVT_002111,BA000906,VLC,Versement libre complémentaire,VAL,2029-04-13,2029-04-13,36000.0,36000.0,0.0,0.0,EUR,France,,False,False,0.0,False,,,False
EVT_002112,BA000906,VLC,Versement libre complémentaire,VAL,2026-05-24,2026-05-24,36000.0,36000.0,0.0,0.0,EUR,France,,True,False,0.0,False,,,False
EVT_002113,BA000907,OUV,Ouverture / Souscription,VAL,2022-03-01,2022-03-01,306000.0,306000.0,0.0,0.0,EUR,France,,False,False,0.0,False,,,False
EVT_002114,BA000908,OUV,Ouverture / Souscription,VAL,2024-09-03,2024-09-03,336000.0,336000.0,0.0,0.0,EUR,Sweden,,False,False,0.0,False,,,False
EVT_002115,BA000908,RAP,Rachat partiel,VAL,2028-06-12,2028-06-12,-140000.0,-140000.0,0.0,14829.46,EUR,Sweden,Sweden,False,False,0.0,False,,,False
EVT_002116,BA000909,OUV,Ouverture / Souscription,VAL,2024-10-01,2024-10-01,528000.0,528000.0,0.0,0.0,EUR,Sweden,,False,False,0.0,False,,,False
EVT_002117,BA000909,VLC,Versement libre complémentaire,VAL,2025-08-01,2025-08-01,114000.0,114000.0,0.0,0.0,EUR,Sweden,,False,False,0.0,False,,,False
EVT_002118,BA000909,RAP,Rachat partiel,VAL,2026-10-19,2026-10-19,-59000.0,-59000.0,0.0,7597.63,EUR,Sweden,Sweden,False,False,0.0,False,,,False
EVT_002119,BA000910,OUV,Ouverture / Souscription,VAL,2018-09-07,2018-09-07,3288000.0,3288000.0,0.0,0.0,EUR,France,,False,False,0.0,False,,,False
EVT_002120,BA000910,VLC,Versement libre complémentaire,VAL,2023-10-03,2023-10-03,1238000.0,1238000.0,0.0,0.0,EUR,France,,False,False,0.0,False,,,False
EVT_002121,BA000911,OUV,Ouverture / Souscription,VAL,2022-11-01,2022-11-01,699000.0,699000.0,0.0,0.0,EUR,Portugal,,False,False,0.0,False,,,False
EVT_002122,BA000911,RAP,Rachat partiel,VAL,2025-04-21,2025-04-21,-207000.0,-200790.0,6210.0,0.0,EUR,Portugal,Portugal,False,True,6210.0,False,,,False
EVT_002123,BA000912,OUV,Ouverture / Souscription,VAL,2026-06-25,2026-06-25,482000.0,482000.0,0.0,0.0,EUR,Portugal,,False,False,0.0,False,,,False
EVT_002124,BA000913,OUV,Ouverture / Souscription,VAL,2019-01-16,2019-01-16,1265000.0,1265000.0,0.0,0.0,EUR,Portugal,,False,False,0.0,False,,,False
EVT_002125,BA000914,OUV,Ouverture / Souscription,VAL,2024-01-06,2024-01-06,320000.0,320000.0,0.0,0.0,EUR,France,,False,False,0.0,False,,,False
EVT_002126,BA000915,OUV,Ouverture / Souscription,VAL,2018-09-30,2018-09-30,351000.0,351000.0,0.0,0.0,EUR,France,,False,False,0.0,False,,,False
EVT_002127,BA000916,OUV,Ouverture / Souscription,VAL,2019-11-02,2019-11-02,250000.0,250000.0,0.0,0.0,EUR,Luxembourg,,False,False,0.0,False,,,False
EVT_002128,BA000917,OUV,Ouverture / Souscription,VAL,2024-03-11,2024-03-11,277000.0,277000.0,0.0,0.0,EUR,Luxembourg,,False,False,0.0,False,,,False
EVT_002129,BA000917,VLC,Versement libre complémentaire,VAL,2024-10-08,2024-10-08,40000.0,40000.0,0.0,0.0,EUR,Luxembourg,,False,False,0.0,False,,,False
EVT_002130,BA000917,RAP,Rachat partiel,VAL,2025-08-22,2025-08-22,-90000.0,-90000.0,0.0,3201.73,EUR,Luxembourg,Luxembourg,False,False,0.0,False,,,False
EVT_002131,BA000918,OUV,Ouverture / Souscription,VAL,2019-01-10,2019-01-10,274000.0,274000.0,0.0,0.0,EUR,Belgium,,False,False,0.0,False,,,False
EVT_002132,BA000918,VLC,Versement libre complémentaire,VAL,2024-03-09,2024-03-09,48000.0,48000.0,0.0,0.0,EUR,Belgium,,False,False,0.0,False,,,False
EVT_002133,BA000918,RAP,Rachat partiel,VAL,2023-04-23,2023-04-23,-47000.0,-47000.0,0.0,2909.46,EUR,Belgium,Belgium,False,False,0.0,False,,,False
EVT_002134,BA000919,OUV,Ouverture / Souscription,VAL,2022-01-09,2022-01-09,250000.0,250000.0,0.0,0.0,EUR,Finland,,True,False,0.0,False,,,False
EVT_002135,BA000919,VLC,Versement libre complémentaire,VAL,2026-04-15,2026-04-15,44000.0,44000.0,0.0,0.0,EUR,Finland,,False,False,0.0,False,,,False
EVT_002136,BA000919,RAP,Rachat partiel,VAL,2027-03-09,2027-03-09,-49000.0,-49000.0,0.0,4398.92,EUR,Finland,Finland,False,False,0.0,False,,,False
EVT_002137,BA000920,OUV,Ouverture / Souscription,VAL,2019-03-30,2019-03-30,1163000.0,1163000.0,0.0,0.0,EUR,France,,False,False,0.0,False,,,False
EVT_002138,BA000920,RAP,Rachat partiel,VAL,2019-12-07,2019-12-07,-140000.0,-140000.0,0.0,6179.31,EUR,France,France,False,False,0.0,False,,,False
EVT_002139,BA000920,RAP,Rachat partiel,VAL,2024-04-09,2024-04-09,-140000.0,-140000.0,0.0,20993.64,EUR,France,France,False,False,0.0,False,,,False
EVT_002140,BA000921,OUV,Ouverture / Souscription,VAL,2022-01-21,2022-01-21,321000.0,321000.0,0.0,0.0,EUR,Belgium,,False,False,0.0,False,,,False
EVT_002141,BA000921,VLC,Versement libre complémentaire,VAL,2024-12-22,2024-12-22,68000.0,68000.0,0.0,0.0,EUR,Belgium,,False,False,0.0,False,,,False
EVT_002142,BA000922,OUV,Ouverture / Souscription,VAL,2023-10-28,2023-10-28,272000.0,272000.0,0.0,0.0,EUR,Belgium,,False,False,0.0,False,,,False
EVT_002143,BA000923,OUV,Ouverture / Souscription,VAL,2024-08-21,2024-08-21,322000.0,322000.0,0.0,0.0,EUR,Belgium,,False,False,0.0,False,,,False
EVT_002144,BA000923,ARB,Arbitrage entre fonds,VAL,2026-07-04,2026-07-04,108000.0,108000.0,0.0,0.0,EUR,,,False,False,0.0,False,FID_BNP,FR0010923383,False
EVT_002145,BA000923,ARB,Arbitrage entre fonds,VAL,2027-06-27,2027-06-27,39000.0,39000.0,0.0,0.0,EUR,,,False,False,0.0,False,FR001400OJI4,XS2428662824,False
EVT_002146,BA000924,OUV,Ouverture / Souscription,VAL,2022-06-26,2022-06-26,566000.0,566000.0,0.0,0.0,EUR,Finland,,False,False,0.0,False,,,False
EVT_002147,BA000925,OUV,Ouverture / Souscription,VAL,2025-05-20,2025-05-20,810000.0,810000.0,0.0,0.0,EUR,France,,False,False,0.0,False,,,False
EVT_002148,BA000925,VLC,Versement libre complémentaire,VAL,2025-12-12,2025-12-12,198000.0,198000.0,0.0,0.0,EUR,France,,False,False,0.0,False,,,False
EVT_002149,BA000926,OUV,Ouverture / Souscription,VAL,2022-07-03,2022-07-03,589000.0,589000.0,0.0,0.0,EUR,France,,False,False,0.0,False,,,False
EVT_002150,BA000926,VLC,Versement libre complémentaire,VAL,2024-12-23,2024-12-23,229000.0,229000.0,0.0,0.0,EUR,France,,False,False,0.0,False,,,False
EVT_002151,BA000926,ARB,Arbitrage entre fonds,VAL,2024-06-19,2024-06-19,118000.0,118000.0,0.0,0.0,EUR,,,False,False,0.0,False,LU0104884860,FR001400OJI4,False
EVT_002152,BA000926,ARB,Arbitrage entre fonds,VAL,2026-01-23,2026-01-23,111000.0,111000.0,555.0,0.0,EUR,,,False,False,0.0,False,FAS_IND,LU0104884860,False
EVT_002153,BA000927,OUV,Ouverture / Souscription,VAL,2022-02-24,2022-02-24,1649000.0,1649000.0,0.0,0.0,EUR,France,,False,False,0.0,False,,,False
EVT_002154,BA000927,ARB,Arbitrage entre fonds,VAL,2023-10-10,2023-10-10,408000.0,408000.0,2040.0,0.0,EUR,,,False,False,0.0,False,FID_BNP,LU0255977539,False
EVT_002155,BA000928,OUV,Ouverture / Souscription,VAL,2019-07-22,2019-07-22,250000.0,250000.0,0.0,0.0,EUR,France,,False,False,0.0,False,,,False
EVT_002156,BA000929,OUV,Ouverture / Souscription,VAL,2023-03-18,2023-03-18,468000.0,468000.0,0.0,0.0,EUR,Luxembourg,,False,False,0.0,False,,,False
EVT_002157,BA000929,VLC,Versement libre complémentaire,VAL,2024-08-13,2024-08-13,112000.0,112000.0,0.0,0.0,EUR,Luxembourg,,False,False,0.0,False,,,False
EVT_002158,BA000929,ARB,Arbitrage entre fonds,VAL,2024-05-17,2024-05-17,51000.0,51000.0,255.0,0.0,EUR,,,False,False,0.0,False,XS2428662824,FAS_ROT,False
EVT_002159,BA000930,OUV,Ouverture / Souscription,VAL,2019-08-26,2019-08-26,250000.0,250000.0,0.0,0.0,EUR,France,,False,False,0.0,False,,,False
EVT_002160,BA000930,VLC,Versement libre complémentaire,VAL,2021-03-18,2021-03-18,44000.0,44000.0,0.0,0.0,EUR,France,,False,False,0.0,False,,,False
EVT_002161,BA000930,VLC,Versement libre complémentaire,VAL,2023-09-13,2023-09-13,44000.0,44000.0,0.0,0.0,EUR,France,,False,False,0.0,False,,,False
EVT_002162,BA000931,OUV,Ouverture / Souscription,VAL,2019-11-27,2019-11-27,250000.0,250000.0,0.0,0.0,EUR,Italy,,False,False,0.0,False,,,False
EVT_002163,BA000931,VLC,Versement libre complémentaire,VAL,2022-03-24,2022-03-24,42000.0,42000.0,0.0,0.0,EUR,Italy,,False,False,0.0,False,,,False
EVT_002164,BA000931,VLC,Versement libre complémentaire,VAL,2024-09-07,2024-09-07,42000.0,42000.0,0.0,0.0,EUR,Italy,,False,False,0.0,False,,,False
EVT_002165,BA000931,VLC,Versement libre complémentaire,VAL,2024-11-30,2024-11-30,42000.0,42000.0,0.0,0.0,EUR,Italy,,False,False,0.0,False,,,False
EVT_002166,BA000932,OUV,Ouverture / Souscription,VAL,2023-05-30,2023-05-30,309000.0,309000.0,0.0,0.0,EUR,France,,False,False,0.0,False,,,False
EVT_002167,BA000933,OUV,Ouverture / Souscription,VAL,2022-11-24,2022-11-24,250000.0,250000.0,0.0,0.0,EUR,France,,False,False,0.0,False,,,False
EVT_002168,BA000933,ARB,Arbitrage entre fonds,VAL,2025-08-28,2025-08-28,66000.0,66000.0,330.0,0.0,EUR,,,False,False,0.0,False,XS2428662824,FR0010392225,False
EVT_002169,BA000934,OUV,Ouverture / Souscription,VAL,2021-09-22,2021-09-22,250000.0,250000.0,0.0,0.0,EUR,France,,False,False,0.0,False,,,False
EVT_002170,BA000934,VLC,Versement libre complémentaire,VAL,2024-09-15,2024-09-15,20000.0,20000.0,0.0,0.0,EUR,France,,False,False,0.0,False,,,False
EVT_002171,BA000934,VLC,Versement libre complémentaire,VAL,2026-02-11,2026-02-11,20000.0,20000.0,0.0,0.0,EUR,France,,False,False,0.0,False,,,False
EVT_002172,BA000934,RAP,Rachat partiel,VAL,2026-06-01,2026-06-01,-54000.0,-54000.0,0.0,7626.9,EUR,France,France,False,False,0.0,False,,,False
EVT_002173,BA000935,OUV,Ouverture / Souscription,VAL,2020-02-24,2020-02-24,283000.0,283000.0,0.0,0.0,EUR,France,,False,False,0.0,False,,,False
EVT_002174,BA000935,RAP,Rachat partiel,VAL,2023-04-13,2023-04-13,-59000.0,-59000.0,0.0,2408.29,EUR,France,France,False,False,0.0,False,,,False
EVT_002175,BA000936,OUV,Ouverture / Souscription,VAL,2023-07-25,2023-07-25,250000.0,250000.0,0.0,0.0,EUR,France,,False,False,0.0,False,,,False
EVT_002176,BA000937,OUV,Ouverture / Souscription,VAL,2020-07-12,2020-07-12,250000.0,250000.0,0.0,0.0,EUR,France,,False,False,0.0,False,,,False
EVT_002177,BA000938,OUV,Ouverture / Souscription,VAL,2024-11-09,2024-11-09,250000.0,250000.0,0.0,0.0,EUR,France,,False,False,0.0,False,,,False
EVT_002178,BA000938,VLC,Versement libre complémentaire,VAL,2027-12-11,2027-12-11,30000.0,30000.0,0.0,0.0,EUR,France,,False,False,0.0,False,,,False
EVT_002179,BA000938,VLC,Versement libre complémentaire,VAL,2025-08-08,2025-08-08,30000.0,30000.0,0.0,0.0,EUR,France,,False,False,0.0,False,,,False
EVT_002180,BA000938,RAP,Rachat partiel,VAL,2026-10-28,2026-10-28,-106000.0,-106000.0,0.0,3154.48,EUR,France,France,False,False,0.0,False,,,False
EVT_002181,BA000939,OUV,Ouverture / Souscription,VAL,2024-04-18,2024-04-18,250000.0,250000.0,0.0,0.0,EUR,France,,False,False,0.0,False,,,False
EVT_002182,BA000939,RAP,Rachat partiel,VAL,2028-12-28,2028-12-28,-34000.0,-34000.0,0.0,2510.12,EUR,France,France,False,False,0.0,False,,,False
EVT_002183,BA000939,RAP,Rachat partiel,VAL,2028-12-09,2028-12-09,-34000.0,-34000.0,0.0,2718.8,EUR,France,France,False,False,0.0,False,,,False
EVT_002184,BA000940,OUV,Ouverture / Souscription,VAL,2019-07-01,2019-07-01,1510000.0,1510000.0,0.0,0.0,EUR,Belgium,,False,False,0.0,False,,,False
EVT_002185,BA000940,RAP,Rachat partiel,VAL,2023-01-04,2023-01-04,-607000.0,-607000.0,0.0,74569.17,EUR,Belgium,Belgium,False,False,0.0,False,,,False
EVT_002186,BA000941,OUV,Ouverture / Souscription,VAL,2023-01-27,2023-01-27,250000.0,250000.0,0.0,0.0,EUR,France,,False,False,0.0,False,,,False
EVT_002187,BA000941,VLC,Versement libre complémentaire,VAL,2028-03-10,2028-03-10,40000.0,40000.0,0.0,0.0,EUR,France,,False,False,0.0,False,,,False
EVT_002188,BA000941,RAP,Rachat partiel,VAL,2025-11-27,2025-11-27,-54000.0,-54000.0,0.0,4253.49,EUR,France,France,False,False,0.0,False,,,False
EVT_002189,BA000941,RAP,Rachat partiel,VAL,2024-08-26,2024-08-26,-54000.0,-52380.0,1620.0,0.0,EUR,France,France,False,True,1620.0,False,,,False
EVT_002190,BA000942,OUV,Ouverture / Souscription,VAL,2024-07-14,2024-07-14,250000.0,250000.0,0.0,0.0,EUR,France,,False,False,0.0,False,,,False
EVT_002191,BA000943,OUV,Ouverture / Souscription,VAL,2023-06-19,2023-06-19,306000.0,306000.0,0.0,0.0,EUR,Italy,,False,False,0.0,False,,,False
EVT_002192,BA000943,RAP,Rachat partiel,VAL,2026-03-23,2026-03-23,-118000.0,-118000.0,0.0,9622.24,EUR,Italy,Italy,False,False,0.0,False,,,False
EVT_002193,BA000944,OUV,Ouverture / Souscription,VAL,2023-12-23,2023-12-23,250000.0,250000.0,0.0,0.0,EUR,Italy,,True,False,0.0,False,,,False
EVT_002194,BA000945,OUV,Ouverture / Souscription,VAL,2018-09-13,2018-09-13,604000.0,604000.0,0.0,0.0,EUR,Finland,,False,False,0.0,False,,,False
EVT_002195,BA000945,VLC,Versement libre complémentaire,VAL,2020-06-11,2020-06-11,230000.0,230000.0,0.0,0.0,EUR,Finland,,False,False,0.0,False,,,False
EVT_002196,BA000945,ARB,Arbitrage entre fonds,VAL,2022-09-09,2022-09-09,142000.0,142000.0,0.0,0.0,EUR,,,False,False,0.0,False,LU0255977539,LU0104884860,False
EVT_002197,BA000945,RAP,Rachat partiel,VAL,2021-04-14,2021-04-14,-242000.0,-242000.0,0.0,5147.48,EUR,Finland,Finland,False,False,0.0,False,,,False
EVT_002198,BA000946,OUV,Ouverture / Souscription,VAL,2022-09-07,2022-09-07,250000.0,250000.0,0.0,0.0,EUR,France,,False,False,0.0,False,,,False
EVT_002199,BA000946,VLC,Versement libre complémentaire,VAL,2024-08-28,2024-08-28,18000.0,18000.0,0.0,0.0,EUR,France,,False,False,0.0,False,,,False
EVT_002200,BA000946,VLC,Versement libre complémentaire,VAL,2026-01-09,2026-01-09,18000.0,18000.0,0.0,0.0,EUR,France,,False,False,0.0,False,,,False
EVT_002201,BA000947,OUV,Ouverture / Souscription,VAL,2020-03-02,2020-03-02,250000.0,250000.0,0.0,0.0,EUR,France,,False,False,0.0,False,,,False
EVT_002202,BA000948,OUV,Ouverture / Souscription,VAL,2022-10-31,2022-10-31,521000.0,521000.0,0.0,0.0,EUR,France,,False,False,0.0,False,,,False
EVT_002203,BA000948,VLC,Versement libre complémentaire,VAL,2024-12-01,2024-12-01,87000.0,87000.0,0.0,0.0,EUR,France,,False,False,0.0,False,,,False
EVT_002204,BA000949,OUV,Ouverture / Souscription,VAL,2026-03-07,2026-03-07,250000.0,250000.0,0.0,0.0,EUR,France,,False,False,0.0,False,,,False
EVT_002205,BA000949,VLC,Versement libre complémentaire,VAL,2029-08-17,2029-08-17,13000.0,13000.0,0.0,0.0,EUR,France,,False,False,0.0,False,,,False
EVT_002206,BA000950,OUV,Ouverture / Souscription,VAL,2023-03-20,2023-03-20,451000.0,451000.0,0.0,0.0,EUR,France,,False,False,0.0,False,,,False
EVT_002207,BA000950,VLC,Versement libre complémentaire,VAL,2025-10-28,2025-10-28,109000.0,109000.0,0.0,0.0,EUR,France,,False,False,0.0,False,,,False
EVT_002208,BA000950,RAP,Rachat partiel,VAL,2024-12-04,2024-12-04,-176000.0,-176000.0,0.0,13448.33,EUR,France,France,False,False,0.0,False,,,False
EVT_002209,BA000951,OUV,Ouverture / Souscription,VAL,2018-09-20,2018-09-20,250000.0,250000.0,0.0,0.0,EUR,France,,False,False,0.0,False,,,False
EVT_002210,BA000952,OUV,Ouverture / Souscription,VAL,2019-05-23,2019-05-23,250000.0,250000.0,0.0,0.0,EUR,France,,False,False,0.0,False,,,False
EVT_002211,BA000952,RAP,Rachat partiel,VAL,2020-05-11,2020-05-11,-52000.0,-52000.0,0.0,7197.68,EUR,France,France,False,False,0.0,False,,,False
EVT_002212,BA000953,OUV,Ouverture / Souscription,VAL,2019-08-23,2019-08-23,1558000.0,1558000.0,0.0,0.0,EUR,Luxembourg,,False,False,0.0,False,,,False
EVT_002213,BA000953,ARB,Arbitrage entre fonds,VAL,2019-12-05,2019-12-05,55000.0,55000.0,275.0,0.0,EUR,,,False,False,0.0,False,FR0010923383,FID_BNP,False
EVT_002214,BA000953,ARB,Arbitrage entre fonds,VAL,2023-06-28,2023-06-28,205000.0,205000.0,0.0,0.0,EUR,,,False,False,0.0,False,FID_BNP,FR0010923383,False
EVT_002215,BA000953,RAP,Rachat partiel,VAL,2022-11-18,2022-11-18,-408000.0,-408000.0,0.0,38956.67,EUR,Luxembourg,Luxembourg,False,False,0.0,False,,,False
EVT_002216,BA000954,OUV,Ouverture / Souscription,VAL,2024-09-13,2024-09-13,3277000.0,3277000.0,0.0,0.0,EUR,Luxembourg,,False,False,0.0,False,,,False
EVT_002217,BA000954,VLC,Versement libre complémentaire,VAL,2027-06-23,2027-06-23,160000.0,160000.0,0.0,0.0,EUR,Luxembourg,,False,False,0.0,False,,,False
EVT_002218,BA000954,VLC,Versement libre complémentaire,VAL,2025-09-24,2025-09-24,160000.0,160000.0,0.0,0.0,EUR,Luxembourg,,False,False,0.0,False,,,False
EVT_002219,BA000954,ARB,Arbitrage entre fonds,VAL,2028-08-02,2028-08-02,443000.0,443000.0,0.0,0.0,EUR,,,False,False,0.0,False,FAS_ROT,XS2428662824,False
EVT_002220,BA000954,ARB,Arbitrage entre fonds,VAL,2028-01-29,2028-01-29,299000.0,299000.0,0.0,0.0,EUR,,,False,False,0.0,False,FAS_ROT,XS2428662824,False
EVT_002221,BA000954,RAP,Rachat partiel,VAL,2026-03-26,2026-03-26,-1325000.0,-1325000.0,0.0,113288.7,EUR,Luxembourg,Luxembourg,False,False,0.0,False,,,False
EVT_002222,BA000955,OUV,Ouverture / Souscription,VAL,2023-10-10,2023-10-10,342000.0,342000.0,0.0,0.0,EUR,France,,False,False,0.0,False,,,False
EVT_002223,BA000955,ARB,Arbitrage entre fonds,VAL,2024-05-16,2024-05-16,101000.0,101000.0,505.0,0.0,EUR,,,False,False,0.0,False,FR0010923383,FAS_IND,False
EVT_002224,BA000956,OUV,Ouverture / Souscription,VAL,2025-08-30,2025-08-30,2248000.0,2248000.0,0.0,0.0,EUR,France,,False,False,0.0,False,,,False
EVT_002225,BA000956,VLC,Versement libre complémentaire,VAL,2028-10-22,2028-10-22,50000.0,50000.0,0.0,0.0,EUR,France,,False,False,0.0,False,,,False
EVT_002226,BA000956,VLC,Versement libre complémentaire,VAL,2028-09-14,2028-09-14,50000.0,50000.0,0.0,0.0,EUR,France,,False,False,0.0,False,,,False
EVT_002227,BA000956,VLC,Versement libre complémentaire,VAL,2027-01-08,2027-01-08,50000.0,50000.0,0.0,0.0,EUR,France,,False,False,0.0,False,,,False
EVT_002228,BA000956,ARB,Arbitrage entre fonds,VAL,2028-07-21,2028-07-21,731000.0,731000.0,0.0,0.0,EUR,,,False,False,0.0,False,FID_BNP,LU0104884860,False
EVT_002229,BA000956,ARB,Arbitrage entre fonds,VAL,2028-11-18,2028-11-18,134000.0,134000.0,0.0,0.0,EUR,,,False,False,0.0,False,LU0104884860,FID_BNP,False
EVT_002230,BA000956,ARB,Arbitrage entre fonds,VAL,2027-04-20,2027-04-20,405000.0,405000.0,0.0,0.0,EUR,,,False,False,0.0,False,LU0104884860,FID_BNP,False
EVT_002231,BA000957,OUV,Ouverture / Souscription,VAL,2019-07-23,2019-07-23,1822000.0,1822000.0,0.0,0.0,EUR,France,,False,False,0.0,False,,,False
EVT_002232,BA000957,VLC,Versement libre complémentaire,VAL,2021-05-31,2021-05-31,357000.0,357000.0,0.0,0.0,EUR,France,,False,False,0.0,False,,,False
EVT_002233,BA000958,OUV,Ouverture / Souscription,VAL,2024-03-14,2024-03-14,322000.0,322000.0,0.0,0.0,EUR,Belgium,,False,False,0.0,False,,,False
EVT_002234,BA000959,OUV,Ouverture / Souscription,VAL,2020-07-20,2020-07-20,250000.0,250000.0,0.0,0.0,EUR,Belgium,,False,False,0.0,False,,,False
EVT_002235,BA000959,VLC,Versement libre complémentaire,VAL,2024-08-06,2024-08-06,60000.0,60000.0,0.0,0.0,EUR,Belgium,,False,False,0.0,False,,,False
EVT_002236,BA000960,OUV,Ouverture / Souscription,VAL,2023-12-25,2023-12-25,250000.0,250000.0,0.0,0.0,EUR,Belgium,,False,False,0.0,False,,,False
EVT_002237,BA000960,VLC,Versement libre complémentaire,VAL,2025-05-05,2025-05-05,22000.0,22000.0,0.0,0.0,EUR,Belgium,,False,False,0.0,False,,,False
EVT_002238,BA000960,VLC,Versement libre complémentaire,VAL,2028-12-01,2028-12-01,22000.0,22000.0,0.0,0.0,EUR,Belgium,,False,False,0.0,False,,,False
EVT_002239,BA000961,OUV,Ouverture / Souscription,VAL,2020-05-13,2020-05-13,452000.0,452000.0,0.0,0.0,EUR,Portugal,,False,False,0.0,False,,,False
EVT_002240,BA000961,ARB,Arbitrage entre fonds,VAL,2022-07-25,2022-07-25,66000.0,66000.0,0.0,0.0,EUR,,,False,False,0.0,False,FID_BNP,XS2428662824,False
EVT_002241,BA000962,OUV,Ouverture / Souscription,VAL,2020-07-16,2020-07-16,284000.0,284000.0,0.0,0.0,EUR,France,,False,False,0.0,False,,,False
EVT_002242,BA000962,VLC,Versement libre complémentaire,VAL,2022-05-24,2022-05-24,44000.0,44000.0,0.0,0.0,EUR,France,,False,False,0.0,False,,,False
EVT_002243,BA000962,VLC,Versement libre complémentaire,VAL,2025-05-20,2025-05-20,44000.0,44000.0,0.0,0.0,EUR,France,,False,False,0.0,False,,,False
EVT_002244,BA000963,OUV,Ouverture / Souscription,VAL,2018-09-22,2018-09-22,250000.0,250000.0,0.0,0.0,EUR,France,,False,False,0.0,False,,,False
EVT_002245,BA000963,VLC,Versement libre complémentaire,VAL,2021-07-16,2021-07-16,10000.0,10000.0,0.0,0.0,EUR,France,,False,False,0.0,False,,,False
EVT_002246,BA000963,VLC,Versement libre complémentaire,VAL,2023-01-09,2023-01-09,10000.0,10000.0,0.0,0.0,EUR,France,,False,False,0.0,False,,,False
EVT_002247,BA000964,OUV,Ouverture / Souscription,VAL,2022-01-26,2022-01-26,1354000.0,1354000.0,0.0,0.0,EUR,France,,False,False,0.0,False,,,False
EVT_002248,BA000964,VLC,Versement libre complémentaire,VAL,2027-03-23,2027-03-23,202000.0,202000.0,0.0,0.0,EUR,France,,False,False,0.0,False,,,False
EVT_002249,BA000964,VLC,Versement libre complémentaire,VAL,2026-10-13,2026-10-13,202000.0,202000.0,0.0,0.0,EUR,France,,False,False,0.0,False,,,False
EVT_002250,BA000965,OUV,Ouverture / Souscription,VAL,2018-11-26,2018-11-26,250000.0,250000.0,0.0,0.0,EUR,Italy,,False,False,0.0,False,,,False
EVT_002251,BA000965,VLC,Versement libre complémentaire,VAL,2021-07-29,2021-07-29,28000.0,28000.0,0.0,0.0,EUR,Italy,,False,False,0.0,False,,,False
EVT_002252,BA000965,VLC,Versement libre complémentaire,VAL,2019-07-24,2019-07-24,28000.0,28000.0,0.0,0.0,EUR,Italy,,False,False,0.0,False,,,False
EVT_002253,BA000966,OUV,Ouverture / Souscription,VAL,2018-11-23,2018-11-23,250000.0,250000.0,0.0,0.0,EUR,Belgium,,False,False,0.0,False,,,False
EVT_002254,BA000966,ARB,Arbitrage entre fonds,VAL,2019-07-29,2019-07-29,41000.0,41000.0,205.0,0.0,EUR,,,False,False,0.0,False,FID_UBS,LU0104884860,False
EVT_002255,BA000967,OUV,Ouverture / Souscription,VAL,2025-01-24,2025-01-24,250000.0,250000.0,0.0,0.0,EUR,France,,False,False,0.0,False,,,False
EVT_002256,BA000968,OUV,Ouverture / Souscription,VAL,2023-01-02,2023-01-02,250000.0,250000.0,0.0,0.0,EUR,France,,False,False,0.0,False,,,False
EVT_002257,BA000968,VLC,Versement libre complémentaire,VAL,2024-08-16,2024-08-16,30000.0,30000.0,0.0,0.0,EUR,France,,False,False,0.0,False,,,False
EVT_002258,BA000968,VLC,Versement libre complémentaire,VAL,2024-03-19,2024-03-19,30000.0,30000.0,0.0,0.0,EUR,France,,False,False,0.0,False,,,False
EVT_002259,BA000968,VLC,Versement libre complémentaire,VAL,2025-12-31,2025-12-31,30000.0,30000.0,0.0,0.0,EUR,France,,False,False,0.0,False,,,False
EVT_002260,BA000969,OUV,Ouverture / Souscription,VAL,2024-10-19,2024-10-19,250000.0,250000.0,0.0,0.0,EUR,France,,False,False,0.0,False,,,False
EVT_002261,BA000969,VLC,Versement libre complémentaire,VAL,2029-11-13,2029-11-13,41000.0,41000.0,0.0,0.0,EUR,France,,False,False,0.0,False,,,False
EVT_002262,BA000970,OUV,Ouverture / Souscription,VAL,2023-11-25,2023-11-25,828000.0,828000.0,0.0,0.0,EUR,France,,False,False,0.0,False,,,False
EVT_002263,BA000971,OUV,Ouverture / Souscription,VAL,2021-10-26,2021-10-26,388000.0,388000.0,0.0,0.0,EUR,France,,False,False,0.0,False,,,False
EVT_002264,BA000971,VLC,Versement libre complémentaire,VAL,2026-10-20,2026-10-20,216000.0,216000.0,0.0,0.0,EUR,France,,False,False,0.0,False,,,False
EVT_002265,BA000972,OUV,Ouverture / Souscription,VAL,2020-10-17,2020-10-17,250000.0,250000.0,0.0,0.0,EUR,France,,False,False,0.0,False,,,False
EVT_002266,BA000972,VLC,Versement libre complémentaire,VAL,2021-06-05,2021-06-05,20000.0,20000.0,0.0,0.0,EUR,France,,False,False,0.0,False,,,False
EVT_002267,BA000972,VLC,Versement libre complémentaire,VAL,2025-07-15,2025-07-15,20000.0,20000.0,0.0,0.0,EUR,France,,False,False,0.0,False,,,False
EVT_002268,BA000972,VLC,Versement libre complémentaire,VAL,2026-03-14,2026-03-14,20000.0,20000.0,0.0,0.0,EUR,France,,False,False,0.0,False,,,False
EVT_002269,BA000972,ARB,Arbitrage entre fonds,VAL,2022-05-21,2022-05-21,61000.0,61000.0,0.0,0.0,EUR,,,False,False,0.0,False,PE_LUX_01,FR0010923383,False
EVT_002270,BA000973,OUV,Ouverture / Souscription,VAL,2023-08-22,2023-08-22,273000.0,273000.0,0.0,0.0,EUR,France,,False,False,0.0,False,,,False
EVT_002271,BA000973,VLC,Versement libre complémentaire,VAL,2027-06-17,2027-06-17,40000.0,40000.0,0.0,0.0,EUR,France,,False,False,0.0,False,,,False
EVT_002272,BA000973,VLC,Versement libre complémentaire,VAL,2027-09-29,2027-09-29,40000.0,40000.0,0.0,0.0,EUR,France,,False,False,0.0,False,,,False
EVT_002273,BA000974,OUV,Ouverture / Souscription,VAL,2024-08-24,2024-08-24,250000.0,250000.0,0.0,0.0,EUR,Belgium,,False,False,0.0,False,,,False
EVT_002274,BA000974,VLC,Versement libre complémentaire,VAL,2029-02-09,2029-02-09,76000.0,76000.0,0.0,0.0,EUR,Belgium,,False,False,0.0,False,,,False
EVT_002275,BA000974,ARB,Arbitrage entre fonds,VAL,2026-12-22,2026-12-22,74000.0,74000.0,0.0,0.0,EUR,,,False,False,0.0,False,FR0010392225,FID_BNP,False
EVT_002276,BA000974,ARB,Arbitrage entre fonds,VAL,2026-11-16,2026-11-16,46000.0,46000.0,230.0,0.0,EUR,,,False,False,0.0,False,FID_BNP,FR0010392225,False
EVT_002277,BA000974,RAP,Rachat partiel,VAL,2028-01-30,2028-01-30,-95000.0,-95000.0,0.0,3605.49,EUR,Belgium,Belgium,False,False,0.0,False,,,False
EVT_002278,BA000975,OUV,Ouverture / Souscription,VAL,2025-01-01,2025-01-01,250000.0,250000.0,0.0,0.0,EUR,Belgium,,False,False,0.0,False,,,False
EVT_002279,BA000975,VLC,Versement libre complémentaire,VAL,2027-10-25,2027-10-25,40000.0,40000.0,0.0,0.0,EUR,Belgium,,False,False,0.0,False,,,False
EVT_002280,BA000976,OUV,Ouverture / Souscription,VAL,2020-10-09,2020-10-09,250000.0,250000.0,0.0,0.0,EUR,Portugal,,False,False,0.0,False,,,False
EVT_002281,BA000977,OUV,Ouverture / Souscription,VAL,2023-02-09,2023-02-09,845000.0,845000.0,0.0,0.0,EUR,France,,False,False,0.0,False,,,False
EVT_002282,BA000977,VLC,Versement libre complémentaire,VAL,2027-07-07,2027-07-07,287000.0,287000.0,0.0,0.0,EUR,France,,False,False,0.0,False,,,False
EVT_002283,BA000978,OUV,Ouverture / Souscription,VAL,2019-10-22,2019-10-22,345000.0,345000.0,0.0,0.0,EUR,France,,False,False,0.0,False,,,False
EVT_002284,BA000978,VLC,Versement libre complémentaire,VAL,2023-06-21,2023-06-21,118000.0,118000.0,0.0,0.0,EUR,France,,False,False,0.0,False,,,False
EVT_002285,BA000978,ARB,Arbitrage entre fonds,VAL,2022-03-02,2022-03-02,48000.0,48000.0,240.0,0.0,EUR,,,False,False,0.0,False,FAS_IND,FR001400OJI4,False
EVT_002286,BA000979,OUV,Ouverture / Souscription,VAL,2026-01-16,2026-01-16,280000.0,280000.0,0.0,0.0,EUR,France,,True,False,0.0,False,,,False
EVT_002287,BA000979,VLC,Versement libre complémentaire,VAL,2031-04-15,2031-04-15,31000.0,31000.0,0.0,0.0,EUR,France,,False,False,0.0,False,,,False
EVT_002288,BA000980,OUV,Ouverture / Souscription,VAL,2021-04-29,2021-04-29,477000.0,477000.0,0.0,0.0,EUR,France,,False,False,0.0,False,,,False
EVT_002289,BA000981,OUV,Ouverture / Souscription,VAL,2022-03-29,2022-03-29,524000.0,524000.0,0.0,0.0,EUR,France,,False,False,0.0,False,,,False
EVT_002290,BA000981,VLC,Versement libre complémentaire,VAL,2027-04-15,2027-04-15,75000.0,75000.0,0.0,0.0,EUR,France,,False,False,0.0,False,,,False
EVT_002291,BA000981,VLC,Versement libre complémentaire,VAL,2026-03-13,2026-03-13,75000.0,75000.0,0.0,0.0,EUR,France,,False,False,0.0,False,,,False
EVT_002292,BA000981,VLC,Versement libre complémentaire,VAL,2026-01-10,2026-01-10,75000.0,75000.0,0.0,0.0,EUR,France,,False,False,0.0,False,,,False
EVT_002293,BA000981,RAP,Rachat partiel,VAL,2024-12-18,2024-12-18,-76000.0,-76000.0,0.0,8666.05,EUR,France,France,False,False,0.0,False,,,False
EVT_002294,BA000981,RAP,Rachat partiel,VAL,2025-03-10,2025-03-10,-76000.0,-76000.0,0.0,3578.23,EUR,France,France,False,False,0.0,False,,,False
EVT_002295,BA000982,OUV,Ouverture / Souscription,VAL,2020-04-16,2020-04-16,743000.0,743000.0,0.0,0.0,EUR,France,,False,False,0.0,False,,,False
EVT_002296,BA000982,ARB,Arbitrage entre fonds,VAL,2020-09-16,2020-09-16,97000.0,97000.0,485.0,0.0,EUR,,,False,False,0.0,False,LU0104884860,FR001400OJI4,False
EVT_002297,BA000982,ARB,Arbitrage entre fonds,VAL,2021-06-01,2021-06-01,100000.0,100000.0,500.0,0.0,EUR,,,False,False,0.0,False,LU0104884860,FR001400OJI4,False
EVT_002298,BA000982,RAP,Rachat partiel,VAL,2021-06-16,2021-06-16,-214000.0,-207580.0,6420.0,0.0,EUR,France,France,False,True,6420.0,False,,,False
EVT_002299,BA000983,OUV,Ouverture / Souscription,VAL,2021-09-26,2021-09-26,250000.0,250000.0,0.0,0.0,EUR,France,,False,False,0.0,False,,,False
EVT_002300,BA000983,VLC,Versement libre complémentaire,VAL,2025-07-22,2025-07-22,54000.0,54000.0,0.0,0.0,EUR,France,,False,False,0.0,False,,,False
EVT_002301,BA000984,OUV,Ouverture / Souscription,VAL,2022-11-27,2022-11-27,594000.0,594000.0,0.0,0.0,EUR,Belgium,,False,False,0.0,False,,,False
EVT_002302,BA000984,VLC,Versement libre complémentaire,VAL,2028-02-25,2028-02-25,87000.0,87000.0,0.0,0.0,EUR,Belgium,,False,False,0.0,False,,,False
EVT_002303,BA000984,VLC,Versement libre complémentaire,VAL,2026-03-19,2026-03-19,87000.0,87000.0,0.0,0.0,EUR,Belgium,,False,False,0.0,False,,,False
EVT_002304,BA000985,OUV,Ouverture / Souscription,VAL,2023-05-08,2023-05-08,584000.0,584000.0,0.0,0.0,EUR,Belgium,,False,False,0.0,False,,,False
EVT_002305,BA000985,ARB,Arbitrage entre fonds,VAL,2023-10-11,2023-10-11,112000.0,112000.0,0.0,0.0,EUR,,,False,False,0.0,False,FAS_ROT,XS2428662824,False
EVT_002306,BA000985,RAP,Rachat partiel,VAL,2024-01-30,2024-01-30,-183000.0,-177510.0,5490.0,0.0,EUR,Belgium,Belgium,False,True,5490.0,False,,,False
EVT_002307,BA000986,OUV,Ouverture / Souscription,VAL,2022-10-03,2022-10-03,579000.0,579000.0,0.0,0.0,EUR,Belgium,,False,False,0.0,False,,,False
EVT_002308,BA000987,OUV,Ouverture / Souscription,VAL,2018-07-25,2018-07-25,299000.0,299000.0,0.0,0.0,EUR,France,,False,False,0.0,False,,,False
EVT_002309,BA000988,OUV,Ouverture / Souscription,VAL,2026-01-06,2026-01-06,1312000.0,1312000.0,0.0,0.0,EUR,Portugal,,False,False,0.0,False,,,False
EVT_002310,BA000989,OUV,Ouverture / Souscription,VAL,2024-08-10,2024-08-10,942000.0,942000.0,0.0,0.0,EUR,Portugal,,False,False,0.0,False,,,False
EVT_002311,BA000990,OUV,Ouverture / Souscription,VAL,2023-12-31,2023-12-31,250000.0,250000.0,0.0,0.0,EUR,France,,False,False,0.0,False,,,False
EVT_002312,BA000991,OUV,Ouverture / Souscription,VAL,2018-08-06,2018-08-06,529000.0,529000.0,0.0,0.0,EUR,France,,False,False,0.0,False,,,False
EVT_002313,BA000992,OUV,Ouverture / Souscription,VAL,2019-09-15,2019-09-15,250000.0,250000.0,0.0,0.0,EUR,France,,False,False,0.0,False,,,False
EVT_002314,BA000993,OUV,Ouverture / Souscription,VAL,2022-01-26,2022-01-26,1814000.0,1814000.0,0.0,0.0,EUR,France,,False,False,0.0,False,,,False
EVT_002315,BA000994,OUV,Ouverture / Souscription,VAL,2022-10-03,2022-10-03,585000.0,585000.0,0.0,0.0,EUR,France,,False,False,0.0,False,,,False
EVT_002316,BA000994,VLC,Versement libre complémentaire,VAL,2025-06-16,2025-06-16,104000.0,104000.0,0.0,0.0,EUR,France,,False,False,0.0,False,,,False
EVT_002317,BA000994,VLC,Versement libre complémentaire,VAL,2025-02-19,2025-02-19,104000.0,104000.0,0.0,0.0,EUR,France,,False,False,0.0,False,,,False
EVT_002318,BA000994,RAP,Rachat partiel,VAL,2026-10-03,2026-10-03,-55000.0,-55000.0,0.0,7092.47,EUR,France,France,False,False,0.0,False,,,False
EVT_002319,BA000995,OUV,Ouverture / Souscription,VAL,2021-02-28,2021-02-28,1125000.0,1125000.0,0.0,0.0,EUR,France,,False,False,0.0,False,,,False
EVT_002320,BA000995,ARB,Arbitrage entre fonds,VAL,2023-10-29,2023-10-29,196000.0,196000.0,0.0,0.0,EUR,,,False,False,0.0,False,PE_LUX_01,FR0010392225,False
EVT_002321,BA000996,OUV,Ouverture / Souscription,VAL,2019-08-02,2019-08-02,388000.0,388000.0,0.0,0.0,EUR,Belgium,,False,False,0.0,False,,,False
EVT_002322,BA000996,VLC,Versement libre complémentaire,VAL,2021-12-31,2021-12-31,77000.0,77000.0,0.0,0.0,EUR,Belgium,,False,False,0.0,False,,,False
EVT_002323,BA000997,OUV,Ouverture / Souscription,VAL,2019-08-02,2019-08-02,1600000.0,1600000.0,0.0,0.0,EUR,Belgium,,False,False,0.0,False,,,False
EVT_002324,BA000998,OUV,Ouverture / Souscription,VAL,2022-06-28,2022-06-28,1927000.0,1927000.0,0.0,0.0,EUR,Belgium,,True,False,0.0,False,,,False
EVT_002325,BA000998,RAP,Rachat partiel,VAL,2026-11-14,2026-11-14,-191000.0,-191000.0,0.0,18738.51,EUR,Belgium,Belgium,False,False,0.0,False,,,False
EVT_002326,BA000999,OUV,Ouverture / Souscription,VAL,2020-02-21,2020-02-21,2768000.0,2768000.0,0.0,0.0,EUR,Belgium,,False,False,0.0,False,,,False
EVT_002327,BA000999,ARB,Arbitrage entre fonds,VAL,2022-07-22,2022-07-22,415000.0,415000.0,0.0,0.0,EUR,,,False,False,0.0,False,FR0010923383,FID_BNP,False
EVT_002328,BA001000,OUV,Ouverture / Souscription,VAL,2026-02-09,2026-02-09,250000.0,250000.0,0.0,0.0,EUR,France,,False,False,0.0,False,,,False
EVT_002329,BA001000,VLC,Versement libre complémentaire,VAL,2026-09-11,2026-09-11,46000.0,46000.0,0.0,0.0,EUR,France,,False,False,0.0,False,,,False
EVT_002330,BA001001,OUV,Ouverture / Souscription,VAL,2022-01-17,2022-01-17,250000.0,250000.0,0.0,0.0,EUR,Belgium,,False,False,0.0,False,,,False
EVT_002331,BA001002,OUV,Ouverture / Souscription,VAL,2022-02-20,2022-02-20,250000.0,250000.0,0.0,0.0,EUR,Spain,,False,False,0.0,False,,,False
EVT_002332,BA001003,OUV,Ouverture / Souscription,VAL,2022-07-03,2022-07-03,250000.0,250000.0,0.0,0.0,EUR,France,,False,False,0.0,False,,,False
EVT_002333,BA001003,VLC,Versement libre complémentaire,VAL,2024-02-01,2024-02-01,46000.0,46000.0,0.0,0.0,EUR,France,,False,False,0.0,False,,,False
EVT_002334,BA001003,RAP,Rachat partiel,VAL,2026-07-11,2026-07-11,-107000.0,-107000.0,0.0,11938.62,EUR,France,France,False,False,0.0,False,,,False
EVT_002335,BA001004,OUV,Ouverture / Souscription,VAL,2023-07-12,2023-07-12,250000.0,250000.0,0.0,0.0,EUR,France,,False,False,0.0,False,,,False
EVT_002336,BA001004,RAP,Rachat partiel,VAL,2024-04-19,2024-04-19,-44000.0,-44000.0,0.0,5349.57,EUR,France,France,False,False,0.0,False,,,False
EVT_002337,BA001005,OUV,Ouverture / Souscription,VAL,2025-07-02,2025-07-02,250000.0,250000.0,0.0,0.0,EUR,Italy,,False,False,0.0,False,,,False
EVT_002338,BA001005,ARB,Arbitrage entre fonds,VAL,2027-07-17,2027-07-17,31000.0,31000.0,155.0,0.0,EUR,,,False,False,0.0,False,LU0104884860,FID_BNP,False
EVT_002339,BA001005,RAP,Rachat partiel,VAL,2028-05-05,2028-05-05,-54000.0,-54000.0,0.0,7662.49,EUR,Italy,Italy,False,False,0.0,False,,,False
EVT_002340,BA001006,OUV,Ouverture / Souscription,VAL,2023-12-24,2023-12-24,250000.0,250000.0,0.0,0.0,EUR,France,,False,False,0.0,False,,,False
EVT_002341,BA001006,ARB,Arbitrage entre fonds,VAL,2026-05-31,2026-05-31,90000.0,90000.0,0.0,0.0,EUR,,,False,False,0.0,False,FID_BNP,FR001400OJI4,False
EVT_002342,BA001006,ARB,Arbitrage entre fonds,VAL,2025-02-23,2025-02-23,91000.0,91000.0,0.0,0.0,EUR,,,False,False,0.0,False,FID_BNP,FR001400OJI4,False
EVT_002343,BA001007,OUV,Ouverture / Souscription,VAL,2026-02-07,2026-02-07,522000.0,522000.0,0.0,0.0,EUR,France,,False,False,0.0,False,,,False
EVT_002344,BA001007,VLC,Versement libre complémentaire,VAL,2026-12-27,2026-12-27,114000.0,114000.0,0.0,0.0,EUR,France,,False,False,0.0,False,,,False
EVT_002345,BA001007,ARB,Arbitrage entre fonds,VAL,2028-02-29,2028-02-29,120000.0,120000.0,0.0,0.0,EUR,,,False,False,0.0,False,LU0255977539,FR0010392225,False
EVT_002346,BA001007,RAP,Rachat partiel,VAL,2029-04-05,2029-04-05,-92000.0,-92000.0,0.0,6636.86,EUR,France,France,False,False,0.0,False,,,False
EVT_002347,BA001007,RAP,Rachat partiel,VAL,2031-05-18,2031-05-18,-92000.0,-92000.0,0.0,7641.96,EUR,France,France,False,False,0.0,False,,,False
EVT_002348,BA001008,OUV,Ouverture / Souscription,VAL,2021-02-22,2021-02-22,250000.0,250000.0,0.0,0.0,EUR,France,,False,False,0.0,False,,,False
EVT_002349,BA001008,VLC,Versement libre complémentaire,VAL,2023-12-27,2023-12-27,89000.0,89000.0,0.0,0.0,EUR,France,,False,False,0.0,False,,,False
EVT_002350,BA001009,OUV,Ouverture / Souscription,VAL,2021-12-31,2021-12-31,1027000.0,1027000.0,0.0,0.0,EUR,Portugal,,False,False,0.0,False,,,False
EVT_002351,BA001009,VLC,Versement libre complémentaire,VAL,2022-11-26,2022-11-26,225000.0,225000.0,0.0,0.0,EUR,Portugal,,False,False,0.0,False,,,False
EVT_002352,BA001010,OUV,Ouverture / Souscription,VAL,2021-05-29,2021-05-29,415000.0,415000.0,0.0,0.0,EUR,Portugal,,False,False,0.0,False,,,False
EVT_002353,BA001010,RAP,Rachat partiel,VAL,2022-06-15,2022-06-15,-94000.0,-94000.0,0.0,7815.03,EUR,Portugal,Portugal,False,False,0.0,False,,,False
EVT_002354,BA001011,OUV,Ouverture / Souscription,VAL,2020-06-10,2020-06-10,829000.0,829000.0,0.0,0.0,EUR,Portugal,,False,False,0.0,False,,,False
EVT_002355,BA001011,VLC,Versement libre complémentaire,VAL,2022-12-16,2022-12-16,272000.0,272000.0,0.0,0.0,EUR,Portugal,,False,False,0.0,False,,,False
EVT_002356,BA001012,OUV,Ouverture / Souscription,VAL,2022-05-05,2022-05-05,519000.0,519000.0,0.0,0.0,EUR,Luxembourg,,False,False,0.0,False,,,False
EVT_002357,BA001012,VLC,Versement libre complémentaire,VAL,2027-01-01,2027-01-01,45000.0,45000.0,0.0,0.0,EUR,Luxembourg,,False,False,0.0,False,,,False
EVT_002358,BA001013,OUV,Ouverture / Souscription,VAL,2023-10-21,2023-10-21,250000.0,250000.0,0.0,0.0,EUR,France,,False,False,0.0,False,,,False
EVT_002359,BA001013,VLC,Versement libre complémentaire,VAL,2026-12-25,2026-12-25,65000.0,65000.0,0.0,0.0,EUR,France,,False,False,0.0,False,,,False
EVT_002360,BA001013,ARB,Arbitrage entre fonds,VAL,2025-10-22,2025-10-22,75000.0,75000.0,375.0,0.0,EUR,,,False,False,0.0,False,LU0104884860,FID_BNP,False
EVT_002361,BA001014,OUV,Ouverture / Souscription,VAL,2018-12-01,2018-12-01,250000.0,250000.0,0.0,0.0,EUR,France,,False,False,0.0,False,,,False
EVT_002362,BA001014,VLC,Versement libre complémentaire,VAL,2021-02-14,2021-02-14,30000.0,30000.0,0.0,0.0,EUR,France,,False,False,0.0,False,,,False
EVT_002363,BA001014,VLC,Versement libre complémentaire,VAL,2023-03-02,2023-03-02,30000.0,30000.0,0.0,0.0,EUR,France,,True,False,0.0,False,,,False
EVT_002364,BA001014,ARB,Arbitrage entre fonds,VAL,2023-01-07,2023-01-07,43000.0,43000.0,0.0,0.0,EUR,,,False,False,0.0,False,FR001400OJI4,FID_BNP,False
EVT_002365,BA001014,ARB,Arbitrage entre fonds,VAL,2022-02-15,2022-02-15,110000.0,110000.0,550.0,0.0,EUR,,,False,False,0.0,False,FID_BNP,FR001400OJI4,False
EVT_002366,BA001015,OUV,Ouverture / Souscription,VAL,2021-02-14,2021-02-14,376000.0,376000.0,0.0,0.0,EUR,Belgium,,False,False,0.0,False,,,False
EVT_002367,BA001016,OUV,Ouverture / Souscription,VAL,2021-03-27,2021-03-27,250000.0,250000.0,0.0,0.0,EUR,Portugal,,False,False,0.0,False,,,False
EVT_002368,BA001017,OUV,Ouverture / Souscription,VAL,2020-10-24,2020-10-24,250000.0,250000.0,0.0,0.0,EUR,France,,False,False,0.0,False,,,False
EVT_002369,BA001018,OUV,Ouverture / Souscription,VAL,2021-01-06,2021-01-06,250000.0,250000.0,0.0,0.0,EUR,France,,False,False,0.0,False,,,False
EVT_002370,BA001019,OUV,Ouverture / Souscription,VAL,2018-11-30,2018-11-30,1404000.0,1404000.0,0.0,0.0,EUR,Portugal,,False,False,0.0,False,,,False
EVT_002371,BA001019,VLC,Versement libre complémentaire,VAL,2022-10-17,2022-10-17,184000.0,184000.0,0.0,0.0,EUR,Portugal,,False,False,0.0,False,,,False
EVT_002372,BA001019,VLC,Versement libre complémentaire,VAL,2021-08-06,2021-08-06,184000.0,184000.0,0.0,0.0,EUR,Portugal,,False,False,0.0,False,,,False
EVT_002373,BA001019,RAP,Rachat partiel,VAL,2023-09-13,2023-09-13,-540000.0,-540000.0,0.0,40556.12,EUR,Portugal,Portugal,False,False,0.0,False,,,False
EVT_002374,BA001020,OUV,Ouverture / Souscription,VAL,2018-08-12,2018-08-12,525000.0,525000.0,0.0,0.0,EUR,Sweden,,False,False,0.0,False,,,False
EVT_002375,BA001020,VLC,Versement libre complémentaire,VAL,2019-10-16,2019-10-16,17000.0,17000.0,0.0,0.0,EUR,Sweden,,False,False,0.0,False,,,False
EVT_002376,BA001020,VLC,Versement libre complémentaire,VAL,2020-06-12,2020-06-12,17000.0,17000.0,0.0,0.0,EUR,Sweden,,False,False,0.0,False,,,False
EVT_002377,BA001020,VLC,Versement libre complémentaire,VAL,2019-04-27,2019-04-27,17000.0,17000.0,0.0,0.0,EUR,Sweden,,False,False,0.0,False,,,False
EVT_002378,BA001021,OUV,Ouverture / Souscription,VAL,2022-01-22,2022-01-22,411000.0,411000.0,0.0,0.0,EUR,Sweden,,False,False,0.0,False,,,False
EVT_002379,BA001021,VLC,Versement libre complémentaire,VAL,2022-11-06,2022-11-06,82000.0,82000.0,0.0,0.0,EUR,Sweden,,False,False,0.0,False,,,False
EVT_002380,BA001022,OUV,Ouverture / Souscription,VAL,2022-07-19,2022-07-19,317000.0,317000.0,0.0,0.0,EUR,France,,False,False,0.0,False,,,False
EVT_002381,BA001022,ARB,Arbitrage entre fonds,VAL,2025-05-01,2025-05-01,49000.0,49000.0,245.0,0.0,EUR,,,False,False,0.0,False,LU0104884860,FR001400OJI4,False
EVT_002382,BA001023,OUV,Ouverture / Souscription,VAL,2022-10-06,2022-10-06,250000.0,250000.0,0.0,0.0,EUR,France,,False,False,0.0,False,,,False
EVT_002383,BA001023,VLC,Versement libre complémentaire,VAL,2023-08-12,2023-08-12,65000.0,65000.0,0.0,0.0,EUR,France,,False,False,0.0,False,,,False
EVT_002384,BA001023,ARB,Arbitrage entre fonds,VAL,2026-08-25,2026-08-25,53000.0,53000.0,265.0,0.0,EUR,,,False,False,0.0,False,FAS_IND,XS2428662824,False
EVT_002385,BA001024,OUV,Ouverture / Souscription,VAL,2019-09-14,2019-09-14,251000.0,251000.0,0.0,0.0,EUR,France,,False,False,0.0,False,,,False
EVT_002386,BA001024,ARB,Arbitrage entre fonds,VAL,2023-05-17,2023-05-17,37000.0,37000.0,185.0,0.0,EUR,,,False,False,0.0,False,FID_BNP,LU0255977539,False
EVT_002387,BA001025,OUV,Ouverture / Souscription,VAL,2022-09-07,2022-09-07,250000.0,250000.0,0.0,0.0,EUR,France,,False,False,0.0,False,,,False
EVT_002388,BA001025,ARB,Arbitrage entre fonds,VAL,2023-02-07,2023-02-07,44000.0,44000.0,0.0,0.0,EUR,,,False,False,0.0,False,FID_UBS,LU0255977539,False
EVT_002389,BA001025,RAP,Rachat partiel,VAL,2023-10-27,2023-10-27,-42000.0,-42000.0,0.0,941.57,EUR,France,France,False,False,0.0,False,,,False
EVT_002390,BA001026,OUV,Ouverture / Souscription,VAL,2019-08-16,2019-08-16,250000.0,250000.0,0.0,0.0,EUR,France,,False,False,0.0,False,,,False
EVT_002391,BA001026,VLC,Versement libre complémentaire,VAL,2022-09-09,2022-09-09,39000.0,39000.0,0.0,0.0,EUR,France,,True,False,0.0,False,,,False
EVT_002392,BA001026,RAP,Rachat partiel,VAL,2022-02-14,2022-02-14,-46000.0,-44620.0,1380.0,0.0,EUR,France,France,False,True,1380.0,False,,,False
EVT_002393,BA001027,OUV,Ouverture / Souscription,VAL,2020-04-27,2020-04-27,887000.0,887000.0,0.0,0.0,EUR,France,,False,False,0.0,False,,,False
EVT_002394,BA001027,VLC,Versement libre complémentaire,VAL,2025-07-06,2025-07-06,61000.0,61000.0,0.0,0.0,EUR,France,,False,False,0.0,False,,,False
EVT_002395,BA001028,OUV,Ouverture / Souscription,VAL,2026-02-24,2026-02-24,929000.0,929000.0,0.0,0.0,EUR,France,,False,False,0.0,False,,,False
EVT_002396,BA001029,OUV,Ouverture / Souscription,VAL,2024-11-17,2024-11-17,446000.0,446000.0,0.0,0.0,EUR,Luxembourg,,False,False,0.0,False,,,False
EVT_002397,BA001030,OUV,Ouverture / Souscription,VAL,2025-12-13,2025-12-13,461000.0,461000.0,0.0,0.0,EUR,France,,False,False,0.0,False,,,False
EVT_002398,BA001031,OUV,Ouverture / Souscription,VAL,2021-08-13,2021-08-13,278000.0,278000.0,0.0,0.0,EUR,France,,False,False,0.0,False,,,False
EVT_002399,BA001031,VLC,Versement libre complémentaire,VAL,2024-10-15,2024-10-15,29000.0,29000.0,0.0,0.0,EUR,France,,False,False,0.0,False,,,False
EVT_002400,BA001031,VLC,Versement libre complémentaire,VAL,2023-10-25,2023-10-25,29000.0,29000.0,0.0,0.0,EUR,France,,False,False,0.0,False,,,False
EVT_002401,BA001031,VLC,Versement libre complémentaire,VAL,2026-08-25,2026-08-25,29000.0,29000.0,0.0,0.0,EUR,France,,False,False,0.0,False,,,False
EVT_002402,BA001032,OUV,Ouverture / Souscription,VAL,2021-05-15,2021-05-15,811000.0,811000.0,0.0,0.0,EUR,France,,False,False,0.0,False,,,False
EVT_002403,BA001032,VLC,Versement libre complémentaire,VAL,2024-07-19,2024-07-19,28000.0,28000.0,0.0,0.0,EUR,France,,False,False,0.0,False,,,False
EVT_002404,BA001032,VLC,Versement libre complémentaire,VAL,2022-03-28,2022-03-28,28000.0,28000.0,0.0,0.0,EUR,France,,False,False,0.0,False,,,False
EVT_002405,BA001032,ARB,Arbitrage entre fonds,VAL,2024-01-30,2024-01-30,130000.0,130000.0,650.0,0.0,EUR,,,False,False,0.0,False,FR0010923383,FAS_ROT,False
EVT_002406,BA001033,OUV,Ouverture / Souscription,VAL,2023-06-25,2023-06-25,4855000.0,4855000.0,0.0,0.0,EUR,Denmark,,False,False,0.0,False,,,False
EVT_002407,BA001033,VLC,Versement libre complémentaire,VAL,2025-02-19,2025-02-19,737000.0,737000.0,0.0,0.0,EUR,Denmark,,False,False,0.0,False,,,False
EVT_002408,BA001034,OUV,Ouverture / Souscription,VAL,2021-11-01,2021-11-01,250000.0,250000.0,0.0,0.0,EUR,France,,False,False,0.0,False,,,False
EVT_002409,BA001034,VLC,Versement libre complémentaire,VAL,2023-06-09,2023-06-09,89000.0,89000.0,0.0,0.0,EUR,France,,False,False,0.0,False,,,False
EVT_002410,BA001035,OUV,Ouverture / Souscription,VAL,2023-08-12,2023-08-12,267000.0,267000.0,0.0,0.0,EUR,France,,False,False,0.0,False,,,False
EVT_002411,BA001036,OUV,Ouverture / Souscription,VAL,2026-01-26,2026-01-26,328000.0,328000.0,0.0,0.0,EUR,Portugal,,False,False,0.0,False,,,False
EVT_002412,BA001036,VLC,Versement libre complémentaire,VAL,2026-09-18,2026-09-18,50000.0,50000.0,0.0,0.0,EUR,Portugal,,False,False,0.0,False,,,False
EVT_002413,BA001036,RAP,Rachat partiel,VAL,2031-03-10,2031-03-10,-76000.0,-76000.0,0.0,6326.73,EUR,Portugal,Portugal,False,False,0.0,False,,,False
EVT_002414,BA001037,OUV,Ouverture / Souscription,VAL,2025-03-31,2025-03-31,359000.0,359000.0,0.0,0.0,EUR,Portugal,,False,False,0.0,False,,,False
EVT_002415,BA001037,VLC,Versement libre complémentaire,VAL,2027-03-31,2027-03-31,70000.0,70000.0,0.0,0.0,EUR,Portugal,,False,False,0.0,False,,,False
EVT_002416,BA001038,OUV,Ouverture / Souscription,VAL,2024-01-04,2024-01-04,250000.0,250000.0,0.0,0.0,EUR,Portugal,,False,False,0.0,False,,,False
EVT_002417,BA001039,OUV,Ouverture / Souscription,VAL,2026-03-23,2026-03-23,250000.0,250000.0,0.0,0.0,EUR,Portugal,,False,False,0.0,False,,,False
EVT_002418,BA001039,VLC,Versement libre complémentaire,VAL,2028-04-29,2028-04-29,111000.0,111000.0,0.0,0.0,EUR,Portugal,,False,False,0.0,False,,,False
EVT_002419,BA001039,ARB,Arbitrage entre fonds,VAL,2027-06-04,2027-06-04,110000.0,110000.0,0.0,0.0,EUR,,,False,False,0.0,False,FID_BNP,FR0010392225,False
EVT_002420,BA001039,RAP,Rachat partiel,VAL,2030-03-03,2030-03-03,-30000.0,-30000.0,0.0,1593.18,EUR,Portugal,Portugal,False,False,0.0,False,,,False
EVT_002421,BA001039,RAP,Rachat partiel,VAL,2029-09-13,2029-09-13,-30000.0,-29100.0,900.0,0.0,EUR,Portugal,Portugal,False,True,900.0,False,,,False
EVT_002422,BA001040,OUV,Ouverture / Souscription,VAL,2025-12-30,2025-12-30,250000.0,250000.0,0.0,0.0,EUR,Portugal,,False,False,0.0,False,,,False
EVT_002423,BA001040,ARB,Arbitrage entre fonds,VAL,2027-08-16,2027-08-16,17000.0,17000.0,0.0,0.0,EUR,,,False,False,0.0,False,XS2428662824,FID_UBS,False
EVT_002424,BA001041,OUV,Ouverture / Souscription,VAL,2022-11-15,2022-11-15,2964000.0,2964000.0,0.0,0.0,EUR,Finland,,False,False,0.0,False,,,False
EVT_002425,BA001041,VLC,Versement libre complémentaire,VAL,2025-09-17,2025-09-17,386000.0,386000.0,0.0,0.0,EUR,Finland,,False,False,0.0,False,,,False
EVT_002426,BA001041,ARB,Arbitrage entre fonds,VAL,2024-01-25,2024-01-25,346000.0,346000.0,0.0,0.0,EUR,,,False,False,0.0,False,FID_UBS,FR0010923383,False
EVT_002427,BA001042,OUV,Ouverture / Souscription,VAL,2025-07-10,2025-07-10,464000.0,464000.0,0.0,0.0,EUR,France,,False,False,0.0,False,,,False
EVT_002428,BA001042,ARB,Arbitrage entre fonds,VAL,2026-06-16,2026-06-16,43000.0,43000.0,0.0,0.0,EUR,,,False,False,0.0,False,LU0104884860,FAS_IND,False
EVT_002429,BA001042,ARB,Arbitrage entre fonds,VAL,2026-08-01,2026-08-01,58000.0,58000.0,0.0,0.0,EUR,,,False,False,0.0,False,LU0104884860,FAS_IND,False
EVT_002430,BA001042,ARB,Arbitrage entre fonds,VAL,2026-04-16,2026-04-16,55000.0,55000.0,0.0,0.0,EUR,,,False,False,0.0,False,LU0104884860,FAS_IND,False
EVT_002431,BA001042,RAP,Rachat partiel,VAL,2030-09-26,2030-09-26,-56000.0,-56000.0,0.0,7308.15,EUR,France,France,False,False,0.0,False,,,False
EVT_002432,BA001042,RAP,Rachat partiel,VAL,2027-04-14,2027-04-14,-56000.0,-56000.0,0.0,3513.12,EUR,France,France,False,False,0.0,False,,,False
EVT_002433,BA001043,OUV,Ouverture / Souscription,VAL,2023-01-19,2023-01-19,1950000.0,1950000.0,0.0,0.0,EUR,Italy,,False,False,0.0,False,,,False
EVT_002434,BA001043,VLC,Versement libre complémentaire,VAL,2023-08-27,2023-08-27,87000.0,87000.0,0.0,0.0,EUR,Italy,,False,False,0.0,False,,,False
EVT_002435,BA001043,VLC,Versement libre complémentaire,VAL,2025-01-16,2025-01-16,87000.0,87000.0,0.0,0.0,EUR,Italy,,False,False,0.0,False,,,False
EVT_002436,BA001043,VLC,Versement libre complémentaire,VAL,2025-05-04,2025-05-04,87000.0,87000.0,0.0,0.0,EUR,Italy,,False,False,0.0,False,,,False
EVT_002437,BA001044,OUV,Ouverture / Souscription,VAL,2023-08-19,2023-08-19,2806000.0,2806000.0,0.0,0.0,EUR,Italy,,False,False,0.0,False,,,False
EVT_002438,BA001045,OUV,Ouverture / Souscription,VAL,2021-04-04,2021-04-04,764000.0,764000.0,0.0,0.0,EUR,Italy,,False,False,0.0,False,,,False
EVT_002439,BA001045,VLC,Versement libre complémentaire,VAL,2026-09-15,2026-09-15,148000.0,148000.0,0.0,0.0,EUR,Italy,,False,False,0.0,False,,,False
EVT_002440,BA001045,VLC,Versement libre complémentaire,VAL,2026-05-30,2026-05-30,148000.0,148000.0,0.0,0.0,EUR,Italy,,False,False,0.0,False,,,False
EVT_002441,BA001045,VLC,Versement libre complémentaire,VAL,2026-01-27,2026-01-27,148000.0,148000.0,0.0,0.0,EUR,Italy,,False,False,0.0,False,,,False
EVT_002442,BA001046,OUV,Ouverture / Souscription,VAL,2021-12-28,2021-12-28,269000.0,269000.0,0.0,0.0,EUR,France,,False,False,0.0,False,,,False
EVT_002443,BA001047,OUV,Ouverture / Souscription,VAL,2021-04-23,2021-04-23,658000.0,658000.0,0.0,0.0,EUR,France,,False,False,0.0,False,,,False
EVT_002444,BA001047,VLC,Versement libre complémentaire,VAL,2022-03-28,2022-03-28,227000.0,227000.0,0.0,0.0,EUR,France,,False,False,0.0,False,,,False
EVT_002445,BA001048,OUV,Ouverture / Souscription,VAL,2022-07-31,2022-07-31,250000.0,250000.0,0.0,0.0,EUR,France,,False,False,0.0,False,,,False
EVT_002446,BA001049,OUV,Ouverture / Souscription,VAL,2019-02-19,2019-02-19,250000.0,250000.0,0.0,0.0,EUR,France,,False,False,0.0,False,,,False
EVT_002447,BA001049,VLC,Versement libre complémentaire,VAL,2022-05-11,2022-05-11,22000.0,22000.0,0.0,0.0,EUR,France,,False,False,0.0,False,,,False
EVT_002448,BA001049,VLC,Versement libre complémentaire,VAL,2023-05-17,2023-05-17,22000.0,22000.0,0.0,0.0,EUR,France,,False,False,0.0,False,,,False
EVT_002449,BA001049,RAP,Rachat partiel,VAL,2020-10-25,2020-10-25,-24000.0,-24000.0,0.0,3597.39,EUR,France,France,False,False,0.0,False,,,False
EVT_002450,BA001049,RAP,Rachat partiel,VAL,2021-08-28,2021-08-28,-24000.0,-24000.0,0.0,2813.04,EUR,France,France,False,False,0.0,False,,,False
EVT_002451,BA001050,OUV,Ouverture / Souscription,VAL,2025-07-29,2025-07-29,1074000.0,1074000.0,0.0,0.0,EUR,Portugal,,False,False,0.0,False,,,False
EVT_002452,BA001050,ARB,Arbitrage entre fonds,VAL,2028-11-09,2028-11-09,167000.0,167000.0,835.0,0.0,EUR,,,False,False,0.0,False,LU0104884860,FID_UBS,False
EVT_002453,BA001050,ARB,Arbitrage entre fonds,VAL,2027-04-13,2027-04-13,70000.0,70000.0,0.0,0.0,EUR,,,False,False,0.0,False,LU0104884860,FID_UBS,False
EVT_002454,BA001050,RAP,Rachat partiel,VAL,2028-12-10,2028-12-10,-82000.0,-82000.0,0.0,9159.15,EUR,Portugal,Portugal,False,False,0.0,False,,,False
EVT_002455,BA001050,RAP,Rachat partiel,VAL,2029-06-10,2029-06-10,-82000.0,-82000.0,0.0,4838.81,EUR,Portugal,Portugal,False,False,0.0,False,,,False
EVT_002456,BA001051,OUV,Ouverture / Souscription,VAL,2020-09-26,2020-09-26,802000.0,802000.0,0.0,0.0,EUR,Portugal,,False,False,0.0,False,,,False
EVT_002457,BA001052,OUV,Ouverture / Souscription,VAL,2023-11-07,2023-11-07,1528000.0,1528000.0,0.0,0.0,EUR,France,,False,False,0.0,False,,,False
EVT_002458,BA001053,OUV,Ouverture / Souscription,VAL,2022-11-29,2022-11-29,466000.0,466000.0,0.0,0.0,EUR,Belgium,,False,False,0.0,False,,,False
EVT_002459,BA001054,OUV,Ouverture / Souscription,VAL,2021-06-25,2021-06-25,358000.0,358000.0,0.0,0.0,EUR,Portugal,,False,False,0.0,False,,,False
EVT_002460,BA001054,RAP,Rachat partiel,VAL,2025-12-25,2025-12-25,-138000.0,-138000.0,0.0,10470.19,EUR,Portugal,Portugal,False,False,0.0,False,,,False
EVT_002461,BA001055,OUV,Ouverture / Souscription,VAL,2020-06-17,2020-06-17,483000.0,483000.0,0.0,0.0,EUR,Belgium,,False,False,0.0,False,,,False
EVT_002462,BA001056,OUV,Ouverture / Souscription,VAL,2018-08-25,2018-08-25,759000.0,759000.0,0.0,0.0,EUR,Belgium,,False,False,0.0,False,,,False
EVT_002463,BA001056,VLC,Versement libre complémentaire,VAL,2021-12-03,2021-12-03,45000.0,45000.0,0.0,0.0,EUR,Belgium,,False,False,0.0,False,,,False
EVT_002464,BA001057,OUV,Ouverture / Souscription,VAL,2020-05-18,2020-05-18,743000.0,743000.0,0.0,0.0,EUR,Sweden,,False,False,0.0,False,,,False
EVT_002465,BA001057,RAP,Rachat partiel,VAL,2023-09-17,2023-09-17,-322000.0,-322000.0,0.0,36227.8,EUR,Sweden,Sweden,False,False,0.0,False,,,False
EVT_002466,BA001058,OUV,Ouverture / Souscription,VAL,2022-04-14,2022-04-14,250000.0,250000.0,0.0,0.0,EUR,France,,False,False,0.0,False,,,False
EVT_002467,BA001059,OUV,Ouverture / Souscription,VAL,2025-02-16,2025-02-16,1067000.0,1067000.0,0.0,0.0,EUR,Finland,,False,False,0.0,False,,,False
EVT_002468,BA001059,VLC,Versement libre complémentaire,VAL,2029-12-18,2029-12-18,195000.0,195000.0,0.0,0.0,EUR,Finland,,False,False,0.0,False,,,False
EVT_002469,BA001059,VLC,Versement libre complémentaire,VAL,2029-05-23,2029-05-23,195000.0,195000.0,0.0,0.0,EUR,Finland,,False,False,0.0,False,,,False
EVT_002470,BA001060,OUV,Ouverture / Souscription,VAL,2023-10-28,2023-10-28,330000.0,330000.0,0.0,0.0,EUR,Belgium,,False,False,0.0,False,,,False
EVT_002471,BA001060,VLC,Versement libre complémentaire,VAL,2026-02-03,2026-02-03,18000.0,18000.0,0.0,0.0,EUR,Belgium,,True,False,0.0,False,,,False
EVT_002472,BA001060,VLC,Versement libre complémentaire,VAL,2028-03-26,2028-03-26,18000.0,18000.0,0.0,0.0,EUR,Belgium,,False,False,0.0,False,,,False
EVT_002473,BA001061,OUV,Ouverture / Souscription,VAL,2025-11-10,2025-11-10,688000.0,688000.0,0.0,0.0,EUR,France,,False,False,0.0,False,,,False
EVT_002474,BA001061,ARB,Arbitrage entre fonds,VAL,2029-11-14,2029-11-14,116000.0,116000.0,580.0,0.0,EUR,,,False,False,0.0,False,LU0104884860,FAS_IND,False
EVT_002475,BA001061,ARB,Arbitrage entre fonds,VAL,2026-11-03,2026-11-03,154000.0,154000.0,0.0,0.0,EUR,,,False,False,0.0,False,FAS_IND,LU0104884860,False
EVT_002476,BA001062,OUV,Ouverture / Souscription,VAL,2021-05-09,2021-05-09,882000.0,882000.0,0.0,0.0,EUR,Belgium,,False,False,0.0,False,,,False
EVT_002477,BA001062,RAP,Rachat partiel,VAL,2025-05-06,2025-05-06,-161000.0,-161000.0,0.0,18331.86,EUR,Belgium,Belgium,False,False,0.0,False,,,False
EVT_002478,BA001063,OUV,Ouverture / Souscription,VAL,2025-07-02,2025-07-02,1032000.0,1032000.0,0.0,0.0,EUR,Belgium,,False,False,0.0,False,,,False
EVT_002479,BA001064,OUV,Ouverture / Souscription,VAL,2023-04-30,2023-04-30,250000.0,250000.0,0.0,0.0,EUR,France,,False,False,0.0,False,,,False
EVT_002480,BA001064,ARB,Arbitrage entre fonds,VAL,2024-03-28,2024-03-28,38000.0,38000.0,190.0,0.0,EUR,,,False,False,0.0,False,LU0104884860,FID_UBS,False
EVT_002481,BA001064,RAP,Rachat partiel,VAL,2028-03-16,2028-03-16,-18000.0,-18000.0,0.0,2447.37,EUR,France,France,False,False,0.0,False,,,False
EVT_002482,BA001064,RAP,Rachat partiel,VAL,2026-11-20,2026-11-20,-18000.0,-17460.0,540.0,0.0,EUR,France,France,False,True,540.0,False,,,False
EVT_002483,BA001065,OUV,Ouverture / Souscription,VAL,2023-02-13,2023-02-13,2016000.0,2016000.0,0.0,0.0,EUR,France,,False,False,0.0,False,,,False
EVT_002484,BA001065,VLC,Versement libre complémentaire,VAL,2024-07-14,2024-07-14,1102000.0,1102000.0,0.0,0.0,EUR,France,,False,False,0.0,False,,,False
EVT_002485,BA001066,OUV,Ouverture / Souscription,VAL,2021-07-06,2021-07-06,1384000.0,1384000.0,0.0,0.0,EUR,France,,False,False,0.0,False,,,False
EVT_002486,BA001066,RAP,Rachat partiel,VAL,2022-04-09,2022-04-09,-374000.0,-374000.0,0.0,34716.97,EUR,France,France,False,False,0.0,False,,,False
EVT_002487,BA001067,OUV,Ouverture / Souscription,VAL,2018-11-10,2018-11-10,1465000.0,1465000.0,0.0,0.0,EUR,France,,False,False,0.0,False,,,False
EVT_002488,BA001068,OUV,Ouverture / Souscription,VAL,2019-09-26,2019-09-26,250000.0,250000.0,0.0,0.0,EUR,France,,False,False,0.0,False,,,False
EVT_002489,BA001068,VLC,Versement libre complémentaire,VAL,2020-05-18,2020-05-18,54000.0,54000.0,0.0,0.0,EUR,France,,False,False,0.0,False,,,False
EVT_002490,BA001069,OUV,Ouverture / Souscription,VAL,2022-05-21,2022-05-21,250000.0,250000.0,0.0,0.0,EUR,France,,False,False,0.0,False,,,False
EVT_002491,BA001069,VLC,Versement libre complémentaire,VAL,2026-12-23,2026-12-23,125000.0,125000.0,0.0,0.0,EUR,France,,False,False,0.0,False,,,False
EVT_002492,BA001069,ARB,Arbitrage entre fonds,VAL,2026-02-14,2026-02-14,46000.0,46000.0,0.0,0.0,EUR,,,False,False,0.0,False,FID_UBS,XS2428662824,False
EVT_002493,BA001070,OUV,Ouverture / Souscription,VAL,2026-01-12,2026-01-12,272000.0,272000.0,0.0,0.0,EUR,France,,False,False,0.0,False,,,False
EVT_002494,BA001071,OUV,Ouverture / Souscription,VAL,2025-05-30,2025-05-30,250000.0,250000.0,0.0,0.0,EUR,Italy,,False,False,0.0,False,,,False
EVT_002495,BA001071,VLC,Versement libre complémentaire,VAL,2027-11-05,2027-11-05,89000.0,89000.0,0.0,0.0,EUR,Italy,,False,False,0.0,False,,,False
EVT_002496,BA001072,OUV,Ouverture / Souscription,VAL,2020-02-16,2020-02-16,250000.0,250000.0,0.0,0.0,EUR,France,,False,False,0.0,False,,,False
EVT_002497,BA001072,VLC,Versement libre complémentaire,VAL,2021-06-12,2021-06-12,27000.0,27000.0,0.0,0.0,EUR,France,,False,False,0.0,False,,,False
EVT_002498,BA001072,ARB,Arbitrage entre fonds,VAL,2022-07-12,2022-07-12,61000.0,61000.0,305.0,0.0,EUR,,,False,False,0.0,False,FR001400OJI4,LU0104884860,False
EVT_002499,BA001073,OUV,Ouverture / Souscription,VAL,2024-09-14,2024-09-14,818000.0,818000.0,0.0,0.0,EUR,France,,False,False,0.0,False,,,False
EVT_002500,BA001073,VLC,Versement libre complémentaire,VAL,2026-07-23,2026-07-23,157000.0,157000.0,0.0,0.0,EUR,France,,False,False,0.0,False,,,False
EVT_002501,BA001073,RAP,Rachat partiel,VAL,2026-05-12,2026-05-12,-154000.0,-154000.0,0.0,14658.62,EUR,France,France,False,False,0.0,False,,,False
EVT_002502,BA001073,RAP,Rachat partiel,VAL,2028-03-21,2028-03-21,-154000.0,-154000.0,0.0,10156.87,EUR,France,France,False,False,0.0,False,,,False
EVT_002503,BA001074,OUV,Ouverture / Souscription,VAL,2019-01-04,2019-01-04,387000.0,387000.0,0.0,0.0,EUR,Portugal,,False,False,0.0,False,,,False
EVT_002504,BA001075,OUV,Ouverture / Souscription,VAL,2024-02-13,2024-02-13,258000.0,258000.0,0.0,0.0,EUR,France,,False,False,0.0,False,,,False
EVT_002505,BA001075,VLC,Versement libre complémentaire,VAL,2027-07-31,2027-07-31,58000.0,58000.0,0.0,0.0,EUR,France,,False,False,0.0,False,,,False
EVT_002506,BA001075,VLC,Versement libre complémentaire,VAL,2024-09-10,2024-09-10,58000.0,58000.0,0.0,0.0,EUR,France,,False,False,0.0,False,,,False
EVT_002507,BA001076,OUV,Ouverture / Souscription,VAL,2025-06-23,2025-06-23,981000.0,981000.0,0.0,0.0,EUR,France,,False,False,0.0,False,,,False
EVT_002508,BA001076,VLC,Versement libre complémentaire,VAL,2030-08-16,2030-08-16,74000.0,74000.0,0.0,0.0,EUR,France,,False,False,0.0,False,,,False
EVT_002509,BA001076,VLC,Versement libre complémentaire,VAL,2029-05-09,2029-05-09,74000.0,74000.0,0.0,0.0,EUR,France,,False,False,0.0,False,,,False
EVT_002510,BA001077,OUV,Ouverture / Souscription,VAL,2022-05-02,2022-05-02,776000.0,776000.0,0.0,0.0,EUR,France,,False,False,0.0,False,,,False
EVT_002511,BA001077,VLC,Versement libre complémentaire,VAL,2023-03-23,2023-03-23,74000.0,74000.0,0.0,0.0,EUR,France,,False,False,0.0,False,,,False
EVT_002512,BA001077,VLC,Versement libre complémentaire,VAL,2025-12-23,2025-12-23,74000.0,74000.0,0.0,0.0,EUR,France,,False,False,0.0,False,,,False
EVT_002513,BA001078,OUV,Ouverture / Souscription,VAL,2024-02-21,2024-02-21,250000.0,250000.0,0.0,0.0,EUR,France,,False,False,0.0,False,,,False
EVT_002514,BA001078,RAP,Rachat partiel,VAL,2026-04-09,2026-04-09,-24000.0,-24000.0,0.0,2955.63,EUR,France,France,False,False,0.0,False,,,False
EVT_002515,BA001079,OUV,Ouverture / Souscription,VAL,2022-10-21,2022-10-21,250000.0,250000.0,0.0,0.0,EUR,Belgium,,True,False,0.0,False,,,False
EVT_002516,BA001080,OUV,Ouverture / Souscription,VAL,2025-03-06,2025-03-06,250000.0,250000.0,0.0,0.0,EUR,Belgium,,False,False,0.0,False,,,False
EVT_002517,BA001081,OUV,Ouverture / Souscription,VAL,2020-12-22,2020-12-22,794000.0,794000.0,0.0,0.0,EUR,Luxembourg,,False,False,0.0,False,,,False
EVT_002518,BA001081,VLC,Versement libre complémentaire,VAL,2022-05-08,2022-05-08,47000.0,47000.0,0.0,0.0,EUR,Luxembourg,,False,False,0.0,False,,,False
EVT_002519,BA001081,VLC,Versement libre complémentaire,VAL,2025-04-10,2025-04-10,47000.0,47000.0,0.0,0.0,EUR,Luxembourg,,False,False,0.0,False,,,False
EVT_002520,BA001082,OUV,Ouverture / Souscription,VAL,2022-11-19,2022-11-19,454000.0,454000.0,0.0,0.0,EUR,France,,True,False,0.0,False,,,False
EVT_002521,BA001082,ARB,Arbitrage entre fonds,VAL,2023-09-08,2023-09-08,68000.0,68000.0,340.0,0.0,EUR,,,False,False,0.0,False,XS2428662824,FR0010392225,False
EVT_002522,BA001083,OUV,Ouverture / Souscription,VAL,2025-07-30,2025-07-30,250000.0,250000.0,0.0,0.0,EUR,Belgium,,False,False,0.0,False,,,False
EVT_002523,BA001083,VLC,Versement libre complémentaire,VAL,2029-03-01,2029-03-01,48000.0,48000.0,0.0,0.0,EUR,Belgium,,False,False,0.0,False,,,False
EVT_002524,BA001083,VLC,Versement libre complémentaire,VAL,2029-10-17,2029-10-17,48000.0,48000.0,0.0,0.0,EUR,Belgium,,False,False,0.0,False,,,False
EVT_002525,BA001083,RAP,Rachat partiel,VAL,2029-10-14,2029-10-14,-28000.0,-28000.0,0.0,726.15,EUR,Belgium,Belgium,False,False,0.0,False,,,False
EVT_002526,BA001083,RAP,Rachat partiel,VAL,2029-05-08,2029-05-08,-28000.0,-28000.0,0.0,3787.47,EUR,Belgium,Belgium,False,False,0.0,False,,,False
EVT_002527,BA001084,OUV,Ouverture / Souscription,VAL,2025-09-14,2025-09-14,250000.0,250000.0,0.0,0.0,EUR,Belgium,,False,False,0.0,False,,,False
EVT_002528,BA001084,ARB,Arbitrage entre fonds,VAL,2027-05-28,2027-05-28,47000.0,47000.0,235.0,0.0,EUR,,,False,False,0.0,False,LU0104884860,XS2428662824,False
EVT_002529,BA001084,RAP,Rachat partiel,VAL,2027-01-12,2027-01-12,-97000.0,-97000.0,0.0,11957.72,EUR,Belgium,Belgium,False,False,0.0,False,,,False
EVT_002530,BA001085,OUV,Ouverture / Souscription,VAL,2018-11-21,2018-11-21,983000.0,983000.0,0.0,0.0,EUR,Luxembourg,,False,False,0.0,False,,,False
EVT_002531,BA001086,OUV,Ouverture / Souscription,VAL,2019-01-22,2019-01-22,299000.0,299000.0,0.0,0.0,EUR,France,,True,False,0.0,False,,,False
EVT_002532,BA001086,VLC,Versement libre complémentaire,VAL,2023-02-11,2023-02-11,72000.0,72000.0,0.0,0.0,EUR,France,,False,False,0.0,False,,,False
EVT_002533,BA001086,RAP,Rachat partiel,VAL,2023-03-18,2023-03-18,-36000.0,-36000.0,0.0,3868.04,EUR,France,France,False,False,0.0,False,,,False
EVT_002534,BA001086,RAP,Rachat partiel,VAL,2020-07-25,2020-07-25,-36000.0,-34920.0,1080.0,0.0,EUR,France,France,False,True,1080.0,False,,,False
EVT_002535,BA001087,OUV,Ouverture / Souscription,VAL,2026-01-13,2026-01-13,250000.0,250000.0,0.0,0.0,EUR,France,,False,False,0.0,False,,,False
EVT_002536,BA001087,VLC,Versement libre complémentaire,VAL,2029-12-13,2029-12-13,12000.0,12000.0,0.0,0.0,EUR,France,,False,False,0.0,False,,,False
EVT_002537,BA001087,VLC,Versement libre complémentaire,VAL,2030-03-02,2030-03-02,12000.0,12000.0,0.0,0.0,EUR,France,,False,False,0.0,False,,,False
EVT_002538,BA001087,VLC,Versement libre complémentaire,VAL,2028-09-27,2028-09-27,12000.0,12000.0,0.0,0.0,EUR,France,,False,False,0.0,False,,,False
EVT_002539,BA001088,OUV,Ouverture / Souscription,VAL,2023-01-08,2023-01-08,367000.0,367000.0,0.0,0.0,EUR,France,,False,False,0.0,False,,,False
EVT_002540,BA001088,VLC,Versement libre complémentaire,VAL,2023-12-23,2023-12-23,34000.0,34000.0,0.0,0.0,EUR,France,,False,False,0.0,False,,,False
EVT_002541,BA001088,VLC,Versement libre complémentaire,VAL,2027-11-13,2027-11-13,34000.0,34000.0,0.0,0.0,EUR,France,,False,False,0.0,False,,,False
EVT_002542,BA001089,OUV,Ouverture / Souscription,VAL,2023-06-07,2023-06-07,250000.0,250000.0,0.0,0.0,EUR,France,,False,False,0.0,False,,,False
EVT_002543,BA001090,OUV,Ouverture / Souscription,VAL,2019-07-26,2019-07-26,353000.0,353000.0,0.0,0.0,EUR,Sweden,,False,False,0.0,False,,,False
EVT_002544,BA001090,VLC,Versement libre complémentaire,VAL,2020-03-21,2020-03-21,52000.0,52000.0,0.0,0.0,EUR,Sweden,,False,False,0.0,False,,,False
EVT_002545,BA001090,RAP,Rachat partiel,VAL,2022-07-17,2022-07-17,-65000.0,-65000.0,0.0,4398.35,EUR,Sweden,Sweden,False,False,0.0,False,,,False
EVT_002546,BA001091,OUV,Ouverture / Souscription,VAL,2020-09-16,2020-09-16,541000.0,541000.0,0.0,0.0,EUR,Portugal,,False,False,0.0,False,,,False
EVT_002547,BA001092,OUV,Ouverture / Souscription,VAL,2021-03-22,2021-03-22,468000.0,468000.0,0.0,0.0,EUR,France,,False,False,0.0,False,,,False
EVT_002548,BA001092,RAP,Rachat partiel,VAL,2025-12-04,2025-12-04,-84000.0,-84000.0,0.0,8793.5,EUR,France,France,False,False,0.0,False,,,False
EVT_002549,BA001092,RAP,Rachat partiel,VAL,2023-11-18,2023-11-18,-84000.0,-84000.0,0.0,11134.46,EUR,France,France,False,False,0.0,False,,,False
EVT_002550,BA001093,OUV,Ouverture / Souscription,VAL,2024-11-17,2024-11-17,250000.0,250000.0,0.0,0.0,EUR,France,,False,False,0.0,False,,,False
EVT_002551,BA001094,OUV,Ouverture / Souscription,VAL,2021-08-21,2021-08-21,250000.0,250000.0,0.0,0.0,EUR,Italy,,False,False,0.0,False,,,False
EVT_002552,BA001094,RAP,Rachat partiel,VAL,2026-11-01,2026-11-01,-23000.0,-23000.0,0.0,1342.67,EUR,Italy,Italy,False,False,0.0,False,,,False
EVT_002553,BA001095,OUV,Ouverture / Souscription,VAL,2021-01-01,2021-01-01,250000.0,250000.0,0.0,0.0,EUR,Italy,,False,False,0.0,False,,,False
EVT_002554,BA001095,VLC,Versement libre complémentaire,VAL,2025-05-24,2025-05-24,23000.0,23000.0,0.0,0.0,EUR,Italy,,False,False,0.0,False,,,False
EVT_002555,BA001096,OUV,Ouverture / Souscription,VAL,2021-09-18,2021-09-18,338000.0,338000.0,0.0,0.0,EUR,France,,False,False,0.0,False,,,False
EVT_002556,BA001096,VLC,Versement libre complémentaire,VAL,2023-11-14,2023-11-14,118000.0,118000.0,0.0,0.0,EUR,France,,False,False,0.0,False,,,False
EVT_002557,BA001097,OUV,Ouverture / Souscription,VAL,2019-08-16,2019-08-16,577000.0,577000.0,0.0,0.0,EUR,France,,False,False,0.0,False,,,False
EVT_002558,BA001097,ARB,Arbitrage entre fonds,VAL,2020-08-27,2020-08-27,162000.0,162000.0,810.0,0.0,EUR,,,False,False,0.0,False,PE_CAY_01,FR0010392225,False
EVT_002559,BA001098,OUV,Ouverture / Souscription,VAL,2022-04-04,2022-04-04,250000.0,250000.0,0.0,0.0,EUR,France,,False,False,0.0,False,,,False
EVT_002560,BA001098,VLC,Versement libre complémentaire,VAL,2024-04-28,2024-04-28,33000.0,33000.0,0.0,0.0,EUR,France,,False,False,0.0,False,,,False
EVT_002561,BA001098,ARB,Arbitrage entre fonds,VAL,2024-09-15,2024-09-15,54000.0,54000.0,0.0,0.0,EUR,,,False,False,0.0,False,FID_BNP,LU0255977539,False
EVT_002562,BA001099,OUV,Ouverture / Souscription,VAL,2020-06-30,2020-06-30,250000.0,250000.0,0.0,0.0,EUR,France,,False,False,0.0,False,,,False
EVT_002563,BA001100,OUV,Ouverture / Souscription,VAL,2019-02-13,2019-02-13,782000.0,782000.0,0.0,0.0,EUR,France,,False,False,0.0,False,,,False
EVT_002564,BA001100,VLC,Versement libre complémentaire,VAL,2020-01-07,2020-01-07,172000.0,172000.0,0.0,0.0,EUR,France,,False,False,0.0,False,,,False
EVT_002565,BA001101,OUV,Ouverture / Souscription,VAL,2021-02-28,2021-02-28,250000.0,250000.0,0.0,0.0,EUR,France,,False,False,0.0,False,,,False
EVT_002566,BA001102,OUV,Ouverture / Souscription,VAL,2024-05-24,2024-05-24,312000.0,312000.0,0.0,0.0,EUR,Portugal,,False,False,0.0,False,,,False
EVT_002567,BA001102,VLC,Versement libre complémentaire,VAL,2025-01-11,2025-01-11,26000.0,26000.0,0.0,0.0,EUR,Portugal,,False,False,0.0,False,,,False
EVT_002568,BA001102,VLC,Versement libre complémentaire,VAL,2026-04-30,2026-04-30,26000.0,26000.0,0.0,0.0,EUR,Portugal,,False,False,0.0,False,,,False
EVT_002569,BA001103,OUV,Ouverture / Souscription,VAL,2021-02-13,2021-02-13,1040000.0,1040000.0,0.0,0.0,EUR,Portugal,,False,False,0.0,False,,,False
EVT_002570,BA001103,VLC,Versement libre complémentaire,VAL,2025-08-25,2025-08-25,43000.0,43000.0,0.0,0.0,EUR,Portugal,,False,False,0.0,False,,,False
EVT_002571,BA001103,VLC,Versement libre complémentaire,VAL,2022-03-14,2022-03-14,43000.0,43000.0,0.0,0.0,EUR,Portugal,,False,False,0.0,False,,,False
EVT_002572,BA001103,RAP,Rachat partiel,VAL,2025-11-30,2025-11-30,-61000.0,-61000.0,0.0,4907.06,EUR,Portugal,Portugal,False,False,0.0,False,,,False
EVT_002573,BA001103,RAP,Rachat partiel,VAL,2024-01-06,2024-01-06,-61000.0,-61000.0,0.0,5497.06,EUR,Portugal,Portugal,False,False,0.0,False,,,False
EVT_002574,BA001104,OUV,Ouverture / Souscription,VAL,2020-06-12,2020-06-12,1217000.0,1217000.0,0.0,0.0,EUR,France,,False,False,0.0,False,,,False
EVT_002575,BA001105,OUV,Ouverture / Souscription,VAL,2021-08-12,2021-08-12,543000.0,543000.0,0.0,0.0,EUR,France,,False,False,0.0,False,,,False
EVT_002576,BA001105,ARB,Arbitrage entre fonds,VAL,2023-02-13,2023-02-13,169000.0,169000.0,845.0,0.0,EUR,,,False,False,0.0,False,XS2428662824,FR0010392225,False
EVT_002577,BA001106,OUV,Ouverture / Souscription,VAL,2022-09-06,2022-09-06,675000.0,675000.0,0.0,0.0,EUR,Germany,,False,False,0.0,False,,,False
EVT_002578,BA001106,VLC,Versement libre complémentaire,VAL,2024-09-27,2024-09-27,108000.0,108000.0,0.0,0.0,EUR,Germany,,False,False,0.0,False,,,False
EVT_002579,BA001106,VLC,Versement libre complémentaire,VAL,2026-07-22,2026-07-22,108000.0,108000.0,0.0,0.0,EUR,Germany,,False,False,0.0,False,,,False
EVT_002580,BA001107,OUV,Ouverture / Souscription,VAL,2021-12-25,2021-12-25,281000.0,281000.0,0.0,0.0,EUR,France,,False,False,0.0,False,,,False
EVT_002581,BA001107,VLC,Versement libre complémentaire,VAL,2025-09-29,2025-09-29,29000.0,29000.0,0.0,0.0,EUR,France,,False,False,0.0,False,,,False
EVT_002582,BA001108,OUV,Ouverture / Souscription,VAL,2024-01-03,2024-01-03,250000.0,250000.0,0.0,0.0,EUR,France,,False,False,0.0,False,,,False
EVT_002583,BA001109,OUV,Ouverture / Souscription,VAL,2021-05-03,2021-05-03,2037000.0,2037000.0,0.0,0.0,EUR,Luxembourg,,False,False,0.0,False,,,False
EVT_002584,BA001110,OUV,Ouverture / Souscription,VAL,2023-05-18,2023-05-18,714000.0,714000.0,0.0,0.0,EUR,France,,False,False,0.0,False,,,False
EVT_002585,BA001111,OUV,Ouverture / Souscription,VAL,2024-03-18,2024-03-18,337000.0,337000.0,0.0,0.0,EUR,Portugal,,False,False,0.0,False,,,False
EVT_002586,BA001111,VLC,Versement libre complémentaire,VAL,2027-09-24,2027-09-24,82000.0,82000.0,0.0,0.0,EUR,Portugal,,False,False,0.0,False,,,False
EVT_002587,BA001112,OUV,Ouverture / Souscription,VAL,2018-11-05,2018-11-05,424000.0,424000.0,0.0,0.0,EUR,Belgium,,False,False,0.0,False,,,False
EVT_002588,BA001112,VLC,Versement libre complémentaire,VAL,2023-08-29,2023-08-29,80000.0,80000.0,0.0,0.0,EUR,Belgium,,False,False,0.0,False,,,False
EVT_002589,BA001112,ARB,Arbitrage entre fonds,VAL,2020-04-16,2020-04-16,129000.0,129000.0,645.0,0.0,EUR,,,False,False,0.0,False,FID_BNP,XS2428662824,False
EVT_002590,BA001113,OUV,Ouverture / Souscription,VAL,2024-03-21,2024-03-21,250000.0,250000.0,0.0,0.0,EUR,France,,False,False,0.0,False,,,False
EVT_002591,BA001114,OUV,Ouverture / Souscription,VAL,2019-09-28,2019-09-28,446000.0,446000.0,0.0,0.0,EUR,France,,True,False,0.0,False,,,False
EVT_002592,BA001114,VLC,Versement libre complémentaire,VAL,2020-05-31,2020-05-31,46000.0,46000.0,0.0,0.0,EUR,France,,True,False,0.0,False,,,False
EVT_002593,BA001114,ARB,Arbitrage entre fonds,VAL,2022-08-12,2022-08-12,54000.0,54000.0,270.0,0.0,EUR,,,False,False,0.0,False,XS2428662824,FID_UBS,False
EVT_002594,BA001114,ARB,Arbitrage entre fonds,VAL,2023-06-10,2023-06-10,116000.0,116000.0,580.0,0.0,EUR,,,False,False,0.0,False,XS2428662824,FID_UBS,False
EVT_002595,BA001114,ARB,Arbitrage entre fonds,VAL,2022-05-14,2022-05-14,64000.0,64000.0,320.0,0.0,EUR,,,False,False,0.0,False,FID_UBS,XS2428662824,False
EVT_002596,BA001114,RAP,Rachat partiel,VAL,2021-01-08,2021-01-08,-62000.0,-62000.0,0.0,6355.32,EUR,France,France,False,False,0.0,False,,,False
EVT_002597,BA001114,RAP,Rachat partiel,VAL,2024-12-15,2024-12-15,-62000.0,-62000.0,0.0,5326.08,EUR,France,France,False,False,0.0,False,,,False
EVT_002598,BA001115,OUV,Ouverture / Souscription,VAL,2023-05-05,2023-05-05,316000.0,316000.0,0.0,0.0,EUR,France,,False,False,0.0,False,,,False
EVT_002599,BA001115,VLC,Versement libre complémentaire,VAL,2026-01-04,2026-01-04,74000.0,74000.0,0.0,0.0,EUR,France,,False,False,0.0,False,,,False
EVT_002600,BA001116,OUV,Ouverture / Souscription,VAL,2022-07-23,2022-07-23,250000.0,250000.0,0.0,0.0,EUR,France,,False,False,0.0,False,,,False
EVT_002601,BA001116,RAP,Rachat partiel,VAL,2027-06-10,2027-06-10,-34000.0,-34000.0,0.0,4737.67,EUR,France,France,False,False,0.0,False,,,False
EVT_002602,BA001116,RAP,Rachat partiel,VAL,2027-10-11,2027-10-11,-34000.0,-34000.0,0.0,5051.56,EUR,France,France,True,False,0.0,False,,,False
EVT_002603,BA001117,OUV,Ouverture / Souscription,VAL,2019-07-15,2019-07-15,250000.0,250000.0,0.0,0.0,EUR,France,,False,False,0.0,False,,,False
EVT_002604,BA001118,OUV,Ouverture / Souscription,VAL,2021-01-28,2021-01-28,411000.0,411000.0,0.0,0.0,EUR,Italy,,False,False,0.0,False,,,False
EVT_002605,BA001118,VLC,Versement libre complémentaire,VAL,2022-03-03,2022-03-03,13000.0,13000.0,0.0,0.0,EUR,Italy,,False,False,0.0,False,,,False
EVT_002606,BA001118,VLC,Versement libre complémentaire,VAL,2023-08-18,2023-08-18,13000.0,13000.0,0.0,0.0,EUR,Italy,,False,False,0.0,False,,,False
EVT_002607,BA001118,ARB,Arbitrage entre fonds,VAL,2022-08-15,2022-08-15,152000.0,152000.0,0.0,0.0,EUR,,,False,False,0.0,False,FID_UBS,FR0010392225,False
EVT_002608,BA001118,ARB,Arbitrage entre fonds,VAL,2023-12-05,2023-12-05,38000.0,38000.0,190.0,0.0,EUR,,,False,False,0.0,False,FR0010392225,FID_UBS,False
EVT_002609,BA001119,OUV,Ouverture / Souscription,VAL,2019-03-21,2019-03-21,662000.0,662000.0,0.0,0.0,EUR,France,,False,False,0.0,False,,,False
EVT_002610,BA001120,OUV,Ouverture / Souscription,VAL,2020-12-15,2020-12-15,681000.0,681000.0,0.0,0.0,EUR,Sweden,,False,False,0.0,False,,,False
EVT_002611,BA001120,VLC,Versement libre complémentaire,VAL,2021-12-24,2021-12-24,53000.0,53000.0,0.0,0.0,EUR,Sweden,,False,False,0.0,False,,,False
EVT_002612,BA001121,OUV,Ouverture / Souscription,VAL,2020-02-19,2020-02-19,250000.0,250000.0,0.0,0.0,EUR,France,,False,False,0.0,False,,,False
EVT_002613,BA001121,VLC,Versement libre complémentaire,VAL,2023-01-12,2023-01-12,10000.0,10000.0,0.0,0.0,EUR,France,,False,False,0.0,False,,,False
EVT_002614,BA001121,VLC,Versement libre complémentaire,VAL,2022-09-08,2022-09-08,10000.0,10000.0,0.0,0.0,EUR,France,,False,False,0.0,False,,,False
EVT_002615,BA001121,VLC,Versement libre complémentaire,VAL,2022-07-01,2022-07-01,10000.0,10000.0,0.0,0.0,EUR,France,,False,False,0.0,False,,,False
EVT_002616,BA001121,RAP,Rachat partiel,VAL,2021-10-04,2021-10-04,-55000.0,-55000.0,0.0,4328.94,EUR,France,France,False,False,0.0,False,,,False
EVT_002617,BA001122,OUV,Ouverture / Souscription,VAL,2020-06-22,2020-06-22,250000.0,250000.0,0.0,0.0,EUR,France,,False,False,0.0,False,,,False
EVT_002618,BA001122,VLC,Versement libre complémentaire,VAL,2023-03-07,2023-03-07,35000.0,35000.0,0.0,0.0,EUR,France,,False,False,0.0,False,,,False
EVT_002619,BA001122,RAP,Rachat partiel,VAL,2023-04-26,2023-04-26,-78000.0,-78000.0,0.0,9991.09,EUR,France,France,False,False,0.0,False,,,False
EVT_002620,BA001123,OUV,Ouverture / Souscription,VAL,2019-12-21,2019-12-21,250000.0,250000.0,0.0,0.0,EUR,Belgium,,False,False,0.0,False,,,False
EVT_002621,BA001124,OUV,Ouverture / Souscription,VAL,2023-02-24,2023-02-24,477000.0,477000.0,0.0,0.0,EUR,France,,False,False,0.0,False,,,False
EVT_002622,BA001124,VLC,Versement libre complémentaire,VAL,2028-05-08,2028-05-08,36000.0,36000.0,0.0,0.0,EUR,France,,False,False,0.0,False,,,False
EVT_002623,BA001124,VLC,Versement libre complémentaire,VAL,2026-09-20,2026-09-20,36000.0,36000.0,0.0,0.0,EUR,France,,False,False,0.0,False,,,False
EVT_002624,BA001124,ARB,Arbitrage entre fonds,VAL,2024-06-08,2024-06-08,84000.0,84000.0,420.0,0.0,EUR,,,False,False,0.0,False,FR001400OJI4,XS2428662824,False
EVT_002625,BA001125,OUV,Ouverture / Souscription,VAL,2021-09-20,2021-09-20,250000.0,250000.0,0.0,0.0,EUR,France,,False,False,0.0,False,,,False
EVT_002626,BA001126,OUV,Ouverture / Souscription,VAL,2026-05-29,2026-05-29,595000.0,595000.0,0.0,0.0,EUR,France,,False,False,0.0,False,,,False
EVT_002627,BA001127,OUV,Ouverture / Souscription,VAL,2023-09-26,2023-09-26,250000.0,250000.0,0.0,0.0,EUR,France,,False,False,0.0,False,,,False
EVT_002628,BA001127,VLC,Versement libre complémentaire,VAL,2025-06-19,2025-06-19,6000.0,6000.0,0.0,0.0,EUR,France,,False,False,0.0,False,,,False
EVT_002629,BA001127,VLC,Versement libre complémentaire,VAL,2027-06-09,2027-06-09,6000.0,6000.0,0.0,0.0,EUR,France,,False,False,0.0,False,,,False
EVT_002630,BA001128,OUV,Ouverture / Souscription,VAL,2020-11-14,2020-11-14,765000.0,765000.0,0.0,0.0,EUR,Belgium,,False,False,0.0,False,,,False
EVT_002631,BA001129,OUV,Ouverture / Souscription,VAL,2019-12-31,2019-12-31,547000.0,547000.0,0.0,0.0,EUR,Belgium,,False,False,0.0,False,,,False
EVT_002632,BA001129,VLC,Versement libre complémentaire,VAL,2024-03-27,2024-03-27,18000.0,18000.0,0.0,0.0,EUR,Belgium,,False,False,0.0,False,,,False
EVT_002633,BA001129,VLC,Versement libre complémentaire,VAL,2024-03-03,2024-03-03,18000.0,18000.0,0.0,0.0,EUR,Belgium,,False,False,0.0,False,,,False
EVT_002634,BA001129,RAP,Rachat partiel,VAL,2021-01-18,2021-01-18,-94000.0,-94000.0,0.0,10733.36,EUR,Belgium,Belgium,False,False,0.0,False,,,False
EVT_002635,BA001129,RAP,Rachat partiel,VAL,2022-06-20,2022-06-20,-94000.0,-94000.0,0.0,13687.55,EUR,Belgium,Belgium,False,False,0.0,False,,,False
EVT_002636,BA001130,OUV,Ouverture / Souscription,VAL,2023-11-13,2023-11-13,1193000.0,1193000.0,0.0,0.0,EUR,France,,False,False,0.0,False,,,False
EVT_002637,BA001131,OUV,Ouverture / Souscription,VAL,2023-04-06,2023-04-06,1636000.0,1636000.0,0.0,0.0,EUR,France,,False,False,0.0,False,,,False
EVT_002638,BA001132,OUV,Ouverture / Souscription,VAL,2020-04-06,2020-04-06,2650000.0,2650000.0,0.0,0.0,EUR,France,,False,False,0.0,False,,,False
EVT_002639,BA001132,RAP,Rachat partiel,VAL,2024-03-05,2024-03-05,-992000.0,-992000.0,0.0,113773.83,EUR,France,France,False,False,0.0,False,,,False
EVT_002640,BA001133,OUV,Ouverture / Souscription,VAL,2022-06-16,2022-06-16,250000.0,250000.0,0.0,0.0,EUR,France,,False,False,0.0,False,,,False
EVT_002641,BA001133,VLC,Versement libre complémentaire,VAL,2026-08-06,2026-08-06,75000.0,75000.0,0.0,0.0,EUR,France,,False,False,0.0,False,,,False
EVT_002642,BA001134,OUV,Ouverture / Souscription,VAL,2020-10-10,2020-10-10,250000.0,250000.0,0.0,0.0,EUR,France,,False,False,0.0,False,,,False
EVT_002643,BA001134,VLC,Versement libre complémentaire,VAL,2025-04-16,2025-04-16,46000.0,46000.0,0.0,0.0,EUR,France,,False,False,0.0,False,,,False
EVT_002644,BA001135,OUV,Ouverture / Souscription,VAL,2025-01-18,2025-01-18,479000.0,479000.0,0.0,0.0,EUR,France,,False,False,0.0,False,,,False
EVT_002645,BA001135,VLC,Versement libre complémentaire,VAL,2029-02-13,2029-02-13,32000.0,32000.0,0.0,0.0,EUR,France,,False,False,0.0,False,,,False
EVT_002646,BA001136,OUV,Ouverture / Souscription,VAL,2024-06-17,2024-06-17,791000.0,791000.0,0.0,0.0,EUR,France,,False,False,0.0,False,,,False
EVT_002647,BA001136,VLC,Versement libre complémentaire,VAL,2028-10-20,2028-10-20,114000.0,114000.0,0.0,0.0,EUR,France,,False,False,0.0,False,,,False
EVT_002648,BA001136,VLC,Versement libre complémentaire,VAL,2029-10-07,2029-10-07,114000.0,114000.0,0.0,0.0,EUR,France,,False,False,0.0,False,,,False
EVT_002649,BA001137,OUV,Ouverture / Souscription,VAL,2025-12-13,2025-12-13,976000.0,976000.0,0.0,0.0,EUR,France,,False,False,0.0,False,,,False
EVT_002650,BA001137,VLC,Versement libre complémentaire,VAL,2028-01-28,2028-01-28,50000.0,50000.0,0.0,0.0,EUR,France,,False,False,0.0,False,,,False
EVT_002651,BA001137,ARB,Arbitrage entre fonds,VAL,2030-01-10,2030-01-10,92000.0,92000.0,0.0,0.0,EUR,,,False,False,0.0,False,FAS_ROT,FR001400OJI4,False
EVT_002652,BA001137,ARB,Arbitrage entre fonds,VAL,2029-01-18,2029-01-18,220000.0,220000.0,0.0,0.0,EUR,,,False,False,0.0,False,FAS_ROT,FR001400OJI4,False
EVT_002653,BA001137,RAP,Rachat partiel,VAL,2030-02-25,2030-02-25,-220000.0,-220000.0,0.0,30385.27,EUR,France,France,False,False,0.0,False,,,False
EVT_002654,BA001138,OUV,Ouverture / Souscription,VAL,2020-07-02,2020-07-02,973000.0,973000.0,0.0,0.0,EUR,Finland,,False,False,0.0,False,,,False
EVT_002655,BA001138,VLC,Versement libre complémentaire,VAL,2022-12-18,2022-12-18,193000.0,193000.0,0.0,0.0,EUR,Finland,,False,False,0.0,False,,,False
EVT_002656,BA001139,OUV,Ouverture / Souscription,VAL,2019-10-22,2019-10-22,388000.0,388000.0,0.0,0.0,EUR,France,,False,False,0.0,False,,,False
EVT_002657,BA001139,RAP,Rachat partiel,VAL,2021-11-01,2021-11-01,-21000.0,-21000.0,0.0,979.19,EUR,France,France,False,False,0.0,False,,,False
EVT_002658,BA001139,RAP,Rachat partiel,VAL,2022-09-27,2022-09-27,-21000.0,-21000.0,0.0,2310.21,EUR,France,France,False,False,0.0,False,,,False
EVT_002659,BA001139,RAP,Rachat partiel,VAL,2023-02-04,2023-02-04,-21000.0,-21000.0,0.0,2137.16,EUR,France,France,False,False,0.0,False,,,False
EVT_002660,BA001140,OUV,Ouverture / Souscription,VAL,2020-05-30,2020-05-30,1419000.0,1419000.0,0.0,0.0,EUR,Finland,,False,False,0.0,False,,,False
EVT_002661,BA001140,ARB,Arbitrage entre fonds,VAL,2022-02-12,2022-02-12,248000.0,248000.0,1240.0,0.0,EUR,,,False,False,0.0,False,FID_BNP,FR0010392225,False
EVT_002662,BA001141,OUV,Ouverture / Souscription,VAL,2023-12-27,2023-12-27,890000.0,890000.0,0.0,0.0,EUR,Finland,,False,False,0.0,False,,,False
EVT_002663,BA001141,VLC,Versement libre complémentaire,VAL,2026-02-08,2026-02-08,505000.0,505000.0,0.0,0.0,EUR,Finland,,False,False,0.0,False,,,False
EVT_002664,BA001141,RAP,Rachat partiel,VAL,2026-03-03,2026-03-03,-88000.0,-88000.0,0.0,9084.81,EUR,Finland,Finland,False,False,0.0,False,,,False
EVT_002665,BA001142,OUV,Ouverture / Souscription,VAL,2022-02-16,2022-02-16,250000.0,250000.0,0.0,0.0,EUR,France,,False,False,0.0,False,,,False
EVT_002666,BA001143,OUV,Ouverture / Souscription,VAL,2021-06-03,2021-06-03,250000.0,250000.0,0.0,0.0,EUR,Belgium,,False,False,0.0,False,,,False
EVT_002667,BA001143,VLC,Versement libre complémentaire,VAL,2025-12-11,2025-12-11,23000.0,23000.0,0.0,0.0,EUR,Belgium,,False,False,0.0,False,,,False
EVT_002668,BA001143,ARB,Arbitrage entre fonds,VAL,2022-04-02,2022-04-02,54000.0,54000.0,0.0,0.0,EUR,,,False,False,0.0,False,FR001400OJI4,FID_BNP,False
EVT_002669,BA001143,ARB,Arbitrage entre fonds,VAL,2024-10-14,2024-10-14,33000.0,33000.0,0.0,0.0,EUR,,,False,False,0.0,False,FR001400OJI4,FID_BNP,False
EVT_002670,BA001144,OUV,Ouverture / Souscription,VAL,2021-09-24,2021-09-24,255000.0,255000.0,0.0,0.0,EUR,Portugal,,False,False,0.0,False,,,False
EVT_002671,BA001145,OUV,Ouverture / Souscription,VAL,2020-05-11,2020-05-11,381000.0,381000.0,0.0,0.0,EUR,Italy,,False,False,0.0,False,,,False
EVT_002672,BA001145,VLC,Versement libre complémentaire,VAL,2025-09-06,2025-09-06,173000.0,173000.0,0.0,0.0,EUR,Italy,,False,False,0.0,False,,,False
EVT_002673,BA001145,ARB,Arbitrage entre fonds,VAL,2024-05-12,2024-05-12,90000.0,90000.0,450.0,0.0,EUR,,,False,False,0.0,False,LU0104884860,FR0010923383,False
EVT_002674,BA001146,OUV,Ouverture / Souscription,VAL,2019-04-07,2019-04-07,365000.0,365000.0,0.0,0.0,EUR,Italy,,False,False,0.0,False,,,False
EVT_002675,BA001146,VLC,Versement libre complémentaire,VAL,2020-05-04,2020-05-04,163000.0,163000.0,0.0,0.0,EUR,Italy,,False,False,0.0,False,,,False
EVT_002676,BA001146,RAP,Rachat partiel,VAL,2023-12-02,2023-12-02,-45000.0,-45000.0,0.0,6282.16,EUR,Italy,Italy,False,False,0.0,False,,,False
EVT_002677,BA001146,RAP,Rachat partiel,VAL,2021-09-01,2021-09-01,-45000.0,-45000.0,0.0,5871.22,EUR,Italy,Italy,False,False,0.0,False,,,False
EVT_002678,BA001146,RAP,Rachat partiel,VAL,2022-01-02,2022-01-02,-45000.0,-45000.0,0.0,3246.52,EUR,Italy,Italy,False,False,0.0,False,,,False
EVT_002679,BA001147,OUV,Ouverture / Souscription,VAL,2025-12-10,2025-12-10,343000.0,343000.0,0.0,0.0,EUR,Italy,,False,False,0.0,False,,,False
EVT_002680,BA001147,VLC,Versement libre complémentaire,VAL,2029-10-03,2029-10-03,117000.0,117000.0,0.0,0.0,EUR,Italy,,False,False,0.0,False,,,False
EVT_002681,BA001147,RAP,Rachat partiel,VAL,2027-01-07,2027-01-07,-52000.0,-52000.0,0.0,5688.68,EUR,Italy,Italy,False,False,0.0,False,,,False
EVT_002682,BA001148,OUV,Ouverture / Souscription,VAL,2021-09-27,2021-09-27,250000.0,250000.0,0.0,0.0,EUR,Italy,,False,False,0.0,False,,,False
EVT_002683,BA001148,VLC,Versement libre complémentaire,VAL,2025-10-31,2025-10-31,118000.0,118000.0,0.0,0.0,EUR,Italy,,False,False,0.0,False,,,False
EVT_002684,BA001148,RAP,Rachat partiel,VAL,2022-04-09,2022-04-09,-52000.0,-52000.0,0.0,3436.06,EUR,Italy,Italy,False,False,0.0,False,,,False
EVT_002685,BA001148,RAP,Rachat partiel,VAL,2023-09-09,2023-09-09,-52000.0,-52000.0,0.0,5834.37,EUR,Italy,Italy,False,False,0.0,False,,,False
EVT_002686,BA001149,OUV,Ouverture / Souscription,VAL,2019-02-14,2019-02-14,250000.0,250000.0,0.0,0.0,EUR,France,,False,False,0.0,False,,,False
EVT_002687,BA001150,OUV,Ouverture / Souscription,VAL,2023-11-26,2023-11-26,617000.0,617000.0,0.0,0.0,EUR,France,,False,False,0.0,False,,,False
EVT_002688,BA001150,RAP,Rachat partiel,VAL,2025-01-14,2025-01-14,-269000.0,-269000.0,0.0,28687.16,EUR,France,France,False,False,0.0,False,,,False
EVT_002689,BA001151,OUV,Ouverture / Souscription,VAL,2018-11-20,2018-11-20,271000.0,271000.0,0.0,0.0,EUR,France,,False,False,0.0,False,,,False
EVT_002690,BA001152,OUV,Ouverture / Souscription,VAL,2021-11-14,2021-11-14,250000.0,250000.0,0.0,0.0,EUR,France,,False,False,0.0,False,,,False
EVT_002691,BA001152,RAP,Rachat partiel,VAL,2023-09-06,2023-09-06,-75000.0,-75000.0,0.0,7414.81,EUR,France,France,False,False,0.0,False,,,False
EVT_002692,BA001153,OUV,Ouverture / Souscription,VAL,2022-06-21,2022-06-21,678000.0,678000.0,0.0,0.0,EUR,Italy,,False,False,0.0,False,,,False
EVT_002693,BA001153,VLC,Versement libre complémentaire,VAL,2023-09-05,2023-09-05,151000.0,151000.0,0.0,0.0,EUR,Italy,,False,False,0.0,False,,,False
EVT_002694,BA001153,VLC,Versement libre complémentaire,VAL,2024-12-29,2024-12-29,151000.0,151000.0,0.0,0.0,EUR,Italy,,False,False,0.0,False,,,False
EVT_002695,BA001154,OUV,Ouverture / Souscription,VAL,2019-06-25,2019-06-25,2099000.0,2099000.0,0.0,0.0,EUR,France,,False,False,0.0,False,,,False
EVT_002696,BA001154,VLC,Versement libre complémentaire,VAL,2023-01-03,2023-01-03,172000.0,172000.0,0.0,0.0,EUR,France,,False,False,0.0,False,,,False
EVT_002697,BA001154,VLC,Versement libre complémentaire,VAL,2022-02-21,2022-02-21,172000.0,172000.0,0.0,0.0,EUR,France,,False,False,0.0,False,,,False
EVT_002698,BA001155,OUV,Ouverture / Souscription,VAL,2026-02-17,2026-02-17,1672000.0,1672000.0,0.0,0.0,EUR,Norway,,False,False,0.0,False,,,False
EVT_002699,BA001155,RAP,Rachat partiel,VAL,2028-05-10,2028-05-10,-80000.0,-80000.0,0.0,6008.74,EUR,Norway,Norway,False,False,0.0,False,,,False
EVT_002700,BA001155,RAP,Rachat partiel,VAL,2028-05-14,2028-05-14,-80000.0,-80000.0,0.0,9997.08,EUR,Norway,Norway,False,False,0.0,False,,,False
EVT_002701,BA001156,OUV,Ouverture / Souscription,VAL,2025-11-14,2025-11-14,566000.0,566000.0,0.0,0.0,EUR,France,,False,False,0.0,False,,,False
EVT_002702,BA001157,OUV,Ouverture / Souscription,VAL,2023-11-12,2023-11-12,318000.0,318000.0,0.0,0.0,EUR,France,,False,False,0.0,False,,,False
EVT_002703,BA001157,VLC,Versement libre complémentaire,VAL,2028-01-09,2028-01-09,99000.0,99000.0,0.0,0.0,EUR,France,,False,False,0.0,False,,,False
EVT_002704,BA001158,OUV,Ouverture / Souscription,VAL,2026-04-30,2026-04-30,351000.0,351000.0,0.0,0.0,EUR,France,,False,False,0.0,False,,,False
EVT_002705,BA001158,VLC,Versement libre complémentaire,VAL,2030-05-31,2030-05-31,111000.0,111000.0,0.0,0.0,EUR,France,,False,False,0.0,False,,,False
EVT_002706,BA001159,OUV,Ouverture / Souscription,VAL,2026-02-26,2026-02-26,250000.0,250000.0,0.0,0.0,EUR,France,,False,False,0.0,False,,,False
EVT_002707,BA001159,VLC,Versement libre complémentaire,VAL,2031-04-17,2031-04-17,56000.0,56000.0,0.0,0.0,EUR,France,,False,False,0.0,False,,,False
EVT_002708,BA001160,OUV,Ouverture / Souscription,VAL,2021-02-04,2021-02-04,250000.0,250000.0,0.0,0.0,EUR,France,,False,False,0.0,False,,,False
EVT_002709,BA001160,ARB,Arbitrage entre fonds,VAL,2024-04-03,2024-04-03,44000.0,44000.0,0.0,0.0,EUR,,,False,False,0.0,False,FR001400OJI4,FR0010392225,False
EVT_002710,BA001160,ARB,Arbitrage entre fonds,VAL,2021-05-21,2021-05-21,20000.0,20000.0,100.0,0.0,EUR,,,False,False,0.0,False,FR0010392225,FAS_IND,False
EVT_002711,BA001160,RAP,Rachat partiel,VAL,2024-01-26,2024-01-26,-60000.0,-60000.0,0.0,6639.0,EUR,France,France,False,False,0.0,False,,,False
EVT_002712,BA001161,OUV,Ouverture / Souscription,VAL,2025-08-01,2025-08-01,250000.0,250000.0,0.0,0.0,EUR,Sweden,,False,False,0.0,False,,,False
EVT_002713,BA001161,RAP,Rachat partiel,VAL,2030-09-18,2030-09-18,-72000.0,-72000.0,0.0,1482.07,EUR,Sweden,Sweden,False,False,0.0,False,,,False
EVT_002714,BA001162,OUV,Ouverture / Souscription,VAL,2024-12-09,2024-12-09,779000.0,779000.0,0.0,0.0,EUR,Luxembourg,,False,False,0.0,False,,,False
EVT_002715,BA001162,VLC,Versement libre complémentaire,VAL,2028-03-01,2028-03-01,362000.0,362000.0,0.0,0.0,EUR,Luxembourg,,False,False,0.0,False,,,False
EVT_002716,BA001163,OUV,Ouverture / Souscription,VAL,2025-06-01,2025-06-01,474000.0,474000.0,0.0,0.0,EUR,Belgium,,True,False,0.0,False,,,False
EVT_002717,BA001164,OUV,Ouverture / Souscription,VAL,2026-04-03,2026-04-03,273000.0,273000.0,0.0,0.0,EUR,Belgium,,False,False,0.0,False,,,False
EVT_002718,BA001164,RAP,Rachat partiel,VAL,2026-11-27,2026-11-27,-115000.0,-115000.0,0.0,16813.68,EUR,Belgium,Belgium,False,False,0.0,False,,,False
EVT_002719,BA001165,OUV,Ouverture / Souscription,VAL,2025-08-02,2025-08-02,442000.0,442000.0,0.0,0.0,EUR,Belgium,,False,False,0.0,False,,,False
EVT_002720,BA001165,VLC,Versement libre complémentaire,VAL,2029-04-02,2029-04-02,85000.0,85000.0,0.0,0.0,EUR,Belgium,,False,False,0.0,False,,,False
EVT_002721,BA001166,OUV,Ouverture / Souscription,VAL,2024-05-09,2024-05-09,1020000.0,1020000.0,0.0,0.0,EUR,France,,False,False,0.0,False,,,False
EVT_002722,BA001166,VLC,Versement libre complémentaire,VAL,2025-05-22,2025-05-22,396000.0,396000.0,0.0,0.0,EUR,France,,False,False,0.0,False,,,False
EVT_002723,BA001167,OUV,Ouverture / Souscription,VAL,2019-06-06,2019-06-06,3608000.0,3608000.0,0.0,0.0,EUR,Belgium,,False,False,0.0,False,,,False
EVT_002724,BA001167,VLC,Versement libre complémentaire,VAL,2020-02-08,2020-02-08,322000.0,322000.0,0.0,0.0,EUR,Belgium,,False,False,0.0,False,,,False
EVT_002725,BA001167,VLC,Versement libre complémentaire,VAL,2023-02-02,2023-02-02,322000.0,322000.0,0.0,0.0,EUR,Belgium,,False,False,0.0,False,,,False
EVT_002726,BA001167,RAP,Rachat partiel,VAL,2021-09-22,2021-09-22,-917000.0,-917000.0,0.0,67927.35,EUR,Belgium,Belgium,False,False,0.0,False,,,False
EVT_002727,BA001168,OUV,Ouverture / Souscription,VAL,2024-07-21,2024-07-21,407000.0,407000.0,0.0,0.0,EUR,Germany,,False,False,0.0,False,,,False
EVT_002728,BA001168,ARB,Arbitrage entre fonds,VAL,2025-09-29,2025-09-29,59000.0,59000.0,295.0,0.0,EUR,,,False,False,0.0,False,FR001400OJI4,PE_CAY_01,False
EVT_002729,BA001169,OUV,Ouverture / Souscription,VAL,2019-10-11,2019-10-11,250000.0,250000.0,0.0,0.0,EUR,France,,False,False,0.0,False,,,False
EVT_002730,BA001169,VLC,Versement libre complémentaire,VAL,2023-05-18,2023-05-18,16000.0,16000.0,0.0,0.0,EUR,France,,True,False,0.0,False,,,False
EVT_002731,BA001169,VLC,Versement libre complémentaire,VAL,2023-07-09,2023-07-09,16000.0,16000.0,0.0,0.0,EUR,France,,False,False,0.0,False,,,False
EVT_002732,BA001169,VLC,Versement libre complémentaire,VAL,2024-01-08,2024-01-08,16000.0,16000.0,0.0,0.0,EUR,France,,False,False,0.0,False,,,False
EVT_002733,BA001169,RAP,Rachat partiel,VAL,2023-02-19,2023-02-19,-48000.0,-46560.0,1440.0,0.0,EUR,France,France,False,True,1440.0,False,,,False
EVT_002734,BA001169,RAP,Rachat partiel,VAL,2020-04-08,2020-04-08,-48000.0,-46560.0,1440.0,0.0,EUR,France,France,False,True,1440.0,False,,,False
EVT_002735,BA001170,OUV,Ouverture / Souscription,VAL,2021-03-08,2021-03-08,581000.0,581000.0,0.0,0.0,EUR,France,,False,False,0.0,False,,,False
EVT_002736,BA001171,OUV,Ouverture / Souscription,VAL,2020-06-27,2020-06-27,1354000.0,1354000.0,0.0,0.0,EUR,France,,False,False,0.0,False,,,False
EVT_002737,BA001171,VLC,Versement libre complémentaire,VAL,2025-10-31,2025-10-31,111000.0,111000.0,0.0,0.0,EUR,France,,False,False,0.0,False,,,False
EVT_002738,BA001171,VLC,Versement libre complémentaire,VAL,2023-09-01,2023-09-01,111000.0,111000.0,0.0,0.0,EUR,France,,False,False,0.0,False,,,False
EVT_002739,BA001171,VLC,Versement libre complémentaire,VAL,2025-05-21,2025-05-21,111000.0,111000.0,0.0,0.0,EUR,France,,False,False,0.0,False,,,False
EVT_002740,BA001171,RAP,Rachat partiel,VAL,2025-03-20,2025-03-20,-510000.0,-510000.0,0.0,10868.37,EUR,France,France,False,False,0.0,False,,,False
EVT_002741,BA001172,OUV,Ouverture / Souscription,VAL,2018-11-03,2018-11-03,1279000.0,1279000.0,0.0,0.0,EUR,France,,False,False,0.0,False,,,False
EVT_002742,BA001173,OUV,Ouverture / Souscription,VAL,2021-11-09,2021-11-09,1345000.0,1345000.0,0.0,0.0,EUR,France,,False,False,0.0,False,,,False
EVT_002743,BA001174,OUV,Ouverture / Souscription,VAL,2024-07-12,2024-07-12,1056000.0,1056000.0,0.0,0.0,EUR,Sweden,,False,False,0.0,False,,,False
EVT_002744,BA001174,VLC,Versement libre complémentaire,VAL,2026-03-03,2026-03-03,68000.0,68000.0,0.0,0.0,EUR,Sweden,,False,False,0.0,False,,,False
EVT_002745,BA001174,VLC,Versement libre complémentaire,VAL,2028-04-30,2028-04-30,68000.0,68000.0,0.0,0.0,EUR,Sweden,,False,False,0.0,False,,,False
EVT_002746,BA001174,VLC,Versement libre complémentaire,VAL,2028-08-26,2028-08-26,68000.0,68000.0,0.0,0.0,EUR,Sweden,,False,False,0.0,False,,,False
EVT_002747,BA001175,OUV,Ouverture / Souscription,VAL,2025-09-12,2025-09-12,491000.0,491000.0,0.0,0.0,EUR,Sweden,,False,False,0.0,False,,,False
EVT_002748,BA001175,ARB,Arbitrage entre fonds,VAL,2026-04-28,2026-04-28,15000.0,15000.0,0.0,0.0,EUR,,,False,False,0.0,False,PE_CAY_01,LU0255977539,False
EVT_002749,BA001175,RAP,Rachat partiel,VAL,2028-09-26,2028-09-26,-84000.0,-84000.0,0.0,8446.58,EUR,Sweden,Sweden,False,False,0.0,False,,,False
EVT_002750,BA001175,RAP,Rachat partiel,VAL,2030-10-18,2030-10-18,-84000.0,-84000.0,0.0,5046.13,EUR,Sweden,Sweden,False,False,0.0,False,,,False
EVT_002751,BA001176,OUV,Ouverture / Souscription,VAL,2022-05-17,2022-05-17,413000.0,413000.0,0.0,0.0,EUR,France,,False,False,0.0,False,,,False
EVT_002752,BA001177,OUV,Ouverture / Souscription,VAL,2021-11-07,2021-11-07,250000.0,250000.0,0.0,0.0,EUR,France,,False,False,0.0,False,,,False
EVT_002753,BA001177,VLC,Versement libre complémentaire,VAL,2025-05-11,2025-05-11,54000.0,54000.0,0.0,0.0,EUR,France,,False,False,0.0,False,,,False
EVT_002754,BA001177,RAP,Rachat partiel,VAL,2025-08-13,2025-08-13,-40000.0,-40000.0,0.0,5386.53,EUR,France,France,False,False,0.0,False,,,False
EVT_002755,BA001178,OUV,Ouverture / Souscription,VAL,2019-08-30,2019-08-30,250000.0,250000.0,0.0,0.0,EUR,Belgium,,False,False,0.0,False,,,False
EVT_002756,BA001179,OUV,Ouverture / Souscription,VAL,2023-10-16,2023-10-16,304000.0,304000.0,0.0,0.0,EUR,Belgium,,False,False,0.0,False,,,False
EVT_002757,BA001179,RAP,Rachat partiel,VAL,2027-12-15,2027-12-15,-30000.0,-30000.0,0.0,1862.84,EUR,Belgium,Belgium,False,False,0.0,False,,,False
EVT_002758,BA001180,OUV,Ouverture / Souscription,VAL,2023-10-14,2023-10-14,549000.0,549000.0,0.0,0.0,EUR,Belgium,,False,False,0.0,False,,,False
EVT_002759,BA001180,VLC,Versement libre complémentaire,VAL,2028-08-12,2028-08-12,227000.0,227000.0,0.0,0.0,EUR,Belgium,,False,False,0.0,False,,,False
EVT_002760,BA001180,RAP,Rachat partiel,VAL,2029-01-14,2029-01-14,-226000.0,-226000.0,0.0,14757.11,EUR,Belgium,Belgium,False,False,0.0,False,,,False
EVT_002761,BA001181,OUV,Ouverture / Souscription,VAL,2025-02-19,2025-02-19,473000.0,473000.0,0.0,0.0,EUR,Belgium,,False,False,0.0,False,,,False
EVT_002762,BA001182,OUV,Ouverture / Souscription,VAL,2025-10-24,2025-10-24,498000.0,498000.0,0.0,0.0,EUR,Belgium,,False,False,0.0,False,,,False
EVT_002763,BA001182,VLC,Versement libre complémentaire,VAL,2028-07-19,2028-07-19,98000.0,98000.0,0.0,0.0,EUR,Belgium,,False,False,0.0,False,,,False
EVT_002764,BA001183,OUV,Ouverture / Souscription,VAL,2024-12-14,2024-12-14,293000.0,293000.0,0.0,0.0,EUR,France,,False,False,0.0,False,,,False
EVT_002765,BA001184,OUV,Ouverture / Souscription,VAL,2026-02-13,2026-02-13,395000.0,395000.0,0.0,0.0,EUR,France,,False,False,0.0,False,,,False
EVT_002766,BA001185,OUV,Ouverture / Souscription,VAL,2019-06-19,2019-06-19,409000.0,409000.0,0.0,0.0,EUR,Luxembourg,,False,False,0.0,False,,,False
EVT_002767,BA001185,RAP,Rachat partiel,VAL,2021-10-03,2021-10-03,-56000.0,-56000.0,0.0,5161.04,EUR,Luxembourg,Luxembourg,False,False,0.0,False,,,False
EVT_002768,BA001186,OUV,Ouverture / Souscription,VAL,2020-01-09,2020-01-09,256000.0,256000.0,0.0,0.0,EUR,Luxembourg,,True,False,0.0,False,,,False
EVT_002769,BA001187,OUV,Ouverture / Souscription,VAL,2022-11-25,2022-11-25,250000.0,250000.0,0.0,0.0,EUR,France,,False,False,0.0,False,,,False
EVT_002770,BA001187,VLC,Versement libre complémentaire,VAL,2027-06-05,2027-06-05,42000.0,42000.0,0.0,0.0,EUR,France,,False,False,0.0,False,,,False
EVT_002771,BA001188,OUV,Ouverture / Souscription,VAL,2022-10-20,2022-10-20,253000.0,253000.0,0.0,0.0,EUR,France,,False,False,0.0,False,,,False
EVT_002772,BA001188,VLC,Versement libre complémentaire,VAL,2027-09-20,2027-09-20,18000.0,18000.0,0.0,0.0,EUR,France,,False,False,0.0,False,,,False
EVT_002773,BA001189,OUV,Ouverture / Souscription,VAL,2025-04-04,2025-04-04,250000.0,250000.0,0.0,0.0,EUR,Sweden,,False,False,0.0,False,,,False
EVT_002774,BA001190,OUV,Ouverture / Souscription,VAL,2019-09-05,2019-09-05,1940000.0,1940000.0,0.0,0.0,EUR,France,,False,False,0.0,False,,,False
EVT_002775,BA001190,VLC,Versement libre complémentaire,VAL,2023-05-06,2023-05-06,930000.0,930000.0,0.0,0.0,EUR,France,,False,False,0.0,False,,,False
EVT_002776,BA001191,OUV,Ouverture / Souscription,VAL,2021-03-28,2021-03-28,446000.0,446000.0,0.0,0.0,EUR,Belgium,,False,False,0.0,False,,,False
EVT_002777,BA001191,VLC,Versement libre complémentaire,VAL,2025-01-26,2025-01-26,107000.0,107000.0,0.0,0.0,EUR,Belgium,,False,False,0.0,False,,,False
EVT_002778,BA001192,OUV,Ouverture / Souscription,VAL,2020-07-13,2020-07-13,308000.0,308000.0,0.0,0.0,EUR,Belgium,,False,False,0.0,False,,,False
EVT_002779,BA001193,OUV,Ouverture / Souscription,VAL,2025-04-09,2025-04-09,250000.0,250000.0,0.0,0.0,EUR,France,,False,False,0.0,False,,,False
EVT_002780,BA001194,OUV,Ouverture / Souscription,VAL,2021-04-02,2021-04-02,250000.0,250000.0,0.0,0.0,EUR,Finland,,False,False,0.0,False,,,False
EVT_002781,BA001194,ARB,Arbitrage entre fonds,VAL,2024-12-13,2024-12-13,49000.0,49000.0,0.0,0.0,EUR,,,False,False,0.0,False,LU0104884860,PE_LUX_01,False
EVT_002782,BA001195,OUV,Ouverture / Souscription,VAL,2023-03-06,2023-03-06,446000.0,446000.0,0.0,0.0,EUR,France,,False,False,0.0,False,,,False
EVT_002783,BA001196,OUV,Ouverture / Souscription,VAL,2019-02-11,2019-02-11,250000.0,250000.0,0.0,0.0,EUR,Sweden,,False,False,0.0,False,,,False
EVT_002784,BA001196,VLC,Versement libre complémentaire,VAL,2022-11-23,2022-11-23,19000.0,19000.0,0.0,0.0,EUR,Sweden,,False,False,0.0,False,,,False
EVT_002785,BA001197,OUV,Ouverture / Souscription,VAL,2020-01-30,2020-01-30,2568000.0,2568000.0,0.0,0.0,EUR,France,,False,False,0.0,False,,,False
EVT_002786,BA001197,ARB,Arbitrage entre fonds,VAL,2023-03-23,2023-03-23,609000.0,609000.0,0.0,0.0,EUR,,,False,False,0.0,False,XS2428662824,FID_UBS,False
EVT_002787,BA001198,OUV,Ouverture / Souscription,VAL,2019-06-18,2019-06-18,2432000.0,2432000.0,0.0,0.0,EUR,France,,False,False,0.0,False,,,False
EVT_002788,BA001198,VLC,Versement libre complémentaire,VAL,2020-12-28,2020-12-28,151000.0,151000.0,0.0,0.0,EUR,France,,False,False,0.0,False,,,False
EVT_002789,BA001198,RAP,Rachat partiel,VAL,2023-01-29,2023-01-29,-133000.0,-133000.0,0.0,3049.1,EUR,France,France,False,False,0.0,False,,,False
EVT_002790,BA001198,RAP,Rachat partiel,VAL,2020-01-26,2020-01-26,-133000.0,-133000.0,0.0,18280.52,EUR,France,France,False,False,0.0,False,,,False
EVT_002791,BA001199,OUV,Ouverture / Souscription,VAL,2020-02-10,2020-02-10,2145000.0,2145000.0,0.0,0.0,EUR,France,,False,False,0.0,False,,,False
EVT_002792,BA001199,VLC,Versement libre complémentaire,VAL,2024-04-29,2024-04-29,260000.0,260000.0,0.0,0.0,EUR,France,,False,False,0.0,False,,,False
EVT_002793,BA001199,VLC,Versement libre complémentaire,VAL,2023-02-08,2023-02-08,260000.0,260000.0,0.0,0.0,EUR,France,,False,False,0.0,False,,,False
EVT_002794,BA001200,OUV,Ouverture / Souscription,VAL,2023-08-14,2023-08-14,493000.0,493000.0,0.0,0.0,EUR,Portugal,,False,False,0.0,False,,,False
EVT_002795,BA001201,OUV,Ouverture / Souscription,VAL,2025-12-16,2025-12-16,250000.0,250000.0,0.0,0.0,EUR,Belgium,,False,False,0.0,False,,,False
EVT_002796,BA001201,VLC,Versement libre complémentaire,VAL,2028-05-18,2028-05-18,93000.0,93000.0,0.0,0.0,EUR,Belgium,,False,False,0.0,False,,,False
EVT_002797,BA001202,OUV,Ouverture / Souscription,VAL,2021-11-16,2021-11-16,250000.0,250000.0,0.0,0.0,EUR,France,,False,False,0.0,False,,,False
EVT_002798,BA001203,OUV,Ouverture / Souscription,VAL,2025-07-30,2025-07-30,258000.0,258000.0,0.0,0.0,EUR,France,,False,False,0.0,False,,,False
EVT_002799,BA001203,ARB,Arbitrage entre fonds,VAL,2027-04-30,2027-04-30,15000.0,15000.0,75.0,0.0,EUR,,,False,False,0.0,False,PE_LUX_01,FR001400OJI4,False
EVT_002800,BA001204,OUV,Ouverture / Souscription,VAL,2021-06-20,2021-06-20,1777000.0,1777000.0,0.0,0.0,EUR,Finland,,False,False,0.0,False,,,False
EVT_002801,BA001204,ARB,Arbitrage entre fonds,VAL,2023-11-05,2023-11-05,545000.0,545000.0,2725.0,0.0,EUR,,,False,False,0.0,False,FID_UBS,FR001400OJI4,False
EVT_002802,BA001204,ARB,Arbitrage entre fonds,VAL,2025-05-02,2025-05-02,529000.0,529000.0,2645.0,0.0,EUR,,,False,False,0.0,False,FR001400OJI4,FID_UBS,False
EVT_002803,BA001205,OUV,Ouverture / Souscription,VAL,2018-10-03,2018-10-03,1799000.0,1799000.0,0.0,0.0,EUR,France,,False,False,0.0,False,,,False
EVT_002804,BA001205,RAP,Rachat partiel,VAL,2022-06-15,2022-06-15,-596000.0,-596000.0,0.0,42380.99,EUR,France,France,False,False,0.0,False,,,False
EVT_002805,BA001206,OUV,Ouverture / Souscription,VAL,2025-10-20,2025-10-20,618000.0,618000.0,0.0,0.0,EUR,Belgium,,False,False,0.0,False,,,False
EVT_002806,BA001206,VLC,Versement libre complémentaire,VAL,2027-10-21,2027-10-21,267000.0,267000.0,0.0,0.0,EUR,Belgium,,False,False,0.0,False,,,False
EVT_002807,BA001207,OUV,Ouverture / Souscription,VAL,2023-09-29,2023-09-29,289000.0,289000.0,0.0,0.0,EUR,Spain,,False,False,0.0,False,,,False
EVT_002808,BA001208,OUV,Ouverture / Souscription,VAL,2025-03-04,2025-03-04,250000.0,250000.0,0.0,0.0,EUR,Sweden,,False,False,0.0,False,,,False
EVT_002809,BA001208,VLC,Versement libre complémentaire,VAL,2028-05-19,2028-05-19,47000.0,47000.0,0.0,0.0,EUR,Sweden,,False,False,0.0,False,,,False
EVT_002810,BA001209,OUV,Ouverture / Souscription,VAL,2020-07-23,2020-07-23,525000.0,525000.0,0.0,0.0,EUR,Luxembourg,,False,False,0.0,False,,,False
EVT_002811,BA001209,VLC,Versement libre complémentaire,VAL,2023-10-08,2023-10-08,109000.0,109000.0,0.0,0.0,EUR,Luxembourg,,False,False,0.0,False,,,False
EVT_002812,BA001210,OUV,Ouverture / Souscription,VAL,2026-05-01,2026-05-01,694000.0,694000.0,0.0,0.0,EUR,Belgium,,False,False,0.0,False,,,False
EVT_002813,BA001211,OUV,Ouverture / Souscription,VAL,2022-09-19,2022-09-19,381000.0,381000.0,0.0,0.0,EUR,Finland,,False,False,0.0,False,,,False
EVT_002814,BA001211,VLC,Versement libre complémentaire,VAL,2025-01-28,2025-01-28,66000.0,66000.0,0.0,0.0,EUR,Finland,,False,False,0.0,False,,,False
EVT_002815,BA001212,OUV,Ouverture / Souscription,VAL,2018-09-21,2018-09-21,1026000.0,1026000.0,0.0,0.0,EUR,France,,False,False,0.0,False,,,False
EVT_002816,BA001213,OUV,Ouverture / Souscription,VAL,2025-07-18,2025-07-18,1476000.0,1476000.0,0.0,0.0,EUR,Sweden,,False,False,0.0,False,,,False
EVT_002817,BA001213,VLC,Versement libre complémentaire,VAL,2026-05-10,2026-05-10,210000.0,210000.0,0.0,0.0,EUR,Sweden,,False,False,0.0,False,,,False
EVT_002818,BA001213,VLC,Versement libre complémentaire,VAL,2029-11-28,2029-11-28,210000.0,210000.0,0.0,0.0,EUR,Sweden,,False,False,0.0,False,,,False
EVT_002819,BA001213,RAP,Rachat partiel,VAL,2029-08-18,2029-08-18,-133000.0,-133000.0,0.0,13510.41,EUR,Sweden,Sweden,False,False,0.0,False,,,False
EVT_002820,BA001214,OUV,Ouverture / Souscription,VAL,2023-06-24,2023-06-24,250000.0,250000.0,0.0,0.0,EUR,Luxembourg,,False,False,0.0,False,,,False
EVT_002821,BA001215,OUV,Ouverture / Souscription,VAL,2020-06-10,2020-06-10,250000.0,250000.0,0.0,0.0,EUR,France,,False,False,0.0,False,,,False
EVT_002822,BA001215,VLC,Versement libre complémentaire,VAL,2021-09-08,2021-09-08,39000.0,39000.0,0.0,0.0,EUR,France,,False,False,0.0,False,,,False
EVT_002823,BA001215,VLC,Versement libre complémentaire,VAL,2021-10-18,2021-10-18,39000.0,39000.0,0.0,0.0,EUR,France,,False,False,0.0,False,,,False
EVT_002824,BA001215,RAP,Rachat partiel,VAL,2025-04-24,2025-04-24,-25000.0,-25000.0,0.0,2049.38,EUR,France,France,False,False,0.0,False,,,False
EVT_002825,BA001216,OUV,Ouverture / Souscription,VAL,2024-06-14,2024-06-14,250000.0,250000.0,0.0,0.0,EUR,France,,False,False,0.0,False,,,False
EVT_002826,BA001216,VLC,Versement libre complémentaire,VAL,2029-07-29,2029-07-29,18000.0,18000.0,0.0,0.0,EUR,France,,False,False,0.0,False,,,False
EVT_002827,BA001216,VLC,Versement libre complémentaire,VAL,2028-01-22,2028-01-22,18000.0,18000.0,0.0,0.0,EUR,France,,False,False,0.0,False,,,False
EVT_002828,BA001216,VLC,Versement libre complémentaire,VAL,2029-02-25,2029-02-25,18000.0,18000.0,0.0,0.0,EUR,France,,False,False,0.0,False,,,False
EVT_002829,BA001217,OUV,Ouverture / Souscription,VAL,2019-12-15,2019-12-15,250000.0,250000.0,0.0,0.0,EUR,Belgium,,False,False,0.0,False,,,False
EVT_002830,BA001217,RAP,Rachat partiel,VAL,2022-12-19,2022-12-19,-47000.0,-47000.0,0.0,3122.67,EUR,Belgium,Belgium,False,False,0.0,False,,,False
EVT_002831,BA001218,OUV,Ouverture / Souscription,VAL,2024-09-06,2024-09-06,401000.0,401000.0,0.0,0.0,EUR,Portugal,,False,False,0.0,False,,,False
EVT_002832,BA001218,VLC,Versement libre complémentaire,VAL,2027-04-30,2027-04-30,83000.0,83000.0,0.0,0.0,EUR,Portugal,,False,False,0.0,False,,,False
EVT_002833,BA001219,OUV,Ouverture / Souscription,VAL,2021-07-20,2021-07-20,856000.0,856000.0,0.0,0.0,EUR,Belgium,,False,False,0.0,False,,,False
EVT_002834,BA001219,VLC,Versement libre complémentaire,VAL,2024-06-06,2024-06-06,72000.0,72000.0,0.0,0.0,EUR,Belgium,,False,False,0.0,False,,,False
EVT_002835,BA001219,VLC,Versement libre complémentaire,VAL,2023-07-17,2023-07-17,72000.0,72000.0,0.0,0.0,EUR,Belgium,,False,False,0.0,False,,,False
EVT_002836,BA001220,OUV,Ouverture / Souscription,VAL,2024-09-18,2024-09-18,332000.0,332000.0,0.0,0.0,EUR,Belgium,,False,False,0.0,False,,,False
EVT_002837,BA001221,OUV,Ouverture / Souscription,VAL,2021-11-11,2021-11-11,1089000.0,1089000.0,0.0,0.0,EUR,Belgium,,False,False,0.0,False,,,False
EVT_002838,BA001222,OUV,Ouverture / Souscription,VAL,2022-06-30,2022-06-30,457000.0,457000.0,0.0,0.0,EUR,France,,False,False,0.0,False,,,False
EVT_002839,BA001222,RAP,Rachat partiel,VAL,2024-03-30,2024-03-30,-166000.0,-161020.0,4980.0,0.0,EUR,France,France,False,True,4980.0,False,,,False
EVT_002840,BA001223,OUV,Ouverture / Souscription,VAL,2024-02-13,2024-02-13,373000.0,373000.0,0.0,0.0,EUR,Finland,,False,False,0.0,False,,,False
EVT_002841,BA001224,OUV,Ouverture / Souscription,VAL,2025-09-16,2025-09-16,250000.0,250000.0,0.0,0.0,EUR,Finland,,False,False,0.0,False,,,False
EVT_002842,BA001225,OUV,Ouverture / Souscription,VAL,2018-10-15,2018-10-15,711000.0,711000.0,0.0,0.0,EUR,France,,False,False,0.0,False,,,False
EVT_002843,BA001225,ARB,Arbitrage entre fonds,VAL,2022-07-09,2022-07-09,201000.0,201000.0,0.0,0.0,EUR,,,False,False,0.0,False,FR0010392225,LU0255977539,False
EVT_002844,BA001226,OUV,Ouverture / Souscription,VAL,2023-05-26,2023-05-26,345000.0,345000.0,0.0,0.0,EUR,France,,False,False,0.0,False,,,False
EVT_002845,BA001226,VLC,Versement libre complémentaire,VAL,2026-06-11,2026-06-11,65000.0,65000.0,0.0,0.0,EUR,France,,True,False,0.0,False,,,False
EVT_002846,BA001226,RAP,Rachat partiel,VAL,2027-10-03,2027-10-03,-19000.0,-19000.0,0.0,1298.54,EUR,France,France,False,False,0.0,False,,,False
EVT_002847,BA001226,RAP,Rachat partiel,VAL,2028-01-26,2028-01-26,-19000.0,-19000.0,0.0,2269.92,EUR,France,France,False,False,0.0,False,,,False
EVT_002848,BA001227,OUV,Ouverture / Souscription,VAL,2019-04-01,2019-04-01,3180000.0,3180000.0,0.0,0.0,EUR,Belgium,,False,False,0.0,False,,,False
EVT_002849,BA001227,VLC,Versement libre complémentaire,VAL,2023-05-18,2023-05-18,258000.0,258000.0,0.0,0.0,EUR,Belgium,,False,False,0.0,False,,,False
EVT_002850,BA001227,VLC,Versement libre complémentaire,VAL,2020-02-09,2020-02-09,258000.0,258000.0,0.0,0.0,EUR,Belgium,,False,False,0.0,False,,,False
EVT_002851,BA001227,VLC,Versement libre complémentaire,VAL,2023-01-19,2023-01-19,258000.0,258000.0,0.0,0.0,EUR,Belgium,,False,False,0.0,False,,,False
EVT_002852,BA001227,ARB,Arbitrage entre fonds,VAL,2021-12-18,2021-12-18,643000.0,643000.0,3215.0,0.0,EUR,,,False,False,0.0,False,FR0010392225,LU0255977539,False
EVT_002853,BA001228,OUV,Ouverture / Souscription,VAL,2020-10-16,2020-10-16,639000.0,639000.0,0.0,0.0,EUR,France,,False,False,0.0,False,,,False
EVT_002854,BA001229,OUV,Ouverture / Souscription,VAL,2023-07-11,2023-07-11,295000.0,295000.0,0.0,0.0,EUR,Luxembourg,,False,False,0.0,False,,,False
EVT_002855,BA001229,VLC,Versement libre complémentaire,VAL,2028-12-22,2028-12-22,46000.0,46000.0,0.0,0.0,EUR,Luxembourg,,False,False,0.0,False,,,False
EVT_002856,BA001230,OUV,Ouverture / Souscription,VAL,2021-11-19,2021-11-19,880000.0,880000.0,0.0,0.0,EUR,Portugal,,False,False,0.0,False,,,False
EVT_002857,BA001230,ARB,Arbitrage entre fonds,VAL,2024-09-16,2024-09-16,41000.0,41000.0,205.0,0.0,EUR,,,False,False,0.0,False,XS2428662824,FAS_ROT,False
EVT_002858,BA001230,RAP,Rachat partiel,VAL,2026-04-07,2026-04-07,-393000.0,-393000.0,0.0,43476.69,EUR,Portugal,Portugal,False,False,0.0,False,,,False
EVT_002859,BA001231,OUV,Ouverture / Souscription,VAL,2021-09-14,2021-09-14,747000.0,747000.0,0.0,0.0,EUR,Portugal,,False,False,0.0,False,,,False
EVT_002860,BA001231,ARB,Arbitrage entre fonds,VAL,2023-06-06,2023-06-06,215000.0,215000.0,1075.0,0.0,EUR,,,False,False,0.0,False,FID_UBS,XS2428662824,False
EVT_002861,BA001232,OUV,Ouverture / Souscription,VAL,2019-01-30,2019-01-30,774000.0,774000.0,0.0,0.0,EUR,Portugal,,False,False,0.0,False,,,False
EVT_002862,BA001233,OUV,Ouverture / Souscription,VAL,2019-11-12,2019-11-12,3229000.0,3229000.0,0.0,0.0,EUR,France,,False,False,0.0,False,,,False
EVT_002863,BA001234,OUV,Ouverture / Souscription,VAL,2023-04-30,2023-04-30,250000.0,250000.0,0.0,0.0,EUR,Finland,,False,False,0.0,False,,,False
EVT_002864,BA001234,RAP,Rachat partiel,VAL,2024-12-20,2024-12-20,-12000.0,-12000.0,0.0,717.0,EUR,Finland,Finland,False,False,0.0,False,,,False
EVT_002865,BA001234,RAP,Rachat partiel,VAL,2027-09-23,2027-09-23,-12000.0,-12000.0,0.0,1071.81,EUR,Finland,Finland,False,False,0.0,False,,,False
EVT_002866,BA001234,RAP,Rachat partiel,VAL,2026-08-27,2026-08-27,-12000.0,-12000.0,0.0,849.9,EUR,Finland,Finland,False,False,0.0,False,,,False
EVT_002867,BA001235,OUV,Ouverture / Souscription,VAL,2018-12-24,2018-12-24,791000.0,791000.0,0.0,0.0,EUR,Luxembourg,,False,False,0.0,False,,,False
EVT_002868,BA001235,VLC,Versement libre complémentaire,VAL,2022-03-02,2022-03-02,230000.0,230000.0,0.0,0.0,EUR,Luxembourg,,False,False,0.0,False,,,False
EVT_002869,BA001236,OUV,Ouverture / Souscription,VAL,2022-07-31,2022-07-31,585000.0,585000.0,0.0,0.0,EUR,Luxembourg,,False,False,0.0,False,,,False
EVT_002870,BA001236,ARB,Arbitrage entre fonds,VAL,2025-11-07,2025-11-07,55000.0,55000.0,0.0,0.0,EUR,,,False,False,0.0,False,LU0255977539,FID_BNP,False
EVT_002871,BA001237,OUV,Ouverture / Souscription,VAL,2022-09-09,2022-09-09,1563000.0,1563000.0,0.0,0.0,EUR,France,,False,False,0.0,False,,,False
EVT_002872,BA001237,VLC,Versement libre complémentaire,VAL,2023-07-23,2023-07-23,293000.0,293000.0,0.0,0.0,EUR,France,,False,False,0.0,False,,,False
EVT_002873,BA001237,RAP,Rachat partiel,VAL,2026-05-06,2026-05-06,-547000.0,-547000.0,0.0,56464.17,EUR,France,France,False,False,0.0,False,,,False
EVT_002874,BA001238,OUV,Ouverture / Souscription,VAL,2024-08-19,2024-08-19,1293000.0,1293000.0,0.0,0.0,EUR,France,,False,False,0.0,False,,,False
EVT_002875,BA001238,RAP,Rachat partiel,VAL,2025-11-16,2025-11-16,-347000.0,-347000.0,0.0,7834.88,EUR,France,France,False,False,0.0,False,,,False
EVT_002876,BA001239,OUV,Ouverture / Souscription,VAL,2024-03-18,2024-03-18,1354000.0,1354000.0,0.0,0.0,EUR,France,,False,False,0.0,False,,,False
EVT_002877,BA001239,VLC,Versement libre complémentaire,VAL,2025-06-27,2025-06-27,330000.0,330000.0,0.0,0.0,EUR,France,,False,False,0.0,False,,,False
EVT_002878,BA001240,OUV,Ouverture / Souscription,VAL,2021-07-09,2021-07-09,958000.0,958000.0,0.0,0.0,EUR,Sweden,,False,False,0.0,False,,,False
EVT_002879,BA001240,RAP,Rachat partiel,VAL,2023-11-24,2023-11-24,-33000.0,-33000.0,0.0,2966.96,EUR,Sweden,Sweden,False,False,0.0,False,,,False
EVT_002880,BA001240,RAP,Rachat partiel,VAL,2024-06-27,2024-06-27,-33000.0,-33000.0,0.0,2037.08,EUR,Sweden,Sweden,False,False,0.0,False,,,False
EVT_002881,BA001240,RAP,Rachat partiel,VAL,2026-09-21,2026-09-21,-33000.0,-33000.0,0.0,1391.75,EUR,Sweden,Sweden,False,False,0.0,False,,,False
EVT_002882,BA001241,OUV,Ouverture / Souscription,VAL,2026-06-18,2026-06-18,250000.0,250000.0,0.0,0.0,EUR,Belgium,,False,False,0.0,False,,,False
EVT_002883,BA001242,OUV,Ouverture / Souscription,VAL,2024-10-07,2024-10-07,869000.0,869000.0,0.0,0.0,EUR,France,,False,False,0.0,False,,,False
EVT_002884,BA001242,VLC,Versement libre complémentaire,VAL,2025-11-14,2025-11-14,178000.0,178000.0,0.0,0.0,EUR,France,,False,False,0.0,False,,,False
EVT_002885,BA001242,VLC,Versement libre complémentaire,VAL,2029-02-26,2029-02-26,178000.0,178000.0,0.0,0.0,EUR,France,,False,False,0.0,False,,,False
EVT_002886,BA001242,ARB,Arbitrage entre fonds,VAL,2025-08-16,2025-08-16,405000.0,405000.0,0.0,0.0,EUR,,,False,False,0.0,False,FAS_ROT,XS2428662824,False
EVT_002887,BA001242,ARB,Arbitrage entre fonds,VAL,2026-11-07,2026-11-07,158000.0,158000.0,790.0,0.0,EUR,,,False,False,0.0,False,FAS_ROT,XS2428662824,False
EVT_002888,BA001243,OUV,Ouverture / Souscription,VAL,2022-05-22,2022-05-22,2277000.0,2277000.0,0.0,0.0,EUR,France,,False,False,0.0,False,,,False
EVT_002889,BA001243,VLC,Versement libre complémentaire,VAL,2023-11-23,2023-11-23,82000.0,82000.0,0.0,0.0,EUR,France,,False,False,0.0,False,,,False
EVT_002890,BA001243,VLC,Versement libre complémentaire,VAL,2024-09-01,2024-09-01,82000.0,82000.0,0.0,0.0,EUR,France,,False,False,0.0,False,,,False
EVT_002891,BA001243,VLC,Versement libre complémentaire,VAL,2023-04-25,2023-04-25,82000.0,82000.0,0.0,0.0,EUR,France,,False,False,0.0,False,,,False
EVT_002892,BA001244,OUV,Ouverture / Souscription,VAL,2024-05-23,2024-05-23,250000.0,250000.0,0.0,0.0,EUR,Italy,,False,False,0.0,False,,,False
EVT_002893,BA001245,OUV,Ouverture / Souscription,VAL,2023-04-15,2023-04-15,1155000.0,1155000.0,0.0,0.0,EUR,Sweden,,False,False,0.0,False,,,False
EVT_002894,BA001245,VLC,Versement libre complémentaire,VAL,2025-08-23,2025-08-23,74000.0,74000.0,0.0,0.0,EUR,Sweden,,False,False,0.0,False,,,False
EVT_002895,BA001245,VLC,Versement libre complémentaire,VAL,2028-03-03,2028-03-03,74000.0,74000.0,0.0,0.0,EUR,Sweden,,False,False,0.0,False,,,False
EVT_002896,BA001245,ARB,Arbitrage entre fonds,VAL,2024-08-28,2024-08-28,348000.0,348000.0,1740.0,0.0,EUR,,,False,False,0.0,False,FID_UBS,FR0010392225,False
EVT_002897,BA001245,ARB,Arbitrage entre fonds,VAL,2024-02-03,2024-02-03,323000.0,323000.0,0.0,0.0,EUR,,,False,False,0.0,False,FR0010392225,FID_UBS,False
EVT_002898,BA001246,OUV,Ouverture / Souscription,VAL,2018-09-20,2018-09-20,250000.0,250000.0,0.0,0.0,EUR,Belgium,,False,False,0.0,False,,,False
EVT_002899,BA001246,RAP,Rachat partiel,VAL,2019-06-18,2019-06-18,-40000.0,-40000.0,0.0,814.97,EUR,Belgium,Belgium,False,False,0.0,False,,,False
EVT_002900,BA001246,RAP,Rachat partiel,VAL,2021-12-05,2021-12-05,-40000.0,-40000.0,0.0,5118.16,EUR,Belgium,Belgium,False,False,0.0,False,,,False
EVT_002901,BA001247,OUV,Ouverture / Souscription,VAL,2022-12-06,2022-12-06,330000.0,330000.0,0.0,0.0,EUR,Sweden,,False,False,0.0,False,,,False
EVT_002902,BA001247,VLC,Versement libre complémentaire,VAL,2023-06-08,2023-06-08,40000.0,40000.0,0.0,0.0,EUR,Sweden,,False,False,0.0,False,,,False
EVT_002903,BA001247,VLC,Versement libre complémentaire,VAL,2028-05-23,2028-05-23,40000.0,40000.0,0.0,0.0,EUR,Sweden,,False,False,0.0,False,,,False
EVT_002904,BA001248,OUV,Ouverture / Souscription,VAL,2024-11-20,2024-11-20,476000.0,476000.0,0.0,0.0,EUR,Finland,,False,False,0.0,False,,,False
EVT_002905,BA001249,OUV,Ouverture / Souscription,VAL,2021-10-19,2021-10-19,484000.0,484000.0,0.0,0.0,EUR,Belgium,,False,False,0.0,False,,,False
EVT_002906,BA001250,OUV,Ouverture / Souscription,VAL,2023-02-10,2023-02-10,857000.0,857000.0,0.0,0.0,EUR,France,,False,False,0.0,False,,,False
EVT_002907,BA001250,VLC,Versement libre complémentaire,VAL,2025-11-12,2025-11-12,94000.0,94000.0,0.0,0.0,EUR,France,,False,False,0.0,False,,,False
EVT_002908,BA001250,RAP,Rachat partiel,VAL,2026-05-19,2026-05-19,-70000.0,-67900.0,2100.0,0.0,EUR,France,France,False,True,2100.0,False,,,False
EVT_002909,BA001251,OUV,Ouverture / Souscription,VAL,2022-11-22,2022-11-22,1474000.0,1474000.0,0.0,0.0,EUR,Sweden,,False,False,0.0,False,,,False
EVT_002910,BA001252,OUV,Ouverture / Souscription,VAL,2021-02-18,2021-02-18,741000.0,741000.0,0.0,0.0,EUR,Finland,,False,False,0.0,False,,,False
EVT_002911,BA001252,VLC,Versement libre complémentaire,VAL,2022-02-13,2022-02-13,36000.0,36000.0,0.0,0.0,EUR,Finland,,False,False,0.0,False,,,False
EVT_002912,BA001252,VLC,Versement libre complémentaire,VAL,2025-03-19,2025-03-19,36000.0,36000.0,0.0,0.0,EUR,Finland,,False,False,0.0,False,,,False
EVT_002913,BA001253,OUV,Ouverture / Souscription,VAL,2023-12-13,2023-12-13,250000.0,250000.0,0.0,0.0,EUR,Italy,,False,False,0.0,False,,,False
EVT_002914,BA001253,RAP,Rachat partiel,VAL,2029-05-01,2029-05-01,-50000.0,-50000.0,0.0,1849.59,EUR,Italy,Italy,False,False,0.0,False,,,False
EVT_002915,BA001254,OUV,Ouverture / Souscription,VAL,2024-01-14,2024-01-14,250000.0,250000.0,0.0,0.0,EUR,Italy,,False,False,0.0,False,,,False
EVT_002916,BA001255,OUV,Ouverture / Souscription,VAL,2021-04-12,2021-04-12,1132000.0,1132000.0,0.0,0.0,EUR,Belgium,,False,False,0.0,False,,,False
EVT_002917,BA001255,RAP,Rachat partiel,VAL,2023-07-09,2023-07-09,-232000.0,-232000.0,0.0,9751.28,EUR,Belgium,Belgium,False,False,0.0,False,,,False
EVT_002918,BA001255,RAP,Rachat partiel,VAL,2026-09-22,2026-09-22,-232000.0,-232000.0,0.0,29429.91,EUR,Belgium,Belgium,False,False,0.0,False,,,False
EVT_002919,BA001256,OUV,Ouverture / Souscription,VAL,2026-05-03,2026-05-03,2725000.0,2725000.0,0.0,0.0,EUR,Belgium,,False,False,0.0,False,,,False
EVT_002920,BA001257,OUV,Ouverture / Souscription,VAL,2025-11-18,2025-11-18,250000.0,250000.0,0.0,0.0,EUR,France,,False,False,0.0,False,,,False
EVT_002921,BA001258,OUV,Ouverture / Souscription,VAL,2021-01-23,2021-01-23,510000.0,510000.0,0.0,0.0,EUR,France,,False,False,0.0,False,,,False
EVT_002922,BA001258,ARB,Arbitrage entre fonds,VAL,2023-02-06,2023-02-06,43000.0,43000.0,215.0,0.0,EUR,,,False,False,0.0,False,LU0255977539,PE_CAY_01,False
EVT_002923,BA001259,OUV,Ouverture / Souscription,VAL,2025-01-11,2025-01-11,250000.0,250000.0,0.0,0.0,EUR,Belgium,,False,False,0.0,False,,,False
EVT_002924,BA001259,ARB,Arbitrage entre fonds,VAL,2025-05-15,2025-05-15,35000.0,35000.0,0.0,0.0,EUR,,,False,False,0.0,False,FID_UBS,LU0255977539,False
EVT_002925,BA001259,RAP,Rachat partiel,VAL,2028-03-05,2028-03-05,-60000.0,-60000.0,0.0,6149.56,EUR,Belgium,Belgium,False,False,0.0,False,,,False
EVT_002926,BA001260,OUV,Ouverture / Souscription,VAL,2024-05-13,2024-05-13,385000.0,385000.0,0.0,0.0,EUR,France,,False,False,0.0,False,,,False
EVT_002927,BA001260,RAP,Rachat partiel,VAL,2027-03-16,2027-03-16,-33000.0,-33000.0,0.0,4532.06,EUR,France,France,False,False,0.0,False,,,False
EVT_002928,BA001260,RAP,Rachat partiel,VAL,2026-02-13,2026-02-13,-33000.0,-33000.0,0.0,2230.07,EUR,France,France,False,False,0.0,False,,,False
EVT_002929,BA001261,OUV,Ouverture / Souscription,VAL,2021-12-12,2021-12-12,521000.0,521000.0,0.0,0.0,EUR,France,,False,False,0.0,False,,,False
EVT_002930,BA001261,VLC,Versement libre complémentaire,VAL,2025-07-20,2025-07-20,164000.0,164000.0,0.0,0.0,EUR,France,,False,False,0.0,False,,,False
EVT_002931,BA001262,OUV,Ouverture / Souscription,VAL,2019-03-01,2019-03-01,1126000.0,1126000.0,0.0,0.0,EUR,Finland,,False,False,0.0,False,,,False
EVT_002932,BA001262,VLC,Versement libre complémentaire,VAL,2023-02-02,2023-02-02,116000.0,116000.0,0.0,0.0,EUR,Finland,,False,False,0.0,False,,,False
EVT_002933,BA001262,VLC,Versement libre complémentaire,VAL,2022-02-11,2022-02-11,116000.0,116000.0,0.0,0.0,EUR,Finland,,False,False,0.0,False,,,False
EVT_002934,BA001263,OUV,Ouverture / Souscription,VAL,2020-05-10,2020-05-10,1227000.0,1227000.0,0.0,0.0,EUR,Finland,,False,False,0.0,False,,,False
EVT_002935,BA001263,VLC,Versement libre complémentaire,VAL,2021-01-31,2021-01-31,785000.0,785000.0,0.0,0.0,EUR,Finland,,False,False,0.0,False,,,False
EVT_002936,BA001264,OUV,Ouverture / Souscription,VAL,2020-01-31,2020-01-31,916000.0,916000.0,0.0,0.0,EUR,Finland,,False,False,0.0,False,,,False
EVT_002937,BA001264,VLC,Versement libre complémentaire,VAL,2024-07-25,2024-07-25,201000.0,201000.0,0.0,0.0,EUR,Finland,,False,False,0.0,False,,,False
EVT_002938,BA001265,OUV,Ouverture / Souscription,VAL,2021-02-26,2021-02-26,250000.0,250000.0,0.0,0.0,EUR,Belgium,,False,False,0.0,False,,,False
EVT_002939,BA001265,VLC,Versement libre complémentaire,VAL,2024-08-03,2024-08-03,29000.0,29000.0,0.0,0.0,EUR,Belgium,,True,False,0.0,False,,,False
EVT_002940,BA001265,VLC,Versement libre complémentaire,VAL,2025-02-22,2025-02-22,29000.0,29000.0,0.0,0.0,EUR,Belgium,,False,False,0.0,False,,,False
EVT_002941,BA001265,RAP,Rachat partiel,VAL,2023-10-29,2023-10-29,-77000.0,-74690.0,2310.0,0.0,EUR,Belgium,Belgium,False,True,2310.0,False,,,False
EVT_002942,BA001266,OUV,Ouverture / Souscription,VAL,2019-12-03,2019-12-03,438000.0,438000.0,0.0,0.0,EUR,France,,True,False,0.0,False,,,False
EVT_002943,BA001266,ARB,Arbitrage entre fonds,VAL,2022-03-30,2022-03-30,72000.0,72000.0,360.0,0.0,EUR,,,False,False,0.0,False,FAS_ROT,FR0010392225,False
EVT_002944,BA001266,ARB,Arbitrage entre fonds,VAL,2022-01-13,2022-01-13,60000.0,60000.0,300.0,0.0,EUR,,,False,False,0.0,False,FR0010392225,FAS_ROT,False
EVT_002945,BA001267,OUV,Ouverture / Souscription,VAL,2022-12-25,2022-12-25,546000.0,546000.0,0.0,0.0,EUR,Belgium,,False,False,0.0,False,,,False
EVT_002946,BA001267,VLC,Versement libre complémentaire,VAL,2027-09-01,2027-09-01,81000.0,81000.0,0.0,0.0,EUR,Belgium,,False,False,0.0,False,,,False
EVT_002947,BA001268,OUV,Ouverture / Souscription,VAL,2021-04-02,2021-04-02,1446000.0,1446000.0,0.0,0.0,EUR,France,,False,False,0.0,False,,,False
EVT_002948,BA001268,VLC,Versement libre complémentaire,VAL,2025-01-20,2025-01-20,73000.0,73000.0,0.0,0.0,EUR,France,,False,False,0.0,False,,,False
EVT_002949,BA001269,OUV,Ouverture / Souscription,VAL,2023-03-01,2023-03-01,495000.0,495000.0,0.0,0.0,EUR,Italy,,False,False,0.0,False,,,False
EVT_002950,BA001269,VLC,Versement libre complémentaire,VAL,2024-05-26,2024-05-26,46000.0,46000.0,0.0,0.0,EUR,Italy,,False,False,0.0,False,,,False
EVT_002951,BA001269,VLC,Versement libre complémentaire,VAL,2024-08-08,2024-08-08,46000.0,46000.0,0.0,0.0,EUR,Italy,,False,False,0.0,False,,,False
EVT_002952,BA001269,ARB,Arbitrage entre fonds,VAL,2023-10-02,2023-10-02,106000.0,106000.0,0.0,0.0,EUR,,,False,False,0.0,False,XS2428662824,FID_BNP,False
EVT_002953,BA001269,RAP,Rachat partiel,VAL,2028-04-15,2028-04-15,-37000.0,-37000.0,0.0,3451.42,EUR,Italy,Italy,False,False,0.0,False,,,False
EVT_002954,BA001269,RAP,Rachat partiel,VAL,2024-03-21,2024-03-21,-37000.0,-37000.0,0.0,1924.46,EUR,Italy,Italy,False,False,0.0,False,,,False
EVT_002955,BA001270,OUV,Ouverture / Souscription,VAL,2023-04-06,2023-04-06,1289000.0,1289000.0,0.0,0.0,EUR,Italy,,False,False,0.0,False,,,False
EVT_002956,BA001270,VLC,Versement libre complémentaire,VAL,2027-07-09,2027-07-09,273000.0,273000.0,0.0,0.0,EUR,Italy,,False,False,0.0,False,,,False
EVT_002957,BA001270,ARB,Arbitrage entre fonds,VAL,2024-05-01,2024-05-01,332000.0,332000.0,1660.0,0.0,EUR,,,False,False,0.0,False,FAS_IND,FR0010923383,False
EVT_002958,BA001271,OUV,Ouverture / Souscription,VAL,2026-01-02,2026-01-02,923000.0,923000.0,0.0,0.0,EUR,France,,False,False,0.0,False,,,False
EVT_002959,BA001271,VLC,Versement libre complémentaire,VAL,2029-08-08,2029-08-08,177000.0,177000.0,0.0,0.0,EUR,France,,False,False,0.0,False,,,False
EVT_002960,BA001272,OUV,Ouverture / Souscription,VAL,2025-05-04,2025-05-04,3889000.0,3889000.0,0.0,0.0,EUR,Finland,,False,False,0.0,False,,,False
EVT_002961,BA001273,OUV,Ouverture / Souscription,VAL,2024-11-21,2024-11-21,315000.0,315000.0,0.0,0.0,EUR,Sweden,,False,False,0.0,False,,,False
EVT_002962,BA001273,VLC,Versement libre complémentaire,VAL,2025-05-24,2025-05-24,65000.0,65000.0,0.0,0.0,EUR,Sweden,,False,False,0.0,False,,,False
EVT_002963,BA001274,OUV,Ouverture / Souscription,VAL,2025-03-26,2025-03-26,264000.0,264000.0,0.0,0.0,EUR,Sweden,,False,False,0.0,False,,,False
EVT_002964,BA001274,ARB,Arbitrage entre fonds,VAL,2026-03-30,2026-03-30,79000.0,79000.0,395.0,0.0,EUR,,,False,False,0.0,False,FID_UBS,XS2428662824,False
EVT_002965,BA001275,OUV,Ouverture / Souscription,VAL,2023-08-06,2023-08-06,250000.0,250000.0,0.0,0.0,EUR,Sweden,,False,False,0.0,False,,,False
EVT_002966,BA001275,ARB,Arbitrage entre fonds,VAL,2024-07-30,2024-07-30,16000.0,16000.0,80.0,0.0,EUR,,,False,False,0.0,False,FID_BNP,FR0010923383,False
EVT_002967,BA001276,OUV,Ouverture / Souscription,VAL,2021-09-24,2021-09-24,250000.0,250000.0,0.0,0.0,EUR,Portugal,,False,False,0.0,False,,,False
EVT_002968,BA001276,VLC,Versement libre complémentaire,VAL,2023-03-08,2023-03-08,37000.0,37000.0,0.0,0.0,EUR,Portugal,,False,False,0.0,False,,,False
EVT_002969,BA001276,VLC,Versement libre complémentaire,VAL,2025-12-28,2025-12-28,37000.0,37000.0,0.0,0.0,EUR,Portugal,,False,False,0.0,False,,,False
EVT_002970,BA001276,VLC,Versement libre complémentaire,VAL,2025-12-08,2025-12-08,37000.0,37000.0,0.0,0.0,EUR,Portugal,,False,False,0.0,False,,,False
EVT_002971,BA001276,ARB,Arbitrage entre fonds,VAL,2024-09-18,2024-09-18,74000.0,74000.0,370.0,0.0,EUR,,,False,False,0.0,False,FR0010392225,FID_BNP,False
EVT_002972,BA001277,OUV,Ouverture / Souscription,VAL,2025-08-19,2025-08-19,611000.0,611000.0,0.0,0.0,EUR,France,,False,False,0.0,False,,,False
EVT_002973,BA001277,VLC,Versement libre complémentaire,VAL,2027-12-07,2027-12-07,53000.0,53000.0,0.0,0.0,EUR,France,,False,False,0.0,False,,,False
EVT_002974,BA001277,ARB,Arbitrage entre fonds,VAL,2028-03-07,2028-03-07,175000.0,175000.0,0.0,0.0,EUR,,,False,False,0.0,False,FID_BNP,LU0255977539,False
EVT_002975,BA001277,ARB,Arbitrage entre fonds,VAL,2027-06-02,2027-06-02,160000.0,160000.0,800.0,0.0,EUR,,,False,False,0.0,False,LU0255977539,FID_BNP,False
EVT_002976,BA001277,ARB,Arbitrage entre fonds,VAL,2028-11-21,2028-11-21,125000.0,125000.0,625.0,0.0,EUR,,,False,False,0.0,False,LU0255977539,FID_BNP,False
EVT_002977,BA001278,OUV,Ouverture / Souscription,VAL,2019-02-02,2019-02-02,476000.0,476000.0,0.0,0.0,EUR,France,,False,False,0.0,False,,,False
EVT_002978,BA001278,VLC,Versement libre complémentaire,VAL,2019-08-08,2019-08-08,39000.0,39000.0,0.0,0.0,EUR,France,,False,False,0.0,False,,,False
EVT_002979,BA001278,VLC,Versement libre complémentaire,VAL,2019-08-01,2019-08-01,39000.0,39000.0,0.0,0.0,EUR,France,,False,False,0.0,False,,,False
EVT_002980,BA001278,VLC,Versement libre complémentaire,VAL,2019-10-21,2019-10-21,39000.0,39000.0,0.0,0.0,EUR,France,,False,False,0.0,False,,,False
EVT_002981,BA001279,OUV,Ouverture / Souscription,VAL,2018-11-10,2018-11-10,981000.0,981000.0,0.0,0.0,EUR,France,,False,False,0.0,False,,,False
EVT_002982,BA001280,OUV,Ouverture / Souscription,VAL,2021-11-30,2021-11-30,250000.0,250000.0,0.0,0.0,EUR,Sweden,,False,False,0.0,False,,,False
EVT_002983,BA001280,VLC,Versement libre complémentaire,VAL,2025-02-15,2025-02-15,18000.0,18000.0,0.0,0.0,EUR,Sweden,,False,False,0.0,False,,,False
EVT_002984,BA001281,OUV,Ouverture / Souscription,VAL,2024-10-30,2024-10-30,250000.0,250000.0,0.0,0.0,EUR,Norway,,False,False,0.0,False,,,False
EVT_002985,BA001282,OUV,Ouverture / Souscription,VAL,2020-03-22,2020-03-22,250000.0,250000.0,0.0,0.0,EUR,Norway,,False,False,0.0,False,,,False
EVT_002986,BA001283,OUV,Ouverture / Souscription,VAL,2022-03-10,2022-03-10,729000.0,729000.0,0.0,0.0,EUR,France,,False,False,0.0,False,,,False
EVT_002987,BA001284,OUV,Ouverture / Souscription,VAL,2021-10-03,2021-10-03,298000.0,298000.0,0.0,0.0,EUR,France,,False,False,0.0,False,,,False
EVT_002988,BA001284,VLC,Versement libre complémentaire,VAL,2026-08-16,2026-08-16,10000.0,10000.0,0.0,0.0,EUR,France,,False,False,0.0,False,,,False
EVT_002989,BA001284,VLC,Versement libre complémentaire,VAL,2023-04-19,2023-04-19,10000.0,10000.0,0.0,0.0,EUR,France,,False,False,0.0,False,,,False
EVT_002990,BA001284,VLC,Versement libre complémentaire,VAL,2023-11-18,2023-11-18,10000.0,10000.0,0.0,0.0,EUR,France,,False,False,0.0,False,,,False
EVT_002991,BA001285,OUV,Ouverture / Souscription,VAL,2022-02-02,2022-02-02,554000.0,554000.0,0.0,0.0,EUR,Sweden,,False,False,0.0,False,,,False
EVT_002992,BA001285,VLC,Versement libre complémentaire,VAL,2025-02-08,2025-02-08,95000.0,95000.0,0.0,0.0,EUR,Sweden,,False,False,0.0,False,,,False
EVT_002993,BA001286,OUV,Ouverture / Souscription,VAL,2022-08-17,2022-08-17,318000.0,318000.0,0.0,0.0,EUR,Portugal,,False,False,0.0,False,,,False
EVT_002994,BA001287,OUV,Ouverture / Souscription,VAL,2026-04-17,2026-04-17,436000.0,436000.0,0.0,0.0,EUR,Italy,,False,False,0.0,False,,,False
EVT_002995,BA001287,ARB,Arbitrage entre fonds,VAL,2027-05-31,2027-05-31,86000.0,86000.0,0.0,0.0,EUR,,,False,False,0.0,False,FID_UBS,FR001400OJI4,False
EVT_002996,BA001287,ARB,Arbitrage entre fonds,VAL,2027-06-20,2027-06-20,156000.0,156000.0,0.0,0.0,EUR,,,False,False,0.0,False,FID_UBS,LU0255977539,False
EVT_002997,BA001287,ARB,Arbitrage entre fonds,VAL,2027-08-23,2027-08-23,54000.0,54000.0,0.0,0.0,EUR,,,False,False,0.0,False,FR001400OJI4,FID_UBS,False
EVT_002998,BA001288,OUV,Ouverture / Souscription,VAL,2025-11-16,2025-11-16,1035000.0,1035000.0,0.0,0.0,EUR,France,,False,False,0.0,False,,,False
EVT_002999,BA001288,VLC,Versement libre complémentaire,VAL,2027-08-03,2027-08-03,200000.0,200000.0,0.0,0.0,EUR,France,,False,False,0.0,False,,,False
EVT_003000,BA001288,VLC,Versement libre complémentaire,VAL,2026-07-11,2026-07-11,200000.0,200000.0,0.0,0.0,EUR,France,,False,False,0.0,False,,,False
EVT_003001,BA001289,OUV,Ouverture / Souscription,VAL,2026-03-15,2026-03-15,957000.0,957000.0,0.0,0.0,EUR,France,,False,False,0.0,False,,,False
EVT_003002,BA001290,OUV,Ouverture / Souscription,VAL,2022-01-29,2022-01-29,915000.0,915000.0,0.0,0.0,EUR,France,,True,False,0.0,False,,,False
EVT_003003,BA001291,OUV,Ouverture / Souscription,VAL,2025-03-13,2025-03-13,250000.0,250000.0,0.0,0.0,EUR,France,,False,False,0.0,False,,,False
EVT_003004,BA001292,OUV,Ouverture / Souscription,VAL,2023-04-26,2023-04-26,373000.0,373000.0,0.0,0.0,EUR,France,,False,False,0.0,False,,,False
EVT_003005,BA001293,OUV,Ouverture / Souscription,VAL,2023-11-25,2023-11-25,1327000.0,1327000.0,0.0,0.0,EUR,France,,False,False,0.0,False,,,False
EVT_003006,BA001293,RAP,Rachat partiel,VAL,2025-12-13,2025-12-13,-277000.0,-277000.0,0.0,11725.44,EUR,France,France,False,False,0.0,False,,,False
EVT_003007,BA001294,OUV,Ouverture / Souscription,VAL,2024-12-25,2024-12-25,250000.0,250000.0,0.0,0.0,EUR,France,,False,False,0.0,False,,,False
EVT_003008,BA001294,VLC,Versement libre complémentaire,VAL,2026-05-06,2026-05-06,43000.0,43000.0,0.0,0.0,EUR,France,,False,False,0.0,False,,,False
EVT_003009,BA001294,RAP,Rachat partiel,VAL,2025-08-15,2025-08-15,-63000.0,-63000.0,0.0,8009.74,EUR,France,France,False,False,0.0,False,,,False
EVT_003010,BA001295,OUV,Ouverture / Souscription,VAL,2018-11-26,2018-11-26,488000.0,488000.0,0.0,0.0,EUR,Sweden,,False,False,0.0,False,,,False
EVT_003011,BA001295,VLC,Versement libre complémentaire,VAL,2024-04-18,2024-04-18,58000.0,58000.0,0.0,0.0,EUR,Sweden,,False,False,0.0,False,,,False
EVT_003012,BA001295,ARB,Arbitrage entre fonds,VAL,2020-01-10,2020-01-10,146000.0,146000.0,730.0,0.0,EUR,,,False,False,0.0,False,FID_BNP,FR0010923383,False
EVT_003013,BA001296,OUV,Ouverture / Souscription,VAL,2024-06-15,2024-06-15,1025000.0,1025000.0,0.0,0.0,EUR,Sweden,,False,False,0.0,False,,,False
EVT_003014,BA001297,OUV,Ouverture / Souscription,VAL,2022-06-08,2022-06-08,1483000.0,1483000.0,0.0,0.0,EUR,France,,False,False,0.0,False,,,False
EVT_003015,BA001297,VLC,Versement libre complémentaire,VAL,2027-06-25,2027-06-25,191000.0,191000.0,0.0,0.0,EUR,France,,False,False,0.0,False,,,False
EVT_003016,BA001298,OUV,Ouverture / Souscription,VAL,2023-06-12,2023-06-12,1053000.0,1053000.0,0.0,0.0,EUR,France,,False,False,0.0,False,,,False
EVT_003017,BA001299,OUV,Ouverture / Souscription,VAL,2026-03-31,2026-03-31,250000.0,250000.0,0.0,0.0,EUR,France,,False,False,0.0,False,,,False
EVT_003018,BA001299,VLC,Versement libre complémentaire,VAL,2030-01-01,2030-01-01,29000.0,29000.0,0.0,0.0,EUR,France,,False,False,0.0,False,,,False
EVT_003019,BA001300,OUV,Ouverture / Souscription,VAL,2021-03-19,2021-03-19,1458000.0,1458000.0,0.0,0.0,EUR,Belgium,,False,False,0.0,False,,,False
EVT_003020,BA001300,RAP,Rachat partiel,VAL,2026-03-24,2026-03-24,-178000.0,-178000.0,0.0,4060.56,EUR,Belgium,Belgium,False,False,0.0,False,,,False
EVT_003021,BA001300,RAP,Rachat partiel,VAL,2021-11-20,2021-11-20,-178000.0,-178000.0,0.0,20789.61,EUR,Belgium,Belgium,False,False,0.0,False,,,False
EVT_003022,BA001301,OUV,Ouverture / Souscription,VAL,2025-03-18,2025-03-18,352000.0,352000.0,0.0,0.0,EUR,Belgium,,False,False,0.0,False,,,False
EVT_003023,BA001302,OUV,Ouverture / Souscription,VAL,2021-04-14,2021-04-14,3277000.0,3277000.0,0.0,0.0,EUR,Germany,,False,False,0.0,False,,,False
EVT_003024,BA001303,OUV,Ouverture / Souscription,VAL,2023-07-17,2023-07-17,493000.0,493000.0,0.0,0.0,EUR,France,,False,False,0.0,False,,,False
EVT_003025,BA001303,VLC,Versement libre complémentaire,VAL,2025-01-26,2025-01-26,108000.0,108000.0,0.0,0.0,EUR,France,,False,False,0.0,False,,,False
EVT_003026,BA001303,VLC,Versement libre complémentaire,VAL,2026-09-15,2026-09-15,108000.0,108000.0,0.0,0.0,EUR,France,,False,False,0.0,False,,,False
EVT_003027,BA001303,ARB,Arbitrage entre fonds,VAL,2024-11-09,2024-11-09,127000.0,127000.0,0.0,0.0,EUR,,,False,False,0.0,False,PE_CAY_01,FR0010923383,False
EVT_003028,BA001304,OUV,Ouverture / Souscription,VAL,2018-07-31,2018-07-31,1033000.0,1033000.0,0.0,0.0,EUR,France,,False,False,0.0,False,,,False
EVT_003029,BA001304,VLC,Versement libre complémentaire,VAL,2021-07-07,2021-07-07,367000.0,367000.0,0.0,0.0,EUR,France,,False,False,0.0,False,,,False
EVT_003030,BA001305,OUV,Ouverture / Souscription,VAL,2025-05-28,2025-05-28,407000.0,407000.0,0.0,0.0,EUR,Italy,,False,False,0.0,False,,,False
EVT_003031,BA001305,VLC,Versement libre complémentaire,VAL,2028-02-08,2028-02-08,87000.0,87000.0,0.0,0.0,EUR,Italy,,False,False,0.0,False,,,False
EVT_003032,BA001305,VLC,Versement libre complémentaire,VAL,2027-06-30,2027-06-30,87000.0,87000.0,0.0,0.0,EUR,Italy,,False,False,0.0,False,,,False
EVT_003033,BA001306,OUV,Ouverture / Souscription,VAL,2022-06-24,2022-06-24,379000.0,379000.0,0.0,0.0,EUR,Italy,,False,False,0.0,False,,,False
EVT_003034,BA001307,OUV,Ouverture / Souscription,VAL,2025-05-28,2025-05-28,535000.0,535000.0,0.0,0.0,EUR,Italy,,False,False,0.0,False,,,False
EVT_003035,BA001307,ARB,Arbitrage entre fonds,VAL,2027-09-16,2027-09-16,26000.0,26000.0,0.0,0.0,EUR,,,False,False,0.0,False,FR001400OJI4,FR0010392225,False
EVT_003036,BA001307,RAP,Rachat partiel,VAL,2026-08-30,2026-08-30,-225000.0,-225000.0,0.0,8577.43,EUR,Italy,Italy,False,False,0.0,False,,,False
EVT_003037,BA001308,OUV,Ouverture / Souscription,VAL,2020-10-20,2020-10-20,394000.0,394000.0,0.0,0.0,EUR,France,,False,False,0.0,False,,,False
EVT_003038,BA001309,OUV,Ouverture / Souscription,VAL,2020-02-18,2020-02-18,388000.0,388000.0,0.0,0.0,EUR,France,,False,False,0.0,False,,,False
EVT_003039,BA001310,OUV,Ouverture / Souscription,VAL,2023-05-07,2023-05-07,604000.0,604000.0,0.0,0.0,EUR,France,,False,False,0.0,False,,,False
EVT_003040,BA001310,ARB,Arbitrage entre fonds,VAL,2027-02-25,2027-02-25,189000.0,189000.0,945.0,0.0,EUR,,,False,False,0.0,False,LU0255977539,FR0010923383,False
EVT_003041,BA001311,OUV,Ouverture / Souscription,VAL,2022-04-29,2022-04-29,1080000.0,1080000.0,0.0,0.0,EUR,Sweden,,False,False,0.0,False,,,False
EVT_003042,BA001311,VLC,Versement libre complémentaire,VAL,2027-01-09,2027-01-09,86000.0,86000.0,0.0,0.0,EUR,Sweden,,False,False,0.0,False,,,False
EVT_003043,BA001311,VLC,Versement libre complémentaire,VAL,2024-10-22,2024-10-22,86000.0,86000.0,0.0,0.0,EUR,Sweden,,False,False,0.0,False,,,False
EVT_003044,BA001311,ARB,Arbitrage entre fonds,VAL,2022-12-21,2022-12-21,384000.0,384000.0,1920.0,0.0,EUR,,,False,False,0.0,False,XS2428662824,FR001400OJI4,False
EVT_003045,BA001312,OUV,Ouverture / Souscription,VAL,2024-08-10,2024-08-10,294000.0,294000.0,0.0,0.0,EUR,France,,False,False,0.0,False,,,False
EVT_003046,BA001312,VLC,Versement libre complémentaire,VAL,2029-07-04,2029-07-04,61000.0,61000.0,0.0,0.0,EUR,France,,False,False,0.0,False,,,False
EVT_003047,BA001312,RAP,Rachat partiel,VAL,2026-08-03,2026-08-03,-111000.0,-111000.0,0.0,12883.32,EUR,France,France,False,False,0.0,False,,,False
EVT_003048,BA001313,OUV,Ouverture / Souscription,VAL,2025-02-24,2025-02-24,417000.0,417000.0,0.0,0.0,EUR,France,,False,False,0.0,False,,,False
EVT_003049,BA001313,ARB,Arbitrage entre fonds,VAL,2026-11-22,2026-11-22,117000.0,117000.0,585.0,0.0,EUR,,,False,False,0.0,False,FID_BNP,LU0104884860,False
EVT_003050,BA001314,OUV,Ouverture / Souscription,VAL,2022-06-28,2022-06-28,383000.0,383000.0,0.0,0.0,EUR,Belgium,,False,False,0.0,False,,,False
EVT_003051,BA001314,VLC,Versement libre complémentaire,VAL,2023-02-11,2023-02-11,30000.0,30000.0,0.0,0.0,EUR,Belgium,,False,False,0.0,False,,,False
EVT_003052,BA001314,VLC,Versement libre complémentaire,VAL,2024-07-01,2024-07-01,30000.0,30000.0,0.0,0.0,EUR,Belgium,,False,False,0.0,False,,,False
EVT_003053,BA001315,OUV,Ouverture / Souscription,VAL,2025-04-02,2025-04-02,528000.0,528000.0,0.0,0.0,EUR,Denmark,,False,False,0.0,False,,,False
EVT_003054,BA001315,VLC,Versement libre complémentaire,VAL,2026-02-13,2026-02-13,82000.0,82000.0,0.0,0.0,EUR,Denmark,,False,False,0.0,False,,,False
EVT_003055,BA001315,ARB,Arbitrage entre fonds,VAL,2029-03-25,2029-03-25,49000.0,49000.0,245.0,0.0,EUR,,,False,False,0.0,False,FR0010923383,PE_CAY_01,False
EVT_003056,BA001315,ARB,Arbitrage entre fonds,VAL,2026-12-28,2026-12-28,44000.0,44000.0,220.0,0.0,EUR,,,False,False,0.0,False,FR0010923383,FR0010392225,False
EVT_003057,BA001316,OUV,Ouverture / Souscription,VAL,2020-01-16,2020-01-16,401000.0,401000.0,0.0,0.0,EUR,France,,False,False,0.0,False,,,False
EVT_003058,BA001316,VLC,Versement libre complémentaire,VAL,2023-07-11,2023-07-11,34000.0,34000.0,0.0,0.0,EUR,France,,False,False,0.0,False,,,False
EVT_003059,BA001316,VLC,Versement libre complémentaire,VAL,2020-09-13,2020-09-13,34000.0,34000.0,0.0,0.0,EUR,France,,False,False,0.0,False,,,False
EVT_003060,BA001316,VLC,Versement libre complémentaire,VAL,2024-08-31,2024-08-31,34000.0,34000.0,0.0,0.0,EUR,France,,False,False,0.0,False,,,False
EVT_003061,BA001317,OUV,Ouverture / Souscription,VAL,2020-05-25,2020-05-25,541000.0,541000.0,0.0,0.0,EUR,France,,False,False,0.0,False,,,False
EVT_003062,BA001318,OUV,Ouverture / Souscription,VAL,2020-12-27,2020-12-27,338000.0,338000.0,0.0,0.0,EUR,France,,False,False,0.0,False,,,False
EVT_003063,BA001318,VLC,Versement libre complémentaire,VAL,2023-07-09,2023-07-09,83000.0,83000.0,0.0,0.0,EUR,France,,False,False,0.0,False,,,False
EVT_003064,BA001319,OUV,Ouverture / Souscription,VAL,2019-04-15,2019-04-15,614000.0,614000.0,0.0,0.0,EUR,France,,False,False,0.0,False,,,False
EVT_003065,BA001320,OUV,Ouverture / Souscription,VAL,2024-10-07,2024-10-07,1691000.0,1691000.0,0.0,0.0,EUR,France,,False,False,0.0,False,,,False
EVT_003066,BA001320,ARB,Arbitrage entre fonds,VAL,2025-05-11,2025-05-11,343000.0,343000.0,0.0,0.0,EUR,,,False,False,0.0,False,LU0255977539,FR0010392225,False
EVT_003067,BA001321,OUV,Ouverture / Souscription,VAL,2020-04-19,2020-04-19,1144000.0,1144000.0,0.0,0.0,EUR,France,,False,False,0.0,False,,,False
EVT_003068,BA001321,VLC,Versement libre complémentaire,VAL,2023-02-10,2023-02-10,165000.0,165000.0,0.0,0.0,EUR,France,,False,False,0.0,False,,,False
EVT_003069,BA001321,RAP,Rachat partiel,VAL,2020-12-30,2020-12-30,-72000.0,-72000.0,0.0,7608.67,EUR,France,France,False,False,0.0,False,,,False
EVT_003070,BA001321,RAP,Rachat partiel,VAL,2023-09-24,2023-09-24,-72000.0,-72000.0,0.0,1812.46,EUR,France,France,False,False,0.0,False,,,False
EVT_003071,BA001322,OUV,Ouverture / Souscription,VAL,2025-03-28,2025-03-28,1440000.0,1440000.0,0.0,0.0,EUR,Sweden,,False,False,0.0,False,,,False
EVT_003072,BA001322,VLC,Versement libre complémentaire,VAL,2030-06-08,2030-06-08,84000.0,84000.0,0.0,0.0,EUR,Sweden,,False,False,0.0,False,,,False
EVT_003073,BA001323,OUV,Ouverture / Souscription,VAL,2020-10-08,2020-10-08,1348000.0,1348000.0,0.0,0.0,EUR,Sweden,,True,False,0.0,False,,,False
EVT_003074,BA001323,RAP,Rachat partiel,VAL,2024-11-07,2024-11-07,-346000.0,-346000.0,0.0,12715.42,EUR,Sweden,Sweden,False,False,0.0,False,,,False
EVT_003075,BA001324,OUV,Ouverture / Souscription,VAL,2023-08-02,2023-08-02,1160000.0,1160000.0,0.0,0.0,EUR,Sweden,,False,False,0.0,False,,,False
EVT_003076,BA001324,VLC,Versement libre complémentaire,VAL,2027-05-13,2027-05-13,425000.0,425000.0,0.0,0.0,EUR,Sweden,,False,False,0.0,False,,,False
EVT_003077,BA001324,ARB,Arbitrage entre fonds,VAL,2024-03-21,2024-03-21,266000.0,266000.0,0.0,0.0,EUR,,,False,False,0.0,False,FID_UBS,XS2428662824,False
EVT_003078,BA001325,OUV,Ouverture / Souscription,VAL,2024-10-19,2024-10-19,1016000.0,1016000.0,0.0,0.0,EUR,France,,False,False,0.0,False,,,False
EVT_003079,BA001326,OUV,Ouverture / Souscription,VAL,2019-07-03,2019-07-03,408000.0,408000.0,0.0,0.0,EUR,France,,False,False,0.0,False,,,False
EVT_003080,BA001327,OUV,Ouverture / Souscription,VAL,2025-04-19,2025-04-19,250000.0,250000.0,0.0,0.0,EUR,France,,False,False,0.0,False,,,False
EVT_003081,BA001328,OUV,Ouverture / Souscription,VAL,2020-03-05,2020-03-05,250000.0,250000.0,0.0,0.0,EUR,France,,False,False,0.0,False,,,False
EVT_003082,BA001329,OUV,Ouverture / Souscription,VAL,2020-03-27,2020-03-27,306000.0,306000.0,0.0,0.0,EUR,Belgium,,False,False,0.0,False,,,False
EVT_003083,BA001329,VLC,Versement libre complémentaire,VAL,2023-01-19,2023-01-19,34000.0,34000.0,0.0,0.0,EUR,Belgium,,False,False,0.0,False,,,False
EVT_003084,BA001329,VLC,Versement libre complémentaire,VAL,2025-09-15,2025-09-15,34000.0,34000.0,0.0,0.0,EUR,Belgium,,False,False,0.0,False,,,False
EVT_003085,BA001329,ARB,Arbitrage entre fonds,VAL,2020-09-15,2020-09-15,22000.0,22000.0,0.0,0.0,EUR,,,False,False,0.0,False,XS2428662824,FID_UBS,False
EVT_003086,BA001329,RAP,Rachat partiel,VAL,2020-10-12,2020-10-12,-96000.0,-96000.0,0.0,6468.12,EUR,Belgium,Belgium,False,False,0.0,False,,,False
EVT_003087,BA001330,OUV,Ouverture / Souscription,VAL,2025-04-05,2025-04-05,2349000.0,2349000.0,0.0,0.0,EUR,France,,False,False,0.0,False,,,False
EVT_003088,BA001330,VLC,Versement libre complémentaire,VAL,2027-12-03,2027-12-03,539000.0,539000.0,0.0,0.0,EUR,France,,False,False,0.0,False,,,False
EVT_003089,BA001331,OUV,Ouverture / Souscription,VAL,2023-10-30,2023-10-30,1295000.0,1295000.0,0.0,0.0,EUR,France,,False,False,0.0,False,,,False
EVT_003090,BA001331,VLC,Versement libre complémentaire,VAL,2028-11-10,2028-11-10,180000.0,180000.0,0.0,0.0,EUR,France,,False,False,0.0,False,,,False
EVT_003091,BA001331,ARB,Arbitrage entre fonds,VAL,2027-01-01,2027-01-01,456000.0,456000.0,2280.0,0.0,EUR,,,False,False,0.0,False,FR001400OJI4,LU0255977539,False
EVT_003092,BA001332,OUV,Ouverture / Souscription,VAL,2024-05-14,2024-05-14,279000.0,279000.0,0.0,0.0,EUR,France,,True,False,0.0,False,,,False
EVT_003093,BA001332,VLC,Versement libre complémentaire,VAL,2026-05-08,2026-05-08,131000.0,131000.0,0.0,0.0,EUR,France,,False,False,0.0,False,,,False
EVT_003094,BA001333,OUV,Ouverture / Souscription,VAL,2023-09-16,2023-09-16,474000.0,474000.0,0.0,0.0,EUR,Sweden,,False,False,0.0,False,,,False
EVT_003095,BA001333,VLC,Versement libre complémentaire,VAL,2024-07-25,2024-07-25,80000.0,80000.0,0.0,0.0,EUR,Sweden,,False,False,0.0,False,,,False
EVT_003096,BA001333,VLC,Versement libre complémentaire,VAL,2025-06-28,2025-06-28,80000.0,80000.0,0.0,0.0,EUR,Sweden,,False,False,0.0,False,,,False
EVT_003097,BA001334,OUV,Ouverture / Souscription,VAL,2024-03-21,2024-03-21,759000.0,759000.0,0.0,0.0,EUR,France,,False,False,0.0,False,,,False
EVT_003098,BA001334,VLC,Versement libre complémentaire,VAL,2025-05-25,2025-05-25,20000.0,20000.0,0.0,0.0,EUR,France,,False,False,0.0,False,,,False
EVT_003099,BA001334,VLC,Versement libre complémentaire,VAL,2028-09-08,2028-09-08,20000.0,20000.0,0.0,0.0,EUR,France,,False,False,0.0,False,,,False
EVT_003100,BA001334,VLC,Versement libre complémentaire,VAL,2029-07-24,2029-07-24,20000.0,20000.0,0.0,0.0,EUR,France,,False,False,0.0,False,,,False
EVT_003101,BA001335,OUV,Ouverture / Souscription,VAL,2025-06-19,2025-06-19,432000.0,432000.0,0.0,0.0,EUR,Sweden,,False,False,0.0,False,,,False
EVT_003102,BA001335,RAP,Rachat partiel,VAL,2027-06-08,2027-06-08,-158000.0,-158000.0,0.0,11229.89,EUR,Sweden,Sweden,False,False,0.0,False,,,False
EVT_003103,BA001336,OUV,Ouverture / Souscription,VAL,2019-07-14,2019-07-14,423000.0,423000.0,0.0,0.0,EUR,Sweden,,False,False,0.0,False,,,False
EVT_003104,BA001336,VLC,Versement libre complémentaire,VAL,2023-07-26,2023-07-26,51000.0,51000.0,0.0,0.0,EUR,Sweden,,False,False,0.0,False,,,False
EVT_003105,BA001337,OUV,Ouverture / Souscription,VAL,2021-06-08,2021-06-08,250000.0,250000.0,0.0,0.0,EUR,Sweden,,False,False,0.0,False,,,False
EVT_003106,BA001337,RAP,Rachat partiel,VAL,2022-08-10,2022-08-10,-103000.0,-103000.0,0.0,2542.49,EUR,Sweden,Sweden,False,False,0.0,False,,,False
EVT_003107,BA001338,OUV,Ouverture / Souscription,VAL,2019-10-18,2019-10-18,250000.0,250000.0,0.0,0.0,EUR,France,,False,False,0.0,False,,,False
EVT_003108,BA001339,OUV,Ouverture / Souscription,VAL,2021-12-05,2021-12-05,743000.0,743000.0,0.0,0.0,EUR,France,,False,False,0.0,False,,,False
EVT_003109,BA001340,OUV,Ouverture / Souscription,VAL,2022-05-31,2022-05-31,465000.0,465000.0,0.0,0.0,EUR,France,,True,False,0.0,False,,,False
EVT_003110,BA001340,VLC,Versement libre complémentaire,VAL,2027-01-07,2027-01-07,174000.0,174000.0,0.0,0.0,EUR,France,,False,False,0.0,False,,,False
EVT_003111,BA001340,RAP,Rachat partiel,VAL,2027-06-20,2027-06-20,-103000.0,-103000.0,0.0,4427.34,EUR,France,France,False,False,0.0,False,,,False
EVT_003112,BA001341,OUV,Ouverture / Souscription,VAL,2023-05-23,2023-05-23,250000.0,250000.0,0.0,0.0,EUR,France,,False,False,0.0,False,,,False
EVT_003113,BA001342,OUV,Ouverture / Souscription,VAL,2022-12-30,2022-12-30,250000.0,250000.0,0.0,0.0,EUR,France,,False,False,0.0,False,,,False
EVT_003114,BA001343,OUV,Ouverture / Souscription,VAL,2020-09-30,2020-09-30,250000.0,250000.0,0.0,0.0,EUR,France,,False,False,0.0,False,,,False
EVT_003115,BA001343,VLC,Versement libre complémentaire,VAL,2024-07-25,2024-07-25,36000.0,36000.0,0.0,0.0,EUR,France,,False,False,0.0,False,,,False
EVT_003116,BA001343,RAP,Rachat partiel,VAL,2022-07-22,2022-07-22,-95000.0,-95000.0,0.0,3124.31,EUR,France,France,True,False,0.0,False,,,False
EVT_003117,BA001344,OUV,Ouverture / Souscription,VAL,2023-07-10,2023-07-10,250000.0,250000.0,0.0,0.0,EUR,Luxembourg,,False,False,0.0,False,,,False
EVT_003118,BA001344,RAP,Rachat partiel,VAL,2025-05-06,2025-05-06,-68000.0,-68000.0,0.0,8725.05,EUR,Luxembourg,Luxembourg,False,False,0.0,False,,,False
EVT_003119,BA001345,OUV,Ouverture / Souscription,VAL,2020-04-21,2020-04-21,329000.0,329000.0,0.0,0.0,EUR,Luxembourg,,False,False,0.0,False,,,False
EVT_003120,BA001345,VLC,Versement libre complémentaire,VAL,2025-06-28,2025-06-28,33000.0,33000.0,0.0,0.0,EUR,Luxembourg,,False,False,0.0,False,,,False
EVT_003121,BA001345,VLC,Versement libre complémentaire,VAL,2021-02-15,2021-02-15,33000.0,33000.0,0.0,0.0,EUR,Luxembourg,,True,False,0.0,False,,,False
EVT_003122,BA001345,RAP,Rachat partiel,VAL,2021-06-09,2021-06-09,-74000.0,-74000.0,0.0,8395.33,EUR,Luxembourg,Luxembourg,False,False,0.0,False,,,False
EVT_003123,BA001346,OUV,Ouverture / Souscription,VAL,2021-03-23,2021-03-23,3118000.0,3118000.0,0.0,0.0,EUR,France,,False,False,0.0,False,,,False
EVT_003124,BA001346,VLC,Versement libre complémentaire,VAL,2026-02-25,2026-02-25,430000.0,430000.0,0.0,0.0,EUR,France,,False,False,0.0,False,,,False
EVT_003125,BA001347,OUV,Ouverture / Souscription,VAL,2025-07-28,2025-07-28,741000.0,741000.0,0.0,0.0,EUR,France,,False,False,0.0,False,,,False
EVT_003126,BA001347,VLC,Versement libre complémentaire,VAL,2028-12-16,2028-12-16,79000.0,79000.0,0.0,0.0,EUR,France,,False,False,0.0,False,,,False
EVT_003127,BA001348,OUV,Ouverture / Souscription,VAL,2020-04-03,2020-04-03,351000.0,351000.0,0.0,0.0,EUR,Belgium,,False,False,0.0,False,,,False
EVT_003128,BA001348,ARB,Arbitrage entre fonds,VAL,2021-12-10,2021-12-10,103000.0,103000.0,515.0,0.0,EUR,,,False,False,0.0,False,FR0010923383,FID_UBS,False
EVT_003129,BA001348,ARB,Arbitrage entre fonds,VAL,2021-07-29,2021-07-29,106000.0,106000.0,530.0,0.0,EUR,,,False,False,0.0,False,FR0010923383,FID_UBS,False
EVT_003130,BA001349,OUV,Ouverture / Souscription,VAL,2024-07-24,2024-07-24,250000.0,250000.0,0.0,0.0,EUR,Italy,,False,False,0.0,False,,,False
EVT_003131,BA001349,RAP,Rachat partiel,VAL,2027-09-28,2027-09-28,-90000.0,-90000.0,0.0,12761.09,EUR,Italy,Italy,False,False,0.0,False,,,False
EVT_003132,BA001350,OUV,Ouverture / Souscription,VAL,2025-03-12,2025-03-12,920000.0,920000.0,0.0,0.0,EUR,France,,False,False,0.0,False,,,False
EVT_003133,BA001350,VLC,Versement libre complémentaire,VAL,2028-02-20,2028-02-20,47000.0,47000.0,0.0,0.0,EUR,France,,False,False,0.0,False,,,False
EVT_SUSP_0001,BA001224,RAP,Rachat partiel,VAL,2025-11-04,2025-10-25,-200000.0,-190000.0,10000.0,0.0,EUR,Panama,Cayman Islands,True,True,10000.0,True,,,True
EVT_SUSP_0002,BA000936,RAP,Rachat partiel,VAL,2023-10-13,2023-09-02,-200000.0,-190000.0,10000.0,0.0,EUR,Monaco,Cayman Islands,True,True,10000.0,True,,,True
EVT_SUSP_0003,BA001305,RAP,Rachat partiel,VAL,2025-07-05,2025-06-30,-325600.0,-309320.0,16280.0,0.0,EUR,United Arab Emirates,Monaco,True,True,16280.0,True,,,True
EVT_SUSP_0004,BA000062,RAP,Rachat partiel,VAL,2018-11-16,2018-12-12,-200000.0,-190000.0,10000.0,0.0,EUR,United Arab Emirates,Panama,True,True,10000.0,True,,,True
EVT_SUSP_0005,BA000943,RAP,Rachat partiel,VAL,2023-08-13,2023-07-21,-244800.0,-232560.0,12240.0,0.0,EUR,Hong Kong,Cayman Islands,True,True,12240.0,True,,,True
EVT_SUSP_0006,BA001232,RAP,Rachat partiel,VAL,2019-03-25,2019-03-22,-619200.0,-588240.0,30960.0,0.0,EUR,Cayman Islands,Monaco,True,True,30960.0,True,,,True
EVT_SUSP_0007,BA000125,RAP,Rachat partiel,VAL,2019-09-05,2019-09-08,-200000.0,-190000.0,10000.0,0.0,EUR,Monaco,United Arab Emirates,True,True,10000.0,True,,,True
EVT_SUSP_0008,BA000976,RAP,Rachat partiel,VAL,2020-12-10,2020-12-07,-200000.0,-190000.0,10000.0,0.0,EUR,Hong Kong,Monaco,True,True,10000.0,True,,,True
EVT_SUSP_0009,BA000906,RAP,Rachat partiel,VAL,2025-07-06,2025-06-23,-200000.0,-190000.0,10000.0,0.0,EUR,Hong Kong,Cayman Islands,True,True,10000.0,True,,,True
EVT_SUSP_0010,BA001315,RAP,Rachat partiel,VAL,2025-05-30,2025-05-12,-422400.0,-401280.0,21120.0,0.0,EUR,United Arab Emirates,Monaco,True,True,21120.0,True,,,True
EVT_SUSP_0011,BA000114,RAP,Rachat partiel,VAL,2021-05-06,2021-06-08,-200000.0,-190000.0,10000.0,0.0,EUR,Cayman Islands,Cayman Islands,True,True,10000.0,True,,,True
EVT_SUSP_0012,BA000633,RAP,Rachat partiel,VAL,2022-10-25,2022-12-04,-260000.0,-247000.0,13000.0,0.0,EUR,Panama,United Arab Emirates,True,True,13000.0,True,,,True
EVT_SUSP_0013,BA001293,RAP,Rachat partiel,VAL,2024-01-18,2024-02-09,-1061600.0,-1008520.0,53080.0,0.0,EUR,Panama,Cayman Islands,True,True,53080.0,True,,,True
EVT_SUSP_0014,BA001311,RAP,Rachat partiel,VAL,2022-07-18,2022-06-09,-864000.0,-820800.0,43200.0,0.0,EUR,Monaco,United Arab Emirates,True,True,43200.0,True,,,True
EVT_SUSP_0015,BA000765,RAP,Rachat partiel,VAL,2020-07-18,2020-06-02,-464000.0,-440800.0,23200.0,0.0,EUR,Hong Kong,United Arab Emirates,True,True,23200.0,True,,,True
EVT_SUSP_0016,BA000691,RAP,Rachat partiel,VAL,2026-04-29,2026-05-22,-780800.0,-741760.0,39040.0,0.0,EUR,Panama,Hong Kong,True,True,39040.0,True,,,True
EVT_SUSP_0017,BA000432,RAP,Rachat partiel,VAL,2021-02-18,2021-01-31,-581600.0,-552520.0,29080.0,0.0,EUR,Monaco,United Arab Emirates,True,True,29080.0,True,,,True
EVT_SUSP_0018,BA000055,RAP,Rachat partiel,VAL,2025-02-20,2025-01-27,-216000.0,-205200.0,10800.0,0.0,EUR,Panama,United Arab Emirates,True,True,10800.0,True,,,True
EVT_SUSP_0019,BA000041,RAP,Rachat partiel,VAL,2021-03-31,2021-04-25,-400000.0,-380000.0,20000.0,0.0,EUR,United Arab Emirates,Cayman Islands,True,True,20000.0,True,,,True
EVT_SUSP_0020,BA000146,RAP,Rachat partiel,VAL,2023-08-15,2023-08-27,-240800.0,-228760.0,12040.0,0.0,EUR,United Arab Emirates,Panama,True,True,12040.0,True,,,True
EVT_SUSP_0021,BA000994,RAP,Rachat partiel,VAL,2022-12-30,2022-11-18,-468000.0,-444600.0,23400.0,0.0,EUR,Monaco,Monaco,True,True,23400.0,True,,,True
EVT_SUSP_0022,BA000402,RAP,Rachat partiel,VAL,2026-06-07,2026-05-28,-1064000.0,-1010800.0,53200.0,0.0,EUR,Monaco,Monaco,True,True,53200.0,True,,,True
EVT_SUSP_0023,BA000213,RAP,Rachat partiel,VAL,2020-09-19,2020-09-25,-586400.0,-557080.0,29320.0,0.0,EUR,Cayman Islands,Monaco,True,True,29320.0,True,,,True
EVT_SUSP_0024,BA000537,RAP,Rachat partiel,VAL,2026-09-16,2026-09-18,-1761600.0,-1673520.0,88080.0,0.0,EUR,Hong Kong,Hong Kong,True,True,88080.0,True,,,True
EVT_SUSP_0025,BA000214,RAP,Rachat partiel,VAL,2020-10-18,2020-11-09,-200000.0,-190000.0,10000.0,0.0,EUR,Monaco,United Arab Emirates,True,True,10000.0,True,,,True
EVT_SUSP_0026,BA000310,RAP,Rachat partiel,VAL,2022-04-03,2022-05-30,-390400.0,-370880.0,19520.0,0.0,EUR,Hong Kong,Cayman Islands,True,True,19520.0,True,,,True
EVT_SUSP_0027,BA000965,RAP,Rachat partiel,VAL,2019-01-10,2019-02-24,-200000.0,-190000.0,10000.0,0.0,EUR,Cayman Islands,Monaco,True,True,10000.0,True,,,True
EVT_SUSP_0028,BA000353,RAP,Rachat partiel,VAL,2025-03-16,2025-02-14,-200000.0,-190000.0,10000.0,0.0,EUR,Monaco,Hong Kong,True,True,10000.0,True,,,True
EVT_SUSP_0029,BA000720,RAP,Rachat partiel,VAL,2025-03-25,2025-03-12,-200000.0,-190000.0,10000.0,0.0,EUR,Panama,Hong Kong,True,True,10000.0,True,,,True
EVT_SUSP_0030,BA001204,RAP,Rachat partiel,VAL,2021-08-19,2021-08-26,-1421600.0,-1350520.0,71080.0,0.0,EUR,Cayman Islands,Panama,True,True,71080.0,True,,,True
EVT_SUSP_0031,BA000360,RAP,Rachat partiel,VAL,2021-01-11,2020-12-17,-360000.0,-342000.0,18000.0,0.0,EUR,United Arab Emirates,Panama,True,True,18000.0,True,,,True
EVT_SUSP_0032,BA000223,RAP,Rachat partiel,VAL,2021-01-18,2021-01-13,-277600.0,-263720.0,13880.0,0.0,EUR,Cayman Islands,Monaco,True,True,13880.0,True,,,True
EVT_SUSP_0033,BA001308,RAP,Rachat partiel,VAL,2021-01-18,2020-12-06,-315200.0,-299440.0,15760.0,0.0,EUR,Cayman Islands,United Arab Emirates,True,True,15760.0,True,,,True
EVT_SUSP_0034,BA000376,RAP,Rachat partiel,VAL,2026-10-15,2026-08-30,-200000.0,-190000.0,10000.0,0.0,EUR,Cayman Islands,Monaco,True,True,10000.0,True,,,True
EVT_SUSP_0035,BA001177,RAP,Rachat partiel,VAL,2022-01-07,2022-01-28,-200000.0,-190000.0,10000.0,0.0,EUR,Monaco,United Arab Emirates,True,True,10000.0,True,,,True
EVT_SUSP_0036,BA001283,RAP,Rachat partiel,VAL,2022-04-22,2022-04-14,-583200.0,-554040.0,29160.0,0.0,EUR,Monaco,Hong Kong,True,True,29160.0,True,,,True
EVT_SUSP_0037,BA001136,RAP,Rachat partiel,VAL,2024-08-15,2024-07-27,-632800.0,-601160.0,31640.0,0.0,EUR,Cayman Islands,Cayman Islands,True,True,31640.0,True,,,True
EVT_SUSP_0038,BA000732,RAP,Rachat partiel,VAL,2026-09-24,2026-09-18,-200000.0,-190000.0,10000.0,0.0,EUR,United Arab Emirates,Panama,True,True,10000.0,True,,,True
EVT_SUSP_0039,BA000783,RAP,Rachat partiel,VAL,2022-04-04,2022-04-05,-220800.0,-209760.0,11040.0,0.0,EUR,Panama,United Arab Emirates,True,True,11040.0,True,,,True
EVT_SUSP_0040,BA000918,RAP,Rachat partiel,VAL,2019-04-08,2019-03-13,-219200.0,-208240.0,10960.0,0.0,EUR,Panama,Cayman Islands,True,True,10960.0,True,,,True
EVT_SUSP_0041,BA000261,RAP,Rachat partiel,VAL,2020-11-11,2020-10-21,-541600.0,-514520.0,27080.0,0.0,EUR,Hong Kong,United Arab Emirates,True,True,27080.0,True,,,True
EVT_SUSP_0042,BA000530,RAP,Rachat partiel,VAL,2022-11-04,2022-11-28,-1687200.0,-1602840.0,84360.0,0.0,EUR,Hong Kong,Monaco,True,True,84360.0,True,,,True
EVT_SUSP_0043,BA000108,RAP,Rachat partiel,VAL,2025-11-20,2025-12-16,-692800.0,-658160.0,34640.0,0.0,EUR,Hong Kong,Hong Kong,True,True,34640.0,True,,,True
EVT_SUSP_0044,BA000752,RAP,Rachat partiel,VAL,2024-01-17,2024-01-30,-647200.0,-614840.0,32360.0,0.0,EUR,Panama,Hong Kong,True,True,32360.0,True,,,True
EVT_SUSP_0045,BA000750,RAP,Rachat partiel,VAL,2019-09-17,2019-10-31,-562400.0,-534280.0,28120.0,0.0,EUR,Panama,Panama,True,True,28120.0,True,,,True
EVT_SUSP_0046,BA000701,RAP,Rachat partiel,VAL,2020-03-16,2020-03-20,-387200.0,-367840.0,19360.0,0.0,EUR,Monaco,Monaco,True,True,19360.0,True,,,True
EVT_SUSP_0047,BA001323,RAP,Rachat partiel,VAL,2020-12-28,2020-11-20,-1078400.0,-1024480.0,53920.0,0.0,EUR,Monaco,United Arab Emirates,True,True,53920.0,True,,,True
EVT_SUSP_0048,BA001284,RAP,Rachat partiel,VAL,2021-11-13,2021-12-15,-238400.0,-226480.0,11920.0,0.0,EUR,Panama,Cayman Islands,True,True,11920.0,True,,,True
EVT_SUSP_0049,BA000333,RAP,Rachat partiel,VAL,2023-03-01,2023-01-13,-200000.0,-190000.0,10000.0,0.0,EUR,Panama,Cayman Islands,True,True,10000.0,True,,,True
EVT_SUSP_0050,BA000669,RAP,Rachat partiel,VAL,2023-05-03,2023-06-08,-200000.0,-190000.0,10000.0,0.0,EUR,Cayman Islands,Cayman Islands,True,True,10000.0,True,,,True
EVT_SUSP_0051,BA000215,RAP,Rachat partiel,VAL,2021-10-24,2021-11-09,-200000.0,-190000.0,10000.0,0.0,EUR,Hong Kong,United Arab Emirates,True,True,10000.0,True,,,True
EVT_SUSP_0052,BA001021,RAP,Rachat partiel,VAL,2022-02-23,2022-03-10,-328800.0,-312360.0,16440.0,0.0,EUR,United Arab Emirates,Panama,True,True,16440.0,True,,,True
EVT_SUSP_0053,BA000961,RAP,Rachat partiel,VAL,2020-08-02,2020-06-13,-361600.0,-343520.0,18080.0,0.0,EUR,Hong Kong,Cayman Islands,True,True,18080.0,True,,,True
EVT_SUSP_0054,BA000592,RAP,Rachat partiel,VAL,2024-12-09,2024-11-10,-200000.0,-190000.0,10000.0,0.0,EUR,United Arab Emirates,United Arab Emirates,True,True,10000.0,True,,,True
EVT_SUSP_0055,BA001300,RAP,Rachat partiel,VAL,2021-05-23,2021-05-31,-1166400.0,-1108080.0,58320.0,0.0,EUR,Panama,Hong Kong,True,True,58320.0,True,,,True
EVT_SUSP_0056,BA001090,RAP,Rachat partiel,VAL,2019-09-29,2019-09-10,-282400.0,-268280.0,14120.0,0.0,EUR,Hong Kong,Monaco,True,True,14120.0,True,,,True
EVT_SUSP_0057,BA000728,RAP,Rachat partiel,VAL,2022-06-17,2022-07-24,-675200.0,-641440.0,33760.0,0.0,EUR,Monaco,Cayman Islands,True,True,33760.0,True,,,True
EVT_SUSP_0058,BA000883,RAP,Rachat partiel,VAL,2026-01-08,2025-12-19,-544800.0,-517560.0,27240.0,0.0,EUR,Hong Kong,United Arab Emirates,True,True,27240.0,True,,,True
EVT_SUSP_0059,BA000657,RAP,Rachat partiel,VAL,2019-11-01,2019-11-21,-486400.0,-462080.0,24320.0,0.0,EUR,United Arab Emirates,Cayman Islands,True,True,24320.0,True,,,True
EVT_SUSP_0060,BA000320,RAP,Rachat partiel,VAL,2021-07-14,2021-07-22,-200000.0,-190000.0,10000.0,0.0,EUR,Cayman Islands,Cayman Islands,True,True,10000.0,True,,,True
EVT_SUSP_0061,BA001332,RAP,Rachat partiel,VAL,2024-07-25,2024-07-20,-223200.0,-212040.0,11160.0,0.0,EUR,Panama,Hong Kong,True,True,11160.0,True,,,True
EVT_SUSP_0062,BA000827,RAP,Rachat partiel,VAL,2026-01-05,2026-01-10,-205600.0,-195320.0,10280.0,0.0,EUR,Monaco,United Arab Emirates,True,True,10280.0,True,,,True
EVT_SUSP_0063,BA000631,RAP,Rachat partiel,VAL,2026-09-16,2026-08-29,-200000.0,-190000.0,10000.0,0.0,EUR,Monaco,Hong Kong,True,True,10000.0,True,,,True
EVT_SUSP_0064,BA000319,RAP,Rachat partiel,VAL,2026-03-05,2026-03-19,-424000.0,-402800.0,21200.0,0.0,EUR,Monaco,United Arab Emirates,True,True,21200.0,True,,,True
EVT_SUSP_0065,BA000553,RAP,Rachat partiel,VAL,2019-11-27,2019-12-09,-200000.0,-190000.0,10000.0,0.0,EUR,Hong Kong,Monaco,True,True,10000.0,True,,,True
EVT_SUSP_0066,BA000443,RAP,Rachat partiel,VAL,2023-08-12,2023-08-18,-200000.0,-190000.0,10000.0,0.0,EUR,Panama,Hong Kong,True,True,10000.0,True,,,True
EVT_SUSP_0067,BA000897,RAP,Rachat partiel,VAL,2025-06-19,2025-06-25,-791200.0,-751640.0,39560.0,0.0,EUR,United Arab Emirates,United Arab Emirates,True,True,39560.0,True,,,True
